time,open,high,low,close,tick_volume,spread,real_volume
2008-08-06 00:00:00+00:00,1867.0,1903.0,1853.0,1895.0,73,0,0
2008-08-07 00:00:00+00:00,1881.0,1904.0,1873.0,1880.0,62,0,0
2008-08-08 00:00:00+00:00,1879.0,1929.0,1877.0,1926.0,58,0,0
2008-08-11 00:00:00+00:00,1922.0,1963.0,1918.0,1941.0,72,0,0
2008-08-12 00:00:00+00:00,1938.0,1957.0,1932.0,1941.0,48,0,0
2008-08-13 00:00:00+00:00,1936.0,1956.0,1921.0,1942.0,65,0,0
2008-08-14 00:00:00+00:00,1930.0,1969.0,1930.0,1964.0,45,0,0
2008-08-15 00:00:00+00:00,1971.0,1974.0,1950.0,1958.0,36,0,0
2008-08-18 00:00:00+00:00,1959.0,1964.0,1921.0,1933.0,61,0,0
2008-08-19 00:00:00+00:00,1919.0,1933.0,1900.0,1909.0,57,0,0
2008-08-20 00:00:00+00:00,1919.0,1932.0,1900.0,1913.0,59,0,0
2008-08-21 00:00:00+00:00,1900.0,1913.0,1886.0,1907.0,48,0,0
2008-08-22 00:00:00+00:00,1920.0,1938.0,1915.0,1931.0,36,0,0
2008-08-25 00:00:00+00:00,1917.0,1919.0,1886.0,1890.0,40,0,0
2008-08-26 00:00:00+00:00,1890.0,1901.0,1875.0,1886.0,49,0,0
2008-08-27 00:00:00+00:00,1887.0,1914.0,1882.0,1900.0,52,0,0
2008-08-28 00:00:00+00:00,1907.0,1921.0,1904.0,1915.0,27,0,0
2008-08-29 00:00:00+00:00,1898.0,1900.0,1867.0,1873.0,42,0,0
2008-09-02 00:00:00+00:00,1905.0,1913.0,1843.0,1850.0,86,0,0
2008-09-03 00:00:00+00:00,1849.0,1854.0,1820.0,1833.0,53,0,0
2008-09-04 00:00:00+00:00,1819.0,1825.0,1775.0,1775.0,57,0,0
2008-09-05 00:00:00+00:00,1758.0,1779.0,1740.0,1768.0,69,0,0
2008-09-08 00:00:00+00:00,1801.0,1801.0,1735.0,1763.0,95,0,0
2008-09-09 00:00:00+00:00,1763.0,1779.0,1722.0,1722.0,74,0,0
2008-09-10 00:00:00+00:00,1743.0,1754.0,1726.0,1738.0,52,0,0
2008-09-11 00:00:00+00:00,1714.0,1774.0,1714.0,1774.0,61,0,0
2008-09-12 00:00:00+00:00,1759.0,1775.0,1744.0,1767.0,55,0,0
2008-09-15 00:00:00+00:00,1713.0,1758.0,1705.0,1705.0,99,0,0
2008-09-16 00:00:00+00:00,1676.0,1739.0,1676.0,1724.0,79,0,0
2008-09-17 00:00:00+00:00,1698.0,1708.0,1632.0,1632.0,87,0,0
2008-09-18 00:00:00+00:00,1667.0,1704.0,1606.0,1697.0,167,0,0
2008-09-19 00:00:00+00:00,1768.0,1774.0,1718.0,1745.0,90,0,0
2008-09-22 00:00:00+00:00,1738.0,1743.0,1665.0,1666.0,85,0,0
2008-09-23 00:00:00+00:00,1676.0,1697.0,1646.0,1648.0,75,0,0
2008-09-24 00:00:00+00:00,1654.0,1678.0,1649.0,1661.0,52,0,0
2008-09-25 00:00:00+00:00,1675.0,1708.0,1669.0,1688.0,66,0,0
2008-09-26 00:00:00+00:00,1635.0,1678.0,1635.0,1672.0,50,0,0
2008-09-29 00:00:00+00:00,1632.0,1643.0,1496.0,1496.0,159,0,0
2008-09-30 00:00:00+00:00,1543.0,1598.0,1530.0,1595.0,85,0,0
2008-10-01 00:00:00+00:00,1582.0,1584.0,1548.0,1564.0,55,0,0
2008-10-02 00:00:00+00:00,1555.0,1555.0,1491.0,1491.0,65,0,0
2008-10-03 00:00:00+00:00,1513.0,1552.0,1469.0,1471.0,125,0,0
2008-10-06 00:00:00+00:00,1427.0,1440.0,1339.0,1411.0,187,0,0
2008-10-07 00:00:00+00:00,1426.0,1433.0,1330.0,1330.0,111,0,0
2008-10-08 00:00:00+00:00,1295.0,1386.0,1295.0,1331.0,147,0,0
2008-10-09 00:00:00+00:00,1354.0,1370.0,1262.0,1275.0,138,0,0
2008-10-10 00:00:00+00:00,1226.0,1317.0,1196.0,1270.0,199,0,0
2008-10-13 00:00:00+00:00,1337.0,1430.0,1319.0,1430.0,130,0,0
2008-10-14 00:00:00+00:00,1470.0,1471.0,1351.0,1365.0,136,0,0
2008-10-15 00:00:00+00:00,1348.0,1356.0,1244.0,1244.0,121,0,0
2008-10-16 00:00:00+00:00,1251.0,1313.0,1192.0,1313.0,181,0,0
2008-10-17 00:00:00+00:00,1285.0,1368.0,1279.0,1312.0,152,0,0
2008-10-20 00:00:00+00:00,1331.0,1353.0,1290.0,1353.0,105,0,0
2008-10-21 00:00:00+00:00,1330.0,1352.0,1282.0,1283.0,94,0,0
2008-10-22 00:00:00+00:00,1275.0,1285.0,1210.0,1237.0,113,0,0
2008-10-23 00:00:00+00:00,1239.0,1264.0,1177.0,1239.0,175,0,0
2008-10-24 00:00:00+00:00,1147.0,1229.0,1147.0,1202.0,110,0,0
2008-10-27 00:00:00+00:00,1182.0,1227.0,1168.0,1170.0,107,0,0
2008-10-28 00:00:00+00:00,1205.0,1298.0,1175.0,1298.0,154,0,0
2008-10-29 00:00:00+00:00,1294.0,1344.0,1272.0,1302.0,137,0,0
2008-10-30 00:00:00+00:00,1332.0,1344.0,1301.0,1334.0,85,0,0
2008-10-31 00:00:00+00:00,1321.0,1359.0,1306.0,1335.0,93,0,0
2008-11-03 00:00:00+00:00,1334.0,1347.0,1322.0,1335.0,50,0,0
2008-11-04 00:00:00+00:00,1364.0,1383.0,1342.0,1378.0,69,0,0
2008-11-05 00:00:00+00:00,1363.0,1365.0,1299.0,1300.0,70,0,0
2008-11-06 00:00:00+00:00,1279.0,1295.0,1236.0,1242.0,82,0,0
2008-11-07 00:00:00+00:00,1257.0,1279.0,1244.0,1272.0,56,0,0
2008-11-10 00:00:00+00:00,1299.0,1299.0,1237.0,1251.0,77,0,0
2008-11-11 00:00:00+00:00,1235.0,1249.0,1209.0,1226.0,72,0,0
2008-11-12 00:00:00+00:00,1203.0,1211.0,1165.0,1165.0,55,0,0
2008-11-13 00:00:00+00:00,1163.0,1241.0,1110.0,1241.0,185,0,0
2008-11-14 00:00:00+00:00,1206.0,1236.0,1176.0,1180.0,95,0,0
2008-11-17 00:00:00+00:00,1160.0,1188.0,1149.0,1152.0,71,0,0
2008-11-18 00:00:00+00:00,1159.0,1167.0,1113.0,1156.0,106,0,0
2008-11-19 00:00:00+00:00,1153.0,1169.0,1088.0,1088.0,98,0,0
2008-11-20 00:00:00+00:00,1076.0,1115.0,1035.0,1037.0,122,0,0
2008-11-21 00:00:00+00:00,1053.0,1086.0,1019.0,1086.0,102,0,0
2008-11-24 00:00:00+00:00,1109.0,1163.0,1097.0,1154.0,88,0,0
2008-11-25 00:00:00+00:00,1168.0,1168.0,1118.0,1143.0,76,0,0
2008-11-26 00:00:00+00:00,1130.0,1193.0,1127.0,1193.0,70,0,0
2008-11-28 00:00:00+00:00,1182.0,1186.0,1172.0,1186.0,25,0,0
2008-12-01 00:00:00+00:00,1162.0,1162.0,1091.0,1091.0,72,0,0
2008-12-02 00:00:00+00:00,1110.0,1133.0,1091.0,1130.0,65,0,0
2008-12-03 00:00:00+00:00,1102.0,1166.0,1102.0,1166.0,65,0,0
2008-12-04 00:00:00+00:00,1144.0,1169.0,1111.0,1128.0,101,0,0
2008-12-05 00:00:00+00:00,1116.0,1180.0,1096.0,1178.0,107,0,0
2008-12-08 00:00:00+00:00,1201.0,1237.0,1197.0,1225.0,57,0,0
2008-12-09 00:00:00+00:00,1206.0,1252.0,1202.0,1212.0,95,0,0
2008-12-10 00:00:00+00:00,1217.0,1237.0,1204.0,1222.0,62,0,0
2008-12-11 00:00:00+00:00,1211.0,1229.0,1176.0,1180.0,76,0,0
2008-12-12 00:00:00+00:00,1156.0,1212.0,1156.0,1207.0,62,0,0
2008-12-15 00:00:00+00:00,1205.0,1207.0,1168.0,1182.0,56,0,0
2008-12-16 00:00:00+00:00,1192.0,1244.0,1192.0,1243.0,54,0,0
2008-12-17 00:00:00+00:00,1224.0,1242.0,1212.0,1226.0,59,0,0
2008-12-18 00:00:00+00:00,1231.0,1234.0,1193.0,1205.0,57,0,0
2008-12-19 00:00:00+00:00,1217.0,1235.0,1211.0,1217.0,49,0,0
2008-12-22 00:00:00+00:00,1217.0,1217.0,1169.0,1189.0,69,0,0
2008-12-23 00:00:00+00:00,1197.0,1204.0,1176.0,1183.0,43,0,0
2008-12-24 00:00:00+00:00,1184.0,1188.0,1179.0,1184.0,19,0,0
2008-12-26 00:00:00+00:00,1189.0,1190.0,1179.0,1185.0,19,0,0
2008-12-29 00:00:00+00:00,1187.0,1188.0,1158.0,1173.0,47,0,0
2008-12-30 00:00:00+00:00,1180.0,1203.0,1178.0,1201.0,30,0,0
2008-12-31 00:00:00+00:00,1202.0,1223.0,1200.0,1212.0,37,0,0
2009-01-02 00:00:00+00:00,1212.0,1266.0,1209.0,1264.0,63,0,0
2009-01-05 00:00:00+00:00,1259.0,1274.0,1245.0,1263.0,55,0,0
2009-01-06 00:00:00+00:00,1274.0,1286.0,1266.0,1274.0,41,0,0
2009-01-07 00:00:00+00:00,1250.0,1256.0,1228.0,1239.0,46,0,0
2009-01-08 00:00:00+00:00,1233.0,1253.0,1224.0,1253.0,39,0,0
2009-01-09 00:00:00+00:00,1255.0,1255.0,1218.0,1223.0,43,0,0
2009-01-12 00:00:00+00:00,1224.0,1225.0,1189.0,1201.0,50,0,0
2009-01-13 00:00:00+00:00,1199.0,1219.0,1187.0,1203.0,61,0,0
2009-01-14 00:00:00+00:00,1184.0,1190.0,1158.0,1163.0,44,0,0
2009-01-15 00:00:00+00:00,1157.0,1192.0,1142.0,1184.0,74,0,0
2009-01-16 00:00:00+00:00,1202.0,1203.0,1168.0,1198.0,67,0,0
2009-01-20 00:00:00+00:00,1192.0,1196.0,1137.0,1137.0,64,0,0
2009-01-21 00:00:00+00:00,1155.0,1186.0,1142.0,1186.0,58,0,0
2009-01-22 00:00:00+00:00,1161.0,1188.0,1150.0,1168.0,70,0,0
2009-01-23 00:00:00+00:00,1149.0,1193.0,1145.0,1176.0,70,0,0
2009-01-26 00:00:00+00:00,1176.0,1203.0,1169.0,1185.0,60,0,0
2009-01-27 00:00:00+00:00,1190.0,1202.0,1184.0,1194.0,33,0,0
2009-01-28 00:00:00+00:00,1215.0,1245.0,1213.0,1236.0,44,0,0
2009-01-29 00:00:00+00:00,1217.0,1221.0,1199.0,1204.0,32,0,0
2009-01-30 00:00:00+00:00,1210.0,1216.0,1177.0,1180.0,49,0,0
2009-02-02 00:00:00+00:00,1170.0,1203.0,1168.0,1196.0,45,0,0
2009-02-03 00:00:00+00:00,1197.0,1219.0,1181.0,1216.0,58,0,0
2009-02-04 00:00:00+00:00,1216.0,1244.0,1211.0,1215.0,66,0,0
2009-02-05 00:00:00+00:00,1201.0,1250.0,1200.0,1245.0,57,0,0
2009-02-06 00:00:00+00:00,1247.0,1280.0,1244.0,1277.0,43,0,0
2009-02-09 00:00:00+00:00,1277.0,1286.0,1268.0,1282.0,32,0,0
2009-02-10 00:00:00+00:00,1269.0,1287.0,1224.0,1229.0,87,0,0
2009-02-11 00:00:00+00:00,1229.0,1240.0,1209.0,1227.0,61,0,0
2009-02-12 00:00:00+00:00,1209.0,1243.0,1206.0,1243.0,41,0,0
2009-02-13 00:00:00+00:00,1241.0,1250.0,1232.0,1237.0,33,0,0
2009-02-17 00:00:00+00:00,1201.0,1204.0,1181.0,1187.0,33,0,0
2009-02-18 00:00:00+00:00,1194.0,1204.0,1173.0,1189.0,58,0,0
2009-02-19 00:00:00+00:00,1197.0,1202.0,1167.0,1168.0,42,0,0
2009-02-20 00:00:00+00:00,1161.0,1183.0,1153.0,1173.0,49,0,0
2009-02-23 00:00:00+00:00,1176.0,1180.0,1127.0,1129.0,60,0,0
2009-02-24 00:00:00+00:00,1133.0,1177.0,1133.0,1171.0,51,0,0
2009-02-25 00:00:00+00:00,1161.0,1184.0,1143.0,1161.0,83,0,0
2009-02-26 00:00:00+00:00,1170.0,1175.0,1127.0,1127.0,54,0,0
2009-02-27 00:00:00+00:00,1111.0,1135.0,1111.0,1117.0,43,0,0
2009-03-02 00:00:00+00:00,1099.0,1116.0,1075.0,1077.0,61,0,0
2009-03-03 00:00:00+00:00,1088.0,1102.0,1073.0,1081.0,52,0,0
2009-03-04 00:00:00+00:00,1098.0,1125.0,1094.0,1110.0,51,0,0
2009-03-05 00:00:00+00:00,1094.0,1106.0,1073.0,1075.0,48,0,0
2009-03-06 00:00:00+00:00,1078.0,1088.0,1044.0,1065.0,76,0,0
2009-03-09 00:00:00+00:00,1055.0,1087.0,1041.0,1044.0,82,0,0
2009-03-10 00:00:00+00:00,1064.0,1109.0,1060.0,1100.0,63,0,0
2009-03-11 16:00:00+00:00,1123.0,1166.0,1111.0,1163.0,453,0,0
2009-03-12 16:00:00+00:00,1163.0,1174.0,1148.0,1165.0,265,0,0
2009-03-15 16:00:00+00:00,1165.0,1178.0,1141.0,1151.0,281,0,0
2009-03-16 16:00:00+00:00,1151.0,1191.0,1147.0,1190.0,281,0,0
2009-03-17 16:00:00+00:00,1190.0,1225.0,1179.0,1209.0,394,0,0
2009-03-18 16:00:00+00:00,1209.0,1220.0,1192.0,1201.0,539,0,0
2009-03-19 16:00:00+00:00,1201.0,1217.0,1175.0,1183.0,351,0,0
2009-03-22 16:00:00+00:00,1183.0,1258.0,1183.0,1253.0,458,0,0
2009-03-23 16:00:00+00:00,1253.0,1256.0,1231.0,1232.0,467,0,0
2009-03-24 16:00:00+00:00,1232.0,1254.0,1205.0,1237.0,435,0,0
2009-03-25 16:00:00+00:00,1237.0,1281.0,1237.0,1274.0,587,0,0
2009-03-26 16:00:00+00:00,1274.0,1277.0,1248.0,1251.0,609,0,0
2009-03-29 16:00:00+00:00,1251.0,1255.0,1203.0,1224.0,413,0,0
2009-03-30 16:00:00+00:00,1224.0,1256.0,1222.0,1225.0,330,0,0
2009-03-31 16:00:00+00:00,1225.0,1253.0,1209.0,1249.0,740,0,0
2009-04-01 16:00:00+00:00,1249.0,1308.0,1247.0,1301.0,666,0,0
2009-04-02 16:00:00+00:00,1301.0,1312.0,1291.0,1312.0,448,0,0
2009-04-05 16:00:00+00:00,1312.0,1325.0,1283.0,1312.0,398,0,0
2009-04-06 16:00:00+00:00,1312.0,1315.0,1265.0,1279.0,462,0,0
2009-04-07 16:00:00+00:00,1279.0,1305.0,1265.0,1301.0,459,0,0
2009-04-08 16:00:00+00:00,1301.0,1341.0,1299.0,1337.0,469,0,0
2009-04-12 16:00:00+00:00,1337.0,1353.0,1321.0,1334.0,224,0,0
2009-04-13 16:00:00+00:00,1334.0,1341.0,1305.0,1306.0,442,0,0
2009-04-14 16:00:00+00:00,1306.0,1319.0,1293.0,1317.0,450,0,0
2009-04-15 16:00:00+00:00,1317.0,1358.0,1307.0,1342.0,482,0,0
2009-04-16 16:00:00+00:00,1342.0,1360.0,1336.0,1352.0,332,0,0
2009-04-19 16:00:00+00:00,1352.0,1352.0,1301.0,1314.0,390,0,0
2009-04-20 16:00:00+00:00,1314.0,1330.0,1300.0,1328.0,462,0,0
2009-04-21 16:00:00+00:00,1328.0,1361.0,1315.0,1332.0,491,0,0
2009-04-22 16:00:00+00:00,1332.0,1353.0,1319.0,1346.0,560,0,0
2009-04-23 16:00:00+00:00,1346.0,1378.0,1335.0,1369.0,428,0,0
2009-04-26 16:00:00+00:00,1369.0,1383.0,1350.0,1368.0,521,0,0
2009-04-27 16:00:00+00:00,1368.0,1378.0,1351.0,1357.0,561,0,0
2009-04-28 16:00:00+00:00,1357.0,1398.0,1356.0,1380.0,366,0,0
2009-04-29 16:00:00+00:00,1380.0,1418.0,1377.0,1391.0,435,0,0
2009-04-30 16:00:00+00:00,1391.0,1403.0,1382.0,1396.0,285,0,0
2009-05-03 16:00:00+00:00,1396.0,1426.0,1396.0,1426.0,397,0,0
2009-05-04 16:00:00+00:00,1426.0,1429.0,1407.0,1427.0,339,0,0
2009-05-05 16:00:00+00:00,1427.0,1435.0,1399.0,1419.0,529,0,0
2009-05-06 16:00:00+00:00,1419.0,1436.0,1375.0,1391.0,505,0,0
2009-05-07 16:00:00+00:00,1391.0,1411.0,1376.0,1391.0,496,0,0
2009-05-10 16:00:00+00:00,1391.0,1409.0,1367.0,1394.0,407,0,0
2009-05-11 16:00:00+00:00,1394.0,1406.0,1360.0,1385.0,352,0,0
2009-05-12 16:00:00+00:00,1385.0,1389.0,1338.0,1343.0,481,0,0
2009-05-13 16:00:00+00:00,1343.0,1368.0,1336.0,1355.0,476,0,0
2009-05-14 16:00:00+00:00,1355.0,1372.0,1341.0,1355.0,428,0,0
2009-05-17 16:00:00+00:00,1355.0,1392.0,1342.0,1389.0,449,0,0
2009-05-18 16:00:00+00:00,1389.0,1410.0,1379.0,1390.0,334,0,0
2009-05-19 16:00:00+00:00,1390.0,1422.0,1387.0,1393.0,547,0,0
2009-05-20 16:00:00+00:00,1393.0,1393.0,1352.0,1370.0,471,0,0
2009-05-21 16:00:00+00:00,1370.0,1379.0,1352.0,1361.0,333,0,0
2009-05-24 16:00:00+00:00,1361.0,1364.0,1350.0,1363.0,27,0,0
2009-05-25 16:00:00+00:00,1363.0,1414.0,1342.0,1411.0,540,0,0
2009-05-26 16:00:00+00:00,1411.0,1427.0,1396.0,1400.0,577,0,0
2009-05-27 16:00:00+00:00,1400.0,1423.0,1388.0,1417.0,612,0,0
2009-05-28 16:00:00+00:00,1417.0,1439.0,1410.0,1439.0,329,0,0
2009-05-31 16:00:00+00:00,1439.0,1481.0,1429.0,1469.0,495,0,0
2009-06-01 16:00:00+00:00,1469.0,1493.0,1463.0,1477.0,547,0,0
2009-06-02 16:00:00+00:00,1477.0,1483.0,1458.0,1475.0,357,0,0
2009-06-03 16:00:00+00:00,1475.0,1492.0,1472.0,1492.0,412,0,0
2009-06-04 16:00:00+00:00,1492.0,1510.0,1477.0,1492.0,403,0,0
2009-06-07 16:00:00+00:00,1492.0,1497.0,1465.0,1489.0,412,0,0
2009-06-08 16:00:00+00:00,1489.0,1508.0,1485.0,1498.0,396,0,0
2009-06-09 16:00:00+00:00,1498.0,1516.0,1472.0,1495.0,473,0,0
2009-06-10 16:00:00+00:00,1495.0,1511.0,1487.0,1488.0,284,0,0
2009-06-11 16:00:00+00:00,1488.0,1496.0,1468.0,1487.0,168,0,0
2009-06-14 16:00:00+00:00,1487.0,1487.0,1443.0,1457.0,211,0,0
2009-06-15 16:00:00+00:00,1457.0,1468.0,1441.0,1444.0,249,0,0
2009-06-16 16:00:00+00:00,1444.0,1469.0,1438.0,1453.0,285,0,0
2009-06-17 16:00:00+00:00,1453.0,1463.0,1443.0,1448.0,254,0,0
2009-06-18 16:00:00+00:00,1448.0,1475.0,1447.0,1467.0,281,0,0
2009-06-21 16:00:00+00:00,1467.0,1469.0,1420.0,1427.0,362,0,0
2009-06-22 16:00:00+00:00,1427.0,1433.0,1411.0,1424.0,412,0,0
2009-06-23 16:00:00+00:00,1424.0,1457.0,1421.0,1447.0,279,0,0
2009-06-24 16:00:00+00:00,1447.0,1477.0,1433.0,1474.0,426,0,0
2009-06-25 16:00:00+00:00,1474.0,1483.0,1465.0,1477.0,188,0,0
2009-06-28 16:00:00+00:00,1477.0,1493.0,1467.0,1482.0,225,0,0
2009-06-29 16:00:00+00:00,1482.0,1492.0,1466.0,1477.0,341,0,0
2009-06-30 16:00:00+00:00,1477.0,1497.0,1475.0,1479.0,258,0,0
2009-07-01 16:00:00+00:00,1479.0,1479.0,1439.0,1440.0,284,0,0
2009-07-02 16:00:00+00:00,1440.0,1451.0,1440.0,1444.0,62,0,0
2009-07-05 16:00:00+00:00,1444.0,1445.0,1423.0,1441.0,283,0,0
2009-07-06 16:00:00+00:00,1441.0,1447.0,1402.0,1407.0,334,0,0
2009-07-07 16:00:00+00:00,1407.0,1416.0,1393.0,1410.0,390,0,0
2009-07-08 16:00:00+00:00,1410.0,1422.0,1407.0,1414.0,285,0,0
2009-07-09 16:00:00+00:00,1414.0,1427.0,1404.0,1419.0,294,0,0
2009-07-12 16:00:00+00:00,1419.0,1447.0,1400.0,1443.0,337,0,0
2009-07-13 16:00:00+00:00,1443.0,1475.0,1438.0,1473.0,402,0,0
2009-07-14 16:00:00+00:00,1473.0,1500.0,1467.0,1496.0,286,0,0
2009-07-15 16:00:00+00:00,1496.0,1519.0,1488.0,1510.0,319,0,0
2009-07-16 16:00:00+00:00,1510.0,1525.0,1504.0,1524.0,280,0,0
2009-07-19 16:00:00+00:00,1524.0,1543.0,1523.0,1537.0,321,0,0
2009-07-20 16:00:00+00:00,1537.0,1559.0,1528.0,1559.0,401,0,0
2009-07-21 16:00:00+00:00,1559.0,1570.0,1545.0,1558.0,343,0,0
2009-07-22 16:00:00+00:00,1558.0,1603.0,1554.0,1572.0,426,0,0
2009-07-23 16:00:00+00:00,1572.0,1598.0,1571.0,1597.0,253,0,0
2009-07-26 16:00:00+00:00,1597.0,1608.0,1578.0,1597.0,415,0,0
2009-07-27 16:00:00+00:00,1597.0,1607.0,1581.0,1600.0,375,0,0
2009-07-28 16:00:00+00:00,1600.0,1603.0,1583.0,1600.0,417,0,0
2009-07-29 16:00:00+00:00,1600.0,1631.0,1599.0,1606.0,403,0,0
2009-07-30 16:00:00+00:00,1606.0,1618.0,1600.0,1601.0,409,0,0
2009-08-02 16:00:00+00:00,1601.0,1627.0,1600.0,1626.0,320,0,0
2009-08-03 16:00:00+00:00,1626.0,1632.0,1612.0,1630.0,426,0,0
2009-08-04 16:00:00+00:00,1630.0,1630.0,1602.0,1606.0,466,0,0
2009-08-05 16:00:00+00:00,1606.0,1622.0,1593.0,1600.0,355,0,0
2009-08-06 16:00:00+00:00,1600.0,1627.0,1595.0,1619.0,313,0,0
2009-08-09 16:00:00+00:00,1619.0,1619.0,1597.0,1611.0,347,0,0
2009-08-10 16:00:00+00:00,1611.0,1617.0,1585.0,1596.0,381,0,0
2009-08-11 16:00:00+00:00,1596.0,1633.0,1587.0,1620.0,323,0,0
2009-08-12 16:00:00+00:00,1620.0,1638.0,1609.0,1632.0,366,0,0
2009-08-13 16:00:00+00:00,1632.0,1633.0,1594.0,1609.0,272,0,0
2009-08-16 16:00:00+00:00,1609.0,1615.0,1561.0,1566.0,488,0,0
2009-08-17 16:00:00+00:00,1566.0,1587.0,1563.0,1584.0,337,0,0
2009-08-18 16:00:00+00:00,1584.0,1599.0,1564.0,1597.0,350,0,0
2009-08-19 16:00:00+00:00,1597.0,1618.0,1591.0,1613.0,218,0,0
2009-08-20 16:00:00+00:00,1613.0,1639.0,1600.0,1636.0,442,0,0
2009-08-23 16:00:00+00:00,1636.0,1647.0,1628.0,1633.0,340,0,0
2009-08-24 16:00:00+00:00,1633.0,1655.0,1625.0,1636.0,1284,0,0
2009-08-25 16:00:00+00:00,1636.0,1648.0,1627.0,1636.0,549,0,0
2009-08-26 16:00:00+00:00,1636.0,1643.0,1610.0,1639.0,420,0,0
2009-08-27 16:00:00+00:00,1639.0,1668.0,1630.0,1641.0,306,0,0
2009-08-30 16:00:00+00:00,1641.0,1644.0,1615.0,1624.0,209,0,0
2009-08-31 16:00:00+00:00,1624.0,1648.0,1590.0,1595.0,514,0,0
2009-09-01 16:00:00+00:00,1595.0,1602.0,1585.0,1592.0,442,0,0
2009-09-02 16:00:00+00:00,1592.0,1608.0,1584.0,1605.0,413,0,0
2009-09-03 16:00:00+00:00,1605.0,1640.0,1601.0,1638.0,247,0,0
2009-09-06 16:00:00+00:00,1638.0,1643.0,1633.0,1643.0,80,0,0
2009-09-07 16:00:00+00:00,1643.0,1655.0,1639.0,1651.0,399,0,0
2009-09-08 16:00:00+00:00,1651.0,1675.0,1644.0,1666.0,446,0,0
2009-09-09 16:00:00+00:00,1666.0,1685.0,1661.0,1683.0,301,0,0
2009-09-10 16:00:00+00:00,1683.0,1690.0,1673.0,1685.0,360,0,0
2009-09-13 16:00:00+00:00,1685.0,1692.0,1666.0,1686.0,159,0,0
2009-09-14 16:00:00+00:00,1686.0,1702.0,1680.0,1694.0,254,0,0
2009-09-15 16:00:00+00:00,1694.0,1723.0,1694.0,1717.0,161,0,0
2009-09-16 16:00:00+00:00,1717.0,1740.0,1713.0,1721.0,290,0,0
2009-09-17 16:00:00+00:00,1721.0,1731.0,1713.0,1724.0,319,0,0
2009-09-20 16:00:00+00:00,1724.0,1734.0,1707.0,1728.0,290,0,0
2009-09-21 16:00:00+00:00,1728.0,1741.0,1725.0,1733.0,169,0,0
2009-09-22 16:00:00+00:00,1733.0,1741.0,1729.0,1739.0,187,0,0
2009-09-23 16:00:00+00:00,1739.0,1753.0,1696.0,1701.0,464,0,0
2009-09-24 16:00:00+00:00,1701.0,1712.0,1691.0,1696.0,399,0,0
2009-09-27 16:00:00+00:00,1696.0,1732.0,1688.0,1728.0,193,0,0
2009-09-28 16:00:00+00:00,1728.0,1732.0,1707.0,1718.0,737,0,0
2009-09-29 16:00:00+00:00,1718.0,1726.0,1689.0,1723.0,425,0,0
2009-09-30 16:00:00+00:00,1723.0,1730.0,1671.0,1676.0,980,0,0
2009-10-01 16:00:00+00:00,1676.0,1680.0,1650.0,1662.0,351,0,0
2009-10-04 16:00:00+00:00,1662.0,1679.0,1658.0,1675.0,973,0,0
2009-10-05 16:00:00+00:00,1675.0,1711.0,1670.0,1704.0,975,0,0
2009-10-06 16:00:00+00:00,1704.0,1708.0,1686.0,1704.0,1343,0,0
2009-10-07 16:00:00+00:00,1704.0,1730.0,1697.0,1727.0,1194,0,0
2009-10-08 16:00:00+00:00,1727.0,1727.0,1706.0,1721.0,531,0,0
2009-10-11 16:00:00+00:00,1721.0,1740.0,1721.0,1732.0,222,0,0
2009-10-12 16:00:00+00:00,1732.0,1735.0,1716.0,1729.0,1164,0,0
2009-10-13 16:00:00+00:00,1729.0,1751.0,1723.0,1746.0,690,0,0
2009-10-14 16:00:00+00:00,1746.0,1753.0,1736.0,1742.0,992,0,0
2009-10-15 16:00:00+00:00,1742.0,1758.0,1725.0,1729.0,868,0,0
2009-10-18 16:00:00+00:00,1729.0,1757.0,1724.0,1754.0,757,0,0
2009-10-19 16:00:00+00:00,1754.0,1774.0,1744.0,1747.0,433,0,0
2009-10-20 16:00:00+00:00,1747.0,1780.0,1746.0,1769.0,861,0,0
2009-10-21 16:00:00+00:00,1769.0,1775.0,1738.0,1750.0,748,0,0
2009-10-22 16:00:00+00:00,1750.0,1779.0,1748.0,1758.0,404,0,0
2009-10-25 16:00:00+00:00,1758.0,1777.0,1738.0,1748.0,177,0,0
2009-10-26 16:00:00+00:00,1748.0,1752.0,1723.0,1727.0,579,0,0
2009-10-27 16:00:00+00:00,1727.0,1729.0,1687.0,1690.0,537,0,0
2009-10-28 16:00:00+00:00,1690.0,1709.0,1678.0,1706.0,408,0,0
2009-10-29 16:00:00+00:00,1706.0,1713.0,1679.0,1684.0,285,0,0
2009-11-01 16:00:00+00:00,1684.0,1688.0,1655.0,1680.0,365,0,0
2009-11-02 16:00:00+00:00,1680.0,1681.0,1651.0,1664.0,719,0,0
2009-11-03 16:00:00+00:00,1664.0,1700.0,1659.0,1694.0,698,0,0
2009-11-04 16:00:00+00:00,1694.0,1722.0,1672.0,1712.0,590,0,0
2009-11-05 16:00:00+00:00,1712.0,1737.0,1706.0,1722.0,283,0,0
2009-11-08 16:00:00+00:00,1722.0,1760.0,1722.0,1758.0,134,0,0
2009-11-09 16:00:00+00:00,1758.0,1777.0,1757.0,1766.0,189,0,0
2009-11-10 16:00:00+00:00,1766.0,1793.0,1763.0,1776.0,210,0,0
2009-11-11 16:00:00+00:00,1776.0,1794.0,1771.0,1779.0,232,0,0
2009-11-12 16:00:00+00:00,1779.0,1787.0,1769.0,1784.0,256,0,0
2009-11-15 16:00:00+00:00,1784.0,1813.0,1784.0,1812.0,146,0,0
2009-11-16 16:00:00+00:00,1812.0,1814.0,1796.0,1803.0,223,0,0
2009-11-17 16:00:00+00:00,1803.0,1814.0,1791.0,1798.0,140,0,0
2009-11-18 16:00:00+00:00,1798.0,1803.0,1761.0,1768.0,190,0,0
2009-11-19 16:00:00+00:00,1768.0,1776.0,1756.0,1760.0,115,0,0
2009-11-22 16:00:00+00:00,1760.0,1800.0,1760.0,1789.0,191,0,0
2009-11-23 16:00:00+00:00,1789.0,1792.0,1774.0,1781.0,269,0,0
2009-11-24 16:00:00+00:00,1781.0,1798.0,1777.0,1792.0,288,0,0
2009-11-25 16:00:00+00:00,1792.0,1796.0,1745.0,1749.0,117,0,0
2009-11-26 16:00:00+00:00,1749.0,1776.0,1722.0,1773.0,395,0,0
2009-11-29 16:00:00+00:00,1773.0,1774.0,1749.0,1752.0,318,0,0
2009-11-30 16:00:00+00:00,1752.0,1792.0,1751.0,1792.0,370,0,0
2009-12-01 16:00:00+00:00,1792.0,1805.0,1785.0,1794.0,166,0,0
2009-12-02 16:00:00+00:00,1794.0,1805.0,1785.0,1795.0,309,0,0
2009-12-03 16:00:00+00:00,1795.0,1815.0,1775.0,1807.0,144,0,0
2009-12-06 16:00:00+00:00,1807.0,1807.0,1778.0,1790.0,144,0,0
2009-12-07 16:00:00+00:00,1790.0,1792.0,1759.0,1782.0,214,0,0
2009-12-08 16:00:00+00:00,1782.0,1783.0,1757.0,1775.0,269,0,0
2009-12-09 16:00:00+00:00,1775.0,1807.0,1768.0,1802.0,308,0,0
2009-12-10 16:00:00+00:00,1802.0,1811.0,1796.0,1800.0,115,0,0
2009-12-13 16:00:00+00:00,1800.0,1809.0,1787.0,1802.0,85,0,0
2009-12-14 16:00:00+00:00,1802.0,1812.0,1796.0,1807.0,135,0,0
2009-12-15 16:00:00+00:00,1807.0,1813.0,1792.0,1809.0,145,0,0
2009-12-16 16:00:00+00:00,1809.0,1810.0,1776.0,1781.0,217,0,0
2009-12-17 16:00:00+00:00,1781.0,1803.0,1775.0,1793.0,99,0,0
2009-12-20 16:00:00+00:00,1793.0,1832.0,1793.0,1829.0,152,0,0
2009-12-21 16:00:00+00:00,1829.0,1841.0,1824.0,1835.0,283,0,0
2009-12-22 16:00:00+00:00,1835.0,1850.0,1834.0,1847.0,200,0,0
2009-12-23 16:00:00+00:00,1847.0,1867.0,1846.0,1867.0,123,0,0
2009-12-27 16:00:00+00:00,1867.0,1882.0,1863.0,1878.0,46,0,0
2009-12-28 16:00:00+00:00,1878.0,1882.0,1868.0,1872.0,76,0,0
2009-12-29 16:00:00+00:00,1872.0,1881.0,1863.0,1874.0,115,0,0
2009-12-30 16:00:00+00:00,1874.0,1882.0,1869.0,1871.0,45,0,0
2010-01-03 16:00:00+00:00,1871.0,1889.0,1866.0,1888.0,169,0,0
2010-01-04 16:00:00+00:00,1888.0,1889.0,1879.0,1883.0,132,0,0
2010-01-05 16:00:00+00:00,1883.0,1891.0,1875.0,1881.0,95,0,0
2010-01-06 16:00:00+00:00,1881.0,1885.0,1865.0,1870.0,179,0,0
2010-01-07 16:00:00+00:00,1870.0,1885.0,1865.0,1881.0,134,0,0
2010-01-10 16:00:00+00:00,1881.0,1899.0,1874.0,1881.0,86,0,0
2010-01-11 16:00:00+00:00,1881.0,1886.0,1861.0,1865.0,286,0,0
2010-01-12 16:00:00+00:00,1865.0,1872.0,1850.0,1864.0,206,0,0
2010-01-13 16:00:00+00:00,1864.0,1889.0,1864.0,1881.0,155,0,0
2010-01-14 16:00:00+00:00,1881.0,1894.0,1866.0,1871.0,280,0,0
2010-01-17 16:00:00+00:00,1871.0,1873.0,1858.0,1873.0,105,0,0
2010-01-18 16:00:00+00:00,1873.0,1889.0,1857.0,1886.0,205,0,0
2010-01-19 16:00:00+00:00,1886.0,1895.0,1845.0,1853.0,360,0,0
2010-01-20 16:00:00+00:00,1853.0,1884.0,1841.0,1846.0,338,0,0
2010-01-21 16:00:00+00:00,1846.0,1858.0,1825.0,1832.0,357,0,0
2010-01-22 20:00:00+00:00,1842.0,1849.0,1791.0,1795.0,70,0,0
2010-01-24 16:00:00+00:00,1832.0,1832.0,1793.0,1798.0,201,0,0
2010-01-25 16:00:00+00:00,1798.0,1817.0,1784.0,1815.0,440,0,0
2010-01-26 16:00:00+00:00,1815.0,1824.0,1790.0,1801.0,396,0,0
2010-01-27 16:00:00+00:00,1801.0,1822.0,1761.0,1766.0,482,0,0
2010-01-28 16:00:00+00:00,1766.0,1790.0,1760.0,1775.0,344,0,0
2010-01-31 16:00:00+00:00,1775.0,1775.0,1738.0,1745.0,368,0,0
2010-02-01 16:00:00+00:00,1745.0,1768.0,1744.0,1766.0,401,0,0
2010-02-02 16:00:00+00:00,1766.0,1780.0,1764.0,1772.0,187,0,0
2010-02-03 16:00:00+00:00,1772.0,1793.0,1739.0,1744.0,381,0,0
2010-02-04 16:00:00+00:00,1744.0,1746.0,1722.0,1737.0,794,0,0
2010-02-07 16:00:00+00:00,1737.0,1754.0,1732.0,1751.0,732,0,0
2010-02-08 16:00:00+00:00,1751.0,1758.0,1731.0,1755.0,922,0,0
2010-02-09 16:00:00+00:00,1755.0,1768.0,1737.0,1743.0,1680,0,0
2010-02-10 00:00:00+00:00,1751.0,1758.0,1744.0,1746.0,786,0,0
2010-02-10 16:00:00+00:00,1743.0,1773.0,1737.0,1771.0,787,0,0
2010-02-11 00:00:00+00:00,1747.0,1779.0,1737.0,1778.0,2945,0,0
2010-02-11 16:00:00+00:00,1771.0,1779.0,1755.0,1768.0,1138,0,0
2010-02-12 00:00:00+00:00,1777.0,1782.0,1755.0,1777.0,3429,0,0
2010-02-12 16:00:00+00:00,1768.0,1783.0,1767.0,1778.0,279,0,0
2010-02-14 16:00:00+00:00,1778.0,1785.0,1776.0,1778.0,93,0,0
2010-02-15 00:00:00+00:00,1780.0,1785.0,1776.0,1778.0,586,0,0
2010-02-15 16:00:00+00:00,1778.0,1799.0,1778.0,1797.0,279,0,0
2010-02-16 00:00:00+00:00,1780.0,1802.0,1778.0,1801.0,2242,0,0
2010-02-16 16:00:00+00:00,1797.0,1810.0,1794.0,1802.0,299,0,0
2010-02-17 00:00:00+00:00,1800.0,1813.0,1798.0,1810.0,1966,0,0
2010-02-17 16:00:00+00:00,1802.0,1817.0,1802.0,1815.0,247,0,0
2010-02-18 00:00:00+00:00,1812.0,1825.0,1805.0,1808.0,2021,0,0
2010-02-18 16:00:00+00:00,1815.0,1829.0,1802.0,1828.0,242,0,0
2010-02-19 00:00:00+00:00,1809.0,1830.0,1802.0,1821.0,2033,0,0
2010-02-19 16:00:00+00:00,1828.0,1830.0,1819.0,1821.0,58,0,0
2010-02-21 16:00:00+00:00,1821.0,1832.0,1810.0,1812.0,238,0,0
2010-02-22 00:00:00+00:00,1820.0,1832.0,1810.0,1819.0,1495,0,0
2010-02-22 16:00:00+00:00,1812.0,1828.0,1792.0,1793.0,338,0,0
2010-02-23 00:00:00+00:00,1818.0,1828.0,1785.0,1799.0,1945,0,0
2010-02-23 16:00:00+00:00,1793.0,1819.0,1785.0,1813.0,379,0,0
2010-02-24 00:00:00+00:00,1800.0,1819.0,1796.0,1812.0,1758,0,0
2010-02-24 16:00:00+00:00,1813.0,1817.0,1780.0,1783.0,302,0,0
2010-02-25 00:00:00+00:00,1813.0,1815.0,1780.0,1811.0,2411,0,0
2010-02-25 16:00:00+00:00,1783.0,1822.0,1782.0,1817.0,359,0,0
2010-02-26 00:00:00+00:00,1812.0,1822.0,1803.0,1819.0,1950,0,0
2010-02-26 16:00:00+00:00,1817.0,1822.0,1812.0,1819.0,45,0,0
2010-02-28 16:00:00+00:00,1819.0,1845.0,1819.0,1843.0,834,0,0
2010-03-01 00:00:00+00:00,1823.0,1848.0,1823.0,1844.0,1097,0,0
2010-03-01 16:00:00+00:00,1843.0,1858.0,1842.0,1857.0,326,0,0
2010-03-02 00:00:00+00:00,1845.0,1862.0,1842.0,1851.0,1632,0,0
2010-03-02 16:00:00+00:00,1857.0,1862.0,1846.0,1859.0,374,0,0
2010-03-03 00:00:00+00:00,1852.0,1861.0,1845.0,1850.0,1785,0,0
2010-03-03 16:00:00+00:00,1859.0,1859.0,1844.0,1853.0,536,0,0
2010-03-04 00:00:00+00:00,1851.0,1860.0,1844.0,1857.0,1437,0,0
2010-03-04 16:00:00+00:00,1853.0,1885.0,1849.0,1882.0,381,0,0
2010-03-05 00:00:00+00:00,1858.0,1889.0,1858.0,1886.0,1345,0,0
2010-03-05 16:00:00+00:00,1882.0,1889.0,1882.0,1886.0,26,0,0
2010-03-07 16:00:00+00:00,1886.0,1892.0,1882.0,1889.0,87,0,0
2010-03-08 00:00:00+00:00,1885.0,1893.0,1882.0,1885.0,1207,0,0
2010-03-08 16:00:00+00:00,1889.0,1905.0,1880.0,1903.0,93,0,0
2010-03-09 00:00:00+00:00,1886.0,1910.0,1880.0,1899.0,1347,0,0
2010-03-09 16:00:00+00:00,1903.0,1918.0,1892.0,1916.0,87,0,0
2010-03-10 00:00:00+00:00,1900.0,1920.0,1898.0,1916.0,1449,0,0
2010-03-10 16:00:00+00:00,1916.0,1920.0,1908.0,1915.0,158,0,0
2010-03-11 00:00:00+00:00,1915.0,1925.0,1908.0,1924.0,1319,0,0
2010-03-11 16:00:00+00:00,1915.0,1931.0,1910.0,1922.0,114,0,0
2010-03-12 00:00:00+00:00,1923.0,1931.0,1915.0,1923.0,1092,0,0
2010-03-12 16:00:00+00:00,1922.0,1925.0,1919.0,1923.0,31,0,0
2010-03-14 16:00:00+00:00,1923.0,1924.0,1906.0,1909.0,106,0,0
2010-03-15 00:00:00+00:00,1924.0,1924.0,1906.0,1920.0,1128,0,0
2010-03-15 16:00:00+00:00,1909.0,1928.0,1906.0,1925.0,133,0,0
2010-03-16 00:00:00+00:00,1919.0,1931.0,1917.0,1927.0,1207,0,0
2010-03-16 16:00:00+00:00,1925.0,1939.0,1920.0,1938.0,39,0,0
2010-03-17 00:00:00+00:00,1928.0,1943.0,1927.0,1934.0,859,0,0
2010-03-17 16:00:00+00:00,1938.0,1943.0,1928.0,1936.0,125,0,0
2010-03-18 00:00:00+00:00,1935.0,1944.0,1929.0,1942.0,1303,0,0
2010-03-18 16:00:00+00:00,1936.0,1949.0,1926.0,1927.0,339,0,0
2010-03-19 00:00:00+00:00,1941.0,1949.0,1923.0,1929.0,1753,0,0
2010-03-19 16:00:00+00:00,1927.0,1932.0,1923.0,1929.0,53,0,0
2010-03-21 20:00:00+00:00,1929.0,1955.0,1920.0,1949.0,1009,0,0
2010-03-22 00:00:00+00:00,1924.0,1955.0,1920.0,1950.0,1946,0,0
2010-03-22 20:00:00+00:00,1949.0,1963.0,1942.0,1963.0,738,0,0
2010-03-23 00:00:00+00:00,1951.0,1963.0,1942.0,1962.0,1736,0,0
2010-03-23 20:00:00+00:00,1963.0,1963.0,1947.0,1952.0,655,0,0
2010-03-24 00:00:00+00:00,1963.0,1963.0,1947.0,1952.0,1840,0,0
2010-03-24 20:00:00+00:00,1952.0,1975.0,1946.0,1947.0,951,0,0
2010-03-25 00:00:00+00:00,1953.0,1975.0,1946.0,1946.0,2010,0,0
2010-03-25 20:00:00+00:00,1947.0,1964.0,1940.0,1951.0,1307,0,0
2010-03-26 00:00:00+00:00,1945.0,1964.0,1940.0,1951.0,2523,0,0
2010-03-28 20:00:00+00:00,1951.0,1967.0,1951.0,1961.0,614,0,0
2010-03-29 00:00:00+00:00,1954.0,1967.0,1953.0,1964.0,2125,0,0
2010-03-29 20:00:00+00:00,1961.0,1973.0,1953.0,1964.0,537,0,0
2010-03-30 00:00:00+00:00,1965.0,1973.0,1953.0,1964.0,1552,0,0
2010-03-30 20:00:00+00:00,1964.0,1969.0,1954.0,1959.0,627,0,0
2010-03-31 00:00:00+00:00,1965.0,1968.0,1954.0,1960.0,2134,0,0
2010-03-31 20:00:00+00:00,1959.0,1978.0,1942.0,1955.0,756,0,0
2010-04-01 00:00:00+00:00,1959.0,1978.0,1942.0,1956.0,2026,0,0
2010-04-01 20:00:00+00:00,1955.0,1963.0,1950.0,1963.0,19,0,0
2010-04-02 00:00:00+00:00,1957.0,1963.0,1951.0,1963.0,274,0,0
2010-04-04 00:00:00+00:00,1965.0,1967.0,1965.0,1965.0,47,0,0
2010-04-04 20:00:00+00:00,1963.0,1980.0,1956.0,1975.0,184,0,0
2010-04-05 00:00:00+00:00,1966.0,1980.0,1956.0,1975.0,1146,0,0
2010-04-05 20:00:00+00:00,1975.0,1987.0,1966.0,1979.0,715,0,0
2010-04-06 00:00:00+00:00,1976.0,1987.0,1966.0,1978.0,1752,0,0
2010-04-06 20:00:00+00:00,1979.0,1985.0,1965.0,1976.0,967,0,0
2010-04-07 00:00:00+00:00,1977.0,1985.0,1965.0,1975.0,1804,0,0
2010-04-07 20:00:00+00:00,1976.0,1983.0,1960.0,1980.0,173,0,0
2010-04-08 00:00:00+00:00,1974.0,1983.0,1960.0,1981.0,1362,0,0
2010-04-08 20:00:00+00:00,1980.0,1993.0,1976.0,1992.0,404,0,0
2010-04-09 00:00:00+00:00,1980.0,1993.0,1976.0,1992.0,1446,0,0
2010-04-11 00:00:00+00:00,2000.0,2002.0,1999.0,2000.0,39,0,0
2010-04-11 20:00:00+00:00,1992.0,2003.0,1989.0,1992.0,231,0,0
2010-04-12 00:00:00+00:00,2001.0,2003.0,1989.0,1992.0,1494,0,0
2010-04-12 20:00:00+00:00,1992.0,2011.0,1985.0,2009.0,482,0,0
2010-04-13 00:00:00+00:00,1991.0,2011.0,1985.0,2010.0,1883,0,0
2010-04-13 20:00:00+00:00,2009.0,2029.0,2009.0,2028.0,322,0,0
2010-04-14 00:00:00+00:00,2011.0,2029.0,2009.0,2027.0,1601,0,0
2010-04-14 20:00:00+00:00,2028.0,2039.0,2019.0,2030.0,406,0,0
2010-04-15 00:00:00+00:00,2028.0,2039.0,2019.0,2031.0,1576,0,0
2010-04-15 20:00:00+00:00,2030.0,2036.0,1999.0,2013.0,1541,0,0
2010-04-16 00:00:00+00:00,2030.0,2036.0,1999.0,2013.0,3971,0,0
2010-04-18 00:00:00+00:00,2005.0,2007.0,2005.0,2005.0,27,0,0
2010-04-18 20:00:00+00:00,2013.0,2017.0,1987.0,2012.0,994,0,0
2010-04-19 00:00:00+00:00,2006.0,2017.0,1987.0,2014.0,2580,0,0
2010-04-19 20:00:00+00:00,2012.0,2041.0,2008.0,2040.0,413,0,0
2010-04-20 00:00:00+00:00,2013.0,2041.0,2008.0,2037.0,2525,0,0
2010-04-21 00:00:00+00:00,2036.0,2040.0,2019.0,2021.0,2557,0,0
2010-04-22 00:00:00+00:00,2022.0,2046.0,2002.0,2034.0,3518,0,0
2010-04-23 00:00:00+00:00,2035.0,2054.0,2031.0,2054.0,3047,0,0
2010-04-25 00:00:00+00:00,2051.0,2052.0,2050.0,2051.0,45,0,0
2010-04-26 00:00:00+00:00,2050.0,2060.0,2044.0,2047.0,2695,0,0
2010-04-27 00:00:00+00:00,2046.0,2052.0,2000.0,2009.0,5430,0,0
2010-04-28 00:00:00+00:00,2010.0,2024.0,1991.0,2010.0,6747,0,0
2010-04-29 00:00:00+00:00,2011.0,2045.0,2006.0,2043.0,4757,0,0
2010-04-30 00:00:00+00:00,2042.0,2048.0,1999.0,1999.0,4871,0,0
2010-05-02 00:00:00+00:00,2004.0,2007.0,2001.0,2007.0,48,0,0
2010-05-03 00:00:00+00:00,2008.0,2039.0,2000.0,2027.0,2447,0,0
2010-05-04 00:00:00+00:00,2028.0,2029.0,1953.0,1968.0,5389,0,0
2010-05-05 00:00:00+00:00,1967.0,1973.0,1936.0,1962.0,6612,0,0
2010-05-06 00:00:00+00:00,1961.0,1964.0,1738.0,1877.0,12345,0,0
2010-05-07 00:00:00+00:00,1876.0,1909.0,1807.0,1852.0,19127,0,0
2010-05-09 00:00:00+00:00,1883.0,1887.0,1876.0,1881.0,254,0,0
2010-05-10 00:00:00+00:00,1882.0,1944.0,1873.0,1940.0,10736,0,0
2010-05-11 00:00:00+00:00,1941.0,1966.0,1916.0,1926.0,8448,0,0
2010-05-12 00:00:00+00:00,1925.0,1977.0,1918.0,1968.0,7058,0,0
2010-05-13 00:00:00+00:00,1969.0,1982.0,1940.0,1945.0,6551,0,0
2010-05-14 00:00:00+00:00,1944.0,1952.0,1884.0,1905.0,9284,0,0
2010-05-16 00:00:00+00:00,1906.0,1913.0,1905.0,1906.0,83,0,0
2010-05-17 00:00:00+00:00,1905.0,1920.0,1872.0,1918.0,11100,0,0
2010-05-18 00:00:00+00:00,1917.0,1933.0,1877.0,1879.0,11482,0,0
2010-05-19 00:00:00+00:00,1878.0,1894.0,1851.0,1872.0,12999,0,0
2010-05-20 00:00:00+00:00,1873.0,1876.0,1792.0,1793.0,15764,0,0
2010-05-21 00:00:00+00:00,1792.0,1835.0,1767.0,1821.0,16162,0,0
2010-05-23 00:00:00+00:00,1819.0,1821.0,1814.0,1818.0,56,0,0
2010-05-24 00:00:00+00:00,1817.0,1841.0,1797.0,1807.0,8752,0,0
2010-05-25 00:00:00+00:00,1806.0,1835.0,1756.0,1830.0,11974,0,0
2010-05-26 00:00:00+00:00,1829.0,1851.0,1785.0,1789.0,10654,0,0
2010-05-27 00:00:00+00:00,1790.0,1869.0,1788.0,1864.0,8345,0,0
2010-05-28 00:00:00+00:00,1865.0,1873.0,1835.0,1849.0,7341,0,0
2010-05-30 00:00:00+00:00,1850.0,1858.0,1849.0,1856.0,93,0,0
2010-05-31 00:00:00+00:00,1857.0,1865.0,1854.0,1860.0,1405,0,0
2010-06-01 00:00:00+00:00,1861.0,1877.0,1824.0,1834.0,8410,0,0
2010-06-02 00:00:00+00:00,1835.0,1881.0,1831.0,1876.0,7488,0,0
2010-06-03 00:00:00+00:00,1877.0,1898.0,1870.0,1892.0,6853,0,0
2010-06-04 00:00:00+00:00,1891.0,1903.0,1823.0,1830.0,10705,0,0
2010-06-06 00:00:00+00:00,1829.0,1830.0,1816.0,1819.0,264,0,0
2010-06-07 00:00:00+00:00,1820.0,1845.0,1793.0,1796.0,6393,0,0
2010-06-08 00:00:00+00:00,1797.0,1817.0,1769.0,1793.0,6597,0,0
2010-06-09 00:00:00+00:00,1792.0,1822.0,1773.0,1778.0,5587,0,0
2010-06-10 00:00:00+00:00,1779.0,1831.0,1775.0,1823.0,5160,0,0
2010-06-11 00:00:00+00:00,1822.0,1848.0,1807.0,1846.0,4192,0,0
2010-06-13 00:00:00+00:00,1850.0,1851.0,1849.0,1851.0,28,0,0
2010-06-14 00:00:00+00:00,1852.0,1876.0,1843.0,1846.0,3580,0,0
2010-06-15 00:00:00+00:00,1847.0,1898.0,1845.0,1891.0,3723,0,0
2010-06-16 00:00:00+00:00,1890.0,1913.0,1879.0,1902.0,3865,0,0
2010-06-17 00:00:00+00:00,1901.0,1918.0,1893.0,1907.0,4882,0,0
2010-06-18 00:00:00+00:00,1908.0,1924.0,1904.0,1912.0,3439,0,0
2010-06-20 00:00:00+00:00,1925.0,1932.0,1925.0,1928.0,77,0,0
2010-06-21 00:00:00+00:00,1929.0,1940.0,1883.0,1900.0,4309,0,0
2010-06-22 00:00:00+00:00,1899.0,1916.0,1876.0,1880.0,4569,0,0
2010-06-23 00:00:00+00:00,1881.0,1889.0,1857.0,1865.0,5187,0,0
2010-06-24 00:00:00+00:00,1866.0,1874.0,1837.0,1847.0,4939,0,0
2010-06-25 00:00:00+00:00,1848.0,1855.0,1826.0,1841.0,6614,0,0
2010-06-27 00:00:00+00:00,1840.0,1843.0,1838.0,1839.0,60,0,0
2010-06-28 00:00:00+00:00,1840.0,1850.0,1820.0,1831.0,5753,0,0
2010-06-29 00:00:00+00:00,1832.0,1838.0,1748.0,1763.0,8781,0,0
2010-06-30 00:00:00+00:00,1764.0,1776.0,1732.0,1733.0,8357,0,0
2010-07-01 00:00:00+00:00,1734.0,1745.0,1697.0,1730.0,10491,0,0
2010-07-02 00:00:00+00:00,1731.0,1745.0,1709.0,1727.0,7469,0,0
2010-07-04 00:00:00+00:00,1721.0,1722.0,1718.0,1721.0,45,0,0
2010-07-05 00:00:00+00:00,1720.0,1729.0,1718.0,1719.0,1504,0,0
2010-07-06 00:00:00+00:00,1718.0,1762.0,1706.0,1734.0,4504,0,0
2010-07-07 00:00:00+00:00,1733.0,1791.0,1722.0,1789.0,4095,0,0
2010-07-08 00:00:00+00:00,1790.0,1803.0,1775.0,1794.0,4398,0,0
2010-07-09 00:00:00+00:00,1795.0,1813.0,1789.0,1813.0,3246,0,0
2010-07-11 00:00:00+00:00,1809.0,1812.0,1809.0,1811.0,35,0,0
2010-07-12 00:00:00+00:00,1810.0,1830.0,1801.0,1825.0,3082,0,0
2010-07-13 00:00:00+00:00,1826.0,1865.0,1818.0,1863.0,4156,0,0
2010-07-14 00:00:00+00:00,1864.0,1866.0,1838.0,1853.0,3530,0,0
2010-07-15 00:00:00+00:00,1852.0,1864.0,1829.0,1856.0,4882,0,0
2010-07-16 00:00:00+00:00,1855.0,1856.0,1800.0,1802.0,4499,0,0
2010-07-18 00:00:00+00:00,1797.0,1800.0,1795.0,1799.0,63,0,0
2010-07-19 00:00:00+00:00,1800.0,1821.0,1793.0,1796.0,3845,0,0
2010-07-20 00:00:00+00:00,1797.0,1857.0,1783.0,1849.0,4806,0,0
2010-07-21 00:00:00+00:00,1850.0,1860.0,1811.0,1816.0,5262,0,0
2010-07-22 00:00:00+00:00,1817.0,1869.0,1813.0,1853.0,4721,0,0
2010-07-23 00:00:00+00:00,1854.0,1874.0,1845.0,1872.0,4545,0,0
2010-07-25 00:00:00+00:00,1876.0,1878.0,1872.0,1875.0,42,0,0
2010-07-26 00:00:00+00:00,1874.0,1888.0,1866.0,1885.0,3438,0,0
2010-07-27 00:00:00+00:00,1886.0,1901.0,1878.0,1886.0,3542,0,0
2010-07-28 00:00:00+00:00,1885.0,1895.0,1865.0,1867.0,3340,0,0
2010-07-29 00:00:00+00:00,1868.0,1885.0,1839.0,1856.0,5688,0,0
2010-07-30 00:00:00+00:00,1857.0,1873.0,1832.0,1864.0,6659,0,0
2010-08-01 00:00:00+00:00,1868.0,1870.0,1867.0,1868.0,63,0,0
2010-08-02 00:00:00+00:00,1869.0,1902.0,1867.0,1894.0,3912,0,0
2010-08-03 00:00:00+00:00,1895.0,1898.0,1880.0,1894.0,3486,0,0
2010-08-04 00:00:00+00:00,1895.0,1910.0,1883.0,1904.0,4336,0,0
2010-08-05 00:00:00+00:00,1905.0,1913.0,1891.0,1903.0,3136,0,0
2010-08-06 00:00:00+00:00,1902.0,1908.0,1872.0,1901.0,5420,0,0
2010-08-08 00:00:00+00:00,1906.0,1906.0,1902.0,1903.0,36,0,0
2010-08-09 00:00:00+00:00,1902.0,1918.0,1899.0,1914.0,3190,0,0
2010-08-10 00:00:00+00:00,1913.0,1914.0,1881.0,1897.0,5399,0,0
2010-08-11 00:00:00+00:00,1896.0,1896.0,1813.0,1820.0,6176,0,0
2010-08-12 00:00:00+00:00,1819.0,1838.0,1807.0,1831.0,5203,0,0
2010-08-13 00:00:00+00:00,1832.0,1843.0,1815.0,1818.0,5485,0,0
2010-08-15 00:00:00+00:00,1817.0,1818.0,1816.0,1818.0,16,0,0
2010-08-16 00:00:00+00:00,1817.0,1833.0,1800.0,1821.0,5954,0,0
2010-08-17 00:00:00+00:00,1820.0,1860.0,1817.0,1841.0,5095,0,0
2010-08-18 00:00:00+00:00,1840.0,1862.0,1831.0,1839.0,5148,0,0
2010-08-19 00:00:00+00:00,1838.0,1850.0,1810.0,1822.0,7026,0,0
2010-08-20 00:00:00+00:00,1823.0,1830.0,1809.0,1826.0,5439,0,0
2010-08-22 00:00:00+00:00,1825.0,1832.0,1825.0,1831.0,45,0,0
2010-08-23 00:00:00+00:00,1830.0,1842.0,1805.0,1806.0,5400,0,0
2010-08-24 00:00:00+00:00,1807.0,1809.0,1766.0,1773.0,7415,0,0
2010-08-25 00:00:00+00:00,1772.0,1798.0,1757.0,1791.0,7102,0,0
2010-08-26 00:00:00+00:00,1792.0,1803.0,1762.0,1763.0,7629,0,0
2010-08-27 00:00:00+00:00,1764.0,1792.0,1744.0,1789.0,8233,0,0
2010-08-29 00:00:00+00:00,1794.0,1798.0,1794.0,1795.0,28,0,0
2010-08-30 00:00:00+00:00,1794.0,1805.0,1768.0,1770.0,5402,0,0
2010-08-31 00:00:00+00:00,1771.0,1781.0,1754.0,1774.0,8592,0,0
2010-09-01 00:00:00+00:00,1773.0,1824.0,1771.0,1819.0,6489,0,0
2010-09-02 00:00:00+00:00,1818.0,1840.0,1812.0,1837.0,5546,0,0
2010-09-03 00:00:00+00:00,1836.0,1869.0,1834.0,1869.0,5461,0,0
2010-09-05 00:00:00+00:00,1867.0,1867.0,1865.0,1867.0,29,0,0
2010-09-06 00:00:00+00:00,1868.0,1877.0,1866.0,1869.0,862,0,0
2010-09-07 00:00:00+00:00,1870.0,1873.0,1853.0,1857.0,5689,0,0
2010-09-08 00:00:00+00:00,1858.0,1887.0,1851.0,1880.0,5241,0,0
2010-09-09 00:00:00+00:00,1881.0,1897.0,1874.0,1885.0,4472,0,0
2010-09-10 00:00:00+00:00,1886.0,1896.0,1879.0,1891.0,3842,0,0
2010-09-12 00:00:00+00:00,1898.0,1902.0,1898.0,1900.0,101,0,0
2010-09-13 00:00:00+00:00,1901.0,1924.0,1900.0,1921.0,2967,0,0
2010-09-14 00:00:00+00:00,1920.0,1938.0,1912.0,1922.0,2783,0,0
2010-09-15 00:00:00+00:00,1923.0,1943.0,1916.0,1940.0,2829,0,0
2010-09-16 00:00:00+00:00,1941.0,1957.0,1931.0,1957.0,2902,0,0
2010-09-17 00:00:00+00:00,1956.0,1972.0,1945.0,1955.0,3155,0,0
2010-09-19 00:00:00+00:00,1956.0,1956.0,1952.0,1952.0,43,0,0
2010-09-20 00:00:00+00:00,1951.0,1993.0,1950.0,1983.0,3398,0,0
2010-09-21 00:00:00+00:00,1985.0,2001.0,1978.0,1984.0,5668,0,0
2010-09-22 00:00:00+00:00,1983.0,1995.0,1972.0,1985.0,5577,0,0
2010-09-23 00:00:00+00:00,1985.0,2002.0,1964.0,1983.0,5202,0,0
2010-09-24 00:00:00+00:00,1982.0,2024.0,1981.0,2023.0,3962,0,0
2010-09-26 00:00:00+00:00,2024.0,2033.0,2024.0,2029.0,94,0,0
2010-09-27 00:00:00+00:00,2028.0,2030.0,2009.0,2010.0,3680,0,0
2010-09-28 00:00:00+00:00,2009.0,2022.0,1979.0,2013.0,5858,0,0
2010-09-29 00:00:00+00:00,2012.0,2020.0,2001.0,2011.0,5860,0,0
2010-09-30 00:00:00+00:00,2010.0,2030.0,1985.0,1998.0,6829,0,0
2010-10-01 00:00:00+00:00,1999.0,2017.0,1987.0,1997.0,5859,0,0
2010-10-03 00:00:00+00:00,1998.0,1998.0,1991.0,1991.0,58,0,0
2010-10-04 00:00:00+00:00,1990.0,1999.0,1963.0,1979.0,4715,0,0
2010-10-05 00:00:00+00:00,1980.0,2026.0,1977.0,2023.0,3972,0,0
2010-10-06 00:00:00+00:00,2024.0,2026.0,1991.0,2005.0,4218,0,0
2010-10-07 00:00:00+00:00,2006.0,2021.0,1996.0,2015.0,4958,0,0
2010-10-08 00:00:00+00:00,2016.0,2030.0,1984.0,2026.0,5612,0,0
2010-10-10 00:00:00+00:00,2025.0,2028.0,2025.0,2027.0,39,0,0
2010-10-11 00:00:00+00:00,2028.0,2035.0,2020.0,2027.0,2796,0,0
2010-10-12 00:00:00+00:00,2026.0,2044.0,2005.0,2040.0,5592,0,0
2010-10-13 00:00:00+00:00,2039.0,2066.0,2037.0,2056.0,2770,0,0
2010-10-14 00:00:00+00:00,2057.0,2073.0,2042.0,2071.0,3402,0,0
2010-10-15 00:00:00+00:00,2070.0,2095.0,2061.0,2094.0,3608,0,0
2010-10-17 00:00:00+00:00,2095.0,2098.0,2094.0,2096.0,20,0,0
2010-10-18 00:00:00+00:00,2095.0,2106.0,2058.0,2066.0,3264,0,0
2010-10-19 00:00:00+00:00,2067.0,2086.0,2053.0,2066.0,4096,0,0
2010-10-20 00:00:00+00:00,2065.0,2099.0,2064.0,2091.0,2875,0,0
2010-10-21 00:00:00+00:00,2090.0,2105.0,2068.0,2083.0,3620,0,0
2010-10-22 00:00:00+00:00,2082.0,2104.0,2078.0,2101.0,2415,0,0
2010-10-24 00:00:00+00:00,2105.0,2109.0,2103.0,2104.0,74,0,0
2010-10-25 00:00:00+00:00,2103.0,2126.0,2103.0,2110.0,2545,0,0
2010-10-26 00:00:00+00:00,2109.0,2123.0,2093.0,2120.0,2683,0,0
2010-10-27 00:00:00+00:00,2119.0,2126.0,2103.0,2121.0,3196,0,0
2010-10-28 00:00:00+00:00,2122.0,2138.0,2110.0,2128.0,3016,0,0
2010-10-29 00:00:00+00:00,2129.0,2136.0,2118.0,2125.0,2849,0,0
2010-10-31 00:00:00+00:00,2126.0,2134.0,2126.0,2132.0,35,0,0
2010-11-01 00:00:00+00:00,2133.0,2147.0,2116.0,2128.0,2806,0,0
2010-11-02 00:00:00+00:00,2129.0,2155.0,2128.0,2154.0,2498,0,0
2010-11-03 00:00:00+00:00,2153.0,2167.0,2131.0,2165.0,4119,0,0
2010-11-04 00:00:00+00:00,2166.0,2192.0,2164.0,2183.0,2704,0,0
2010-11-05 00:00:00+00:00,2184.0,2191.0,2178.0,2182.0,2885,0,0
2010-11-07 00:00:00+00:00,2181.0,2185.0,2179.0,2184.0,28,0,0
2010-11-08 00:00:00+00:00,2185.0,2190.0,2175.0,2181.0,2500,0,0
2010-11-09 00:00:00+00:00,2180.0,2199.0,2165.0,2176.0,2594,0,0
2010-11-10 00:00:00+00:00,2177.0,2188.0,2153.0,2159.0,3201,0,0
2010-11-11 00:00:00+00:00,2158.0,2176.0,2143.0,2170.0,2788,0,0
2010-11-12 00:00:00+00:00,2171.0,2174.0,2120.0,2136.0,4103,0,0
2010-11-14 00:00:00+00:00,2135.0,2139.0,2135.0,2138.0,52,0,0
2010-11-15 00:00:00+00:00,2139.0,2152.0,2123.0,2125.0,2598,0,0
2010-11-16 00:00:00+00:00,2126.0,2126.0,2085.0,2098.0,3700,0,0
2010-11-17 00:00:00+00:00,2099.0,2110.0,2089.0,2101.0,2936,0,0
2010-11-18 00:00:00+00:00,2100.0,2148.0,2100.0,2139.0,2788,0,0
2010-11-19 00:00:00+00:00,2138.0,2139.0,2121.0,2135.0,2378,0,0
2010-11-21 00:00:00+00:00,2145.0,2147.0,2142.0,2147.0,45,0,0
2010-11-22 00:00:00+00:00,2146.0,2156.0,2122.0,2151.0,3050,0,0
2010-11-23 00:00:00+00:00,2149.0,2152.0,2103.0,2120.0,3218,0,0
2010-11-24 00:00:00+00:00,2121.0,2163.0,2111.0,2158.0,3228,0,0
2010-11-25 00:00:00+00:00,2159.0,2161.0,2151.0,2158.0,1003,0,0
2010-11-26 00:00:00+00:00,2159.0,2160.0,2133.0,2143.0,2286,0,0
2010-11-28 00:00:00+00:00,2146.0,2157.0,2146.0,2149.0,130,0,0
2010-11-29 00:00:00+00:00,2150.0,2158.0,2116.0,2141.0,3538,0,0
2010-11-30 00:00:00+00:00,2142.0,2146.0,2108.0,2110.0,3702,0,0
2010-12-01 00:00:00+00:00,2111.0,2172.0,2109.0,2160.0,2947,0,0
2010-12-02 00:00:00+00:00,2161.0,2189.0,2155.0,2185.0,3072,0,0
2010-12-03 00:00:00+00:00,2184.0,2193.0,2166.0,2189.0,2802,0,0
2010-12-05 00:00:00+00:00,2188.0,2192.0,2187.0,2191.0,42,0,0
2010-12-06 00:00:00+00:00,2192.0,2192.0,2175.0,2189.0,2561,0,0
2010-12-07 00:00:00+00:00,2190.0,2215.0,2183.0,2187.0,2670,0,0
2010-12-08 00:00:00+00:00,2188.0,2205.0,2178.0,2204.0,2692,0,0
2010-12-09 00:00:00+00:00,2205.0,2213.0,2192.0,2201.0,2580,0,0
2010-12-10 00:00:00+00:00,2202.0,2216.0,2198.0,2215.0,2084,0,0
2010-12-12 00:00:00+00:00,2216.0,2216.0,2210.0,2210.0,43,0,0
2010-12-13 00:00:00+00:00,2211.0,2225.0,2205.0,2207.0,1914,0,0
2010-12-14 00:00:00+00:00,2208.0,2219.0,2204.0,2212.0,2451,0,0
2010-12-15 00:00:00+00:00,2213.0,2222.0,2195.0,2198.0,3066,0,0
2010-12-16 00:00:00+00:00,2199.0,2224.0,2196.0,2220.0,2861,0,0
2010-12-17 00:00:00+00:00,2221.0,2226.0,2215.0,2220.0,1992,0,0
2010-12-19 00:00:00+00:00,2216.0,2217.0,2215.0,2217.0,40,0,0
2010-12-20 00:00:00+00:00,2216.0,2230.0,2206.0,2220.0,1821,0,0
2010-12-21 00:00:00+00:00,2219.0,2237.0,2219.0,2231.0,1668,0,0
2010-12-22 00:00:00+00:00,2230.0,2238.0,2230.0,2237.0,1455,0,0
2010-12-23 00:00:00+00:00,2238.0,2239.0,2224.0,2231.0,1284,0,0
2010-12-26 00:00:00+00:00,2226.0,2227.0,2220.0,2223.0,68,0,0
2010-12-27 00:00:00+00:00,2222.0,2234.0,2207.0,2232.0,1221,0,0
2010-12-28 00:00:00+00:00,2233.0,2236.0,2221.0,2225.0,859,0,0
2010-12-29 00:00:00+00:00,2224.0,2235.0,2224.0,2231.0,1068,0,0
2010-12-30 00:00:00+00:00,2230.0,2233.0,2222.0,2225.0,1170,0,0
2010-12-31 00:00:00+00:00,2224.0,2229.0,2208.0,2212.0,490,0,0
2011-01-02 00:00:00+00:00,2223.0,2224.0,2219.0,2222.0,34,0,0
2011-01-03 00:00:00+00:00,2221.0,2268.0,2220.0,2251.0,1672,0,0
2011-01-04 00:00:00+00:00,2250.0,2263.0,2237.0,2246.0,1895,0,0
2011-01-05 00:00:00+00:00,2245.0,2272.0,2230.0,2271.0,1988,0,0
2011-01-06 00:00:00+00:00,2272.0,2279.0,2267.0,2276.0,1860,0,0
2011-01-07 00:00:00+00:00,2277.0,2282.0,2252.0,2276.0,2819,0,0
2011-01-09 00:00:00+00:00,2270.0,2271.0,2269.0,2270.0,17,0,0
2011-01-10 00:00:00+00:00,2269.0,2287.0,2261.0,2283.0,2228,0,0
2011-01-11 00:00:00+00:00,2284.0,2295.0,2278.0,2286.0,2003,0,0
2011-01-12 00:00:00+00:00,2287.0,2307.0,2286.0,2304.0,2172,0,0
2011-01-13 00:00:00+00:00,2305.0,2311.0,2297.0,2309.0,2089,0,0
2011-01-14 00:00:00+00:00,2308.0,2321.0,2298.0,2321.0,1726,0,0
2011-01-16 00:00:00+00:00,2320.0,2325.0,2319.0,2319.0,60,0,0
2011-01-17 00:00:00+00:00,2318.0,2321.0,2286.0,2295.0,1106,0,0
2011-01-18 00:00:00+00:00,2294.0,2346.0,2293.0,2331.0,2568,0,0
2011-01-19 00:00:00+00:00,2332.0,2338.0,2293.0,2293.0,2472,0,0
2011-01-20 00:00:00+00:00,2294.0,2299.0,2267.0,2283.0,2966,0,0
2011-01-21 00:00:00+00:00,2282.0,2300.0,2266.0,2267.0,2365,0,0
2011-01-23 00:00:00+00:00,2268.0,2270.0,2265.0,2267.0,52,0,0
2011-01-24 00:00:00+00:00,2268.0,2301.0,2265.0,2296.0,2058,0,0
2011-01-25 00:00:00+00:00,2297.0,2302.0,2282.0,2299.0,2554,0,0
2011-01-26 00:00:00+00:00,2298.0,2320.0,2298.0,2317.0,2372,0,0
2011-01-27 00:00:00+00:00,2316.0,2335.0,2313.0,2321.0,2456,0,0
2011-01-28 00:00:00+00:00,2322.0,2331.0,2258.0,2268.0,2855,0,0
2011-01-30 00:00:00+00:00,2263.0,2263.0,2251.0,2258.0,142,0,0
2011-01-31 00:00:00+00:00,2257.0,2286.0,2255.0,2285.0,2697,0,0
2011-02-01 00:00:00+00:00,2286.0,2328.0,2286.0,2321.0,2191,0,0
2011-02-02 00:00:00+00:00,2320.0,2328.0,2312.0,2319.0,1826,0,0
2011-02-03 00:00:00+00:00,2318.0,2326.0,2296.0,2322.0,2092,0,0
2011-02-04 00:00:00+00:00,2323.0,2338.0,2316.0,2336.0,1802,0,0
2011-02-06 00:00:00+00:00,2335.0,2336.0,2335.0,2335.0,7,0,0
2011-02-07 00:00:00+00:00,2336.0,2359.0,2335.0,2345.0,1447,0,0
2011-02-08 00:00:00+00:00,2344.0,2364.0,2342.0,2363.0,1473,0,0
2011-02-09 00:00:00+00:00,2362.0,2365.0,2350.0,2352.0,1855,0,0
2011-02-10 00:00:00+00:00,2353.0,2365.0,2338.0,2356.0,2328,0,0
2011-02-11 00:00:00+00:00,2357.0,2380.0,2348.0,2378.0,1772,0,0
2011-02-13 00:00:00+00:00,2376.0,2380.0,2376.0,2378.0,51,0,0
2011-02-14 00:00:00+00:00,2379.0,2388.0,2375.0,2379.0,1390,0,0
2011-02-15 00:00:00+00:00,2378.0,2385.0,2371.0,2383.0,1830,0,0
2011-02-16 00:00:00+00:00,2382.0,2403.0,2382.0,2391.0,1985,0,0
2011-02-17 00:00:00+00:00,2392.0,2401.0,2384.0,2394.0,1590,0,0
2011-02-18 00:00:00+00:00,2393.0,2400.0,2382.0,2391.0,1517,0,0
2011-02-20 00:00:00+00:00,2393.0,2394.0,2390.0,2390.0,36,0,0
2011-02-21 00:00:00+00:00,2387.0,2388.0,2362.0,2362.0,294,0,0
2011-02-22 00:00:00+00:00,2363.0,2366.0,2316.0,2322.0,3175,0,0
2011-02-23 00:00:00+00:00,2323.0,2335.0,2285.0,2306.0,3124,0,0
2011-02-24 00:00:00+00:00,2305.0,2321.0,2281.0,2315.0,3883,0,0
2011-02-25 00:00:00+00:00,2314.0,2349.0,2311.0,2346.0,2128,0,0
2011-02-27 00:00:00+00:00,2344.0,2344.0,2335.0,2340.0,107,0,0
2011-02-28 00:00:00+00:00,2341.0,2362.0,2336.0,2354.0,2164,0,0
2011-03-01 00:00:00+00:00,2355.0,2371.0,2304.0,2310.0,3145,0,0
2011-03-02 00:00:00+00:00,2311.0,2340.0,2301.0,2322.0,3467,0,0
2011-03-03 00:00:00+00:00,2323.0,2378.0,2323.0,2375.0,2760,0,0
2011-03-04 00:00:00+00:00,2376.0,2377.0,2343.0,2358.0,3110,0,0
2011-03-06 00:00:00+00:00,2360.0,2365.0,2357.0,2359.0,110,0,0
2011-03-07 00:00:00+00:00,2358.0,2373.0,2305.0,2328.0,3555,0,0
2011-03-08 00:00:00+00:00,2329.0,2347.0,2309.0,2333.0,3552,0,0
2011-03-09 00:00:00+00:00,2332.0,2339.0,2308.0,2311.0,3746,0,0
2011-03-10 00:00:00+00:00,2310.0,2312.0,2274.0,2286.0,4269,0,0
2011-03-11 00:00:00+00:00,2287.0,2305.0,2264.0,2298.0,4405,0,0
2011-03-13 00:00:00+00:00,2292.0,2299.0,2277.0,2287.0,244,0,0
2011-03-14 00:00:00+00:00,2288.0,2302.0,2273.0,2292.0,5722,0,0
2011-03-15 00:00:00+00:00,2293.0,2294.0,2216.0,2240.0,8393,0,0
2011-03-16 00:00:00+00:00,2249.0,2262.0,2186.0,2195.0,8385,0,0
2011-03-17 00:00:00+00:00,2196.0,2246.0,2192.0,2220.0,6512,0,0
2011-03-18 00:00:00+00:00,2221.0,2254.0,2215.0,2218.0,4222,0,0
2011-03-20 00:00:00+00:00,2223.0,2233.0,2223.0,2233.0,67,0,0
2011-03-21 00:00:00+00:00,2234.0,2271.0,2226.0,2256.0,3122,0,0
2011-03-22 00:00:00+00:00,2255.0,2264.0,2250.0,2255.0,2639,0,0
2011-03-23 00:00:00+00:00,2254.0,2275.0,2232.0,2266.0,3167,0,0
2011-03-24 00:00:00+00:00,2267.0,2331.0,2263.0,2317.0,3024,0,0
2011-03-25 00:00:00+00:00,2316.0,2330.0,2311.0,2315.0,2567,0,0
2011-03-27 00:00:00+00:00,2319.0,2322.0,2315.0,2321.0,123,0,0
2011-03-28 00:00:00+00:00,2322.0,2328.0,2296.0,2296.0,2607,0,0
2011-03-29 00:00:00+00:00,2297.0,2327.0,2290.0,2322.0,2735,0,0
2011-03-30 00:00:00+00:00,2323.0,2343.0,2322.0,2332.0,2368,0,0
2011-03-31 00:00:00+00:00,2331.0,2345.0,2327.0,2343.0,2296,0,0
2011-04-01 00:00:00+00:00,2342.0,2358.0,2333.0,2339.0,2608,0,0
2011-04-03 00:00:00+00:00,2338.0,2345.0,2337.0,2343.0,62,0,0
2011-04-04 00:00:00+00:00,2342.0,2350.0,2322.0,2341.0,2110,0,0
2011-04-05 00:00:00+00:00,2340.0,2342.0,2318.0,2327.0,2394,0,0
2011-04-06 00:00:00+00:00,2326.0,2350.0,2317.0,2327.0,2431,0,0
2011-04-07 00:00:00+00:00,2326.0,2344.0,2312.0,2330.0,2766,0,0
2011-04-08 00:00:00+00:00,2331.0,2343.0,2305.0,2317.0,2072,0,0
2011-04-10 00:00:00+00:00,2323.0,2333.0,2323.0,2330.0,139,0,0
2011-04-11 00:00:00+00:00,2331.0,2331.0,2302.0,2305.0,2654,0,0
2011-04-12 00:00:00+00:00,2304.0,2305.0,2285.0,2299.0,2917,0,0
2011-04-13 00:00:00+00:00,2298.0,2319.0,2295.0,2307.0,2912,0,0
2011-04-14 00:00:00+00:00,2308.0,2312.0,2288.0,2305.0,3374,0,0
2011-04-15 00:00:00+00:00,2304.0,2314.0,2290.0,2304.0,2133,0,0
2011-04-17 00:00:00+00:00,2309.0,2310.0,2307.0,2307.0,83,0,0
2011-04-18 00:00:00+00:00,2308.0,2310.0,2251.0,2285.0,3558,0,0
2011-04-19 00:00:00+00:00,2284.0,2322.0,2278.0,2320.0,2613,0,0
2011-04-20 00:00:00+00:00,2319.0,2379.0,2317.0,2377.0,2558,0,0
2011-04-21 00:00:00+00:00,2378.0,2383.0,2367.0,2374.0,1981,0,0
2011-04-24 00:00:00+00:00,2373.0,2378.0,2372.0,2378.0,58,0,0
2011-04-25 00:00:00+00:00,2379.0,2383.0,2372.0,2382.0,1078,0,0
2011-04-26 00:00:00+00:00,2383.0,2404.0,2375.0,2395.0,1957,0,0
2011-04-27 00:00:00+00:00,2396.0,2415.0,2389.0,2410.0,1940,0,0
2011-04-28 00:00:00+00:00,2411.0,2418.0,2398.0,2403.0,1768,0,0
2011-04-29 00:00:00+00:00,2404.0,2414.0,2400.0,2406.0,1276,0,0
2011-05-01 00:00:00+00:00,2412.0,2414.0,2406.0,2409.0,90,0,0
2011-05-02 00:00:00+00:00,2408.0,2429.0,2396.0,2403.0,2042,0,0
2011-05-03 00:00:00+00:00,2402.0,2405.0,2376.0,2392.0,1988,0,0
2011-05-04 00:00:00+00:00,2393.0,2398.0,2367.0,2389.0,2750,0,0
2011-05-05 00:00:00+00:00,2390.0,2400.0,2364.0,2375.0,3089,0,0
2011-05-06 00:00:00+00:00,2376.0,2409.0,2373.0,2382.0,3295,0,0
2011-05-09 00:00:00+00:00,2386.0,2398.0,2374.0,2389.0,2620,0,0
2011-05-10 00:00:00+00:00,2390.0,2414.0,2383.0,2413.0,2350,0,0
2011-05-11 00:00:00+00:00,2414.0,2415.0,2374.0,2383.0,2750,0,0
2011-05-12 00:00:00+00:00,2384.0,2409.0,2369.0,2406.0,3056,0,0
2011-05-13 00:00:00+00:00,2405.0,2414.0,2376.0,2377.0,2872,0,0
2011-05-15 00:00:00+00:00,2365.0,2367.0,2359.0,2361.0,135,0,0
2011-05-16 00:00:00+00:00,2362.0,2373.0,2326.0,2328.0,3792,0,0
2011-05-17 00:00:00+00:00,2329.0,2346.0,2318.0,2343.0,3987,0,0
2011-05-18 00:00:00+00:00,2342.0,2367.0,2333.0,2365.0,2599,0,0
2011-05-19 00:00:00+00:00,2364.0,2373.0,2354.0,2368.0,3000,0,0
2011-05-20 00:00:00+00:00,2367.0,2373.0,2347.0,2352.0,2940,0,0
2011-05-22 00:00:00+00:00,2342.0,2343.0,2333.0,2340.0,127,0,0
2011-05-23 00:00:00+00:00,2341.0,2341.0,2305.0,2315.0,2754,0,0
2011-05-24 00:00:00+00:00,2316.0,2324.0,2297.0,2299.0,2681,0,0
2011-05-25 00:00:00+00:00,2298.0,2321.0,2281.0,2308.0,2865,0,0
2011-05-26 00:00:00+00:00,2309.0,2331.0,2303.0,2327.0,2408,0,0
2011-05-27 00:00:00+00:00,2326.0,2338.0,2322.0,2336.0,1499,0,0
2011-05-29 00:00:00+00:00,2332.0,2334.0,2331.0,2332.0,33,0,0
2011-05-30 00:00:00+00:00,2333.0,2338.0,2331.0,2338.0,373,0,0
2011-05-31 00:00:00+00:00,2339.0,2380.0,2339.0,2377.0,2275,0,0
2011-06-01 00:00:00+00:00,2376.0,2381.0,2314.0,2318.0,2822,0,0
2011-06-02 00:00:00+00:00,2319.0,2335.0,2314.0,2325.0,3241,0,0
2011-06-03 00:00:00+00:00,2326.0,2328.0,2289.0,2293.0,3117,0,0
2011-06-05 00:00:00+00:00,2291.0,2293.0,2286.0,2292.0,51,0,0
2011-06-06 00:00:00+00:00,2293.0,2299.0,2271.0,2272.0,3088,0,0
2011-06-07 00:00:00+00:00,2273.0,2288.0,2268.0,2276.0,2740,0,0
2011-06-08 00:00:00+00:00,2277.0,2277.0,2245.0,2251.0,3303,0,0
2011-06-09 00:00:00+00:00,2250.0,2266.0,2245.0,2252.0,2485,0,0
2011-06-10 00:00:00+00:00,2253.0,2254.0,2219.0,2221.0,2730,0,0
2011-06-12 00:00:00+00:00,2222.0,2222.0,2219.0,2219.0,66,0,0
2011-06-13 00:00:00+00:00,2220.0,2233.0,2214.0,2223.0,3039,0,0
2011-06-14 00:00:00+00:00,2224.0,2255.0,2219.0,2247.0,2823,0,0
2011-06-15 00:00:00+00:00,2246.0,2247.0,2203.0,2211.0,3513,0,0
2011-06-16 00:00:00+00:00,2212.0,2217.0,2180.0,2205.0,4515,0,0
2011-06-17 00:00:00+00:00,2206.0,2222.0,2189.0,2192.0,3075,0,0
2011-06-19 00:00:00+00:00,2189.0,2192.0,2186.0,2188.0,116,0,0
2011-06-20 00:00:00+00:00,2189.0,2210.0,2177.0,2207.0,2498,0,0
2011-06-21 00:00:00+00:00,2206.0,2253.0,2201.0,2247.0,2626,0,0
2011-06-22 00:00:00+00:00,2248.0,2254.0,2224.0,2226.0,2378,0,0
2011-06-23 00:00:00+00:00,2227.0,2256.0,2203.0,2249.0,4351,0,0
2011-06-24 00:00:00+00:00,2250.0,2260.0,2211.0,2215.0,2917,0,0
2011-06-26 00:00:00+00:00,2214.0,2214.0,2198.0,2205.0,222,0,0
2011-06-27 00:00:00+00:00,2204.0,2269.0,2200.0,2260.0,3341,0,0
2011-06-28 00:00:00+00:00,2259.0,2288.0,2245.0,2286.0,2959,0,0
2011-06-29 00:00:00+00:00,2285.0,2303.0,2278.0,2296.0,3406,0,0
2011-06-30 00:00:00+00:00,2295.0,2326.0,2291.0,2323.0,2435,0,0
2011-07-01 00:00:00+00:00,2324.0,2363.0,2320.0,2360.0,2558,0,0
2011-07-03 00:00:00+00:00,2357.0,2359.0,2357.0,2358.0,62,0,0
2011-07-05 00:00:00+00:00,2365.0,2375.0,2355.0,2373.0,2212,0,0
2011-07-06 00:00:00+00:00,2372.0,2383.0,2362.0,2382.0,2681,0,0
2011-07-07 00:00:00+00:00,2383.0,2418.0,2381.0,2417.0,2838,0,0
2011-07-08 00:00:00+00:00,2418.0,2424.0,2378.0,2405.0,3322,0,0
2011-07-10 00:00:00+00:00,2402.0,2403.0,2392.0,2397.0,181,0,0
2011-07-11 00:00:00+00:00,2398.0,2401.0,2353.0,2365.0,3678,0,0
2011-07-12 00:00:00+00:00,2366.0,2368.0,2328.0,2343.0,4826,0,0
2011-07-13 00:00:00+00:00,2344.0,2377.0,2332.0,2340.0,3754,0,0
2011-07-14 00:00:00+00:00,2339.0,2370.0,2317.0,2342.0,4421,0,0
2011-07-15 00:00:00+00:00,2343.0,2356.0,2334.0,2354.0,3982,0,0
2011-07-17 00:00:00+00:00,2353.0,2356.0,2351.0,2353.0,91,0,0
2011-07-18 00:00:00+00:00,2352.0,2354.0,2321.0,2345.0,3762,0,0
2011-07-19 00:00:00+00:00,2346.0,2413.0,2345.0,2408.0,3723,0,0
2011-07-20 00:00:00+00:00,2407.0,2415.0,2367.0,2378.0,3605,0,0
2011-07-21 00:00:00+00:00,2379.0,2416.0,2370.0,2412.0,4914,0,0
2011-07-22 00:00:00+00:00,2411.0,2432.0,2398.0,2427.0,2980,0,0
2011-07-24 00:00:00+00:00,2400.0,2407.0,2381.0,2407.0,330,0,0
2011-07-25 00:00:00+00:00,2408.0,2436.0,2400.0,2424.0,3923,0,0
2011-07-26 00:00:00+00:00,2425.0,2437.0,2415.0,2423.0,3426,0,0
2011-07-27 00:00:00+00:00,2424.0,2428.0,2358.0,2359.0,3476,0,0
2011-07-28 00:00:00+00:00,2358.0,2401.0,2358.0,2371.0,3731,0,0
2011-07-29 00:00:00+00:00,2370.0,2387.0,2340.0,2366.0,6214,0,0
2011-07-31 00:00:00+00:00,2387.0,2396.0,2385.0,2388.0,312,0,0
2011-08-01 00:00:00+00:00,2389.0,2397.0,2323.0,2352.0,5289,0,0
2011-08-02 00:00:00+00:00,2351.0,2353.0,2284.0,2287.0,5387,0,0
2011-08-03 00:00:00+00:00,2288.0,2316.0,2255.0,2312.0,6106,0,0
2011-08-04 00:00:00+00:00,2311.0,2320.0,2195.0,2203.0,8940,0,0
2011-08-05 00:00:00+00:00,2202.0,2239.0,2129.0,2196.0,13787,0,0
2011-08-07 00:00:00+00:00,2135.0,2153.0,2127.0,2143.0,947,0,0
2011-08-08 00:00:00+00:00,2144.0,2171.0,2016.0,2025.0,15514,0,0
2011-08-09 00:00:00+00:00,2024.0,2168.0,1973.0,2161.0,21525,0,0
2011-08-10 00:00:00+00:00,2162.0,2165.0,2067.0,2087.0,17674,0,0
2011-08-11 00:00:00+00:00,2088.0,2184.0,2058.0,2157.0,17731,0,0
2011-08-12 00:00:00+00:00,2156.0,2192.0,2115.0,2179.0,12245,0,0
2011-08-14 00:00:00+00:00,2178.0,2190.0,2178.0,2189.0,300,0,0
2011-08-15 00:00:00+00:00,2190.0,2211.0,2177.0,2203.0,6525,0,0
2011-08-16 00:00:00+00:00,2204.0,2211.0,2164.0,2187.0,8277,0,0
2011-08-17 00:00:00+00:00,2188.0,2214.0,2157.0,2168.0,6726,0,0
2011-08-18 00:00:00+00:00,2169.0,2169.0,2053.0,2073.0,11693,0,0
2011-08-19 00:00:00+00:00,2074.0,2102.0,2034.0,2036.0,11037,0,0
2011-08-21 00:00:00+00:00,2037.0,2037.0,2022.0,2034.0,326,0,0
2011-08-22 00:00:00+00:00,2033.0,2085.0,2029.0,2042.0,7360,0,0
2011-08-23 00:00:00+00:00,2043.0,2129.0,2037.0,2118.0,6773,0,0
2011-08-24 00:00:00+00:00,2119.0,2147.0,2096.0,2119.0,7008,0,0
2011-08-25 00:00:00+00:00,2118.0,2152.0,2101.0,2118.0,7323,0,0
2011-08-26 00:00:00+00:00,2119.0,2169.0,2081.0,2159.0,7896,0,0
2011-08-28 00:00:00+00:00,2162.0,2169.0,2158.0,2167.0,192,0,0
2011-08-29 00:00:00+00:00,2168.0,2225.0,2162.0,2220.0,5339,0,0
2011-08-30 00:00:00+00:00,2219.0,2249.0,2201.0,2223.0,7423,0,0
2011-08-31 00:00:00+00:00,2224.0,2267.0,2222.0,2243.0,7002,0,0
2011-09-01 00:00:00+00:00,2244.0,2264.0,2215.0,2216.0,5503,0,0
2011-09-02 00:00:00+00:00,2215.0,2222.0,2156.0,2169.0,5251,0,0
2011-09-04 00:00:00+00:00,2157.0,2159.0,2149.0,2158.0,204,0,0
2011-09-05 00:00:00+00:00,2156.0,2157.0,2108.0,2117.0,3111,0,0
2011-09-06 00:00:00+00:00,2116.0,2173.0,2111.0,2170.0,9588,0,0
2011-09-07 00:00:00+00:00,2171.0,2229.0,2169.0,2229.0,6542,0,0
2011-09-08 00:00:00+00:00,2228.0,2242.0,2202.0,2209.0,5941,0,0
2011-09-09 00:00:00+00:00,2208.0,2226.0,2148.0,2163.0,6931,0,0
2011-09-11 00:00:00+00:00,2142.0,2157.0,2142.0,2154.0,230,0,0
2011-09-12 00:00:00+00:00,2155.0,2207.0,2120.0,2199.0,7400,0,0
2011-09-13 00:00:00+00:00,2198.0,2224.0,2165.0,2212.0,7892,0,0
2011-09-14 00:00:00+00:00,2211.0,2276.0,2190.0,2252.0,7414,0,0
2011-09-15 00:00:00+00:00,2253.0,2292.0,2243.0,2287.0,6620,0,0
2011-09-16 00:00:00+00:00,2288.0,2308.0,2273.0,2304.0,5593,0,0
2011-09-18 00:00:00+00:00,2288.0,2289.0,2280.0,2284.0,285,0,0
2011-09-19 00:00:00+00:00,2285.0,2318.0,2258.0,2295.0,6409,0,0
2011-09-20 00:00:00+00:00,2296.0,2336.0,2288.0,2304.0,7118,0,0
2011-09-21 00:00:00+00:00,2305.0,2319.0,2245.0,2250.0,8002,0,0
2011-09-22 00:00:00+00:00,2251.0,2253.0,2149.0,2191.0,10672,0,0
2011-09-23 00:00:00+00:00,2192.0,2214.0,2138.0,2203.0,10404,0,0
2011-09-25 00:00:00+00:00,2197.0,2231.0,2194.0,2227.0,492,0,0
2011-09-26 00:00:00+00:00,2228.0,2236.0,2166.0,2226.0,9961,0,0
2011-09-27 00:00:00+00:00,2227.0,2289.0,2225.0,2254.0,7612,0,0
2011-09-28 00:00:00+00:00,2253.0,2280.0,2216.0,2217.0,8925,0,0
2011-09-29 00:00:00+00:00,2218.0,2264.0,2157.0,2198.0,9919,0,0
2011-09-30 00:00:00+00:00,2197.0,2199.0,2139.0,2139.0,8662,0,0
2011-10-02 00:00:00+00:00,2128.0,2136.0,2123.0,2134.0,312,0,0
2011-10-03 00:00:00+00:00,2133.0,2152.0,2064.0,2069.0,9563,0,0
2011-10-04 00:00:00+00:00,2070.0,2131.0,2040.0,2124.0,10987,0,0
2011-10-05 00:00:00+00:00,2125.0,2186.0,2104.0,2158.0,9419,0,0
2011-10-06 00:00:00+00:00,2157.0,2218.0,2153.0,2210.0,8757,0,0
2011-10-07 00:00:00+00:00,2211.0,2231.0,2188.0,2200.0,9719,0,0
2011-10-09 00:00:00+00:00,2211.0,2222.0,2209.0,2221.0,213,0,0
2011-10-10 00:00:00+00:00,2222.0,2282.0,2222.0,2278.0,7109,0,0
2011-10-11 00:00:00+00:00,2279.0,2300.0,2266.0,2287.0,7909,0,0
2011-10-12 00:00:00+00:00,2286.0,2332.0,2278.0,2302.0,8603,0,0
2011-10-13 00:00:00+00:00,2303.0,2340.0,2293.0,2331.0,9082,0,0
2011-10-14 00:00:00+00:00,2332.0,2370.0,2324.0,2370.0,6696,0,0
2011-10-16 00:00:00+00:00,2371.0,2377.0,2370.0,2374.0,159,0,0
2011-10-17 00:00:00+00:00,2375.0,2392.0,2316.0,2325.0,8075,0,0
2011-10-18 00:00:00+00:00,2324.0,2375.0,2309.0,2345.0,9671,0,0
2011-10-19 00:00:00+00:00,2346.0,2360.0,2310.0,2325.0,8535,0,0
2011-10-20 00:00:00+00:00,2326.0,2337.0,2273.0,2305.0,9031,0,0
2011-10-21 00:00:00+00:00,2304.0,2349.0,2303.0,2334.0,6787,0,0
2011-10-23 00:00:00+00:00,2327.0,2338.0,2325.0,2336.0,262,0,0
2011-10-24 00:00:00+00:00,2337.0,2390.0,2329.0,2375.0,6621,0,0
2011-10-25 00:00:00+00:00,2376.0,2391.0,2320.0,2327.0,6586,0,0
2011-10-26 00:00:00+00:00,2326.0,2354.0,2291.0,2338.0,6938,0,0
2011-10-27 00:00:00+00:00,2339.0,2413.0,2334.0,2403.0,7011,0,0
2011-10-28 00:00:00+00:00,2404.0,2405.0,2383.0,2402.0,5141,0,0
2011-10-30 00:00:00+00:00,2403.0,2403.0,2390.0,2390.0,89,0,0
2011-10-31 00:00:00+00:00,2391.0,2397.0,2349.0,2352.0,6256,0,0
2011-11-01 00:00:00+00:00,2353.0,2360.0,2287.0,2303.0,9266,0,0
2011-11-02 00:00:00+00:00,2302.0,2334.0,2297.0,2312.0,7001,0,0
2011-11-03 00:00:00+00:00,2311.0,2370.0,2283.0,2366.0,8351,0,0
2011-11-04 00:00:00+00:00,2365.0,2369.0,2331.0,2354.0,6073,0,0
2011-11-06 00:00:00+00:00,2369.0,2370.0,2358.0,2362.0,132,0,0
2011-11-07 00:00:00+00:00,2361.0,2384.0,2324.0,2376.0,7606,0,0
2011-11-08 00:00:00+00:00,2375.0,2403.0,2359.0,2400.0,6804,0,0
2011-11-09 00:00:00+00:00,2399.0,2401.0,2307.0,2313.0,9463,0,0
2011-11-10 00:00:00+00:00,2312.0,2348.0,2291.0,2312.0,9196,0,0
2011-11-11 00:00:00+00:00,2313.0,2364.0,2306.0,2357.0,6141,0,0
2011-11-13 00:00:00+00:00,2361.0,2366.0,2360.0,2364.0,86,0,0
2011-11-14 00:00:00+00:00,2363.0,2366.0,2331.0,2345.0,6139,0,0
2011-11-15 00:00:00+00:00,2346.0,2375.0,2311.0,2361.0,6914,0,0
2011-11-16 00:00:00+00:00,2362.0,2372.0,2309.0,2312.0,8406,0,0
2011-11-17 00:00:00+00:00,2313.0,2334.0,2257.0,2264.0,9892,0,0
2011-11-18 00:00:00+00:00,2265.0,2291.0,2250.0,2253.0,7453,0,0
2011-11-20 00:00:00+00:00,2242.0,2243.0,2235.0,2241.0,138,0,0
2011-11-21 00:00:00+00:00,2240.0,2244.0,2188.0,2215.0,7855,0,0
2011-11-22 00:00:00+00:00,2216.0,2228.0,2192.0,2217.0,7253,0,0
2011-11-23 00:00:00+00:00,2216.0,2216.0,2163.0,2168.0,8655,0,0
2011-11-24 00:00:00+00:00,2175.0,2186.0,2152.0,2158.0,3219,0,0
2011-11-25 00:00:00+00:00,2159.0,2182.0,2136.0,2149.0,6336,0,0
2011-11-27 00:00:00+00:00,2181.0,2188.0,2179.0,2181.0,217,0,0
2011-11-28 00:00:00+00:00,2182.0,2228.0,2180.0,2221.0,5215,0,0
2011-11-29 00:00:00+00:00,2220.0,2245.0,2202.0,2204.0,5970,0,0
2011-11-30 00:00:00+00:00,2205.0,2297.0,2196.0,2294.0,6335,0,0
2011-12-01 00:00:00+00:00,2295.0,2315.0,2284.0,2310.0,4887,0,0
2011-12-02 00:00:00+00:00,2309.0,2344.0,2301.0,2306.0,5158,0,0
2011-12-04 00:00:00+00:00,2316.0,2321.0,2315.0,2315.0,116,0,0
2011-12-05 00:00:00+00:00,2314.0,2344.0,2312.0,2323.0,4822,0,0
2011-12-06 00:00:00+00:00,2322.0,2342.0,2313.0,2326.0,4812,0,0
2011-12-07 00:00:00+00:00,2325.0,2344.0,2292.0,2324.0,5889,0,0
2011-12-08 00:00:00+00:00,2323.0,2341.0,2276.0,2280.0,7922,0,0
2011-12-09 00:00:00+00:00,2279.0,2326.0,2269.0,2321.0,6571,0,0
2011-12-11 00:00:00+00:00,2320.0,2324.0,2319.0,2322.0,73,0,0
2011-12-12 00:00:00+00:00,2321.0,2326.0,2274.0,2296.0,5339,0,0
2011-12-13 00:00:00+00:00,2295.0,2318.0,2258.0,2269.0,6546,0,0
2011-12-14 00:00:00+00:00,2270.0,2280.0,2220.0,2232.0,6945,0,0
2011-12-15 00:00:00+00:00,2231.0,2256.0,2219.0,2230.0,5252,0,0
2011-12-16 00:00:00+00:00,2231.0,2268.0,2230.0,2238.0,4987,0,0
2011-12-18 00:00:00+00:00,2237.0,2242.0,2237.0,2238.0,82,0,0
2011-12-19 00:00:00+00:00,2239.0,2255.0,2208.0,2225.0,5979,0,0
2011-12-20 00:00:00+00:00,2224.0,2287.0,2222.0,2271.0,4685,0,0
2011-12-21 00:00:00+00:00,2272.0,2295.0,2222.0,2246.0,5654,0,0
2011-12-22 00:00:00+00:00,2245.0,2272.0,2238.0,2271.0,3970,0,0
2011-12-23 00:00:00+00:00,2272.0,2286.0,2266.0,2286.0,2324,0,0
2011-12-27 00:00:00+00:00,2289.0,2300.0,2279.0,2286.0,1397,0,0
2011-12-28 00:00:00+00:00,2287.0,2296.0,2260.0,2269.0,2864,0,0
2011-12-29 00:00:00+00:00,2268.0,2286.0,2263.0,2283.0,2691,0,0
2011-12-30 00:00:00+00:00,2284.0,2288.0,2278.0,2278.0,1855,0,0
2012-01-03 00:00:00+00:00,2324.0,2332.0,2312.0,2321.0,3314,0,0
2012-01-04 00:00:00+00:00,2320.0,2333.0,2307.0,2332.0,3245,0,0
2012-01-05 00:00:00+00:00,2331.0,2352.0,2314.0,2347.0,3961,0,0
2012-01-06 00:00:00+00:00,2346.0,2363.0,2337.0,2356.0,3230,0,0
2012-01-08 00:00:00+00:00,2359.0,2359.0,2346.0,2350.0,96,0,0
2012-01-09 00:00:00+00:00,2349.0,2365.0,2340.0,2354.0,3664,0,0
2012-01-10 00:00:00+00:00,2355.0,2380.0,2354.0,2359.0,2857,0,0
2012-01-11 00:00:00+00:00,2360.0,2375.0,2355.0,2369.0,2976,0,0
2012-01-12 00:00:00+00:00,2368.0,2385.0,2358.0,2383.0,3179,0,0
2012-01-13 00:00:00+00:00,2384.0,2389.0,2351.0,2371.0,3577,0,0
2012-01-15 00:00:00+00:00,2372.0,2374.0,2369.0,2372.0,59,0,0
2012-01-16 00:00:00+00:00,2371.0,2388.0,2364.0,2386.0,1900,0,0
2012-01-17 00:00:00+00:00,2385.0,2403.0,2384.0,2395.0,2833,0,0
2012-01-18 00:00:00+00:00,2396.0,2425.0,2390.0,2423.0,3301,0,0
2012-01-19 00:00:00+00:00,2424.0,2444.0,2421.0,2431.0,3216,0,0
2012-01-20 00:00:00+00:00,2430.0,2437.0,2425.0,2436.0,2293,0,0
2012-01-22 00:00:00+00:00,2432.0,2433.0,2429.0,2430.0,57,0,0
2012-01-23 00:00:00+00:00,2429.0,2454.0,2423.0,2438.0,2791,0,0
2012-01-24 00:00:00+00:00,2437.0,2471.0,2422.0,2463.0,3228,0,0
2012-01-25 00:00:00+00:00,2462.0,2469.0,2439.0,2459.0,3585,0,0
2012-01-26 00:00:00+00:00,2460.0,2478.0,2443.0,2453.0,3164,0,0
2012-01-27 00:00:00+00:00,2452.0,2466.0,2447.0,2461.0,3450,0,0
2012-01-29 00:00:00+00:00,2460.0,2463.0,2457.0,2458.0,59,0,0
2012-01-30 00:00:00+00:00,2457.0,2467.0,2431.0,2465.0,3327,0,0
2012-01-31 00:00:00+00:00,2464.0,2480.0,2451.0,2458.0,3803,0,0
2012-02-01 00:00:00+00:00,2459.0,2496.0,2456.0,2492.0,3375,0,0
2012-02-02 00:00:00+00:00,2493.0,2503.0,2482.0,2494.0,2724,0,0
2012-02-03 00:00:00+00:00,2495.0,2532.0,2492.0,2529.0,2680,0,0
2012-02-05 00:00:00+00:00,2523.0,2523.0,2520.0,2523.0,33,0,0
2012-02-06 00:00:00+00:00,2522.0,2530.0,2512.0,2529.0,2356,0,0
2012-02-07 00:00:00+00:00,2528.0,2537.0,2514.0,2529.0,2964,0,0
2012-02-08 00:00:00+00:00,2530.0,2549.0,2523.0,2541.0,2771,0,0
2012-02-09 00:00:00+00:00,2540.0,2567.0,2538.0,2562.0,3938,0,0
2012-02-10 00:00:00+00:00,2561.0,2563.0,2537.0,2551.0,3358,0,0
2012-02-12 00:00:00+00:00,2562.0,2563.0,2558.0,2561.0,58,0,0
2012-02-13 00:00:00+00:00,2560.0,2573.0,2554.0,2567.0,2783,0,0
2012-02-14 00:00:00+00:00,2566.0,2580.0,2555.0,2578.0,3062,0,0
2012-02-15 00:00:00+00:00,2579.0,2602.0,2551.0,2552.0,5218,0,0
2012-02-16 00:00:00+00:00,2553.0,2596.0,2545.0,2594.0,4330,0,0
2012-02-17 00:00:00+00:00,2595.0,2598.0,2573.0,2584.0,2604,0,0
2012-02-19 00:00:00+00:00,2596.0,2598.0,2596.0,2598.0,45,0,0
2012-02-20 00:00:00+00:00,2597.0,2601.0,2585.0,2586.0,1370,0,0
2012-02-21 00:00:00+00:00,2587.0,2603.0,2575.0,2592.0,3320,0,0
2012-02-22 00:00:00+00:00,2593.0,2602.0,2576.0,2581.0,3113,0,0
2012-02-23 00:00:00+00:00,2580.0,2606.0,2571.0,2605.0,3364,0,0
2012-02-24 00:00:00+00:00,2606.0,2610.0,2597.0,2601.0,2479,0,0
2012-02-26 00:00:00+00:00,2602.0,2605.0,2601.0,2603.0,32,0,0
2012-02-27 00:00:00+00:00,2602.0,2616.0,2578.0,2608.0,3219,0,0
2012-02-28 00:00:00+00:00,2609.0,2634.0,2607.0,2631.0,3386,0,0
2012-02-29 00:00:00+00:00,2630.0,2644.0,2614.0,2622.0,4480,0,0
2012-03-01 00:00:00+00:00,2621.0,2648.0,2615.0,2647.0,4324,0,0
2012-03-02 00:00:00+00:00,2648.0,2649.0,2632.0,2643.0,3228,0,0
2012-03-04 00:00:00+00:00,2640.0,2644.0,2640.0,2641.0,34,0,0
2012-03-05 00:00:00+00:00,2642.0,2643.0,2605.0,2615.0,3858,0,0
2012-03-06 00:00:00+00:00,2616.0,2617.0,2574.0,2593.0,4431,0,0
2012-03-07 00:00:00+00:00,2592.0,2614.0,2592.0,2606.0,4048,0,0
2012-03-08 00:00:00+00:00,2605.0,2643.0,2604.0,2635.0,2908,0,0
2012-03-09 00:00:00+00:00,2634.0,2651.0,2630.0,2648.0,2901,0,0
2012-03-11 00:00:00+00:00,2645.0,2646.0,2644.0,2646.0,26,0,0
2012-03-12 00:00:00+00:00,2645.0,2651.0,2634.0,2651.0,2472,0,0
2012-03-13 00:00:00+00:00,2650.0,2701.0,2650.0,2695.0,3881,0,0
2012-03-14 00:00:00+00:00,2694.0,2716.0,2690.0,2703.0,3505,0,0
2012-03-15 00:00:00+00:00,2704.0,2720.0,2701.0,2713.0,3085,0,0
2012-03-16 00:00:00+00:00,2712.0,2723.0,2706.0,2712.0,3223,0,0
2012-03-18 00:00:00+00:00,2711.0,2717.0,2711.0,2717.0,85,0,0
2012-03-19 00:00:00+00:00,2718.0,2738.0,2703.0,2732.0,3274,0,0
2012-03-20 00:00:00+00:00,2731.0,2742.0,2710.0,2737.0,3205,0,0
2012-03-21 00:00:00+00:00,2736.0,2752.0,2733.0,2740.0,2929,0,0
2012-03-22 00:00:00+00:00,2739.0,2744.0,2719.0,2736.0,3827,0,0
2012-03-23 00:00:00+00:00,2737.0,2750.0,2714.0,2732.0,2950,0,0
2012-03-25 00:00:00+00:00,2735.0,2741.0,2734.0,2740.0,89,0,0
2012-03-26 00:00:00+00:00,2741.0,2783.0,2734.0,2782.0,2902,0,0
2012-03-27 00:00:00+00:00,2781.0,2792.0,2775.0,2781.0,2701,0,0
2012-03-28 00:00:00+00:00,2782.0,2793.0,2754.0,2772.0,3300,0,0
2012-03-29 00:00:00+00:00,2773.0,2776.0,2740.0,2757.0,3455,0,0
2012-03-30 00:00:00+00:00,2758.0,2774.0,2741.0,2756.0,2893,0,0
2012-04-01 00:00:00+00:00,2761.0,2766.0,2761.0,2763.0,47,0,0
2012-04-02 00:00:00+00:00,2764.0,2785.0,2745.0,2779.0,2852,0,0
2012-04-03 00:00:00+00:00,2778.0,2792.0,2764.0,2777.0,3443,0,0
2012-04-04 00:00:00+00:00,2776.0,2777.0,2726.0,2739.0,4323,0,0
2012-04-05 00:00:00+00:00,2738.0,2764.0,2723.0,2758.0,3613,0,0
2012-04-06 00:00:00+00:00,2759.0,2764.0,2758.0,2759.0,237,0,0
2012-04-08 00:00:00+00:00,2726.0,2729.0,2723.0,2727.0,98,0,0
2012-04-09 00:00:00+00:00,2726.0,2751.0,2722.0,2734.0,2390,0,0
2012-04-10 00:00:00+00:00,2735.0,2749.0,2687.0,2706.0,4596,0,0
2012-04-11 00:00:00+00:00,2705.0,2727.0,2701.0,2711.0,4187,0,0
2012-04-12 00:00:00+00:00,2710.0,2743.0,2708.0,2740.0,4201,0,0
2012-04-13 00:00:00+00:00,2741.0,2746.0,2697.0,2697.0,4788,0,0
2012-04-15 00:00:00+00:00,2695.0,2697.0,2690.0,2694.0,164,0,0
2012-04-16 00:00:00+00:00,2693.0,2713.0,2660.0,2667.0,5707,0,0
2012-04-17 00:00:00+00:00,2668.0,2731.0,2657.0,2721.0,3826,0,0
2012-04-18 00:00:00+00:00,2722.0,2731.0,2698.0,2706.0,4055,0,0
2012-04-19 00:00:00+00:00,2705.0,2738.0,2675.0,2692.0,6486,0,0
2012-04-20 00:00:00+00:00,2693.0,2711.0,2673.0,2678.0,5223,0,0
2012-04-22 00:00:00+00:00,2672.0,2676.0,2670.0,2674.0,75,0,0
2012-04-23 00:00:00+00:00,2675.0,2678.0,2628.0,2656.0,5193,0,0
2012-04-24 00:00:00+00:00,2655.0,2680.0,2628.0,2675.0,4660,0,0
2012-04-25 00:00:00+00:00,2674.0,2710.0,2668.0,2708.0,4210,0,0
2012-04-26 00:00:00+00:00,2707.0,2733.0,2698.0,2719.0,3858,0,0
2012-04-27 00:00:00+00:00,2718.0,2749.0,2712.0,2741.0,3664,0,0
2012-04-29 00:00:00+00:00,2743.0,2747.0,2742.0,2743.0,135,0,0
2012-04-30 00:00:00+00:00,2742.0,2747.0,2719.0,2724.0,3195,0,0
2012-05-01 00:00:00+00:00,2723.0,2756.0,2714.0,2724.0,2447,0,0
2012-05-02 00:00:00+00:00,2723.0,2735.0,2706.0,2732.0,3655,0,0
2012-05-03 00:00:00+00:00,2733.0,2741.0,2696.0,2699.0,3538,0,0
2012-05-04 00:00:00+00:00,2698.0,2703.0,2628.0,2628.0,4051,0,0
2012-05-06 00:00:00+00:00,2614.0,2615.0,2591.0,2602.0,420,0,0
2012-05-07 00:00:00+00:00,2601.0,2651.0,2597.0,2643.0,3661,0,0
2012-05-08 00:00:00+00:00,2642.0,2644.0,2586.0,2626.0,4901,0,0
2012-05-09 00:00:00+00:00,2627.0,2635.0,2587.0,2611.0,6434,0,0
2012-05-10 00:00:00+00:00,2610.0,2639.0,2602.0,2607.0,5145,0,0
2012-05-11 00:00:00+00:00,2606.0,2643.0,2601.0,2615.0,4748,0,0
2012-05-13 00:00:00+00:00,2606.0,2609.0,2599.0,2606.0,160,0,0
2012-05-14 00:00:00+00:00,2605.0,2616.0,2585.0,2594.0,4890,0,0
2012-05-15 00:00:00+00:00,2595.0,2617.0,2576.0,2584.0,5833,0,0
2012-05-16 00:00:00+00:00,2583.0,2597.0,2556.0,2565.0,5862,0,0
2012-05-17 00:00:00+00:00,2564.0,2572.0,2506.0,2513.0,6577,0,0
2012-05-18 00:00:00+00:00,2514.0,2522.0,2470.0,2472.0,6951,0,0
2012-05-20 00:00:00+00:00,2473.0,2479.0,2466.0,2479.0,251,0,0
2012-05-21 00:00:00+00:00,2478.0,2547.0,2477.0,2547.0,5292,0,0
2012-05-22 00:00:00+00:00,2548.0,2562.0,2523.0,2534.0,5473,0,0
2012-05-23 00:00:00+00:00,2533.0,2553.0,2499.0,2532.0,6911,0,0
2012-05-24 00:00:00+00:00,2533.0,2557.0,2511.0,2537.0,6830,0,0
2012-05-25 00:00:00+00:00,2538.0,2552.0,2519.0,2527.0,4846,0,0
2012-05-27 00:00:00+00:00,2538.0,2539.0,2534.0,2538.0,167,0,0
2012-05-28 00:00:00+00:00,2537.0,2551.0,2535.0,2536.0,1583,0,0
2012-05-29 00:00:00+00:00,2537.0,2571.0,2533.0,2556.0,5475,0,0
2012-05-30 00:00:00+00:00,2555.0,2557.0,2521.0,2532.0,5929,0,0
2012-05-31 00:00:00+00:00,2531.0,2544.0,2507.0,2523.0,6157,0,0
2012-06-01 00:00:00+00:00,2522.0,2523.0,2457.0,2458.0,7284,0,0
2012-06-03 00:00:00+00:00,2461.0,2462.0,2435.0,2437.0,376,0,0
2012-06-04 00:00:00+00:00,2438.0,2481.0,2435.0,2477.0,6150,0,0
2012-06-05 00:00:00+00:00,2476.0,2499.0,2461.0,2495.0,5666,0,0
2012-06-06 00:00:00+00:00,2496.0,2555.0,2493.0,2554.0,5633,0,0
2012-06-07 00:00:00+00:00,2553.0,2570.0,2532.0,2539.0,5026,0,0
2012-06-08 00:00:00+00:00,2538.0,2563.0,2518.0,2562.0,4354,0,0
2012-06-10 00:00:00+00:00,2596.0,2603.0,2590.0,2594.0,262,0,0
2012-06-11 00:00:00+00:00,2595.0,2597.0,2512.0,2517.0,5252,0,0
2012-06-12 00:00:00+00:00,2518.0,2548.0,2510.0,2544.0,5263,0,0
2012-06-13 00:00:00+00:00,2543.0,2555.0,2516.0,2528.0,5011,0,0
2012-06-14 00:00:00+00:00,2529.0,2544.0,2511.0,2538.0,5677,0,0
2012-06-15 00:00:00+00:00,2539.0,2570.0,2535.0,2566.0,4535,0,0
2012-06-17 00:00:00+00:00,2580.0,2588.0,2575.0,2581.0,294,0,0
2012-06-18 00:00:00+00:00,2582.0,2599.0,2552.0,2596.0,5604,0,0
2012-06-19 00:00:00+00:00,2597.0,2629.0,2588.0,2616.0,4531,0,0
2012-06-20 00:00:00+00:00,2617.0,2631.0,2601.0,2619.0,5928,0,0
2012-06-21 00:00:00+00:00,2618.0,2623.0,2552.0,2558.0,5837,0,0
2012-06-22 00:00:00+00:00,2559.0,2585.0,2552.0,2579.0,4075,0,0
2012-06-24 00:00:00+00:00,2578.0,2579.0,2571.0,2573.0,144,0,0
2012-06-25 00:00:00+00:00,2572.0,2573.0,2524.0,2535.0,4404,0,0
2012-06-26 00:00:00+00:00,2536.0,2554.0,2528.0,2549.0,4891,0,0
2012-06-27 00:00:00+00:00,2548.0,2575.0,2547.0,2560.0,3866,0,0
2012-06-28 00:00:00+00:00,2561.0,2569.0,2508.0,2526.0,5270,0,0
2012-06-29 00:00:00+00:00,2525.0,2620.0,2523.0,2618.0,5726,0,0
2012-07-01 00:00:00+00:00,2619.0,2620.0,2613.0,2615.0,117,0,0
2012-07-02 00:00:00+00:00,2614.0,2624.0,2604.0,2618.0,4546,0,0
2012-07-03 00:00:00+00:00,2619.0,2647.0,2617.0,2645.0,2848,0,0
2012-07-04 00:00:00+00:00,2646.0,2649.0,2637.0,2641.0,1215,0,0
2012-07-05 00:00:00+00:00,2642.0,2660.0,2628.0,2647.0,4760,0,0
2012-07-06 00:00:00+00:00,2646.0,2648.0,2595.0,2614.0,4550,0,0
2012-07-08 00:00:00+00:00,2607.0,2609.0,2606.0,2607.0,54,0,0
2012-07-09 00:00:00+00:00,2608.0,2619.0,2596.0,2609.0,3984,0,0
2012-07-10 00:00:00+00:00,2608.0,2629.0,2573.0,2581.0,4432,0,0
2012-07-11 00:00:00+00:00,2580.0,2593.0,2547.0,2572.0,4715,0,0
2012-07-12 00:00:00+00:00,2571.0,2572.0,2521.0,2545.0,4853,0,0
2012-07-13 00:00:00+00:00,2544.0,2589.0,2544.0,2582.0,3628,0,0
2012-07-15 00:00:00+00:00,2581.0,2581.0,2578.0,2579.0,45,0,0
2012-07-16 00:00:00+00:00,2578.0,2588.0,2565.0,2575.0,3221,0,0
2012-07-17 00:00:00+00:00,2576.0,2598.0,2552.0,2591.0,4660,0,0
2012-07-18 00:00:00+00:00,2590.0,2637.0,2581.0,2633.0,3999,0,0
2012-07-19 00:00:00+00:00,2634.0,2662.0,2633.0,2657.0,4363,0,0
2012-07-20 00:00:00+00:00,2656.0,2662.0,2617.0,2619.0,4552,0,0
2012-07-22 00:00:00+00:00,2614.0,2617.0,2610.0,2610.0,115,0,0
2012-07-23 00:00:00+00:00,2609.0,2612.0,2548.0,2581.0,5115,0,0
2012-07-24 00:00:00+00:00,2582.0,2594.0,2521.0,2523.0,5782,0,0
2012-07-25 00:00:00+00:00,2522.0,2565.0,2522.0,2549.0,5910,0,0
2012-07-26 00:00:00+00:00,2548.0,2597.0,2534.0,2580.0,6783,0,0
2012-07-27 00:00:00+00:00,2579.0,2650.0,2577.0,2647.0,5514,0,0
2012-07-29 00:00:00+00:00,2644.0,2646.0,2641.0,2642.0,96,0,0
2012-07-30 00:00:00+00:00,2641.0,2662.0,2632.0,2641.0,4521,0,0
2012-07-31 00:00:00+00:00,2640.0,2656.0,2636.0,2640.0,4517,0,0
2012-08-01 00:00:00+00:00,2639.0,2660.0,2624.0,2633.0,4914,0,0
2012-08-02 00:00:00+00:00,2632.0,2652.0,2604.0,2622.0,7335,0,0
2012-08-03 00:00:00+00:00,2621.0,2685.0,2620.0,2676.0,4863,0,0
2012-08-05 00:00:00+00:00,2678.0,2680.0,2674.0,2680.0,103,0,0
2012-08-06 00:00:00+00:00,2700.9,2703.4,2700.1,2701.2,397,0,0
2012-08-07 00:00:00+00:00,2691.9,2726.7,2689.8,2712.9,9630,0,0
2012-08-08 00:00:00+00:00,2713.1,2720.4,2704.4,2708.2,9588,0,0
2012-08-09 00:00:00+00:00,2708.4,2724.5,2705.2,2719.6,9479,0,0
2012-08-10 00:00:00+00:00,2719.5,2719.6,2712.6,2714.1,8713,0,0
2012-08-13 00:00:00+00:00,2723.0,2731.1,2707.3,2727.8,8201,0,0
2012-08-14 00:00:00+00:00,2727.9,2743.3,2721.7,2724.7,9437,0,0
2012-08-15 00:00:00+00:00,2724.6,2742.7,2719.1,2741.3,7843,0,0
2012-08-16 00:00:00+00:00,2741.4,2773.8,2738.9,2766.3,8548,0,0
2012-08-17 00:00:00+00:00,2766.4,2767.7,2763.4,2765.4,7742,0,0
2012-08-20 00:00:00+00:00,2776.9,2784.2,2767.2,2782.7,7835,0,0
2012-08-21 00:00:00+00:00,2782.4,2802.4,2761.8,2771.1,9088,0,0
2012-08-22 00:00:00+00:00,2771.2,2789.2,2759.2,2782.1,10331,0,0
2012-08-23 00:00:00+00:00,2781.9,2791.8,2754.4,2761.8,10781,0,0
2012-08-24 00:00:00+00:00,2761.9,2763.7,2760.2,2762.6,9514,0,0
2012-08-27 00:00:00+00:00,2786.8,2795.7,2776.7,2783.6,8009,0,0
2012-08-28 00:00:00+00:00,2783.4,2790.7,2771.3,2784.4,9453,0,0
2012-08-29 00:00:00+00:00,2784.6,2790.3,2771.2,2780.9,7835,0,0
2012-08-30 00:00:00+00:00,2780.6,2781.9,2750.4,2752.8,8289,0,0
2012-08-31 00:00:00+00:00,2752.9,2757.9,2752.3,2755.8,9963,0,0
2012-09-03 00:00:00+00:00,2773.3,2781.2,2759.7,2777.6,4403,0,0
2012-09-04 00:00:00+00:00,2777.3,2782.6,2743.2,2773.1,9433,0,0
2012-09-05 00:00:00+00:00,2772.9,2780.6,2757.2,2767.7,10166,0,0
2012-09-06 00:00:00+00:00,2767.4,2830.1,2767.2,2826.6,10018,0,0
2012-09-07 00:00:00+00:00,2826.4,2827.4,2823.9,2826.4,9390,0,0
2012-09-10 00:00:00+00:00,2821.8,2823.4,2781.9,2785.9,7839,0,0
2012-09-11 00:00:00+00:00,2786.4,2799.7,2777.9,2778.3,9060,0,0
2012-09-12 00:00:00+00:00,2778.4,2800.2,2774.7,2795.4,12296,0,0
2012-09-13 00:00:00+00:00,2795.6,2840.9,2784.4,2831.3,10661,0,0
2012-09-14 00:00:00+00:00,2831.4,2835.4,2831.1,2833.8,9831,0,0
2012-09-17 00:00:00+00:00,2853.0,2857.6,2844.9,2852.8,7689,0,0
2012-09-18 00:00:00+00:00,2853.1,2858.9,2843.1,2858.6,7692,0,0
2012-09-19 00:00:00+00:00,2858.4,2870.8,2849.1,2861.9,8477,0,0
2012-09-20 00:00:00+00:00,2862.2,2862.4,2841.9,2860.7,9249,0,0
2012-09-21 00:00:00+00:00,2860.6,2866.7,2860.4,2865.7,9481,0,0
2012-09-24 00:00:00+00:00,2860.5,2861.4,2831.4,2845.6,10157,0,0
2012-09-25 00:00:00+00:00,2845.4,2857.9,2803.7,2811.1,9659,0,0
2012-09-26 00:00:00+00:00,2810.9,2812.1,2767.1,2784.9,10233,0,0
2012-09-27 00:00:00+00:00,2785.2,2826.2,2783.2,2821.3,10697,0,0
2012-09-28 00:00:00+00:00,2821.2,2821.9,2817.6,2819.3,10709,0,0
2012-10-01 00:00:00+00:00,2789.9,2827.4,2783.1,2793.6,12534,0,0
2012-10-02 00:00:00+00:00,2793.4,2812.6,2777.4,2799.3,12078,0,0
2012-10-03 00:00:00+00:00,2799.4,2823.7,2792.9,2820.4,10905,0,0
2012-10-04 00:00:00+00:00,2820.3,2834.7,2812.9,2828.7,11747,0,0
2012-10-05 00:00:00+00:00,2828.8,2832.4,2828.3,2831.1,10125,0,0
2012-10-08 00:00:00+00:00,2807.9,2808.1,2779.7,2782.4,10204,0,0
2012-10-09 00:00:00+00:00,2782.8,2791.9,2735.6,2738.1,12337,0,0
2012-10-10 00:00:00+00:00,2738.3,2748.8,2720.5,2723.1,11936,0,0
2012-10-11 00:00:00+00:00,2723.0,2750.8,2717.8,2721.7,10183,0,0
2012-10-12 00:00:00+00:00,2722.0,2733.6,2713.0,2717.6,11463,0,0
2012-10-15 00:00:00+00:00,2714.7,2741.6,2712.2,2739.1,10494,0,0
2012-10-16 00:00:00+00:00,2738.8,2782.7,2735.5,2770.4,10459,0,0
2012-10-17 00:00:00+00:00,2770.3,2784.3,2759.3,2776.1,10192,0,0
2012-10-18 00:00:00+00:00,2775.9,2779.6,2733.2,2739.6,11708,0,0
2012-10-19 00:00:00+00:00,2739.7,2742.9,2738.7,2739.9,10736,0,0
2012-10-22 00:00:00+00:00,2670.7,2699.4,2663.6,2697.9,11796,0,0
2012-10-23 00:00:00+00:00,2697.8,2700.9,2657.8,2668.9,13632,0,0
2012-10-24 00:00:00+00:00,2668.7,2685.9,2652.1,2659.6,12712,0,0
2012-10-25 00:00:00+00:00,2659.8,2678.9,2610.1,2652.2,13841,0,0
2012-10-26 00:00:00+00:00,2652.3,2653.7,2644.8,2645.7,15147,0,0
2012-10-29 00:00:00+00:00,2657.2,2662.6,2638.4,2640.2,5042,0,0
2012-10-30 00:00:00+00:00,2640.1,2668.2,2632.4,2663.4,5462,0,0
2012-10-31 00:00:00+00:00,2663.7,2682.9,2635.6,2639.2,11805,0,0
2012-11-01 00:00:00+00:00,2639.4,2694.9,2633.7,2690.9,10828,0,0
2012-11-02 00:00:00+00:00,2691.1,2693.1,2689.8,2689.9,11322,0,0
2012-11-05 00:00:00+00:00,2643.2,2678.2,2641.2,2661.9,10439,0,0
2012-11-06 00:00:00+00:00,2662.2,2695.7,2661.2,2675.9,9926,0,0
2012-11-07 00:00:00+00:00,2675.8,2689.9,2601.2,2619.9,17712,0,0
2012-11-08 00:00:00+00:00,2619.7,2625.1,2570.8,2578.8,15443,0,0
2012-11-09 00:00:00+00:00,2578.7,2586.2,2577.3,2583.9,14772,0,0
2012-11-12 00:00:00+00:00,2583.2,2599.7,2574.4,2578.4,11303,0,0
2012-11-13 00:00:00+00:00,2578.6,2586.2,2553.6,2571.8,14491,0,0
2012-11-14 00:00:00+00:00,2571.6,2586.3,2527.8,2533.8,13482,0,0
2012-11-15 00:00:00+00:00,2533.7,2541.9,2513.7,2523.1,14412,0,0
2012-11-16 00:00:00+00:00,2522.9,2523.2,2517.7,2522.8,15500,0,0
2012-11-19 00:00:00+00:00,2543.9,2596.2,2538.8,2586.1,11833,0,0
2012-11-20 00:00:00+00:00,2585.9,2598.2,2569.7,2593.2,12540,0,0
2012-11-21 00:00:00+00:00,2593.3,2604.2,2578.8,2603.6,12003,0,0
2012-11-22 00:00:00+00:00,2603.4,2607.9,2598.9,2603.2,4002,0,0
2012-11-23 00:00:00+00:00,2603.3,2603.9,2601.6,2602.4,6432,0,0
2012-11-26 00:00:00+00:00,2628.7,2651.7,2624.7,2650.9,10147,0,0
2012-11-27 00:00:00+00:00,2651.1,2658.7,2637.6,2638.7,11631,0,0
2012-11-28 00:00:00+00:00,2638.8,2665.5,2611.7,2660.3,11960,0,0
2012-11-29 00:00:00+00:00,2660.4,2688.3,2659.9,2673.2,11850,0,0
2012-11-30 00:00:00+00:00,2673.0,2682.0,2671.7,2679.2,10775,0,0
2012-12-03 00:00:00+00:00,2678.2,2697.9,2666.1,2668.9,11153,0,0
2012-12-04 00:00:00+00:00,2668.6,2675.1,2650.2,2660.8,11718,0,0
2012-12-05 00:00:00+00:00,2660.7,2679.2,2623.4,2637.2,12960,0,0
2012-12-06 00:00:00+00:00,2637.3,2661.4,2620.7,2655.4,13211,0,0
2012-12-07 00:00:00+00:00,2655.2,2656.3,2653.8,2654.9,12455,0,0
2012-12-10 00:00:00+00:00,2639.7,2660.4,2625.9,2646.4,10474,0,0
2012-12-11 00:00:00+00:00,2646.3,2695.4,2644.3,2685.4,10419,0,0
2012-12-12 00:00:00+00:00,2685.6,2694.9,2667.1,2671.9,11052,0,0
2012-12-13 00:00:00+00:00,2672.1,2687.8,2641.7,2656.9,10710,0,0
2012-12-14 00:00:00+00:00,2657.2,2657.9,2647.8,2657.6,9846,0,0
2012-12-17 00:00:00+00:00,2638.7,2673.2,2613.3,2666.5,10673,0,0
2012-12-18 00:00:00+00:00,2666.7,2708.2,2665.9,2703.8,10325,0,0
2012-12-19 00:00:00+00:00,2703.9,2714.9,2686.4,2688.3,10421,0,0
2012-12-20 00:00:00+00:00,2688.2,2702.8,2678.9,2691.6,19776,0,0
2012-12-21 00:00:00+00:00,2692.1,2694.0,2691.1,2692.4,32598,0,0
2012-12-24 00:00:00+00:00,2661.5,2664.8,2648.9,2653.3,11235,0,0
2012-12-26 00:00:00+00:00,2656.4,2660.7,2627.9,2633.2,12938,0,0
2012-12-27 00:00:00+00:00,2632.9,2639.2,2595.7,2630.3,24576,0,0
2012-12-28 00:00:00+00:00,2629.7,2633.7,2627.9,2630.9,23858,0,0
2012-12-31 00:00:00+00:00,2593.2,2663.8,2584.3,2661.4,23645,0,0
2013-01-02 00:00:00+00:00,2690.8,2745.9,2690.8,2745.1,22921,0,0
2013-01-03 00:00:00+00:00,2744.6,2749.2,2727.7,2730.3,19848,0,0
2013-01-04 00:00:00+00:00,2730.8,2731.2,2726.7,2727.4,22771,0,0
2013-01-07 00:00:00+00:00,2719.8,2724.7,2705.7,2721.4,19023,0,0
2013-01-08 00:00:00+00:00,2721.7,2728.2,2704.2,2717.6,20399,0,0
2013-01-09 00:00:00+00:00,2718.4,2734.7,2715.4,2727.4,20061,0,0
2013-01-10 00:00:00+00:00,2727.7,2747.9,2723.2,2743.9,22008,0,0
2013-01-11 00:00:00+00:00,2744.2,2748.6,2744.2,2746.2,19286,0,0
2013-01-14 00:00:00+00:00,2747.6,2753.9,2723.9,2735.7,20343,0,0
2013-01-15 00:00:00+00:00,2735.4,2736.8,2709.9,2722.2,21475,0,0
2013-01-16 00:00:00+00:00,2722.4,2741.9,2715.2,2730.7,20246,0,0
2013-01-17 00:00:00+00:00,2730.9,2756.4,2721.4,2740.7,20138,0,0
2013-01-18 00:00:00+00:00,2741.8,2742.2,2738.7,2739.2,19097,0,0
2013-01-21 00:00:00+00:00,2738.4,2747.4,2737.2,2746.6,6748,0,0
2013-01-22 00:00:00+00:00,2745.9,2758.7,2726.7,2758.2,21541,0,0
2013-01-23 00:00:00+00:00,2759.9,2773.1,2736.3,2736.8,19106,0,0
2013-01-24 00:00:00+00:00,2734.4,2746.7,2713.7,2718.4,23788,0,0
2013-01-25 00:00:00+00:00,2718.7,2720.9,2717.7,2719.9,22691,0,0
2013-01-28 00:00:00+00:00,2733.9,2751.7,2731.9,2739.2,18980,0,0
2013-01-29 00:00:00+00:00,2739.3,2751.7,2721.7,2750.4,18157,0,0
2013-01-30 00:00:00+00:00,2751.2,2756.7,2737.2,2740.2,18963,0,0
2013-01-31 00:00:00+00:00,2739.8,2750.9,2729.2,2735.0,17970,0,0
2013-02-01 00:00:00+00:00,2735.8,2739.4,2735.7,2739.2,19363,0,0
2013-02-04 00:00:00+00:00,2762.4,2762.6,2713.7,2714.7,19453,0,0
2013-02-05 00:00:00+00:00,2713.8,2762.7,2712.4,2757.4,18786,0,0
2013-02-06 00:00:00+00:00,2757.8,2760.4,2737.2,2744.9,21273,0,0
2013-02-07 00:00:00+00:00,2742.3,2750.6,2714.9,2747.8,21148,0,0
2013-02-08 00:00:00+00:00,2745.4,2745.8,2744.1,2744.7,16587,0,0
2013-02-11 00:00:00+00:00,2772.9,2782.4,2764.9,2772.7,15922,0,0
2013-02-12 00:00:00+00:00,2772.8,2775.4,2761.9,2766.3,19389,0,0
2013-02-13 00:00:00+00:00,2766.7,2782.7,2763.9,2770.9,17768,0,0
2013-02-14 00:00:00+00:00,2769.8,2775.7,2756.9,2769.7,17629,0,0
2013-02-15 00:00:00+00:00,2769.9,2772.6,2769.9,2770.3,17263,0,0
2013-02-18 00:00:00+00:00,2760.7,2765.9,2759.8,2762.1,7099,0,0
2013-02-19 00:00:00+00:00,2763.7,2784.6,2759.8,2783.1,16404,0,0
2013-02-20 00:00:00+00:00,2782.9,2785.4,2725.7,2734.9,19611,0,0
2013-02-21 00:00:00+00:00,2735.7,2739.9,2699.2,2715.6,24311,0,0
2013-02-22 00:00:00+00:00,2715.7,2717.9,2715.4,2717.2,19972,0,0
2013-02-25 00:00:00+00:00,2736.3,2764.2,2694.9,2698.5,26262,0,0
2013-02-26 00:00:00+00:00,2698.8,2717.7,2690.7,2710.6,31089,0,0
2013-02-27 00:00:00+00:00,2710.8,2756.4,2702.9,2740.6,26679,0,0
2013-02-28 00:00:00+00:00,2739.7,2760.4,2732.2,2732.6,20872,0,0
2013-03-01 00:00:00+00:00,2733.2,2738.8,2728.7,2731.1,25381,0,0
2013-03-04 00:00:00+00:00,2744.9,2762.9,2732.3,2762.9,20894,0,0
2013-03-05 00:00:00+00:00,2762.7,2803.2,2760.7,2799.2,20481,0,0
2013-03-06 00:00:00+00:00,2798.6,2808.2,2787.9,2789.9,17412,0,0
2013-03-07 00:00:00+00:00,2790.2,2800.7,2787.7,2798.8,17122,0,0
2013-03-08 00:00:00+00:00,2798.1,2799.4,2795.8,2796.2,18300,0,0
2013-03-11 00:00:00+00:00,2797.9,2810.9,2790.3,2809.7,14164,0,0
2013-03-12 00:00:00+00:00,2809.6,2810.8,2789.2,2802.4,16975,0,0
2013-03-13 00:00:00+00:00,2802.6,2807.4,2786.8,2799.8,14242,0,0
2013-03-14 00:00:00+00:00,2799.7,2811.7,2796.4,2804.1,12219,0,0
2013-03-15 00:00:00+00:00,2803.5,2804.0,2802.6,2804.0,14120,0,0
2013-03-18 00:00:00+00:00,2757.5,2803.2,2753.9,2794.6,22335,0,0
2013-03-19 00:00:00+00:00,2794.7,2805.9,2761.4,2783.2,23242,0,0
2013-03-20 00:00:00+00:00,2783.7,2812.2,2777.9,2793.2,19407,0,0
2013-03-21 00:00:00+00:00,2793.1,2793.8,2766.7,2776.1,22079,0,0
2013-03-22 00:00:00+00:00,2775.9,2776.1,2773.2,2773.4,18749,0,0
2013-03-25 00:00:00+00:00,2799.1,2816.9,2776.7,2792.6,22498,0,0
2013-03-26 00:00:00+00:00,2791.9,2807.7,2790.2,2807.6,18016,0,0
2013-03-27 00:00:00+00:00,2807.4,2810.7,2782.2,2807.7,19190,0,0
2013-03-28 00:00:00+00:00,2807.9,2819.1,2797.1,2818.2,19264,0,0
2013-03-29 00:00:00+00:00,2818.4,2819.2,2818.2,2818.3,22,0,0
2013-04-01 00:00:00+00:00,2817.4,2820.7,2792.8,2794.2,13254,0,0
2013-04-02 00:00:00+00:00,2794.9,2827.9,2791.4,2818.9,20405,0,0
2013-04-03 00:00:00+00:00,2819.3,2824.1,2787.4,2792.9,21014,0,0
2013-04-04 00:00:00+00:00,2793.2,2806.4,2777.9,2788.7,24169,0,0
2013-04-05 00:00:00+00:00,2789.2,2790.6,2788.7,2789.2,21300,0,0
2013-04-08 00:00:00+00:00,2769.3,2792.7,2762.7,2792.2,19492,0,0
2013-04-09 00:00:00+00:00,2793.4,2815.2,2780.9,2804.7,19947,0,0
2013-04-10 00:00:00+00:00,2805.4,2861.9,2800.4,2856.4,18378,0,0
2013-04-11 00:00:00+00:00,2856.7,2860.7,2847.9,2858.9,19664,0,0
2013-04-12 00:00:00+00:00,2859.8,2860.4,2858.3,2859.9,21996,0,0
2013-04-15 00:00:00+00:00,2851.3,2855.9,2774.8,2790.1,29792,0,0
2013-04-16 00:00:00+00:00,2789.6,2837.9,2788.4,2833.9,27448,0,0
2013-04-17 00:00:00+00:00,2833.8,2835.2,2764.4,2779.4,30209,0,0
2013-04-18 00:00:00+00:00,2777.8,2793.9,2729.9,2756.7,31607,0,0
2013-04-19 00:00:00+00:00,2755.2,2758.2,2751.2,2755.4,26003,0,0
2013-04-22 00:00:00+00:00,2778.1,2815.4,2777.8,2807.9,25672,0,0
2013-04-23 00:00:00+00:00,2808.2,2848.2,2790.7,2845.9,28491,0,0
2013-04-24 00:00:00+00:00,2847.2,2847.3,2821.7,2828.4,25660,0,0
2013-04-25 00:00:00+00:00,2828.2,2859.2,2822.0,2849.9,24325,0,0
2013-04-26 00:00:00+00:00,2848.9,2849.8,2827.4,2838.8,24616,0,0
2013-04-29 00:00:00+00:00,2838.4,2876.7,2832.7,2866.1,9770,0,0
2013-04-30 00:00:00+00:00,2865.2,2888.4,2858.8,2887.9,10391,0,0
2013-05-01 00:00:00+00:00,2887.8,2891.7,2867.2,2871.9,8583,0,0
2013-05-02 00:00:00+00:00,2871.8,2915.4,2871.8,2908.1,11321,0,0
2013-05-03 00:00:00+00:00,2907.8,2952.2,2905.2,2942.4,9055,0,0
2013-05-06 00:00:00+00:00,2948.4,2958.9,2941.7,2953.1,7055,0,0
2013-05-07 00:00:00+00:00,2953.0,2961.4,2941.9,2952.2,8969,0,0
2013-05-08 00:00:00+00:00,2951.9,2969.4,2946.4,2966.6,8228,0,0
2013-05-09 00:00:00+00:00,2963.9,2980.2,2952.4,2965.1,9540,0,0
2013-05-10 00:00:00+00:00,2965.2,2979.6,2961.1,2978.6,10871,0,0
2013-05-13 00:00:00+00:00,2971.9,2989.4,2962.4,2982.9,9901,0,0
2013-05-14 00:00:00+00:00,2981.6,3005.4,2972.2,2997.7,8818,0,0
2013-05-15 00:00:00+00:00,2997.8,3005.2,2982.7,3004.9,9994,0,0
2013-05-16 00:00:00+00:00,3006.7,3018.4,2995.9,3000.7,10906,0,0
2013-05-17 00:00:00+00:00,3000.6,3027.7,2997.7,3023.7,10200,0,0
2013-05-20 00:00:00+00:00,3020.6,3031.9,3010.2,3021.9,9617,0,0
2013-05-21 00:00:00+00:00,3021.2,3036.7,3010.3,3021.7,10167,0,0
2013-05-22 00:00:00+00:00,3021.8,3053.3,2983.6,3006.8,14826,0,0
2013-05-23 00:00:00+00:00,3005.9,3008.1,2961.3,2995.4,18988,0,0
2013-05-24 00:00:00+00:00,2995.7,3002.7,2963.2,2992.4,15146,0,0
2013-05-27 00:00:00+00:00,2991.3,3004.2,2984.7,2999.9,5331,0,0
2013-05-28 00:00:00+00:00,2999.6,3036.4,2997.9,3006.2,12937,0,0
2013-05-29 00:00:00+00:00,3005.4,3008.2,2978.4,2994.1,14985,0,0
2013-05-30 00:00:00+00:00,2994.2,3025.4,2981.7,3010.2,14255,0,0
2013-05-31 00:00:00+00:00,3009.8,3022.7,2977.1,2977.1,14501,0,0
2013-06-03 00:00:00+00:00,2981.4,2994.9,2950.1,2987.4,16557,0,0
2013-06-04 00:00:00+00:00,2987.0,3006.6,2960.9,2976.3,15475,0,0
2013-06-05 00:00:00+00:00,2970.9,2977.3,2931.9,2938.9,18352,0,0
2013-06-06 00:00:00+00:00,2939.4,2953.9,2910.4,2949.7,17385,0,0
2013-06-07 00:00:00+00:00,2949.2,2991.9,2941.8,2985.1,18303,0,0
2013-06-10 00:00:00+00:00,2979.2,3004.1,2976.4,2988.0,13830,0,0
2013-06-11 00:00:00+00:00,2988.1,2989.4,2950.1,2966.6,16230,0,0
2013-06-12 00:00:00+00:00,2966.5,2978.4,2919.1,2921.7,14764,0,0
2013-06-13 00:00:00+00:00,2920.7,2968.4,2897.2,2962.6,17882,0,0
2013-06-14 00:00:00+00:00,2962.3,2967.2,2937.9,2940.8,12816,0,0
2013-06-17 00:00:00+00:00,2940.7,2988.6,2940.0,2971.7,13016,0,0
2013-06-18 00:00:00+00:00,2971.5,3000.7,2969.4,2996.2,12600,0,0
2013-06-19 00:00:00+00:00,2996.1,3001.9,2957.4,2959.0,13751,0,0
2013-06-20 00:00:00+00:00,2958.9,2960.9,2880.9,2883.9,19267,0,0
2013-06-21 00:00:00+00:00,2884.2,2904.4,2851.2,2870.6,19391,0,0
2013-06-24 00:00:00+00:00,2871.8,2876.7,2824.2,2852.7,20923,0,0
2013-06-25 00:00:00+00:00,2852.3,2879.2,2836.4,2865.3,18581,0,0
2013-06-26 00:00:00+00:00,2865.2,2898.7,2851.8,2891.7,15369,0,0
2013-06-27 00:00:00+00:00,2891.4,2923.7,2888.1,2905.7,13192,0,0
2013-06-28 00:00:00+00:00,2905.6,2926.9,2889.9,2905.9,14126,0,0
2013-07-01 00:00:00+00:00,2910.3,2950.6,2898.2,2923.1,14130,0,0
2013-07-02 00:00:00+00:00,2923.3,2945.2,2911.6,2926.8,13907,0,0
2013-07-03 00:00:00+00:00,2927.2,2952.9,2901.2,2940.7,12480,0,0
2013-07-04 00:00:00+00:00,2939.7,2971.1,2939.3,2969.6,5678,0,0
2013-07-05 00:00:00+00:00,2968.7,2975.1,2932.4,2967.1,14418,0,0
2013-07-08 00:00:00+00:00,2965.8,2982.4,2953.4,2967.3,12410,0,0
2013-07-09 00:00:00+00:00,2966.9,2989.4,2963.7,2980.7,11517,0,0
2013-07-10 00:00:00+00:00,2980.9,3009.8,2973.7,3008.8,13044,0,0
2013-07-11 00:00:00+00:00,3009.4,3061.7,3009.4,3058.1,13561,0,0
2013-07-12 00:00:00+00:00,3058.2,3074.4,3053.4,3069.2,10333,0,0
2013-07-15 00:00:00+00:00,3067.2,3081.1,3067.2,3077.9,8126,0,0
2013-07-16 00:00:00+00:00,3078.6,3084.7,3067.9,3077.3,9292,0,0
2013-07-17 00:00:00+00:00,3077.2,3090.2,3069.7,3079.2,11708,0,0
2013-07-18 00:00:00+00:00,3079.7,3090.9,3050.2,3053.7,10530,0,0
2013-07-19 00:00:00+00:00,3052.7,3053.7,3034.7,3047.7,10411,0,0
2013-07-22 00:00:00+00:00,3048.4,3059.2,3042.9,3053.4,9229,0,0
2013-07-23 00:00:00+00:00,3053.9,3064.4,3028.2,3048.4,9168,0,0
2013-07-24 00:00:00+00:00,3048.2,3061.7,3033.2,3057.4,10452,0,0
2013-07-25 00:00:00+00:00,3057.7,3062.8,3032.2,3058.9,10904,0,0
2013-07-26 00:00:00+00:00,3057.9,3077.9,3042.2,3077.2,10301,0,0
2013-07-29 00:00:00+00:00,3075.4,3082.9,3061.3,3072.4,9887,0,0
2013-07-30 00:00:00+00:00,3071.9,3098.9,3070.2,3088.9,9364,0,0
2013-07-31 00:00:00+00:00,3089.1,3109.4,3083.7,3097.2,11953,0,0
2013-08-01 00:00:00+00:00,3097.3,3127.9,3094.4,3123.4,11053,0,0
2013-08-02 00:00:00+00:00,3123.3,3142.4,3116.9,3140.8,9666,0,0
2013-08-05 00:00:00+00:00,3138.9,3143.7,3131.7,3140.2,7746,0,0
2013-08-06 00:00:00+00:00,3139.7,3142.9,3109.9,3121.4,8228,0,0
2013-08-07 00:00:00+00:00,3121.2,3122.9,3094.4,3121.4,9789,0,0
2013-08-08 00:00:00+00:00,3121.6,3137.0,3109.5,3130.6,9731,0,0
2013-08-09 00:00:00+00:00,3130.7,3135.6,3108.0,3114.6,10628,0,0
2013-08-12 00:00:00+00:00,3114.7,3130.3,3095.3,3127.6,9403,0,0
2013-08-13 00:00:00+00:00,3126.1,3147.9,3105.2,3138.2,9638,0,0
2013-08-14 00:00:00+00:00,3137.9,3143.7,3118.8,3118.8,10595,0,0
2013-08-15 00:00:00+00:00,3119.2,3119.2,3066.7,3072.9,12147,0,0
2013-08-16 00:00:00+00:00,3073.2,3089.9,3068.4,3069.8,10694,0,0
2013-08-19 00:00:00+00:00,3068.9,3100.7,3065.7,3070.9,10991,0,0
2013-08-20 00:00:00+00:00,3070.8,3096.9,3063.7,3082.1,11158,0,0
2013-08-21 00:00:00+00:00,3082.4,3098.2,3059.9,3061.2,12016,0,0
2013-08-22 00:00:00+00:00,3060.7,3106.4,3054.9,3104.4,10429,0,0
2013-08-23 00:00:00+00:00,3104.6,3126.4,3095.9,3121.7,10764,0,0
2013-08-26 00:00:00+00:00,3120.4,3147.2,3117.4,3122.9,8404,0,0
2013-08-27 00:00:00+00:00,3123.1,3124.8,3052.7,3061.8,13925,0,0
2013-08-28 00:00:00+00:00,3061.7,3084.7,3056.7,3066.4,12690,0,0
2013-08-29 00:00:00+00:00,3067.3,3108.9,3064.1,3092.7,11832,0,0
2013-08-30 00:00:00+00:00,3092.6,3102.8,3061.7,3078.4,13578,0,0
2013-09-02 00:00:00+00:00,3088.9,3112.9,3088.9,3108.8,5621,0,0
2013-09-03 00:00:00+00:00,3108.2,3112.6,3075.2,3088.2,14231,0,0
2013-09-04 00:00:00+00:00,3088.3,3130.4,3082.6,3130.1,11210,0,0
2013-09-05 00:00:00+00:00,3129.9,3136.7,3123.2,3128.7,11204,0,0
2013-09-06 00:00:00+00:00,3128.6,3148.2,3096.2,3133.7,13201,0,0
2013-09-09 00:00:00+00:00,3131.7,3174.2,3131.3,3168.9,10998,0,0
2013-09-10 00:00:00+00:00,3169.2,3188.2,3166.4,3183.4,11574,0,0
2013-09-11 00:00:00+00:00,3183.6,3186.9,3159.1,3182.7,11268,0,0
2013-09-12 00:00:00+00:00,3182.8,3185.7,3169.4,3177.8,9769,0,0
2013-09-13 00:00:00+00:00,3177.9,3181.4,3160.9,3180.7,7779,0,0
2013-09-16 00:00:00+00:00,3206.8,3218.1,3161.4,3166.7,10359,0,0
2013-09-17 00:00:00+00:00,3164.9,3194.2,3161.4,3191.7,7849,0,0
2013-09-18 00:00:00+00:00,3191.2,3233.9,3188.4,3229.9,10579,0,0
2013-09-19 00:00:00+00:00,3229.7,3242.2,3229.4,3237.2,10116,0,0
2013-09-20 00:00:00+00:00,3237.9,3247.8,3224.1,3225.6,10016,0,0
2013-09-23 00:00:00+00:00,3229.7,3243.4,3204.2,3216.4,11167,0,0
2013-09-24 00:00:00+00:00,3216.7,3236.2,3208.4,3219.7,9937,0,0
2013-09-25 00:00:00+00:00,3219.9,3225.9,3201.3,3207.2,11239,0,0
2013-09-26 00:00:00+00:00,3207.4,3240.2,3207.4,3233.9,9764,0,0
2013-09-27 00:00:00+00:00,3234.2,3238.4,3208.7,3228.6,9527,0,0
2013-09-30 00:00:00+00:00,3217.3,3228.9,3184.4,3225.4,12857,0,0
2013-10-01 00:00:00+00:00,3225.3,3256.8,3219.2,3254.6,12184,0,0
2013-10-02 00:00:00+00:00,3255.4,3256.7,3226.4,3245.7,12484,0,0
2013-10-03 00:00:00+00:00,3245.3,3254.2,3195.7,3206.8,14060,0,0
2013-10-04 00:00:00+00:00,3206.9,3245.4,3205.4,3240.7,10441,0,0
2013-10-07 00:00:00+00:00,3229.3,3238.7,3207.9,3213.2,11323,0,0
2013-10-08 00:00:00+00:00,3213.1,3220.5,3150.2,3152.7,14729,0,0
2013-10-09 00:00:00+00:00,3151.3,3169.7,3116.4,3139.2,15134,0,0
2013-10-10 00:00:00+00:00,3139.1,3214.8,3138.4,3198.3,13025,0,0
2013-10-11 00:00:00+00:00,3198.4,3236.4,3181.9,3235.4,13286,0,0
2013-10-14 00:00:00+00:00,3206.2,3260.4,3203.4,3259.2,12637,0,0
2013-10-15 00:00:00+00:00,3258.7,3269.3,3240.2,3248.8,14573,0,0
2013-10-16 00:00:00+00:00,3249.4,3282.4,3240.7,3268.9,15252,0,0
2013-10-17 00:00:00+00:00,3268.7,3312.7,3261.6,3312.4,12515,0,0
2013-10-18 00:00:00+00:00,3315.2,3354.4,3312.9,3352.4,11519,0,0
2013-10-21 00:00:00+00:00,3350.9,3368.4,3349.2,3360.3,10139,0,0
2013-10-22 00:00:00+00:00,3359.9,3383.2,3344.4,3364.4,12578,0,0
2013-10-23 00:00:00+00:00,3364.2,3364.7,3328.4,3348.7,12755,0,0
2013-10-24 00:00:00+00:00,3349.2,3385.7,3341.7,3383.7,12423,0,0
2013-10-25 00:00:00+00:00,3383.9,3398.4,3368.1,3382.7,11437,0,0
2013-10-28 00:00:00+00:00,3381.6,3396.2,3366.9,3376.7,10409,0,0
2013-10-29 00:00:00+00:00,3376.8,3397.9,3374.7,3394.0,11061,0,0
2013-10-30 00:00:00+00:00,3394.5,3407.2,3371.0,3394.4,12135,0,0
2013-10-31 00:00:00+00:00,3394.1,3399.4,3366.9,3383.2,12680,0,0
2013-11-01 00:00:00+00:00,3383.3,3393.9,3363.1,3373.1,11452,0,0
2013-11-04 00:00:00+00:00,3373.2,3392.7,3372.4,3383.9,9503,0,0
2013-11-05 00:00:00+00:00,3382.9,3394.9,3360.4,3385.3,10421,0,0
2013-11-06 00:00:00+00:00,3382.9,3399.9,3372.4,3378.8,10881,0,0
2013-11-07 00:00:00+00:00,3378.7,3389.9,3317.5,3325.8,14497,0,0
2013-11-08 00:00:00+00:00,3325.0,3365.9,3314.0,3363.2,14729,0,0
2013-11-11 00:00:00+00:00,3364.3,3368.4,3349.2,3358.3,9816,0,0
2013-11-12 00:00:00+00:00,3358.7,3369.7,3347.4,3367.4,11281,0,0
2013-11-13 00:00:00+00:00,3366.9,3409.2,3341.4,3402.7,11396,0,0
2013-11-14 00:00:00+00:00,3399.9,3417.9,3389.4,3413.7,11780,0,0
2013-11-15 00:00:00+00:00,3413.4,3423.2,3407.4,3419.2,9455,0,0
2013-11-18 00:00:00+00:00,3418.6,3427.7,3382.2,3388.4,10668,0,0
2013-11-19 00:00:00+00:00,3388.7,3399.9,3370.3,3375.9,11775,0,0
2013-11-20 00:00:00+00:00,3375.8,3397.7,3357.7,3367.2,13505,0,0
2013-11-21 00:00:00+00:00,3367.4,3404.9,3359.4,3401.9,10980,0,0
2013-11-22 00:00:00+00:00,3401.4,3421.4,3398.9,3420.2,9882,0,0
2013-11-25 00:00:00+00:00,3421.2,3436.2,3419.3,3427.7,8999,0,0
2013-11-26 00:00:00+00:00,3427.6,3454.6,3421.9,3446.6,7933,0,0
2013-11-27 00:00:00+00:00,3446.9,3470.7,3444.6,3468.7,7719,0,0
2013-11-28 00:00:00+00:00,3469.2,3482.6,3467.6,3481.4,3250,0,0
2013-11-29 00:00:00+00:00,3480.7,3495.4,3479.2,3490.4,5194,0,0
2013-12-02 00:00:00+00:00,3493.8,3499.9,3476.2,3482.9,9435,0,0
2013-12-03 00:00:00+00:00,3483.2,3487.7,3464.4,3474.7,10629,0,0
2013-12-04 00:00:00+00:00,3474.9,3491.9,3451.7,3481.7,12756,0,0
2013-12-05 00:00:00+00:00,3481.9,3489.9,3467.7,3476.4,12610,0,0
2013-12-06 00:00:00+00:00,3475.8,3509.3,3475.4,3503.7,11623,0,0
2013-12-09 00:00:00+00:00,3506.3,3523.2,3504.7,3517.8,8809,0,0
2013-12-10 00:00:00+00:00,3517.2,3522.9,3506.4,3515.4,8808,0,0
2013-12-11 00:00:00+00:00,3514.9,3520.4,3462.9,3469.2,10922,0,0
2013-12-12 00:00:00+00:00,3469.7,3477.9,3454.2,3454.7,12107,0,0
2013-12-13 00:00:00+00:00,3454.9,3476.9,3448.9,3458.1,9589,0,0
2013-12-16 00:00:00+00:00,3456.8,3494.2,3433.7,3471.2,11045,0,0
2013-12-17 00:00:00+00:00,3471.1,3482.4,3460.1,3463.1,9037,0,0
2013-12-18 00:00:00+00:00,3463.0,3512.9,3421.0,3510.6,12316,0,0
2013-12-19 00:00:00+00:00,3510.9,3515.9,3481.4,3496.3,11542,0,0
2013-12-20 00:00:00+00:00,3496.4,3540.2,3496.4,3536.4,9616,0,0
2013-12-23 00:00:00+00:00,3544.8,3570.2,3544.4,3569.4,7891,0,0
2013-12-24 00:00:00+00:00,3568.9,3575.0,3563.8,3573.8,4385,0,0
2013-12-26 00:00:00+00:00,3574.7,3585.8,3571.0,3585.5,4602,0,0
2013-12-27 00:00:00+00:00,3585.3,3589.5,3569.8,3572.6,6470,0,0
2013-12-30 00:00:00+00:00,3572.8,3575.9,3558.4,3569.9,6533,0,0
2013-12-31 00:00:00+00:00,3569.8,3590.4,3567.3,3581.2,3597,0,0
2014-01-02 00:00:00+00:00,3590.2,3590.2,3551.8,3562.9,8019,0,0
2014-01-03 00:00:00+00:00,3563.2,3568.9,3531.9,3532.3,7864,0,0
2014-01-06 00:00:00+00:00,3532.2,3543.7,3509.7,3520.7,9637,0,0
2014-01-07 00:00:00+00:00,3520.6,3561.7,3520.6,3554.3,7379,0,0
2014-01-08 00:00:00+00:00,3554.2,3573.9,3548.6,3567.9,8776,0,0
2014-01-09 00:00:00+00:00,3568.2,3581.2,3540.2,3553.7,9393,0,0
2014-01-10 00:00:00+00:00,3553.8,3576.2,3534.7,3567.9,9961,0,0
2014-01-13 00:00:00+00:00,3567.8,3571.7,3497.7,3514.4,10073,0,0
2014-01-14 00:00:00+00:00,3515.4,3580.9,3508.4,3578.3,9598,0,0
2014-01-15 00:00:00+00:00,3578.2,3614.4,3575.4,3603.4,8582,0,0
2014-01-16 00:00:00+00:00,3603.2,3613.2,3598.7,3601.2,8601,0,0
2014-01-17 00:00:00+00:00,3601.6,3613.7,3579.4,3589.6,9011,0,0
2014-01-20 00:00:00+00:00,3589.4,3593.9,3582.7,3593.3,3235,0,0
2014-01-21 00:00:00+00:00,3593.2,3616.9,3584.7,3612.6,9389,0,0
2014-01-22 00:00:00+00:00,3612.7,3634.9,3610.1,3631.9,9245,0,0
2014-01-23 00:00:00+00:00,3632.1,3640.7,3587.7,3621.2,12961,0,0
2014-01-24 00:00:00+00:00,3621.7,3627.1,3534.4,3534.8,15782,0,0
2014-01-27 00:00:00+00:00,3534.9,3551.4,3480.3,3484.4,19922,0,0
2014-01-28 00:00:00+00:00,3483.9,3511.4,3473.7,3507.9,15007,0,0
2014-01-29 00:00:00+00:00,3507.8,3534.1,3460.4,3481.7,20460,0,0
2014-01-30 00:00:00+00:00,3481.8,3543.2,3477.2,3516.4,17167,0,0
2014-01-31 00:00:00+00:00,3516.7,3538.7,3485.8,3520.7,18642,0,0
2014-02-03 00:00:00+00:00,3520.9,3535.7,3431.7,3443.7,36338,0,0
2014-02-04 00:00:00+00:00,3443.9,3479.9,3437.7,3459.2,32418,0,0
2014-02-05 00:00:00+00:00,3457.6,3468.7,3418.7,3454.8,33565,0,0
2014-02-06 00:00:00+00:00,3454.9,3502.2,3450.9,3493.4,29216,0,0
2014-02-07 00:00:00+00:00,3493.6,3564.2,3482.3,3563.4,28214,0,0
2014-02-10 00:00:00+00:00,3564.3,3582.9,3552.9,3582.8,21666,0,0
2014-02-11 00:00:00+00:00,3582.4,3629.4,3581.4,3616.9,23127,0,0
2014-02-12 00:00:00+00:00,3617.2,3636.9,3613.9,3624.4,20498,0,0
2014-02-13 00:00:00+00:00,3624.3,3657.2,3598.9,3654.6,20297,0,0
2014-02-14 00:00:00+00:00,3654.7,3670.4,3639.7,3664.1,20811,0,0
2014-02-17 00:00:00+00:00,3663.1,3675.1,3659.1,3669.8,6885,0,0
2014-02-18 00:00:00+00:00,3665.1,3684.9,3654.1,3676.6,18289,0,0
2014-02-19 00:00:00+00:00,3676.4,3679.6,3645.7,3656.9,22129,0,0
2014-02-20 00:00:00+00:00,3656.7,3676.4,3638.7,3669.3,23728,0,0
2014-02-21 00:00:00+00:00,3669.4,3686.2,3660.9,3664.9,19156,0,0
2014-02-24 00:00:00+00:00,3666.2,3700.9,3655.0,3687.2,18286,0,0
2014-02-25 00:00:00+00:00,3686.9,3697.4,3668.2,3690.3,19944,0,0
2014-02-26 00:00:00+00:00,3690.4,3701.4,3662.2,3677.4,19778,0,0
2014-02-27 00:00:00+00:00,3677.7,3704.2,3660.9,3704.2,23552,0,0
2014-02-28 00:00:00+00:00,3703.9,3722.4,3665.2,3697.9,21935,0,0
2014-03-03 00:00:00+00:00,3676.9,3679.8,3636.4,3669.2,34859,0,0
2014-03-04 00:00:00+00:00,3669.6,3722.2,3668.8,3716.7,25854,0,0
2014-03-05 00:00:00+00:00,3716.8,3732.4,3711.7,3729.9,17068,0,0
2014-03-06 00:00:00+00:00,3729.4,3737.2,3708.9,3723.3,17837,0,0
2014-03-07 00:00:00+00:00,3723.2,3739.9,3685.4,3704.2,22909,0,0
2014-03-10 00:00:00+00:00,3703.8,3710.7,3683.7,3708.6,20953,0,0
2014-03-11 00:00:00+00:00,3708.7,3725.4,3680.7,3686.4,20349,0,0
2014-03-12 00:00:00+00:00,3686.2,3708.7,3661.4,3708.2,21830,0,0
2014-03-13 00:00:00+00:00,3708.1,3721.4,3635.2,3653.4,28126,0,0
2014-03-14 00:00:00+00:00,3653.8,3659.7,3625.7,3627.3,27708,0,0
2014-03-17 00:00:00+00:00,3627.5,3678.6,3607.9,3659.4,24966,0,0
2014-03-18 00:00:00+00:00,3659.7,3707.9,3645.4,3702.1,20916,0,0
2014-03-19 00:00:00+00:00,3702.4,3711.2,3658.7,3675.9,22306,0,0
2014-03-20 00:00:00+00:00,3678.2,3703.4,3663.4,3698.1,24226,0,0
2014-03-21 00:00:00+00:00,3698.4,3719.5,3641.4,3648.2,24455,0,0
2014-03-24 00:00:00+00:00,3649.7,3664.4,3583.2,3621.6,29563,0,0
2014-03-25 00:00:00+00:00,3621.7,3659.9,3599.2,3632.2,27322,0,0
2014-03-26 00:00:00+00:00,3632.6,3655.4,3578.9,3583.7,30229,0,0
2014-03-27 00:00:00+00:00,3584.4,3593.4,3543.4,3565.4,35561,0,0
2014-03-28 00:00:00+00:00,3566.4,3608.7,3559.2,3569.9,25123,0,0
2014-03-31 00:00:00+00:00,3584.1,3618.7,3581.7,3590.4,23981,0,0
2014-04-01 00:00:00+00:00,3590.7,3659.1,3586.2,3658.4,19235,0,0
2014-04-02 00:00:00+00:00,3657.7,3674.9,3649.7,3667.2,21112,0,0
2014-04-03 00:00:00+00:00,3666.7,3675.8,3615.8,3641.4,22467,0,0
2014-04-04 00:00:00+00:00,3641.7,3664.2,3530.4,3538.2,35076,0,0
2014-04-07 00:00:00+00:00,3548.3,3550.2,3481.7,3507.2,37008,0,0
2014-04-08 00:00:00+00:00,3507.3,3542.9,3497.9,3535.8,32362,0,0
2014-04-09 00:00:00+00:00,3535.9,3601.4,3533.6,3601.1,24511,0,0
2014-04-10 00:00:00+00:00,3600.7,3606.9,3477.9,3492.7,36644,0,0
2014-04-11 00:00:00+00:00,3492.9,3501.2,3438.9,3446.9,43823,0,0
2014-04-14 00:00:00+00:00,3440.9,3492.4,3433.2,3478.6,34826,0,0
2014-04-15 00:00:00+00:00,3478.7,3508.2,3412.9,3506.7,42572,0,0
2014-04-16 00:00:00+00:00,3506.9,3531.8,3487.4,3508.7,37488,0,0
2014-04-17 00:00:00+00:00,3510.7,3550.4,3500.2,3534.2,28916,0,0
2014-04-18 00:00:00+00:00,3533.6,3533.6,3531.7,3531.8,60,0,0
2014-04-21 00:00:00+00:00,3534.7,3562.2,3524.9,3560.7,16610,0,0
2014-04-22 00:00:00+00:00,3560.9,3596.4,3553.7,3593.2,19819,0,0
2014-04-23 00:00:00+00:00,3592.9,3599.4,3553.7,3596.8,24349,0,0
2014-04-24 00:00:00+00:00,3596.7,3625.7,3552.4,3599.7,28496,0,0
2014-04-25 00:00:00+00:00,3599.4,3599.4,3524.2,3531.7,30877,0,0
2014-04-28 00:00:00+00:00,3537.3,3569.9,3488.4,3548.9,34758,0,0
2014-04-29 00:00:00+00:00,3549.3,3578.4,3537.7,3564.6,26165,0,0
2014-04-30 00:00:00+00:00,3564.2,3585.4,3546.2,3584.7,26977,0,0
2014-05-01 00:00:00+00:00,3585.4,3612.4,3578.2,3596.4,18991,0,0
2014-05-02 00:00:00+00:00,3598.2,3610.7,3576.7,3585.1,25881,0,0
2014-05-05 00:00:00+00:00,3586.8,3603.9,3554.4,3600.4,23131,0,0
2014-05-06 00:00:00+00:00,3600.9,3609.7,3553.4,3557.9,23553,0,0
2014-05-07 00:00:00+00:00,3558.7,3573.1,3504.4,3547.9,29743,0,0
2014-05-08 00:00:00+00:00,3547.7,3583.7,3522.7,3536.9,26461,0,0
2014-05-09 00:00:00+00:00,3537.4,3555.7,3514.2,3553.7,28711,0,0
2014-05-12 00:00:00+00:00,3553.2,3613.9,3553.1,3613.7,18721,0,0
2014-05-13 00:00:00+00:00,3613.9,3624.7,3604.4,3610.4,21346,0,0
2014-05-14 00:00:00+00:00,3609.9,3615.4,3584.1,3598.7,20789,0,0
2014-05-15 00:00:00+00:00,3599.2,3607.4,3541.4,3563.9,30386,0,0
2014-05-16 00:00:00+00:00,3564.2,3590.4,3544.2,3587.2,27186,0,0
2014-05-19 00:00:00+00:00,3589.4,3618.4,3566.4,3612.1,22156,0,0
2014-05-20 00:00:00+00:00,3612.2,3624.7,3585.7,3600.3,26421,0,0
2014-05-21 00:00:00+00:00,3599.9,3636.2,3594.4,3632.9,22638,0,0
2014-05-22 00:00:00+00:00,3632.6,3660.2,3631.7,3649.7,18907,0,0
2014-05-23 00:00:00+00:00,3649.8,3677.4,3645.7,3676.9,13547,0,0
2014-05-26 00:00:00+00:00,3679.2,3692.9,3678.2,3691.2,3996,0,0
2014-05-27 00:00:00+00:00,3689.7,3723.4,3686.7,3723.4,15212,0,0
2014-05-28 00:00:00+00:00,3723.2,3730.7,3708.2,3716.7,16794,0,0
2014-05-29 00:00:00+00:00,3716.9,3737.2,3713.4,3736.2,15149,0,0
2014-05-30 00:00:00+00:00,3736.4,3740.4,3715.8,3734.9,17195,0,0
2014-06-02 00:00:00+00:00,3735.4,3741.9,3708.2,3728.7,17980,0,0
2014-06-03 00:00:00+00:00,3728.9,3735.4,3714.1,3732.4,15649,0,0
2014-06-04 00:00:00+00:00,3732.8,3749.0,3713.7,3744.0,13529,0,0
2014-06-05 00:00:00+00:00,3743.5,3781.9,3734.0,3776.6,17797,0,0
2014-06-06 00:00:00+00:00,3776.3,3793.9,3775.8,3793.9,17723,0,0
2014-06-09 00:00:00+00:00,3798.9,3802.7,3783.0,3792.5,13855,0,0
2014-06-10 00:00:00+00:00,3792.6,3802.4,3784.7,3802.4,15545,0,0
2014-06-11 00:00:00+00:00,3802.7,3803.9,3778.7,3798.8,14635,0,0
2014-06-12 00:00:00+00:00,3798.7,3805.8,3751.4,3773.7,17745,0,0
2014-06-13 00:00:00+00:00,3773.2,3784.3,3759.9,3774.0,15047,0,0
2014-06-16 00:00:00+00:00,3775.8,3789.0,3755.9,3778.3,20121,0,0
2014-06-17 00:00:00+00:00,3778.4,3790.7,3768.6,3779.8,16312,0,0
2014-06-18 00:00:00+00:00,3779.6,3806.7,3764.3,3801.9,15826,0,0
2014-06-19 00:00:00+00:00,3802.2,3809.7,3781.3,3794.4,14807,0,0
2014-06-20 00:00:00+00:00,3794.3,3806.4,3791.8,3801.9,12248,0,0
2014-06-23 00:00:00+00:00,3800.1,3814.2,3793.4,3802.3,14138,0,0
2014-06-24 00:00:00+00:00,3802.2,3835.9,3789.4,3800.6,14923,0,0
2014-06-25 00:00:00+00:00,3800.4,3831.1,3791.2,3821.9,18387,0,0
2014-06-26 00:00:00+00:00,3821.6,3829.6,3796.9,3826.7,17680,0,0
2014-06-27 00:00:00+00:00,3826.8,3844.6,3816.7,3842.9,16248,0,0
2014-06-30 00:00:00+00:00,3839.2,3859.2,3835.4,3855.1,13895,0,0
2014-07-01 00:00:00+00:00,3855.2,3902.4,3853.1,3893.9,13610,0,0
2014-07-02 00:00:00+00:00,3893.8,3903.7,3890.7,3898.9,13294,0,0
2014-07-03 00:00:00+00:00,3899.1,3925.4,3895.8,3923.4,11708,0,0
2014-07-04 00:00:00+00:00,3921.8,3923.9,3919.2,3921.4,2170,0,0
2014-07-07 00:00:00+00:00,3920.7,3923.2,3903.3,3911.2,14170,0,0
2014-07-08 00:00:00+00:00,3911.4,3913.7,3846.9,3867.8,20316,0,0
2014-07-09 00:00:00+00:00,3868.2,3895.4,3861.9,3892.4,19998,0,0
2014-07-10 00:00:00+00:00,3892.7,3894.9,3836.9,3878.7,26976,0,0
2014-07-11 00:00:00+00:00,3878.6,3904.7,3877.4,3903.9,19239,0,0
2014-07-14 00:00:00+00:00,3904.4,3936.7,3903.9,3927.4,13699,0,0
2014-07-15 00:00:00+00:00,3927.2,3939.7,3886.2,3923.9,20439,0,0
2014-07-16 00:00:00+00:00,3924.4,3946.9,3919.3,3926.4,18332,0,0
2014-07-17 00:00:00+00:00,3926.9,3933.2,3865.4,3873.1,29572,0,0
2014-07-18 00:00:00+00:00,3873.6,3941.7,3860.4,3938.8,23369,0,0
2014-07-21 00:00:00+00:00,3937.4,3940.8,3915.9,3930.6,21147,0,0
2014-07-22 00:00:00+00:00,3929.8,3965.8,3929.8,3950.8,18890,0,0
2014-07-23 00:00:00+00:00,3949.8,3989.6,3949.8,3983.6,19032,0,0
2014-07-24 00:00:00+00:00,3984.1,3997.6,3969.4,3972.4,19308,0,0
2014-07-25 00:00:00+00:00,3971.9,3972.4,3943.4,3964.2,19534,0,0
2014-07-28 00:00:00+00:00,3961.4,3976.4,3935.7,3965.4,22210,0,0
2014-07-29 00:00:00+00:00,3964.2,3983.4,3954.8,3964.2,22312,0,0
2014-07-30 00:00:00+00:00,3962.9,3989.2,3959.7,3975.4,27259,0,0
2014-07-31 00:00:00+00:00,3975.7,3976.2,3886.9,3892.7,29392,0,0
2014-08-01 00:00:00+00:00,3893.1,3906.2,3853.4,3879.7,31988,0,0
2014-08-04 00:00:00+00:00,3879.4,3921.7,3873.4,3902.1,21747,0,0
2014-08-05 00:00:00+00:00,3901.9,3905.0,3857.1,3879.3,26871,0,0
2014-08-06 00:00:00+00:00,3879.0,3896.5,3847.4,3874.4,25631,0,0
2014-08-07 00:00:00+00:00,3871.9,3895.1,3843.6,3857.3,28060,0,0
2014-08-08 00:00:00+00:00,3859.0,3888.9,3829.4,3884.3,28419,0,0
2014-08-11 00:00:00+00:00,3876.3,3920.2,3876.3,3909.6,16321,0,0
2014-08-12 00:00:00+00:00,3909.4,3919.6,3885.9,3909.6,18695,0,0
2014-08-13 00:00:00+00:00,3910.2,3951.2,3905.2,3950.3,15295,0,0
2014-08-14 00:00:00+00:00,3950.1,3975.2,3941.9,3973.7,14710,0,0
2014-08-15 00:00:00+00:00,3974.4,3996.4,3949.4,3985.7,21034,0,0
2014-08-18 00:00:00+00:00,3995.9,4021.4,3994.4,4017.4,12996,0,0
2014-08-19 00:00:00+00:00,4015.6,4040.4,4015.4,4034.7,11506,0,0
2014-08-20 00:00:00+00:00,4034.6,4046.4,4028.9,4039.9,13227,0,0
2014-08-21 00:00:00+00:00,4040.2,4048.7,4032.9,4048.7,12204,0,0
2014-08-22 00:00:00+00:00,4048.8,4060.7,4036.7,4051.4,15853,0,0
2014-08-25 00:00:00+00:00,4056.1,4078.4,4056.1,4063.4,10601,0,0
2014-08-26 00:00:00+00:00,4063.3,4075.5,4061.7,4072.9,10905,0,0
2014-08-27 00:00:00+00:00,4073.0,4076.7,4063.5,4072.1,9579,0,0
2014-08-28 00:00:00+00:00,4072.2,4073.9,4054.2,4073.7,13486,0,0
2014-08-29 00:00:00+00:00,4073.4,4084.9,4061.1,4081.7,10814,0,0
2014-09-01 00:00:00+00:00,4077.3,4083.9,4075.1,4083.4,5266,0,0
2014-09-02 00:00:00+00:00,4081.1,4094.9,4077.4,4094.4,12800,0,0
2014-09-03 00:00:00+00:00,4094.7,4113.4,4062.0,4071.0,17439,0,0
2014-09-04 00:00:00+00:00,4071.5,4099.9,4055.4,4071.6,17505,0,0
2014-09-05 00:00:00+00:00,4071.7,4088.4,4051.2,4087.3,20240,0,0
2014-09-08 00:00:00+00:00,4086.3,4103.9,4074.7,4094.4,13269,0,0
2014-09-09 00:00:00+00:00,4094.3,4109.9,4052.9,4064.9,22555,0,0
2014-09-10 00:00:00+00:00,4064.4,4095.2,4053.8,4092.7,19044,0,0
2014-09-11 00:00:00+00:00,4092.8,4095.2,4059.2,4095.2,18264,0,0
2014-09-12 00:00:00+00:00,4095.1,4095.9,4056.4,4069.8,18070,0,0
2014-09-15 00:00:00+00:00,4067.2,4075.9,4017.2,4033.0,19444,0,0
2014-09-16 00:00:00+00:00,4033.5,4072.9,4011.2,4065.7,16193,0,0
2014-09-17 00:00:00+00:00,4065.6,4090.4,4046.4,4073.6,17294,0,0
2014-09-18 00:00:00+00:00,4073.7,4105.9,4067.7,4105.4,14547,0,0
2014-09-19 00:00:00+00:00,4104.7,4124.7,4082.2,4097.9,19314,0,0
2014-09-22 00:00:00+00:00,4095.7,4098.8,4043.4,4057.2,21116,0,0
2014-09-23 00:00:00+00:00,4057.1,4068.4,4035.6,4037.8,20044,0,0
2014-09-24 00:00:00+00:00,4037.1,4096.9,4035.7,4093.8,18270,0,0
2014-09-25 00:00:00+00:00,4094.7,4095.2,4005.4,4013.8,23729,0,0
2014-09-26 00:00:00+00:00,4013.7,4057.9,4009.4,4052.7,21159,0,0
2014-09-29 00:00:00+00:00,4053.2,4058.6,4005.7,4040.7,23951,0,0
2014-09-30 00:00:00+00:00,4040.1,4070.7,4030.9,4043.4,22359,0,0
2014-10-01 00:00:00+00:00,4043.3,4051.9,3971.2,3989.6,27594,0,0
2014-10-02 00:00:00+00:00,3989.7,3999.7,3933.9,3980.8,31259,0,0
2014-10-03 00:00:00+00:00,3980.9,4040.7,3976.9,4024.9,19826,0,0
2014-10-06 00:00:00+00:00,4022.8,4046.4,4002.4,4009.7,25207,0,0
2014-10-07 00:00:00+00:00,4009.4,4016.2,3955.2,3956.1,29211,0,0
2014-10-08 00:00:00+00:00,3956.3,4047.2,3936.2,4039.4,31546,0,0
2014-10-09 00:00:00+00:00,4039.3,4053.2,3953.4,3957.9,41326,0,0
2014-10-10 00:00:00+00:00,3957.6,3973.1,3869.7,3870.9,44402,0,0
2014-10-13 00:00:00+00:00,3855.7,3892.9,3801.7,3802.7,45255,0,0
2014-10-14 00:00:00+00:00,3801.7,3858.9,3799.4,3824.7,48459,0,0
2014-10-15 00:00:00+00:00,3824.6,3837.9,3698.4,3750.9,59094,0,0
2014-10-16 00:00:00+00:00,3751.4,3793.4,3691.4,3750.9,63625,0,0
2014-10-17 00:00:00+00:00,3751.1,3847.8,3749.8,3813.7,42189,0,0
2014-10-20 00:00:00+00:00,3813.2,3886.2,3801.2,3884.7,38543,0,0
2014-10-21 00:00:00+00:00,3884.6,3983.4,3854.1,3982.8,37062,0,0
2014-10-22 00:00:00+00:00,3983.6,3990.9,3947.2,3956.8,36440,0,0
2014-10-23 00:00:00+00:00,3956.7,4031.4,3946.9,4011.9,34271,0,0
2014-10-24 00:00:00+00:00,4011.6,4044.6,3977.9,4039.7,34411,0,0
2014-10-27 00:00:00+00:00,4043.3,4057.2,4017.2,4048.3,30896,0,0
2014-10-28 00:00:00+00:00,4048.1,4106.9,4045.1,4100.9,24389,0,0
2014-10-29 00:00:00+00:00,4100.6,4103.4,4062.1,4078.9,29944,0,0
2014-10-30 00:00:00+00:00,4078.2,4108.2,4050.0,4098.7,32244,0,0
2014-10-31 00:00:00+00:00,4099.4,4169.2,4096.0,4156.7,30259,0,0
2014-11-03 00:00:00+00:00,4153.3,4179.3,4147.9,4161.4,23631,0,0
2014-11-04 00:00:00+00:00,4161.7,4169.2,4124.9,4150.1,27034,0,0
2014-11-05 00:00:00+00:00,4149.9,4181.7,4138.9,4147.4,27394,0,0
2014-11-06 00:00:00+00:00,4147.6,4168.9,4132.7,4167.9,25945,0,0
2014-11-07 00:00:00+00:00,4167.8,4180.6,4137.6,4159.3,23481,0,0
2014-11-10 00:00:00+00:00,4153.3,4179.7,4145.2,4172.3,19566,0,0
2014-11-11 00:00:00+00:00,4172.4,4187.4,4162.9,4185.3,16172,0,0
2014-11-12 00:00:00+00:00,4185.7,4199.7,4167.7,4195.2,19104,0,0
2014-11-13 00:00:00+00:00,4195.4,4227.9,4192.7,4205.3,24845,0,0
2014-11-14 00:00:00+00:00,4205.9,4224.4,4196.9,4224.4,24294,0,0
2014-11-17 00:00:00+00:00,4223.4,4225.7,4193.2,4214.2,24388,0,0
2014-11-18 00:00:00+00:00,4211.8,4247.7,4201.9,4238.2,18763,0,0
2014-11-19 00:00:00+00:00,4238.4,4241.4,4203.4,4224.4,21367,0,0
2014-11-20 00:00:00+00:00,4223.1,4246.7,4200.9,4244.9,20733,0,0
2014-11-21 00:00:00+00:00,4245.1,4283.2,4235.9,4249.8,24827,0,0
2014-11-24 00:00:00+00:00,4249.2,4284.9,4246.6,4281.4,17152,0,0
2014-11-25 00:00:00+00:00,4281.7,4301.7,4275.4,4292.8,20236,0,0
2014-11-26 00:00:00+00:00,4292.9,4321.2,4286.1,4320.2,16730,0,0
2014-11-27 00:00:00+00:00,4320.6,4329.4,4309.9,4329.2,5695,0,0
2014-11-28 00:00:00+00:00,4325.2,4346.1,4316.2,4336.1,14289,0,0
2014-12-01 00:00:00+00:00,4328.0,4333.6,4271.8,4284.2,36594,0,0
2014-12-02 00:00:00+00:00,4284.4,4312.2,4283.4,4306.2,27940,0,0
2014-12-03 00:00:00+00:00,4306.4,4317.9,4285.6,4310.6,21994,0,0
2014-12-04 00:00:00+00:00,4310.7,4326.9,4291.4,4312.7,25346,0,0
2014-12-05 00:00:00+00:00,4312.6,4325.2,4301.4,4310.7,17646,0,0
2014-12-08 00:00:00+00:00,4312.9,4318.9,4257.4,4281.1,25173,0,0
2014-12-09 00:00:00+00:00,4280.6,4296.4,4215.1,4290.9,34966,0,0
2014-12-10 00:00:00+00:00,4289.8,4296.2,4217.6,4225.4,40739,0,0
2014-12-11 00:00:00+00:00,4224.6,4296.5,4218.5,4226.3,39651,0,0
2014-12-12 00:00:00+00:00,4226.5,4252.8,4192.5,4199.3,38752,0,0
2014-12-15 00:00:00+00:00,4188.8,4235.8,4143.1,4157.9,54253,0,0
2014-12-16 00:00:00+00:00,4161.9,4189.6,4082.9,4089.7,37176,0,0
2014-12-17 00:00:00+00:00,4090.3,4174.7,4084.9,4162.1,25378,0,0
2014-12-18 00:00:00+00:00,4162.4,4274.1,4152.9,4273.7,22312,0,0
2014-12-19 00:00:00+00:00,4273.2,4304.9,4258.2,4286.1,38648,0,0
2014-12-22 00:00:00+00:00,4284.0,4300.2,4276.7,4287.8,25937,0,0
2014-12-23 00:00:00+00:00,4288.6,4306.9,4272.4,4277.1,22565,0,0
2014-12-24 00:00:00+00:00,4275.7,4295.7,4274.1,4280.5,7940,0,0
2014-12-26 00:00:00+00:00,4281.6,4321.4,4281.5,4310.7,7106,0,0
2014-12-29 00:00:00+00:00,4312.2,4320.3,4297.8,4317.4,19815,0,0
2014-12-30 00:00:00+00:00,4317.6,4318.4,4275.9,4285.2,19864,0,0
2014-12-31 00:00:00+00:00,4283.9,4306.9,4231.2,4236.9,15905,0,0
2015-01-02 00:00:00+00:00,4236.8,4275.7,4204.4,4225.6,36747,0,0
2015-01-05 00:00:00+00:00,4220.1,4223.9,4149.7,4170.7,48032,0,0
2015-01-06 00:00:00+00:00,4170.8,4176.7,4087.7,4104.9,56765,0,0
2015-01-07 00:00:00+00:00,4105.1,4169.3,4103.9,4159.3,47951,0,0
2015-01-08 00:00:00+00:00,4158.9,4247.7,4158.2,4235.8,34638,0,0
2015-01-09 00:00:00+00:00,4236.9,4257.4,4186.7,4211.4,44072,0,0
2015-01-12 00:00:00+00:00,4207.6,4232.9,4157.0,4175.0,41984,0,0
2015-01-13 00:00:00+00:00,4175.1,4253.7,4131.7,4169.4,48723,0,0
2015-01-14 00:00:00+00:00,4169.2,4173.6,4106.3,4155.4,63745,0,0
2015-01-15 00:00:00+00:00,4155.3,4195.7,4084.1,4084.9,68276,0,0
2015-01-16 00:00:00+00:00,4085.0,4143.2,4047.6,4137.9,52505,0,0
2015-01-19 00:00:00+00:00,4144.1,4160.9,4119.2,4132.6,18713,0,0
2015-01-20 00:00:00+00:00,4133.6,4181.2,4115.2,4171.6,48786,0,0
2015-01-21 00:00:00+00:00,4172.9,4211.2,4142.9,4190.8,47248,0,0
2015-01-22 00:00:00+00:00,4190.6,4274.4,4170.9,4274.4,46683,0,0
2015-01-23 00:00:00+00:00,4273.9,4291.7,4256.3,4277.7,38262,0,0
2015-01-26 00:00:00+00:00,4271.0,4283.7,4237.2,4274.9,38820,0,0
2015-01-27 00:00:00+00:00,4275.1,4277.9,4149.2,4216.7,47666,0,0
2015-01-28 00:00:00+00:00,4216.0,4240.9,4125.8,4130.6,54509,0,0
2015-01-29 00:00:00+00:00,4131.7,4203.4,4101.8,4202.4,54797,0,0
2015-01-30 00:00:00+00:00,4201.9,4213.3,4142.9,4149.6,53714,0,0
2015-02-02 00:00:00+00:00,4147.7,4194.9,4092.7,4188.9,55625,0,0
2015-02-03 00:00:00+00:00,4188.7,4229.0,4172.1,4219.3,49332,0,0
2015-02-04 00:00:00+00:00,4218.8,4248.2,4193.3,4198.4,45194,0,0
2015-02-05 00:00:00+00:00,4198.1,4257.1,4183.0,4255.4,42533,0,0
2015-02-06 00:00:00+00:00,4255.6,4270.8,4212.4,4227.4,37835,0,0
2015-02-09 00:00:00+00:00,4234.2,4234.4,4204.2,4219.9,40219,0,0
2015-02-10 00:00:00+00:00,4219.5,4286.7,4213.8,4281.4,34575,0,0
2015-02-11 00:00:00+00:00,4281.6,4323.8,4274.3,4314.4,32360,0,0
2015-02-12 00:00:00+00:00,4315.5,4348.4,4288.1,4345.2,35717,0,0
2015-02-13 00:00:00+00:00,4344.9,4383.4,4343.2,4382.2,23746,0,0
2015-02-16 00:00:00+00:00,4380.8,4389.7,4370.9,4376.3,8378,0,0
2015-02-17 00:00:00+00:00,4366.9,4387.4,4364.9,4384.4,26897,0,0
2015-02-18 00:00:00+00:00,4384.0,4392.9,4373.2,4388.5,23256,0,0
2015-02-19 00:00:00+00:00,4388.7,4416.5,4375.6,4416.4,23295,0,0
2015-02-20 00:00:00+00:00,4415.7,4444.3,4395.6,4441.1,27817,0,0
2015-02-23 00:00:00+00:00,4440.6,4449.2,4429.9,4446.1,19881,0,0
2015-02-24 00:00:00+00:00,4446.2,4455.2,4430.7,4450.0,21213,0,0
2015-02-25 00:00:00+00:00,4449.7,4460.2,4429.0,4437.5,20021,0,0
2015-02-26 00:00:00+00:00,4437.0,4463.4,4431.0,4461.3,25415,0,0
2015-02-27 00:00:00+00:00,4461.8,4461.8,4435.3,4441.2,21461,0,0
2015-03-02 00:00:00+00:00,4446.7,4482.0,4446.6,4477.4,20093,0,0
2015-03-03 00:00:00+00:00,4477.9,4478.5,4432.1,4457.3,23392,0,0
2015-03-04 00:00:00+00:00,4457.2,4457.8,4418.9,4443.2,26337,0,0
2015-03-05 00:00:00+00:00,4443.1,4464.3,4432.4,4450.1,24118,0,0
2015-03-06 00:00:00+00:00,4449.9,4458.9,4389.1,4399.3,30426,0,0
2015-03-09 00:00:00+00:00,4407.6,4424.0,4391.3,4412.7,29125,0,0
2015-03-10 00:00:00+00:00,4412.6,4414.5,4328.0,4333.4,35042,0,0
2015-03-11 00:00:00+00:00,4333.6,4346.6,4303.2,4310.9,31618,0,0
2015-03-12 00:00:00+00:00,4311.0,4338.3,4297.7,4332.7,27598,0,0
2015-03-13 00:00:00+00:00,4332.5,4346.3,4287.3,4311.6,30591,0,0
2015-03-16 00:00:00+00:00,4312.0,4370.6,4298.1,4358.4,23453,0,0
2015-03-17 00:00:00+00:00,4358.0,4384.1,4347.6,4377.8,26274,0,0
2015-03-18 00:00:00+00:00,4377.3,4440.7,4342.7,4429.3,32578,0,0
2015-03-19 00:00:00+00:00,4428.7,4441.1,4418.2,4427.4,30166,0,0
2015-03-20 00:00:00+00:00,4426.4,4478.2,4422.3,4457.7,22725,0,0
2015-03-23 00:00:00+00:00,4452.8,4467.3,4443.2,4444.8,23550,0,0
2015-03-24 00:00:00+00:00,4444.6,4467.4,4430.8,4436.2,25789,0,0
2015-03-25 00:00:00+00:00,4436.3,4444.9,4326.8,4332.7,32801,0,0
2015-03-26 00:00:00+00:00,4333.3,4338.9,4276.4,4321.4,40677,0,0
2015-03-27 00:00:00+00:00,4321.7,4341.4,4305.7,4331.7,33156,0,0
2015-03-30 00:00:00+00:00,4331.9,4386.2,4324.1,4377.2,28420,0,0
2015-03-31 00:00:00+00:00,4376.4,4381.5,4326.9,4329.3,31343,0,0
2015-04-01 00:00:00+00:00,4328.4,4340.3,4268.9,4320.7,42162,0,0
2015-04-02 00:00:00+00:00,4320.2,4327.3,4295.3,4315.7,29062,0,0
2015-04-03 00:00:00+00:00,4314.8,4320.3,4268.9,4270.3,3886,0,0
2015-04-06 00:00:00+00:00,4274.0,4361.2,4271.8,4346.9,17723,0,0
2015-04-07 00:00:00+00:00,4346.7,4378.7,4336.9,4340.8,23218,0,0
2015-04-08 00:00:00+00:00,4340.9,4383.1,4334.2,4382.6,30470,0,0
2015-04-09 00:00:00+00:00,4382.7,4407.1,4359.1,4404.4,28065,0,0
2015-04-10 00:00:00+00:00,4404.6,4422.2,4392.1,4421.7,20328,0,0
2015-04-13 00:00:00+00:00,4421.9,4447.7,4406.0,4409.5,22781,0,0
2015-04-14 00:00:00+00:00,4409.6,4420.6,4373.5,4402.8,27319,0,0
2015-04-15 00:00:00+00:00,4402.9,4435.2,4395.0,4430.0,23336,0,0
2015-04-16 00:00:00+00:00,4430.1,4435.6,4404.6,4421.1,25116,0,0
2015-04-17 00:00:00+00:00,4420.9,4424.2,4331.6,4350.4,32450,0,0
2015-04-20 00:00:00+00:00,4365.2,4423.9,4359.9,4413.7,23932,0,0
2015-04-21 00:00:00+00:00,4412.1,4449.7,4410.3,4436.9,26539,0,0
2015-04-22 00:00:00+00:00,4436.7,4465.9,4405.2,4444.4,29759,0,0
2015-04-23 00:00:00+00:00,4444.7,4503.1,4424.4,4500.1,30344,0,0
2015-04-24 00:00:00+00:00,4500.2,4542.7,4495.9,4535.6,26423,0,0
2015-04-27 00:00:00+00:00,4539.3,4561.7,4515.7,4530.1,15852,0,0
2015-04-28 00:00:00+00:00,4529.9,4536.6,4477.4,4520.4,32811,0,0
2015-04-29 00:00:00+00:00,4520.3,4520.3,4462.0,4479.5,38003,0,0
2015-04-30 00:00:00+00:00,4479.9,4483.8,4392.9,4420.9,41325,0,0
2015-05-01 00:00:00+00:00,4420.8,4477.2,4416.1,4475.8,21146,0,0
2015-05-04 00:00:00+00:00,4477.6,4509.9,4463.6,4480.9,27605,0,0
2015-05-05 00:00:00+00:00,4479.7,4485.6,4405.4,4416.4,37665,0,0
2015-05-06 00:00:00+00:00,4416.3,4429.6,4348.7,4380.3,40833,0,0
2015-05-07 00:00:00+00:00,4380.1,4413.4,4337.2,4404.5,38927,0,0
2015-05-08 00:00:00+00:00,4405.0,4465.7,4405.0,4455.3,27783,0,0
2015-05-11 00:00:00+00:00,4454.7,4467.4,4429.8,4432.3,26891,0,0
2015-05-12 00:00:00+00:00,4432.2,4442.0,4377.7,4426.0,36643,0,0
2015-05-13 00:00:00+00:00,4425.8,4462.0,4421.2,4430.7,32027,0,0
2015-05-14 00:00:00+00:00,4430.8,4495.7,4416.6,4492.7,23101,0,0
2015-05-15 00:00:00+00:00,4492.5,4510.1,4481.2,4492.0,23569,0,0
2015-05-18 00:00:00+00:00,4493.9,4520.5,4473.6,4511.7,22623,0,0
2015-05-19 00:00:00+00:00,4512.0,4526.7,4497.6,4501.1,22574,0,0
2015-05-20 00:00:00+00:00,4501.3,4534.5,4483.3,4503.2,23663,0,0
2015-05-21 00:00:00+00:00,4502.4,4536.9,4487.6,4529.7,18363,0,0
2015-05-22 00:00:00+00:00,4529.6,4543.2,4522.7,4527.8,17746,0,0
2015-05-25 00:00:00+00:00,4529.5,4537.9,4518.8,4526.0,2719,0,0
2015-05-26 00:00:00+00:00,4527.7,4529.2,4456.2,4481.3,29712,0,0
2015-05-27 00:00:00+00:00,4482.3,4550.8,4474.3,4540.2,21864,0,0
2015-05-28 00:00:00+00:00,4540.4,4547.3,4521.9,4543.7,26489,0,0
2015-05-29 00:00:00+00:00,4543.9,4545.2,4497.6,4509.4,28761,0,0
2015-06-01 00:00:00+00:00,4514.7,4538.7,4487.1,4525.1,32151,0,0
2015-06-02 00:00:00+00:00,4525.4,4530.9,4481.4,4502.7,33128,0,0
2015-06-03 00:00:00+00:00,4502.6,4540.2,4501.4,4526.3,31656,0,0
2015-06-04 00:00:00+00:00,4526.2,4527.8,4473.0,4495.0,39987,0,0
2015-06-05 00:00:00+00:00,4495.9,4505.7,4449.3,4478.2,35193,0,0
2015-06-08 00:00:00+00:00,4481.8,4483.4,4422.4,4436.2,34514,0,0
2015-06-09 00:00:00+00:00,4436.7,4441.2,4390.6,4432.3,35143,0,0
2015-06-10 00:00:00+00:00,4432.1,4498.0,4430.6,4488.0,24385,0,0
2015-06-11 00:00:00+00:00,4488.2,4511.7,4479.5,4491.3,27925,0,0
2015-06-12 00:00:00+00:00,4492.2,4492.4,4447.2,4453.2,24462,0,0
2015-06-15 00:00:00+00:00,4442.8,4444.1,4393.6,4435.4,30999,0,0
2015-06-16 00:00:00+00:00,4434.4,4464.1,4403.9,4459.1,27382,0,0
2015-06-17 00:00:00+00:00,4459.4,4482.3,4439.8,4459.1,29250,0,0
2015-06-18 00:00:00+00:00,4458.9,4540.6,4446.7,4535.7,28229,0,0
2015-06-19 00:00:00+00:00,4535.9,4545.1,4507.2,4507.2,21222,0,0
2015-06-22 00:00:00+00:00,4517.2,4557.7,4516.8,4542.2,27021,0,0
2015-06-23 00:00:00+00:00,4542.1,4554.1,4528.4,4547.9,22042,0,0
2015-06-24 00:00:00+00:00,4548.0,4561.1,4520.9,4525.9,29114,0,0
2015-06-25 00:00:00+00:00,4525.7,4553.4,4506.7,4512.2,28455,0,0
2015-06-26 00:00:00+00:00,4513.7,4522.4,4467.1,4484.9,29809,0,0
2015-06-29 00:00:00+00:00,4427.5,4458.4,4376.7,4390.7,47911,0,0
2015-06-30 00:00:00+00:00,4390.9,4420.1,4380.3,4402.3,48255,0,0
2015-07-01 00:00:00+00:00,4402.4,4449.7,4397.2,4431.1,37023,0,0
2015-07-02 00:00:00+00:00,4430.9,4448.8,4415.8,4436.0,27650,0,0
2015-07-03 00:00:00+00:00,4436.1,4443.2,4419.3,4424.3,12815,0,0
2015-07-06 00:00:00+00:00,4374.3,4444.1,4350.4,4434.6,43276,0,0
2015-07-07 00:00:00+00:00,4434.4,4455.4,4342.0,4429.2,49394,0,0
2015-07-08 00:00:00+00:00,4429.0,4430.8,4344.5,4354.5,55881,0,0
2015-07-09 00:00:00+00:00,4355.1,4415.7,4339.3,4347.8,46727,0,0
2015-07-10 00:00:00+00:00,4348.3,4433.4,4346.7,4418.2,34390,0,0
2015-07-13 00:00:00+00:00,4389.4,4498.4,4382.2,4493.9,33414,0,0
2015-07-14 00:00:00+00:00,4494.6,4536.7,4491.8,4527.4,20267,0,0
2015-07-15 00:00:00+00:00,4528.2,4546.4,4516.1,4542.5,25272,0,0
2015-07-16 00:00:00+00:00,4542.6,4614.8,4537.9,4613.3,22371,0,0
2015-07-17 00:00:00+00:00,4612.3,4659.9,4612.3,4659.7,20299,0,0
2015-07-20 00:00:00+00:00,4656.3,4693.7,4655.0,4678.6,19679,0,0
2015-07-21 00:00:00+00:00,4678.5,4691.0,4622.1,4628.0,27358,0,0
2015-07-22 00:00:00+00:00,4627.8,4643.2,4596.0,4629.0,31282,0,0
2015-07-23 00:00:00+00:00,4629.1,4641.6,4591.2,4639.5,32271,0,0
2015-07-24 00:00:00+00:00,4639.4,4645.7,4551.5,4558.6,31757,0,0
2015-07-27 00:00:00+00:00,4569.0,4574.9,4510.6,4526.5,39005,0,0
2015-07-28 00:00:00+00:00,4526.4,4568.2,4504.0,4565.7,38006,0,0
2015-07-29 00:00:00+00:00,4566.2,4586.6,4551.0,4572.6,37862,0,0
2015-07-30 00:00:00+00:00,4575.4,4606.3,4540.4,4602.5,34029,0,0
2015-07-31 00:00:00+00:00,4602.4,4616.3,4583.8,4593.5,32486,0,0
2015-08-03 00:00:00+00:00,4590.9,4606.8,4548.3,4580.9,38264,0,0
2015-08-04 00:00:00+00:00,4580.7,4588.7,4550.7,4561.8,39620,0,0
2015-08-05 00:00:00+00:00,4562.1,4635.2,4557.1,4600.8,33894,0,0
2015-08-06 00:00:00+00:00,4599.5,4613.7,4507.4,4531.6,35912,0,0
2015-08-07 00:00:00+00:00,4531.5,4537.9,4484.7,4521.4,37726,0,0
2015-08-10 00:00:00+00:00,4518.0,4583.2,4517.2,4579.9,29832,0,0
2015-08-11 00:00:00+00:00,4581.2,4587.7,4489.4,4517.7,45005,0,0
2015-08-12 00:00:00+00:00,4517.9,4538.8,4435.6,4535.8,59154,0,0
2015-08-13 00:00:00+00:00,4535.4,4560.6,4512.7,4521.7,41201,0,0
2015-08-14 00:00:00+00:00,4520.9,4535.7,4502.2,4530.1,32663,0,0
2015-08-17 00:00:00+00:00,4535.5,4570.8,4506.7,4567.0,32386,0,0
2015-08-18 00:00:00+00:00,4564.8,4574.5,4534.7,4543.1,34757,0,0
2015-08-19 00:00:00+00:00,4543.9,4553.0,4484.5,4505.5,46963,0,0
2015-08-20 00:00:00+00:00,4505.4,4513.9,4361.6,4365.3,52609,0,0
2015-08-21 00:00:00+00:00,4365.1,4369.5,4199.4,4199.6,74585,0,0
2015-08-24 00:00:00+00:00,4196.3,4198.9,3905.2,4013.3,110108,0,0
2015-08-25 00:00:00+00:00,4012.5,4207.3,4000.7,4021.2,112066,0,0
2015-08-26 00:00:00+00:00,4024.9,4230.7,3962.1,4211.9,121110,0,0
2015-08-27 00:00:00+00:00,4212.0,4333.7,4208.6,4329.1,83653,0,0
2015-08-28 00:00:00+00:00,4328.6,4342.9,4284.2,4327.7,76417,0,0
2015-08-31 00:00:00+00:00,4325.5,4329.8,4260.7,4268.7,66787,0,0
2015-09-01 00:00:00+00:00,4268.8,4269.7,4120.3,4152.4,97083,0,0
2015-09-02 00:00:00+00:00,4152.6,4265.2,4137.4,4262.3,84510,0,0
2015-09-03 00:00:00+00:00,4263.6,4305.6,4221.2,4232.0,72429,0,0
2015-09-04 00:00:00+00:00,4232.4,4238.1,4156.4,4181.9,77611,0,0
2015-09-07 00:00:00+00:00,4182.6,4244.4,4182.5,4210.9,27035,0,0
2015-09-08 00:00:00+00:00,4214.6,4305.7,4209.7,4300.1,54236,0,0
2015-09-09 00:00:00+00:00,4300.3,4369.9,4240.7,4256.4,64159,0,0
2015-09-10 00:00:00+00:00,4255.4,4327.2,4227.3,4298.7,74583,0,0
2015-09-11 00:00:00+00:00,4296.9,4320.2,4259.9,4320.1,50386,0,0
2015-09-14 00:00:00+00:00,4328.1,4357.0,4292.2,4307.9,50134,0,0
2015-09-15 00:00:00+00:00,4308.0,4372.2,4290.5,4362.6,44163,0,0
2015-09-16 00:00:00+00:00,4361.7,4391.2,4343.8,4387.2,40575,0,0
2015-09-17 00:00:00+00:00,4387.6,4450.2,4366.2,4377.6,51815,0,0
2015-09-18 00:00:00+00:00,4377.8,4391.6,4309.1,4324.3,61981,0,0
2015-09-21 00:00:00+00:00,4332.9,4372.4,4297.7,4354.4,56312,0,0
2015-09-22 00:00:00+00:00,4354.2,4356.3,4232.1,4273.9,63466,0,0
2015-09-23 00:00:00+00:00,4274.3,4303.6,4232.9,4279.9,56142,0,0
2015-09-24 00:00:00+00:00,4279.4,4289.6,4196.9,4258.6,72580,0,0
2015-09-25 00:00:00+00:00,4258.7,4326.2,4197.2,4224.1,66867,0,0
2015-09-28 00:00:00+00:00,4214.2,4249.8,4090.7,4110.9,72690,0,0
2015-09-29 00:00:00+00:00,4112.6,4154.9,4051.9,4085.4,78804,0,0
2015-09-30 00:00:00+00:00,4087.5,4179.9,4076.9,4164.6,63766,0,0
2015-10-01 00:00:00+00:00,4164.8,4236.3,4126.9,4202.2,69541,0,0
2015-10-02 00:00:00+00:00,4201.5,4267.1,4121.9,4266.6,68521,0,0
2015-10-05 00:00:00+00:00,4267.8,4339.2,4261.2,4320.4,51549,0,0
2015-10-06 00:00:00+00:00,4322.3,4331.7,4272.9,4290.4,59790,0,0
2015-10-07 00:00:00+00:00,4291.8,4342.8,4277.4,4336.4,63744,0,0
2015-10-08 00:00:00+00:00,4332.5,4357.2,4274.2,4351.2,61164,0,0
2015-10-09 00:00:00+00:00,4351.4,4378.4,4333.7,4368.8,46002,0,0
2015-10-12 00:00:00+00:00,4363.4,4390.4,4355.4,4387.2,38640,0,0
2015-10-13 00:00:00+00:00,4386.1,4399.9,4347.3,4349.1,44428,0,0
2015-10-14 00:00:00+00:00,4349.6,4374.2,4327.6,4340.2,49968,0,0
2015-10-15 00:00:00+00:00,4340.3,4420.5,4340.3,4420.3,45635,0,0
2015-10-16 00:00:00+00:00,4420.5,4438.2,4404.8,4435.7,41146,0,0
2015-10-19 00:00:00+00:00,4442.8,4464.0,4419.8,4462.7,43067,0,0
2015-10-20 00:00:00+00:00,4462.8,4464.4,4423.1,4432.1,42582,0,0
2015-10-21 00:00:00+00:00,4432.5,4464.9,4402.9,4413.1,51952,0,0
2015-10-22 00:00:00+00:00,4413.8,4573.1,4409.9,4571.3,52260,0,0
2015-10-23 00:00:00+00:00,4572.9,4644.8,4570.5,4625.2,53369,0,0
2015-10-26 00:00:00+00:00,4620.8,4638.3,4600.1,4627.3,44318,0,0
2015-10-27 00:00:00+00:00,4626.3,4659.4,4609.7,4651.7,45171,0,0
2015-10-28 00:00:00+00:00,4649.7,4685.6,4608.7,4675.1,49726,0,0
2015-10-29 00:00:00+00:00,4674.9,4677.6,4650.2,4672.7,41236,0,0
2015-10-30 00:00:00+00:00,4672.1,4697.8,4648.9,4648.9,41456,0,0
2015-11-02 00:00:00+00:00,4652.3,4707.0,4633.2,4695.8,35273,0,0
2015-11-03 00:00:00+00:00,4696.7,4734.8,4684.7,4719.3,35648,0,0
2015-11-04 00:00:00+00:00,4719.9,4736.3,4697.9,4715.1,47412,0,0
2015-11-05 00:00:00+00:00,4717.3,4731.7,4677.7,4704.2,46663,0,0
2015-11-06 00:00:00+00:00,4703.4,4712.6,4663.1,4705.4,51158,0,0
2015-11-09 00:00:00+00:00,4700.2,4713.4,4625.9,4650.9,46909,0,0
2015-11-10 00:00:00+00:00,4653.1,4666.0,4616.4,4645.3,46357,0,0
2015-11-11 00:00:00+00:00,4645.2,4678.4,4629.4,4635.3,41662,0,0
2015-11-12 00:00:00+00:00,4635.4,4655.4,4583.4,4588.4,48016,0,0
2015-11-13 00:00:00+00:00,4585.1,4592.6,4497.6,4500.4,54414,0,0
2015-11-16 00:00:00+00:00,4490.9,4566.9,4456.4,4564.4,58604,0,0
2015-11-17 00:00:00+00:00,4563.9,4597.4,4551.4,4570.9,49700,0,0
2015-11-18 00:00:00+00:00,4569.4,4656.3,4555.9,4650.8,46836,0,0
2015-11-19 00:00:00+00:00,4650.6,4677.6,4646.4,4660.9,42294,0,0
2015-11-20 00:00:00+00:00,4660.4,4691.7,4652.9,4686.4,37818,0,0
2015-11-23 00:00:00+00:00,4690.2,4706.5,4653.8,4674.3,38227,0,0
2015-11-24 00:00:00+00:00,4674.4,4684.5,4620.1,4665.6,46196,0,0
2015-11-25 00:00:00+00:00,4665.1,4684.1,4659.3,4677.6,30997,0,0
2015-11-26 00:00:00+00:00,4679.6,4703.1,4678.6,4695.1,11678,0,0
2015-11-27 00:00:00+00:00,4694.3,4698.4,4664.4,4683.8,26780,0,0
2015-11-30 00:00:00+00:00,4683.4,4699.8,4652.6,4678.9,35117,0,0
2015-12-01 00:00:00+00:00,4678.7,4715.7,4675.7,4714.4,35259,0,0
2015-12-02 00:00:00+00:00,4714.0,4739.2,4678.2,4697.7,42113,0,0
2015-12-03 00:00:00+00:00,4697.8,4729.7,4578.6,4615.7,64053,0,0
2015-12-04 00:00:00+00:00,4615.6,4722.2,4602.6,4713.2,57859,0,0
2015-12-07 00:00:00+00:00,4720.3,4728.9,4670.2,4700.3,54323,0,0
2015-12-08 00:00:00+00:00,4701.7,4708.9,4640.8,4692.3,57842,0,0
2015-12-09 00:00:00+00:00,4691.7,4707.1,4593.4,4623.4,70661,0,0
2015-12-10 00:00:00+00:00,4624.0,4673.9,4618.5,4644.9,58579,0,0
2015-12-11 00:00:00+00:00,4645.5,4658.5,4532.4,4536.4,52164,0,0
2015-12-14 00:00:00+00:00,4535.8,4578.7,4477.0,4571.6,35503,0,0
2015-12-15 00:00:00+00:00,4570.8,4636.7,4566.2,4606.7,25897,0,0
2015-12-16 00:00:00+00:00,4605.9,4673.0,4593.2,4655.3,25003,0,0
2015-12-17 00:00:00+00:00,4653.1,4687.3,4568.5,4572.8,24830,0,0
2015-12-18 00:00:00+00:00,4571.7,4591.8,4511.6,4512.1,27681,0,0
2015-12-21 00:00:00+00:00,4516.7,4577.6,4516.7,4577.0,24627,0,0
2015-12-22 00:00:00+00:00,4577.3,4600.6,4548.0,4596.1,22988,0,0
2015-12-23 00:00:00+00:00,4595.9,4626.4,4589.4,4613.9,18473,0,0
2015-12-24 00:00:00+00:00,4613.4,4634.9,4607.3,4615.3,8856,0,0
2015-12-28 00:00:00+00:00,4615.9,4625.7,4576.9,4623.2,16816,0,0
2015-12-29 00:00:00+00:00,4623.8,4702.3,4616.4,4694.4,15450,0,0
2015-12-30 00:00:00+00:00,4694.8,4699.0,4648.5,4651.9,15781,0,0
2015-12-31 00:00:00+00:00,4653.9,4659.5,4585.4,4598.5,16266,0,0
2016-01-04 00:00:00+00:00,4597.4,4611.2,4436.9,4513.2,30731,0,0
2016-01-05 00:00:00+00:00,4513.1,4530.2,4464.8,4488.2,29266,0,0
2016-01-06 00:00:00+00:00,4488.4,4494.6,4393.8,4457.4,32252,0,0
2016-01-07 00:00:00+00:00,4455.9,4466.1,4291.2,4299.2,36903,0,0
2016-01-08 00:00:00+00:00,4300.6,4377.2,4264.7,4270.4,35487,0,0
2016-01-11 00:00:00+00:00,4270.3,4311.7,4216.4,4278.3,36670,0,0
2016-01-12 00:00:00+00:00,4276.3,4352.9,4244.1,4316.9,34318,0,0
2016-01-13 00:00:00+00:00,4314.8,4372.0,4175.0,4185.5,34170,0,0
2016-01-14 00:00:00+00:00,4186.3,4307.6,4131.9,4257.3,36855,0,0
2016-01-15 00:00:00+00:00,4256.4,4275.9,4083.7,4137.5,37289,0,0
2016-01-18 00:00:00+00:00,4152.1,4185.2,4115.4,4140.0,25446,0,0
2016-01-19 00:00:00+00:00,4142.7,4223.7,4099.1,4149.1,36358,0,0
2016-01-20 00:00:00+00:00,4148.2,4177.8,3991.2,4135.6,40335,0,0
2016-01-21 00:00:00+00:00,4135.7,4200.6,4093.3,4137.9,41295,0,0
2016-01-22 00:00:00+00:00,4138.7,4260.1,4127.6,4258.4,33384,0,0
2016-01-25 00:00:00+00:00,4253.9,4267.4,4187.9,4197.5,32679,0,0
2016-01-26 00:00:00+00:00,4198.6,4251.2,4141.8,4218.3,33532,0,0
2016-01-27 00:00:00+00:00,4218.4,4226.4,4110.0,4150.4,34447,0,0
2016-01-28 00:00:00+00:00,4150.9,4206.0,4114.5,4155.7,37506,0,0
2016-01-29 00:00:00+00:00,4156.4,4274.8,4136.4,4274.5,35718,0,0
2016-02-01 00:00:00+00:00,4271.9,4316.6,4236.3,4294.8,33721,0,0
2016-02-02 00:00:00+00:00,4293.4,4293.4,4179.0,4195.5,31345,0,0
2016-02-03 00:00:00+00:00,4196.7,4221.6,4097.7,4178.7,35657,0,0
2016-02-04 00:00:00+00:00,4179.1,4209.7,4118.7,4153.3,35167,0,0
2016-02-05 00:00:00+00:00,4151.9,4177.8,4007.0,4022.5,33539,0,0
2016-02-08 00:00:00+00:00,4024.0,4050.0,3888.1,3968.8,34432,0,0
2016-02-09 00:00:00+00:00,3967.5,4008.9,3902.7,3946.1,35981,0,0
2016-02-10 00:00:00+00:00,3946.3,4045.5,3927.2,3966.3,35135,0,0
2016-02-11 00:00:00+00:00,3967.2,3988.6,3873.0,3966.1,35181,0,0
2016-02-12 00:00:00+00:00,3966.0,4021.4,3958.5,4017.4,32090,0,0
2016-02-15 00:00:00+00:00,4017.3,4095.2,4017.3,4081.8,19191,0,0
2016-02-16 00:00:00+00:00,4076.8,4105.6,4048.3,4092.1,29653,0,0
2016-02-17 00:00:00+00:00,4092.9,4209.6,4069.4,4209.2,28272,0,0
2016-02-18 00:00:00+00:00,4210.8,4227.9,4145.1,4159.2,27377,0,0
2016-02-19 00:00:00+00:00,4160.3,4175.2,4120.9,4162.7,25882,0,0
2016-02-22 00:00:00+00:00,4160.7,4234.6,4147.9,4209.9,24463,0,0
2016-02-23 00:00:00+00:00,4208.4,4216.8,4155.4,4157.2,27241,0,0
2016-02-24 00:00:00+00:00,4156.4,4219.1,4085.7,4218.5,28319,0,0
2016-02-25 00:00:00+00:00,4219.1,4248.9,4171.9,4245.1,29136,0,0
2016-02-26 00:00:00+00:00,4247.2,4293.8,4225.8,4233.3,26184,0,0
2016-02-29 00:00:00+00:00,4230.4,4263.1,4184.8,4200.8,30114,0,0
2016-03-01 00:00:00+00:00,4199.6,4338.7,4180.6,4336.9,28202,0,0
2016-03-02 00:00:00+00:00,4337.8,4357.6,4299.9,4326.1,27640,0,0
2016-03-03 00:00:00+00:00,4326.9,4345.2,4294.9,4325.1,24366,0,0
2016-03-04 00:00:00+00:00,4324.7,4355.9,4297.0,4327.9,24513,0,0
2016-03-07 00:00:00+00:00,4321.4,4330.8,4270.1,4302.7,24778,0,0
2016-03-08 00:00:00+00:00,4303.4,4309.2,4252.5,4274.2,27502,0,0
2016-03-09 00:00:00+00:00,4274.0,4299.0,4257.4,4294.3,35269,0,0
2016-03-10 00:00:00+00:00,4294.0,4346.6,4230.3,4287.3,44458,0,0
2016-03-11 00:00:00+00:00,4288.0,4362.3,4282.4,4355.4,32427,0,0
2016-03-14 00:00:00+00:00,4356.4,4379.2,4339.9,4365.6,22633,0,0
2016-03-15 00:00:00+00:00,4365.4,4371.5,4338.5,4368.4,24986,0,0
2016-03-16 00:00:00+00:00,4368.5,4415.7,4348.4,4397.1,28180,0,0
2016-03-17 00:00:00+00:00,4397.5,4420.3,4367.2,4404.0,30754,0,0
2016-03-18 00:00:00+00:00,4403.7,4419.6,4384.6,4410.4,26383,0,0
2016-03-21 00:00:00+00:00,4405.5,4431.5,4386.6,4425.6,27339,0,0
2016-03-22 00:00:00+00:00,4424.8,4450.3,4393.6,4445.3,28445,0,0
2016-03-23 00:00:00+00:00,4445.1,4449.9,4393.5,4404.2,26132,0,0
2016-03-24 00:00:00+00:00,4403.8,4409.9,4374.2,4409.6,25396,0,0
2016-03-28 00:00:00+00:00,4413.0,4434.6,4391.6,4399.7,17225,0,0
2016-03-29 00:00:00+00:00,4397.4,4473.5,4383.9,4469.9,27881,0,0
2016-03-30 00:00:00+00:00,4470.5,4519.8,4465.4,4489.3,24213,0,0
2016-03-31 00:00:00+00:00,4488.2,4504.4,4470.5,4483.1,23563,0,0
2016-04-01 00:00:00+00:00,4484.8,4533.7,4450.6,4531.6,30333,0,0
2016-04-04 00:00:00+00:00,4537.9,4550.0,4502.9,4505.8,24139,0,0
2016-04-05 00:00:00+00:00,4506.7,4507.1,4464.4,4482.5,29700,0,0
2016-04-06 00:00:00+00:00,4482.1,4544.9,4474.1,4539.0,26534,0,0
2016-04-07 00:00:00+00:00,4540.0,4545.5,4458.6,4475.3,28659,0,0
2016-04-08 00:00:00+00:00,4473.5,4516.9,4459.1,4474.4,28281,0,0
2016-04-11 00:00:00+00:00,4475.2,4516.9,4451.7,4453.0,32947,0,0
2016-04-12 00:00:00+00:00,4452.4,4504.1,4433.2,4494.7,30629,0,0
2016-04-13 00:00:00+00:00,4494.2,4560.1,4492.3,4553.9,27581,0,0
2016-04-14 00:00:00+00:00,4552.4,4569.5,4536.4,4554.3,23391,0,0
2016-04-15 00:00:00+00:00,4552.9,4559.8,4529.6,4541.2,19908,0,0
2016-04-18 00:00:00+00:00,4545.3,4570.2,4506.8,4556.7,25363,0,0
2016-04-19 00:00:00+00:00,4556.4,4593.8,4514.5,4535.9,24591,0,0
2016-04-20 00:00:00+00:00,4537.5,4562.8,4516.2,4540.9,24484,0,0
2016-04-21 00:00:00+00:00,4539.0,4558.5,4494.4,4505.4,29654,0,0
2016-04-22 00:00:00+00:00,4505.6,4507.6,4438.2,4474.6,28360,0,0
2016-04-25 00:00:00+00:00,4473.9,4485.9,4443.0,4480.8,24094,0,0
2016-04-26 00:00:00+00:00,4480.4,4496.6,4414.8,4417.7,23789,0,0
2016-04-27 00:00:00+00:00,4417.5,4440.5,4380.2,4440.3,25906,0,0
2016-04-28 00:00:00+00:00,4440.0,4448.8,4354.2,4391.8,29434,0,0
2016-04-29 00:00:00+00:00,4391.3,4398.0,4304.7,4339.9,29791,0,0
2016-05-02 00:00:00+00:00,4343.0,4387.0,4324.7,4380.0,24591,0,0
2016-05-03 00:00:00+00:00,4379.9,4381.4,4328.1,4344.9,27315,0,0
2016-05-04 00:00:00+00:00,4345.0,4350.0,4300.2,4316.5,28318,0,0
2016-05-05 00:00:00+00:00,4315.9,4347.3,4298.3,4302.4,25583,0,0
2016-05-06 00:00:00+00:00,4302.8,4329.9,4275.7,4329.7,26873,0,0
2016-05-09 00:00:00+00:00,4334.3,4362.3,4322.5,4340.1,23021,0,0
2016-05-10 00:00:00+00:00,4340.2,4404.5,4328.8,4400.2,20659,0,0
2016-05-11 00:00:00+00:00,4399.7,4408.3,4355.1,4356.6,21465,0,0
2016-05-12 00:00:00+00:00,4356.3,4386.0,4311.6,4341.4,25758,0,0
2016-05-13 00:00:00+00:00,4341.2,4365.5,4308.1,4326.9,29223,0,0
2016-05-16 00:00:00+00:00,4329.3,4396.6,4309.2,4377.5,19731,0,0
2016-05-17 00:00:00+00:00,4376.6,4395.1,4310.2,4322.5,26152,0,0
2016-05-18 00:00:00+00:00,4322.2,4360.8,4303.8,4337.8,32480,0,0
2016-05-19 00:00:00+00:00,4337.0,4341.9,4283.0,4319.0,31105,0,0
2016-05-20 00:00:00+00:00,4319.3,4380.8,4315.4,4362.8,21841,0,0
2016-05-23 00:00:00+00:00,4365.4,4383.3,4349.3,4353.7,23263,0,0
2016-05-24 00:00:00+00:00,4353.4,4450.1,4342.7,4446.3,18453,0,0
2016-05-25 00:00:00+00:00,4446.8,4490.2,4443.1,4476.9,19134,0,0
2016-05-26 00:00:00+00:00,4477.5,4494.2,4463.9,4493.7,18932,0,0
2016-05-27 00:00:00+00:00,4493.1,4512.3,4488.8,4510.5,13655,0,0
2016-05-30 00:00:00+00:00,4515.0,4523.5,4511.9,4521.7,6161,0,0
2016-05-31 00:00:00+00:00,4520.3,4526.8,4496.9,4521.8,16662,0,0
2016-06-01 00:00:00+00:00,4521.5,4535.6,4502.5,4520.2,19400,0,0
2016-06-02 00:00:00+00:00,4520.9,4532.4,4486.6,4529.8,20039,0,0
2016-06-03 00:00:00+00:00,4530.2,4533.0,4478.4,4507.8,20268,0,0
2016-06-06 00:00:00+00:00,4508.8,4536.5,4502.5,4523.8,16277,0,0
2016-06-07 00:00:00+00:00,4524.8,4544.6,4511.2,4512.4,13379,0,0
2016-06-08 00:00:00+00:00,4511.9,4530.2,4504.2,4518.1,13289,0,0
2016-06-09 00:00:00+00:00,4517.4,4521.4,4493.7,4512.3,15581,0,0
2016-06-10 00:00:00+00:00,4512.5,4512.8,4446.5,4462.1,18007,0,0
2016-06-13 00:00:00+00:00,4452.9,4461.0,4418.1,4419.4,25948,0,0
2016-06-14 00:00:00+00:00,4419.2,4438.9,4390.7,4422.7,24134,0,0
2016-06-15 00:00:00+00:00,4421.9,4441.9,4403.1,4408.8,24227,0,0
2016-06-16 00:00:00+00:00,4409.0,4427.5,4359.3,4420.5,27339,0,0
2016-06-17 00:00:00+00:00,4420.7,4437.8,4361.2,4373.5,24252,0,0
2016-06-20 00:00:00+00:00,4393.6,4445.5,4392.3,4415.2,20101,0,0
2016-06-21 00:00:00+00:00,4411.7,4423.8,4396.3,4404.8,26606,0,0
2016-06-22 00:00:00+00:00,4405.0,4442.3,4398.8,4402.0,33345,0,0
2016-06-23 00:00:00+00:00,4401.4,4486.5,4398.5,4486.5,41902,0,0
2016-06-24 00:00:00+00:00,4485.3,4501.2,4218.0,4282.9,85028,0,0
2016-06-27 00:00:00+00:00,4269.9,4275.2,4178.0,4183.5,62503,0,0
2016-06-28 00:00:00+00:00,4182.4,4293.9,4178.3,4290.9,43812,0,0
2016-06-29 00:00:00+00:00,4291.5,4387.8,4277.9,4387.4,39001,0,0
2016-06-30 00:00:00+00:00,4387.3,4418.2,4346.5,4407.7,39399,0,0
2016-07-01 00:00:00+00:00,4407.3,4453.9,4393.1,4436.6,36003,0,0
2016-07-04 00:00:00+00:00,4444.7,4458.3,4433.1,4446.9,15235,0,0
2016-07-05 00:00:00+00:00,4443.7,4444.5,4384.5,4413.9,35718,0,0
2016-07-06 00:00:00+00:00,4413.7,4447.3,4371.5,4443.3,44684,0,0
2016-07-07 00:00:00+00:00,4442.9,4468.0,4433.4,4458.7,38177,0,0
2016-07-08 00:00:00+00:00,4458.5,4530.3,4445.8,4526.8,29165,0,0
2016-07-11 00:00:00+00:00,4523.8,4570.3,4521.9,4556.2,31150,0,0
2016-07-12 00:00:00+00:00,4555.4,4588.2,4551.9,4574.6,27936,0,0
2016-07-13 00:00:00+00:00,4574.4,4589.2,4564.7,4565.4,30325,0,0
2016-07-14 00:00:00+00:00,4565.1,4612.9,4558.4,4595.0,36022,0,0
2016-07-15 00:00:00+00:00,4595.1,4609.5,4578.6,4588.1,30507,0,0
2016-07-18 00:00:00+00:00,4564.4,4627.8,4564.4,4614.7,26018,0,0
2016-07-19 00:00:00+00:00,4612.1,4616.6,4594.3,4612.1,26092,0,0
2016-07-20 00:00:00+00:00,4612.7,4665.3,4603.0,4661.2,21026,0,0
2016-07-21 00:00:00+00:00,4658.8,4668.1,4633.4,4645.1,26283,0,0
2016-07-22 00:00:00+00:00,4644.6,4670.4,4635.1,4663.6,23858,0,0
2016-07-25 00:00:00+00:00,4664.9,4674.5,4649.9,4663.4,25698,0,0
2016-07-26 00:00:00+00:00,4663.9,4693.2,4646.7,4692.0,28657,0,0
2016-07-27 00:00:00+00:00,4691.9,4719.0,4688.4,4717.6,28363,0,0
2016-07-28 00:00:00+00:00,4717.1,4737.9,4696.0,4735.4,30391,0,0
2016-07-29 00:00:00+00:00,4736.2,4742.9,4715.2,4730.4,30215,0,0
2016-08-01 00:00:00+00:00,4743.1,4766.9,4727.6,4753.3,26917,0,0
2016-08-02 00:00:00+00:00,4754.1,4764.7,4688.2,4720.1,30736,0,0
2016-08-03 00:00:00+00:00,4720.2,4733.9,4702.4,4730.3,30523,0,0
2016-08-04 00:00:00+00:00,4730.1,4748.7,4717.9,4747.8,27726,0,0
2016-08-05 00:00:00+00:00,4748.1,4800.4,4745.4,4788.9,20577,0,0
2016-08-08 00:00:00+00:00,4784.1,4801.8,4768.1,4782.5,18137,0,0
2016-08-09 00:00:00+00:00,4782.1,4810.7,4779.7,4795.1,17945,0,0
2016-08-10 00:00:00+00:00,4795.2,4802.5,4770.5,4783.1,20952,0,0
2016-08-11 00:00:00+00:00,4782.7,4813.7,4777.7,4802.6,19635,0,0
2016-08-12 00:00:00+00:00,4802.7,4807.5,4790.2,4806.9,17941,0,0
2016-08-15 00:00:00+00:00,4807.9,4837.9,4806.8,4825.4,15116,0,0
2016-08-16 00:00:00+00:00,4825.6,4825.6,4797.3,4801.6,20821,0,0
2016-08-17 00:00:00+00:00,4801.2,4809.0,4772.5,4806.9,24464,0,0
2016-08-18 00:00:00+00:00,4807.0,4814.4,4793.2,4807.0,22203,0,0
2016-08-19 00:00:00+00:00,4807.8,4817.0,4787.5,4807.8,21824,0,0
2016-08-22 00:00:00+00:00,4807.2,4818.3,4790.0,4811.0,26980,0,0
2016-08-23 00:00:00+00:00,4811.2,4836.7,4806.9,4817.4,23883,0,0
2016-08-24 00:00:00+00:00,4817.7,4821.8,4770.1,4785.1,27136,0,0
2016-08-25 00:00:00+00:00,4784.3,4793.4,4767.9,4781.9,30511,0,0
2016-08-26 00:00:00+00:00,4781.1,4816.9,4757.0,4785.6,33892,0,0
2016-08-29 00:00:00+00:00,4784.9,4805.0,4772.5,4793.4,23879,0,0
2016-08-30 00:00:00+00:00,4793.7,4797.8,4759.5,4776.8,24368,0,0
2016-08-31 00:00:00+00:00,4776.7,4777.4,4751.0,4770.3,27173,0,0
2016-09-01 00:00:00+00:00,4770.7,4793.5,4749.2,4773.4,30088,0,0
2016-09-02 00:00:00+00:00,4773.9,4816.4,4771.9,4794.2,27886,0,0
2016-09-05 00:00:00+00:00,4799.2,4804.1,4781.6,4791.4,12817,0,0
2016-09-06 00:00:00+00:00,4792.3,4830.4,4787.2,4829.9,24589,0,0
2016-09-07 00:00:00+00:00,4829.5,4839.2,4812.6,4828.1,23847,0,0
2016-09-08 00:00:00+00:00,4828.0,4836.1,4789.8,4796.2,29581,0,0
2016-09-09 00:00:00+00:00,4796.1,4797.1,4670.4,4671.9,32054,0,0
2016-09-12 00:00:00+00:00,4668.8,4773.5,4629.1,4767.0,46264,0,0
2016-09-13 00:00:00+00:00,4766.0,4766.0,4700.6,4734.0,45733,0,0
2016-09-14 00:00:00+00:00,4733.2,4771.8,4724.1,4734.7,41889,0,0
2016-09-15 00:00:00+00:00,4735.6,4826.4,4718.3,4814.4,37556,0,0
2016-09-16 00:00:00+00:00,4814.1,4822.4,4792.1,4817.6,38298,0,0
2016-09-19 00:00:00+00:00,4818.2,4844.5,4786.5,4798.6,30835,0,0
2016-09-20 00:00:00+00:00,4798.5,4824.1,4792.4,4801.8,31210,0,0
2016-09-21 00:00:00+00:00,4802.0,4857.9,4791.0,4852.8,36355,0,0
2016-09-22 00:00:00+00:00,4852.0,4895.6,4845.3,4890.3,25603,0,0
2016-09-23 00:00:00+00:00,4890.4,4892.3,4852.1,4861.1,25219,0,0
2016-09-26 00:00:00+00:00,4854.0,4862.1,4811.0,4818.1,19275,0,0
2016-09-27 00:00:00+00:00,4817.4,4868.1,4803.5,4862.3,22628,0,0
2016-09-28 00:00:00+00:00,4862.4,4876.7,4848.9,4871.1,21146,0,0
2016-09-29 00:00:00+00:00,4871.2,4879.2,4816.7,4844.5,26380,0,0
2016-09-30 00:00:00+00:00,4845.3,4888.9,4815.0,4870.0,25627,0,0
2016-10-03 00:00:00+00:00,4869.1,4880.6,4845.1,4871.4,24634,0,0
2016-10-04 00:00:00+00:00,4870.6,4891.4,4840.2,4859.1,34228,0,0
2016-10-05 00:00:00+00:00,4859.4,4892.1,4852.0,4878.8,27422,0,0
2016-10-06 00:00:00+00:00,4878.7,4884.8,4850.0,4874.0,26636,0,0
2016-10-07 00:00:00+00:00,4873.9,4886.7,4839.3,4863.4,36369,0,0
2016-10-10 00:00:00+00:00,4875.2,4905.8,4866.0,4894.7,22339,0,0
2016-10-11 00:00:00+00:00,4895.6,4899.4,4801.4,4827.5,32782,0,0
2016-10-12 00:00:00+00:00,4826.5,4842.0,4803.4,4808.3,33192,0,0
2016-10-13 00:00:00+00:00,4808.0,4816.0,4757.6,4799.0,37170,0,0
2016-10-14 00:00:00+00:00,4800.1,4845.7,4790.4,4809.6,35674,0,0
2016-10-17 00:00:00+00:00,4807.2,4815.5,4785.2,4806.4,33823,0,0
2016-10-18 00:00:00+00:00,4806.1,4861.2,4803.5,4829.1,26525,0,0
2016-10-19 00:00:00+00:00,4829.2,4844.7,4814.9,4833.4,19381,0,0
2016-10-20 00:00:00+00:00,4834.0,4851.2,4803.6,4848.5,18311,0,0
2016-10-21 00:00:00+00:00,4847.9,4852.8,4819.5,4848.2,25546,0,0
2016-10-24 00:00:00+00:00,4851.7,4912.3,4846.7,4911.8,20911,0,0
2016-10-25 00:00:00+00:00,4911.7,4923.3,4877.7,4883.4,23616,0,0
2016-10-26 00:00:00+00:00,4882.8,4886.4,4844.4,4857.8,22541,0,0
2016-10-27 00:00:00+00:00,4858.2,4884.1,4809.0,4827.5,21554,0,0
2016-10-28 00:00:00+00:00,4826.9,4847.8,4791.1,4810.1,27414,0,0
2016-10-31 00:00:00+00:00,4795.6,4833.3,4792.5,4807.9,17708,0,0
2016-11-01 00:00:00+00:00,4807.8,4821.0,4723.8,4759.1,22193,0,0
2016-11-02 00:00:00+00:00,4760.0,4772.8,4714.1,4724.3,27814,0,0
2016-11-03 00:00:00+00:00,4724.2,4731.5,4669.9,4671.4,24902,0,0
2016-11-04 00:00:00+00:00,4671.0,4697.2,4653.0,4659.5,23551,0,0
2016-11-07 00:00:00+00:00,4710.8,4783.4,4710.8,4783.0,16590,0,0
2016-11-08 00:00:00+00:00,4782.7,4824.2,4754.8,4803.0,22018,0,0
2016-11-09 00:00:00+00:00,4803.3,4837.5,4558.0,4822.1,90129,0,0
2016-11-10 00:00:00+00:00,4821.6,4881.1,4682.2,4742.7,52380,0,0
2016-11-11 00:00:00+00:00,4744.5,4762.0,4685.5,4753.5,44212,0,0
2016-11-14 00:00:00+00:00,4757.4,4787.4,4676.8,4696.0,39595,0,0
2016-11-15 00:00:00+00:00,4696.1,4779.5,4687.5,4764.4,29053,0,0
2016-11-16 00:00:00+00:00,4765.6,4795.0,4735.9,4783.2,27074,0,0
2016-11-17 00:00:00+00:00,4782.1,4830.8,4778.8,4830.7,24038,0,0
2016-11-18 00:00:00+00:00,4830.8,4840.8,4803.8,4808.0,21035,0,0
2016-11-21 00:00:00+00:00,4808.9,4861.7,4802.2,4856.7,18686,0,0
2016-11-22 00:00:00+00:00,4856.4,4884.4,4855.8,4876.9,20321,0,0
2016-11-23 00:00:00+00:00,4876.3,4881.3,4830.4,4850.3,26819,0,0
2016-11-24 00:00:00+00:00,4849.3,4862.6,4838.2,4862.6,11028,0,0
2016-11-25 00:00:00+00:00,4860.8,4869.7,4851.9,4869.7,16053,0,0
2016-11-28 00:00:00+00:00,4860.9,4878.6,4840.8,4856.1,28516,0,0
2016-11-29 00:00:00+00:00,4856.8,4897.0,4846.8,4872.9,26762,0,0
2016-11-30 00:00:00+00:00,4872.5,4883.3,4812.0,4816.2,36631,0,0
2016-12-01 00:00:00+00:00,4817.6,4825.5,4722.0,4732.0,48832,0,0
2016-12-02 00:00:00+00:00,4732.2,4758.0,4705.5,4737.4,41506,0,0
2016-12-05 00:00:00+00:00,4713.4,4794.7,4699.7,4780.0,48520,0,0
2016-12-06 00:00:00+00:00,4779.7,4795.5,4766.7,4788.1,34657,0,0
2016-12-07 00:00:00+00:00,4787.6,4855.1,4762.7,4843.7,40326,0,0
2016-12-08 00:00:00+00:00,4843.1,4868.9,4835.7,4862.7,46002,0,0
2016-12-09 00:00:00+00:00,4862.5,4896.9,4851.2,4892.2,30077,0,0
2016-12-12 00:00:00+00:00,4893.5,4915.4,4852.9,4865.5,36773,0,0
2016-12-13 00:00:00+00:00,4865.0,4962.3,4859.5,4940.1,35935,0,0
2016-12-14 00:00:00+00:00,4938.3,4957.4,4911.6,4928.6,42269,0,0
2016-12-15 00:00:00+00:00,4926.6,4959.7,4915.6,4934.8,55424,0,0
2016-12-16 00:00:00+00:00,4936.1,4949.8,4902.7,4914.3,36269,0,0
2016-12-19 00:00:00+00:00,4912.3,4964.1,4910.6,4937.5,27264,0,0
2016-12-20 00:00:00+00:00,4936.4,4961.0,4935.6,4952.9,24549,0,0
2016-12-21 00:00:00+00:00,4953.4,4957.4,4937.1,4943.8,20105,0,0
2016-12-22 00:00:00+00:00,4944.6,4949.9,4915.1,4930.8,23876,0,0
2016-12-23 00:00:00+00:00,4930.7,4941.7,4921.1,4940.5,17484,0,0
2016-12-27 00:00:00+00:00,4939.0,4992.3,4937.6,4957.8,16117,0,0
2016-12-28 00:00:00+00:00,4957.6,4976.8,4918.3,4918.9,27765,0,0
2016-12-29 00:00:00+00:00,4920.5,4931.3,4899.3,4916.8,29569,0,0
2016-12-30 00:00:00+00:00,4916.2,4936.6,4847.9,4862.9,36223,0,0
2017-01-03 00:00:00+00:00,4884.3,4924.9,4874.8,4907.9,38348,0,0
2017-01-04 00:00:00+00:00,4908.5,4944.5,4904.1,4934.4,29006,0,0
2017-01-05 00:00:00+00:00,4934.2,4967.4,4921.7,4965.5,32902,0,0
2017-01-06 00:00:00+00:00,4964.3,5020.9,4956.1,5006.9,30740,0,0
2017-01-09 00:00:00+00:00,5006.9,5033.1,5005.1,5023.3,25263,0,0
2017-01-10 00:00:00+00:00,5024.6,5050.4,5010.1,5034.9,28214,0,0
2017-01-11 00:00:00+00:00,5033.7,5050.7,5010.9,5049.9,39799,0,0
2017-01-12 00:00:00+00:00,5046.8,5046.8,4993.9,5040.2,37030,0,0
2017-01-13 00:00:00+00:00,5038.7,5066.9,5038.4,5065.4,29398,0,0
2017-01-16 00:00:00+00:00,5058.8,5059.6,5046.9,5053.8,9459,0,0
2017-01-17 00:00:00+00:00,5053.2,5056.2,5028.9,5042.9,33231,0,0
2017-01-18 00:00:00+00:00,5042.3,5060.1,5037.7,5055.7,28396,0,0
2017-01-19 00:00:00+00:00,5056.4,5078.2,5040.2,5058.2,28334,0,0
2017-01-20 00:00:00+00:00,5057.1,5085.7,5048.5,5062.5,35532,0,0
2017-01-23 00:00:00+00:00,5061.1,5073.2,5034.5,5067.1,33198,0,0
2017-01-24 00:00:00+00:00,5065.7,5107.7,5063.2,5103.2,25164,0,0
2017-01-25 00:00:00+00:00,5103.4,5153.0,5102.7,5152.6,22029,0,0
2017-01-26 00:00:00+00:00,5151.2,5171.5,5146.1,5149.5,28557,0,0
2017-01-27 00:00:00+00:00,5149.2,5171.1,5142.1,5165.8,25305,0,0
2017-01-30 00:00:00+00:00,5148.3,5156.8,5098.0,5127.9,27207,0,0
2017-01-31 00:00:00+00:00,5127.8,5136.3,5086.8,5134.3,31649,0,0
2017-02-01 00:00:00+00:00,5134.8,5161.5,5125.3,5152.8,33749,0,0
2017-02-02 00:00:00+00:00,5152.9,5162.0,5123.3,5132.7,34947,0,0
2017-02-03 00:00:00+00:00,5130.3,5165.6,5122.4,5158.4,29982,0,0
2017-02-06 00:00:00+00:00,5160.9,5166.8,5142.8,5161.6,28018,0,0
2017-02-07 00:00:00+00:00,5159.8,5195.9,5157.4,5178.5,23073,0,0
2017-02-08 00:00:00+00:00,5177.1,5201.2,5167.6,5194.1,27244,0,0
2017-02-09 00:00:00+00:00,5194.0,5223.0,5190.0,5213.6,24376,0,0
2017-02-10 00:00:00+00:00,5213.3,5234.9,5211.4,5229.3,26586,0,0
2017-02-13 00:00:00+00:00,5226.6,5262.2,5226.6,5260.4,20707,0,0
2017-02-14 00:00:00+00:00,5256.5,5276.4,5238.4,5272.1,25182,0,0
2017-02-15 00:00:00+00:00,5271.5,5311.6,5262.9,5311.6,25434,0,0
2017-02-16 00:00:00+00:00,5311.3,5316.1,5287.3,5299.1,29412,0,0
2017-02-17 00:00:00+00:00,5299.0,5325.1,5284.7,5324.1,28558,0,0
2017-02-20 00:00:00+00:00,5321.6,5343.3,5318.3,5339.2,10409,0,0
2017-02-21 00:00:00+00:00,5336.3,5352.3,5329.6,5342.8,20607,0,0
2017-02-22 00:00:00+00:00,5342.4,5354.7,5335.4,5351.8,22349,0,0
2017-02-23 00:00:00+00:00,5350.4,5359.3,5309.3,5328.8,24986,0,0
2017-02-24 00:00:00+00:00,5326.8,5342.3,5296.5,5341.5,28275,0,0
2017-02-27 00:00:00+00:00,5336.0,5349.0,5321.3,5340.3,30817,0,0
2017-02-28 00:00:00+00:00,5340.0,5347.6,5314.8,5333.1,25662,0,0
2017-03-01 00:00:00+00:00,5330.7,5398.1,5328.2,5382.2,33476,0,0
2017-03-02 00:00:00+00:00,5380.6,5390.8,5355.1,5357.8,29635,0,0
2017-03-03 00:00:00+00:00,5357.9,5372.2,5343.2,5370.2,30572,0,0
2017-03-06 00:00:00+00:00,5369.7,5370.0,5337.8,5350.3,23639,0,0
2017-03-07 00:00:00+00:00,5352.1,5372.8,5340.1,5348.4,21055,0,0
2017-03-08 00:00:00+00:00,5347.4,5376.2,5332.0,5360.9,28752,0,0
2017-03-09 00:00:00+00:00,5359.9,5371.0,5334.5,5368.5,29786,0,0
2017-03-10 00:00:00+00:00,5368.2,5394.1,5362.7,5381.4,29736,0,0
2017-03-13 00:00:00+00:00,5379.9,5395.8,5370.5,5394.3,20593,0,0
2017-03-14 00:00:00+00:00,5393.5,5394.8,5359.0,5380.0,21895,0,0
2017-03-15 00:00:00+00:00,5379.8,5426.6,5375.6,5412.1,25501,0,0
2017-03-16 00:00:00+00:00,5412.3,5433.3,5397.1,5410.7,24368,0,0
2017-03-17 00:00:00+00:00,5410.6,5422.8,5404.7,5405.7,19998,0,0
2017-03-20 00:00:00+00:00,5402.9,5425.4,5392.5,5413.9,19259,0,0
2017-03-21 00:00:00+00:00,5412.9,5438.9,5328.3,5332.6,45008,0,0
2017-03-22 00:00:00+00:00,5332.1,5373.0,5312.3,5361.0,44582,0,0
2017-03-23 00:00:00+00:00,5361.9,5374.5,5344.5,5353.6,41249,0,0
2017-03-24 00:00:00+00:00,5353.7,5392.0,5344.5,5376.5,37590,0,0
2017-03-27 00:00:00+00:00,5355.6,5382.7,5314.6,5378.7,45164,0,0
2017-03-28 00:00:00+00:00,5379.5,5422.7,5360.7,5404.7,35806,0,0
2017-03-29 00:00:00+00:00,5405.3,5435.5,5401.7,5433.4,28006,0,0
2017-03-30 00:00:00+00:00,5433.0,5448.0,5424.7,5437.5,26313,0,0
2017-03-31 00:00:00+00:00,5438.0,5450.7,5418.2,5436.7,25118,0,0
2017-04-03 00:00:00+00:00,5433.0,5452.4,5400.9,5430.4,34996,0,0
2017-04-04 00:00:00+00:00,5430.3,5445.4,5403.4,5444.9,29511,0,0
2017-04-05 00:00:00+00:00,5444.4,5479.8,5407.5,5410.8,37120,0,0
2017-04-06 00:00:00+00:00,5412.3,5435.5,5388.8,5423.4,43097,0,0
2017-04-07 00:00:00+00:00,5424.1,5434.4,5380.3,5420.1,48847,0,0
2017-04-10 00:00:00+00:00,5416.8,5442.1,5404.4,5423.9,33554,0,0
2017-04-11 00:00:00+00:00,5423.6,5426.6,5356.6,5403.3,53446,0,0
2017-04-12 00:00:00+00:00,5401.5,5411.3,5367.8,5368.2,47106,0,0
2017-04-13 00:00:00+00:00,5369.0,5398.8,5348.3,5355.5,44965,0,0
2017-04-17 00:00:00+00:00,5350.8,5398.8,5346.4,5395.9,25416,0,0
2017-04-18 00:00:00+00:00,5395.4,5404.5,5374.8,5390.0,42398,0,0
2017-04-19 00:00:00+00:00,5389.9,5430.0,5387.3,5392.8,32322,0,0
2017-04-20 00:00:00+00:00,5392.9,5454.3,5392.9,5442.4,35280,0,0
2017-04-21 00:00:00+00:00,5441.8,5453.0,5427.0,5441.3,31601,0,0
2017-04-24 00:00:00+00:00,5491.3,5513.1,5478.6,5502.6,35849,0,0
2017-04-25 00:00:00+00:00,5501.1,5557.6,5498.6,5546.6,23237,0,0
2017-04-26 00:00:00+00:00,5545.9,5562.9,5535.7,5535.7,35479,0,0
2017-04-27 00:00:00+00:00,5535.9,5600.5,5534.5,5587.3,30361,0,0
2017-04-28 00:00:00+00:00,5585.3,5598.3,5573.6,5583.1,29768,0,0
2017-05-01 00:00:00+00:00,5581.8,5639.4,5575.0,5632.9,20528,0,0
2017-05-02 00:00:00+00:00,5630.5,5644.2,5624.1,5624.6,24209,0,0
2017-05-03 00:00:00+00:00,5619.5,5631.4,5607.9,5610.3,25381,0,0
2017-05-04 00:00:00+00:00,5608.9,5634.6,5605.4,5628.4,34138,0,0
2017-05-05 00:00:00+00:00,5627.1,5650.8,5612.9,5650.8,28248,0,0
2017-05-08 00:00:00+00:00,5657.2,5659.2,5633.4,5656.3,30587,0,0
2017-05-09 00:00:00+00:00,5655.3,5689.8,5652.0,5682.4,24960,0,0
2017-05-10 00:00:00+00:00,5680.4,5682.4,5661.4,5676.9,27314,0,0
2017-05-11 00:00:00+00:00,5673.7,5674.9,5636.7,5670.2,28273,0,0
2017-05-12 00:00:00+00:00,5669.8,5689.8,5655.9,5689.5,26744,0,0
2017-05-15 00:00:00+00:00,5689.5,5706.6,5682.1,5704.1,20848,0,0
2017-05-16 00:00:00+00:00,5701.3,5725.2,5693.1,5721.4,22799,0,0
2017-05-17 00:00:00+00:00,5719.0,5719.0,5570.6,5572.0,57011,0,0
2017-05-18 00:00:00+00:00,5572.3,5644.5,5546.6,5628.0,68586,0,0
2017-05-19 00:00:00+00:00,5627.9,5672.7,5617.5,5650.0,36768,0,0
2017-05-22 00:00:00+00:00,5649.0,5701.3,5643.9,5699.3,33653,0,0
2017-05-23 00:00:00+00:00,5699.1,5714.6,5684.8,5707.1,34591,0,0
2017-05-24 00:00:00+00:00,5706.1,5732.6,5701.6,5730.6,29978,0,0
2017-05-25 00:00:00+00:00,5729.8,5792.9,5728.6,5780.4,34193,0,0
2017-05-26 00:00:00+00:00,5779.9,5790.1,5768.5,5789.1,27238,0,0
2017-05-29 00:00:00+00:00,5790.8,5798.7,5788.6,5792.3,5981,0,0
2017-05-30 00:00:00+00:00,5791.3,5799.6,5774.3,5790.1,27651,0,0
2017-05-31 00:00:00+00:00,5790.0,5815.3,5760.9,5800.5,38012,0,0
2017-06-01 00:00:00+00:00,5800.8,5821.2,5777.6,5819.8,34822,0,0
2017-06-02 00:00:00+00:00,5819.4,5884.1,5819.4,5883.5,38093,0,0
2017-06-05 00:00:00+00:00,5875.3,5888.5,5870.3,5878.2,24369,0,0
2017-06-06 00:00:00+00:00,5877.8,5890.8,5847.0,5859.3,32461,0,0
2017-06-07 00:00:00+00:00,5860.0,5882.5,5843.4,5876.3,36117,0,0
2017-06-08 00:00:00+00:00,5876.5,5894.8,5851.5,5888.6,36288,0,0
2017-06-09 00:00:00+00:00,5886.5,5897.6,5660.0,5738.3,68384,0,0
2017-06-12 00:00:00+00:00,5737.6,5739.5,5633.6,5711.4,78679,0,0
2017-06-13 00:00:00+00:00,5711.0,5760.3,5704.6,5752.9,47100,0,0
2017-06-14 00:00:00+00:00,5751.5,5778.9,5679.1,5721.1,62508,0,0
2017-06-15 00:00:00+00:00,5722.3,5723.0,5633.1,5700.6,65655,0,0
2017-06-16 00:00:00+00:00,5700.7,5718.1,5652.8,5676.5,53671,0,0
2017-06-19 00:00:00+00:00,5683.9,5775.9,5674.0,5762.7,42090,0,0
2017-06-20 00:00:00+00:00,5760.6,5776.7,5723.2,5725.8,47360,0,0
2017-06-21 00:00:00+00:00,5726.4,5791.8,5692.8,5789.6,59087,0,0
2017-06-22 00:00:00+00:00,5788.7,5807.7,5766.1,5778.7,45788,0,0
2017-06-23 00:00:00+00:00,5779.6,5810.9,5757.7,5808.0,38922,0,0
2017-06-26 00:00:00+00:00,5799.0,5847.4,5763.6,5773.4,52103,0,0
2017-06-27 00:00:00+00:00,5774.9,5778.0,5664.1,5668.1,63266,0,0
2017-06-28 00:00:00+00:00,5668.7,5762.9,5626.1,5761.8,61488,0,0
2017-06-29 00:00:00+00:00,5762.2,5769.4,5596.7,5645.1,83060,0,0
2017-06-30 00:00:00+00:00,5644.4,5681.2,5617.6,5650.5,63217,0,0
2017-07-03 00:00:00+00:00,5655.6,5686.3,5578.3,5585.6,42870,0,0
2017-07-04 00:00:00+00:00,5585.3,5614.2,5557.6,5577.4,20823,0,0
2017-07-05 00:00:00+00:00,5573.3,5663.9,5561.9,5647.6,60967,0,0
2017-07-06 00:00:00+00:00,5647.5,5647.5,5577.0,5593.3,65717,0,0
2017-07-07 00:00:00+00:00,5593.8,5674.1,5587.1,5652.2,46222,0,0
2017-07-10 00:00:00+00:00,5657.6,5708.7,5647.4,5690.4,41728,0,0
2017-07-11 00:00:00+00:00,5688.3,5719.7,5664.9,5715.8,47542,0,0
2017-07-12 00:00:00+00:00,5716.4,5785.6,5709.3,5783.4,45230,0,0
2017-07-13 00:00:00+00:00,5783.3,5807.5,5774.6,5795.5,43506,0,0
2017-07-14 00:00:00+00:00,5793.6,5844.8,5784.2,5840.4,35342,0,0
2017-07-17 00:00:00+00:00,5842.8,5860.1,5828.9,5855.4,36063,0,0
2017-07-18 00:00:00+00:00,5854.6,5895.1,5817.9,5893.3,41008,0,0
2017-07-19 00:00:00+00:00,5891.8,5922.6,5885.6,5916.1,35092,0,0
2017-07-20 00:00:00+00:00,5915.3,5934.7,5894.9,5927.2,37944,0,0
2017-07-21 00:00:00+00:00,5926.9,5927.4,5887.9,5917.1,40160,0,0
2017-07-24 00:00:00+00:00,5917.1,5953.6,5902.1,5923.6,33597,0,0
2017-07-25 00:00:00+00:00,5924.5,5945.3,5915.1,5932.0,37179,0,0
2017-07-26 00:00:00+00:00,5931.5,5956.7,5925.2,5951.5,35715,0,0
2017-07-27 00:00:00+00:00,5952.2,5995.0,5844.3,5903.6,67778,0,0
2017-07-28 00:00:00+00:00,5903.3,5917.0,5848.2,5911.0,55963,0,0
2017-07-31 00:00:00+00:00,5907.3,5931.7,5869.8,5883.4,47280,0,0
2017-08-01 00:00:00+00:00,5885.3,5929.8,5874.0,5929.3,40305,0,0
2017-08-02 00:00:00+00:00,5928.8,5946.1,5856.3,5914.6,55404,0,0
2017-08-03 00:00:00+00:00,5914.0,5922.9,5877.4,5888.2,44185,0,0
2017-08-04 00:00:00+00:00,5887.8,5912.2,5874.4,5898.3,42178,0,0
2017-08-07 00:00:00+00:00,5900.2,5937.5,5897.6,5936.8,25909,0,0
2017-08-08 00:00:00+00:00,5936.5,5973.1,5908.6,5913.8,36932,0,0
2017-08-09 00:00:00+00:00,5915.5,5924.6,5862.4,5923.6,61101,0,0
2017-08-10 00:00:00+00:00,5922.4,5922.4,5764.6,5768.9,70119,0,0
2017-08-11 00:00:00+00:00,5769.2,5843.7,5758.0,5836.5,67082,0,0
2017-08-14 00:00:00+00:00,5841.0,5916.2,5840.9,5912.5,42811,0,0
2017-08-15 00:00:00+00:00,5911.4,5940.2,5892.4,5909.7,44110,0,0
2017-08-16 00:00:00+00:00,5908.8,5944.9,5897.4,5915.0,47277,0,0
2017-08-17 00:00:00+00:00,5914.5,5918.2,5781.0,5788.5,69613,0,0
2017-08-18 00:00:00+00:00,5787.2,5830.5,5768.0,5796.5,72034,0,0
2017-08-21 00:00:00+00:00,5806.4,5810.9,5747.8,5791.7,57150,0,0
2017-08-22 00:00:00+00:00,5791.1,5878.1,5789.6,5875.6,35479,0,0
2017-08-23 00:00:00+00:00,5875.1,5879.3,5836.8,5840.0,44240,0,0
2017-08-24 00:00:00+00:00,5840.7,5871.3,5800.8,5842.9,54419,0,0
2017-08-25 00:00:00+00:00,5841.8,5871.9,5814.9,5823.6,52080,0,0
2017-08-28 00:00:00+00:00,5809.4,5854.0,5798.8,5842.0,45248,0,0
2017-08-29 00:00:00+00:00,5843.2,5872.1,5773.2,5865.0,66096,0,0
2017-08-30 00:00:00+00:00,5864.9,5940.8,5858.8,5931.0,43234,0,0
2017-08-31 00:00:00+00:00,5932.0,5995.3,5928.7,5992.5,42036,0,0
2017-09-01 00:00:00+00:00,5992.6,6016.5,5971.2,5985.3,40643,0,0
2017-09-04 00:00:00+00:00,5950.7,5978.8,5943.3,5975.6,19890,0,0
2017-09-05 00:00:00+00:00,5972.7,5981.6,5887.8,5938.1,66600,0,0
2017-09-06 00:00:00+00:00,5938.8,5964.1,5907.8,5949.6,57295,0,0
2017-09-07 00:00:00+00:00,5947.7,5978.7,5939.4,5966.1,70305,0,0
2017-09-08 00:00:00+00:00,5966.8,5969.2,5904.6,5913.7,56650,0,0
2017-09-11 00:00:00+00:00,5942.5,5990.0,5937.3,5983.2,51419,0,0
2017-09-12 00:00:00+00:00,5981.5,6002.3,5965.9,5998.9,77299,0,0
2017-09-13 00:00:00+00:00,5999.2,6003.4,5973.9,6001.3,47455,0,0
2017-09-14 00:00:00+00:00,5997.0,5999.2,5961.3,5962.8,39730,0,0
2017-09-15 00:00:00+00:00,5961.7,6007.9,5936.8,5987.3,54178,0,0
2017-09-18 00:00:00+00:00,5990.0,6012.4,5961.7,5982.5,44576,0,0
2017-09-19 00:00:00+00:00,5984.1,5998.9,5969.3,5987.4,49727,0,0
2017-09-20 00:00:00+00:00,5985.7,5994.7,5924.9,5971.3,68300,0,0
2017-09-21 00:00:00+00:00,5968.9,5974.4,5913.4,5936.9,64701,0,0
2017-09-22 00:00:00+00:00,5938.0,5939.6,5905.6,5929.0,49290,0,0
2017-09-25 00:00:00+00:00,5924.5,5948.4,5835.0,5873.3,88494,0,0
2017-09-26 00:00:00+00:00,5873.7,5906.9,5857.1,5885.1,70165,0,0
2017-09-27 00:00:00+00:00,5884.7,5957.2,5880.8,5932.3,68026,0,0
2017-09-28 00:00:00+00:00,5930.4,5942.5,5905.8,5934.0,49206,0,0
2017-09-29 00:00:00+00:00,5931.8,5979.7,5927.4,5972.9,43687,0,0
2017-10-02 00:00:00+00:00,5977.9,6004.9,5953.5,5980.8,49535,0,0
2017-10-03 00:00:00+00:00,5979.5,5999.9,5974.0,5993.9,38012,0,0
2017-10-04 00:00:00+00:00,5991.9,6009.7,5973.9,5998.8,41273,0,0
2017-10-05 00:00:00+00:00,5997.9,6063.2,5996.3,6057.7,47069,0,0
2017-10-06 00:00:00+00:00,6057.3,6066.7,6033.1,6059.8,40176,0,0
2017-10-09 00:00:00+00:00,6060.3,6079.2,6050.2,6057.7,33252,0,0
2017-10-10 00:00:00+00:00,6057.9,6083.7,6034.1,6060.8,47181,0,0
2017-10-11 00:00:00+00:00,6059.7,6081.4,6048.7,6078.4,35277,0,0
2017-10-12 00:00:00+00:00,6077.9,6092.2,6061.5,6069.3,36839,0,0
2017-10-13 00:00:00+00:00,6067.3,6100.2,6064.1,6095.6,35026,0,0
2017-10-16 00:00:00+00:00,6097.7,6117.7,6094.0,6116.2,33290,0,0
2017-10-17 00:00:00+00:00,6115.4,6121.7,6101.3,6118.2,29165,0,0
2017-10-18 00:00:00+00:00,6118.8,6128.9,6104.4,6115.4,34054,0,0
2017-10-19 00:00:00+00:00,6116.3,6119.1,6048.4,6095.9,68746,0,0
2017-10-20 00:00:00+00:00,6093.3,6126.9,6087.9,6108.2,44419,0,0
2017-10-23 00:00:00+00:00,6109.8,6122.7,6059.2,6063.8,36751,0,0
2017-10-24 00:00:00+00:00,6062.8,6090.7,6055.3,6072.3,41367,0,0
2017-10-25 00:00:00+00:00,6071.8,6085.7,6008.6,6064.4,80859,0,0
2017-10-26 00:00:00+00:00,6063.3,6095.3,6034.4,6088.3,67309,0,0
2017-10-27 00:00:00+00:00,6091.0,6224.8,6078.3,6215.1,72266,0,0
2017-10-30 00:00:00+00:00,6209.7,6250.7,6201.4,6220.7,64837,0,0
2017-10-31 00:00:00+00:00,6218.9,6257.9,6218.7,6250.4,38786,0,0
2017-11-01 00:00:00+00:00,6252.7,6283.5,6222.9,6234.5,82556,0,0
2017-11-02 00:00:00+00:00,6228.9,6261.8,6191.9,6258.0,102535,0,0
2017-11-03 00:00:00+00:00,6249.8,6295.9,6235.2,6288.9,60294,0,0
2017-11-06 00:00:00+00:00,6286.3,6316.7,6267.6,6312.2,64465,0,0
2017-11-07 00:00:00+00:00,6310.4,6331.6,6296.7,6314.5,66546,0,0
2017-11-08 00:00:00+00:00,6309.2,6345.9,6301.9,6340.9,45554,0,0
2017-11-09 00:00:00+00:00,6341.0,6351.6,6245.3,6313.2,120445,0,0
2017-11-10 00:00:00+00:00,6310.2,6318.0,6278.7,6306.4,81195,0,0
2017-11-13 00:00:00+00:00,6309.4,6323.2,6279.4,6311.4,53278,0,0
2017-11-14 00:00:00+00:00,6309.4,6316.4,6261.2,6292.5,62498,0,0
2017-11-15 00:00:00+00:00,6289.3,6289.6,6226.2,6259.2,84668,0,0
2017-11-16 00:00:00+00:00,6258.8,6352.7,6254.9,6340.1,57968,0,0
2017-11-17 00:00:00+00:00,6336.4,6345.9,6306.4,6307.4,57759,0,0
2017-11-20 00:00:00+00:00,6306.8,6323.4,6286.2,6311.4,59897,0,0
2017-11-21 00:00:00+00:00,6309.5,6379.7,6305.6,6373.8,39117,0,0
2017-11-22 00:00:00+00:00,6372.8,6389.7,6369.6,6382.1,36150,0,0
2017-11-23 00:00:00+00:00,6381.8,6392.2,6370.3,6379.4,14510,0,0
2017-11-24 00:00:00+00:00,6377.0,6409.9,6374.2,6408.8,24823,0,0
2017-11-27 00:00:00+00:00,6408.5,6420.7,6391.2,6411.0,47314,0,0
2017-11-28 00:00:00+00:00,6405.1,6424.7,6384.2,6418.4,69493,0,0
2017-11-29 00:00:00+00:00,6416.9,6423.5,6278.4,6299.5,135759,0,0
2017-11-30 00:00:00+00:00,6302.0,6372.4,6284.3,6351.1,112592,0,0
2017-12-01 00:00:00+00:00,6350.0,6364.2,6241.8,6341.4,173809,0,0
2017-12-04 00:00:00+00:00,6384.0,6386.2,6245.9,6255.2,144468,0,0
2017-12-05 00:00:00+00:00,6256.9,6335.9,6228.3,6264.7,120888,0,0
2017-12-06 00:00:00+00:00,6268.0,6303.3,6228.8,6297.1,149411,0,0
2017-12-07 00:00:00+00:00,6292.9,6331.9,6284.4,6320.4,122542,0,0
2017-12-08 00:00:00+00:00,6321.5,6375.1,6316.8,6337.8,80927,0,0
2017-12-11 00:00:00+00:00,6345.8,6406.9,6337.2,6402.3,92512,0,0
2017-12-12 00:00:00+00:00,6400.4,6405.2,6369.1,6381.5,109973,0,0
2017-12-13 00:00:00+00:00,6379.9,6416.6,6363.0,6396.9,92101,0,0
2017-12-14 00:00:00+00:00,6397.3,6422.2,6383.0,6384.8,83496,0,0
2017-12-15 00:00:00+00:00,6403.4,6479.7,6383.4,6478.4,85861,0,0
2017-12-18 00:00:00+00:00,6478.8,6521.2,6478.8,6513.6,53204,0,0
2017-12-19 00:00:00+00:00,6514.3,6524.9,6459.1,6482.7,68590,0,0
2017-12-20 00:00:00+00:00,6482.3,6509.2,6443.9,6465.4,69390,0,0
2017-12-21 00:00:00+00:00,6467.7,6500.9,6456.6,6469.9,65194,0,0
2017-12-22 00:00:00+00:00,6470.3,6481.9,6447.9,6463.8,56564,0,0
2017-12-26 00:00:00+00:00,6457.9,6460.7,6412.8,6438.6,29961,0,0
2017-12-27 00:00:00+00:00,6440.2,6451.6,6418.1,6428.7,60210,0,0
2017-12-28 00:00:00+00:00,6429.3,6453.9,6427.5,6433.8,40108,0,0
2017-12-29 00:00:00+00:00,6435.8,6456.9,6374.9,6385.4,44753,0,0
2018-01-02 00:00:00+00:00,6410.5,6514.3,6388.9,6506.3,44424,0,0
2018-01-03 00:00:00+00:00,6503.9,6581.9,6503.1,6574.2,53119,0,0
2018-01-04 00:00:00+00:00,6574.8,6607.6,6570.6,6596.8,65521,0,0
2018-01-05 00:00:00+00:00,6597.8,6660.3,6590.3,6658.4,42570,0,0
2018-01-08 00:00:00+00:00,6660.5,6680.8,6643.7,6678.8,63960,0,0
2018-01-09 00:00:00+00:00,6679.0,6697.7,6657.4,6671.7,76582,0,0
2018-01-10 00:00:00+00:00,6670.0,6677.4,6618.7,6666.7,109750,0,0
2018-01-11 00:00:00+00:00,6664.5,6718.9,6654.3,6713.9,78065,0,0
2018-01-12 00:00:00+00:00,6713.5,6767.8,6693.6,6765.4,78135,0,0
2018-01-15 00:00:00+00:00,6775.8,6788.7,6763.4,6771.2,38737,0,0
2018-01-16 00:00:00+00:00,6773.3,6835.9,6719.2,6751.4,145462,0,0
2018-01-17 00:00:00+00:00,6754.2,6824.5,6735.3,6811.5,120768,0,0
2018-01-18 00:00:00+00:00,6810.9,6826.2,6784.2,6803.5,103678,0,0
2018-01-19 00:00:00+00:00,6806.4,6844.6,6790.1,6832.9,67706,0,0
2018-01-22 00:00:00+00:00,6817.3,6929.5,6812.7,6920.3,51381,0,0
2018-01-23 00:00:00+00:00,6918.9,6969.4,6908.4,6948.7,73135,0,0
2018-01-24 00:00:00+00:00,6944.4,6992.4,6876.9,6921.8,104604,0,0
2018-01-25 00:00:00+00:00,6918.9,6975.6,6890.6,6926.0,81747,0,0
2018-01-26 00:00:00+00:00,6925.4,7019.3,6922.8,7017.6,69539,0,0
2018-01-29 00:00:00+00:00,7020.4,7035.4,6965.0,6979.9,94874,0,0
2018-01-30 00:00:00+00:00,6980.9,6991.1,6890.0,6927.9,121481,0,0
2018-01-31 00:00:00+00:00,6929.2,6979.2,6910.1,6917.8,110390,0,0
2018-02-01 00:00:00+00:00,6968.0,6976.2,6873.6,6923.1,83677,0,0
2018-02-02 00:00:00+00:00,6945.3,6952.2,6749.3,6750.5,184856,0,0
2018-02-05 00:00:00+00:00,6731.8,6806.7,6382.5,6459.9,151662,0,0
2018-02-06 00:00:00+00:00,6469.3,6673.2,6254.0,6628.2,316485,0,0
2018-02-07 00:00:00+00:00,6651.9,6711.0,6525.7,6542.5,250366,0,0
2018-02-08 00:00:00+00:00,6541.9,6611.9,6296.3,6329.6,247258,0,0
2018-02-09 00:00:00+00:00,6325.1,6448.7,6157.3,6407.4,300729,0,0
2018-02-12 00:00:00+00:00,6433.3,6561.3,6408.3,6520.3,211394,0,0
2018-02-13 00:00:00+00:00,6525.6,6563.8,6464.6,6553.7,181786,0,0
2018-02-14 00:00:00+00:00,6546.8,6682.1,6450.9,6667.0,183279,0,0
2018-02-15 00:00:00+00:00,6672.0,6818.3,6661.6,6811.7,162216,0,0
2018-02-16 00:00:00+00:00,6808.7,6851.2,6753.8,6779.3,153240,0,0
2018-02-19 00:00:00+00:00,6782.5,6811.9,6750.7,6772.5,46069,0,0
2018-02-20 00:00:00+00:00,6778.8,6838.1,6717.6,6785.8,163144,0,0
2018-02-21 00:00:00+00:00,6783.8,6878.1,6734.3,6748.8,164776,0,0
2018-02-22 00:00:00+00:00,6747.0,6825.3,6689.6,6790.0,177883,0,0
2018-02-23 00:00:00+00:00,6786.5,6905.8,6777.5,6903.1,132279,0,0
2018-02-26 00:00:00+00:00,6913.0,7002.0,6885.5,6999.0,100155,0,0
2018-02-27 00:00:00+00:00,6997.2,7003.6,6899.7,6908.0,168745,0,0
2018-02-28 00:00:00+00:00,6913.5,6966.0,6854.0,6876.3,171430,0,0
2018-03-01 00:00:00+00:00,6874.6,6894.4,6685.3,6761.4,262734,0,0
2018-03-02 00:00:00+00:00,6765.5,6818.8,6642.6,6802.5,248416,0,0
2018-03-05 00:00:00+00:00,6789.0,6900.6,6739.7,6876.0,197052,0,0
2018-03-06 00:00:00+00:00,6879.2,6936.3,6869.1,6906.7,162203,0,0
2018-03-07 00:00:00+00:00,6829.3,6933.3,6795.9,6919.6,175498,0,0
2018-03-08 00:00:00+00:00,6918.2,6973.0,6910.2,6968.6,118351,0,0
2018-03-09 00:00:00+00:00,6964.0,7100.2,6960.3,7094.4,99927,0,0
2018-03-12 00:00:00+00:00,7100.3,7156.6,7097.8,7133.5,82132,0,0
2018-03-13 00:00:00+00:00,7132.8,7186.8,7023.8,7043.6,136386,0,0
2018-03-14 00:00:00+00:00,7034.2,7096.2,7011.2,7033.9,135905,0,0
2018-03-15 00:00:00+00:00,7036.1,7074.3,7002.0,7049.9,119683,0,0
2018-03-16 00:00:00+00:00,7047.7,7060.1,7008.7,7019.6,79960,0,0
2018-03-19 00:00:00+00:00,7016.5,7018.5,6798.4,6891.2,141247,0,0
2018-03-20 00:00:00+00:00,6885.6,6904.8,6840.3,6894.8,292057,0,0
2018-03-21 00:00:00+00:00,6891.6,6927.2,6819.8,6859.4,267679,0,0
2018-03-22 00:00:00+00:00,6860.9,6891.9,6664.1,6673.0,436168,0,0
2018-03-23 00:00:00+00:00,6665.8,6699.0,6500.4,6532.2,500955,0,0
2018-03-26 00:00:00+00:00,6516.8,6761.1,6507.2,6758.7,428857,0,0
2018-03-27 00:00:00+00:00,6758.1,6831.7,6472.6,6534.7,414350,0,0
2018-03-28 00:00:00+00:00,6528.7,6566.9,6407.8,6475.1,522058,0,0
2018-03-29 00:00:00+00:00,6475.8,6640.2,6431.8,6557.3,441928,0,0
2018-04-02 00:00:00+00:00,6561.6,6575.9,6316.4,6401.7,355719,0,0
2018-04-03 00:00:00+00:00,6398.7,6484.0,6340.9,6458.2,397384,0,0
2018-04-04 00:00:00+00:00,6452.1,6579.4,6291.6,6569.1,432691,0,0
2018-04-05 00:00:00+00:00,6574.5,6641.8,6546.9,6593.6,373823,0,0
2018-04-06 00:00:00+00:00,6591.9,6599.1,6397.3,6441.3,434563,0,0
2018-04-09 00:00:00+00:00,6462.3,6607.3,6450.2,6482.8,377741,0,0
2018-04-10 00:00:00+00:00,6477.6,6640.7,6461.0,6611.9,431096,0,0
2018-04-11 00:00:00+00:00,6615.2,6652.8,6540.3,6583.8,350769,0,0
2018-04-12 00:00:00+00:00,6585.5,6683.7,6579.6,6663.1,297773,0,0
2018-04-13 00:00:00+00:00,6647.1,6703.1,6596.6,6629.4,308960,0,0
2018-04-16 00:00:00+00:00,6668.1,6710.6,6630.8,6693.2,287723,0,0
2018-04-17 00:00:00+00:00,6696.2,6836.1,6690.2,6816.9,257544,0,0
2018-04-18 00:00:00+00:00,6814.3,6858.5,6789.0,6838.1,242745,0,0
2018-04-19 00:00:00+00:00,6847.2,6858.7,6747.7,6769.5,311416,0,0
2018-04-20 00:00:00+00:00,6773.2,6782.8,6639.2,6669.8,309568,0,0
2018-04-23 00:00:00+00:00,6703.8,6721.8,6610.8,6652.7,298205,0,0
2018-04-24 00:00:00+00:00,6656.1,6711.8,6461.8,6520.5,374712,0,0
2018-04-25 00:00:00+00:00,6520.0,6570.5,6424.4,6566.6,369571,0,0
2018-04-26 00:00:00+00:00,6593.5,6786.1,6554.0,6736.4,344864,0,0
2018-04-27 00:00:00+00:00,6735.6,6766.0,6617.0,6663.2,412777,0,0
2018-04-30 00:00:00+00:00,6661.3,6713.0,6591.2,6598.5,340340,0,0
2018-05-01 00:00:00+00:00,6604.0,6735.9,6575.1,6714.2,299782,0,0
2018-05-02 00:00:00+00:00,6712.8,6725.7,6621.3,6624.3,323765,0,0
2018-05-03 00:00:00+00:00,6624.9,6666.5,6534.9,6662.3,429287,0,0
2018-05-04 00:00:00+00:00,6662.1,6783.5,6606.5,6771.8,336636,0,0
2018-05-07 00:00:00+00:00,6770.0,6846.8,6770.0,6813.9,273701,0,0
2018-05-08 00:00:00+00:00,6811.8,6832.9,6764.3,6815.4,332437,0,0
2018-05-09 00:00:00+00:00,6820.1,6894.4,6802.3,6890.5,238417,0,0
2018-05-10 00:00:00+00:00,6890.6,6965.3,6882.5,6945.7,207475,0,0
2018-05-11 00:00:00+00:00,6947.0,6971.2,6918.9,6950.9,204291,0,0
2018-05-14 00:00:00+00:00,6967.0,7004.8,6947.3,6959.8,208748,0,0
2018-05-15 00:00:00+00:00,6963.1,6968.1,6846.2,6882.5,273800,0,0
2018-05-16 00:00:00+00:00,6880.7,6940.9,6863.8,6922.5,221856,0,0
2018-05-17 00:00:00+00:00,6922.2,6948.9,6862.4,6891.7,228469,0,0
2018-05-18 00:00:00+00:00,6889.4,6923.0,6849.6,6861.1,248679,0,0
2018-05-21 00:00:00+00:00,6928.0,6945.1,6870.0,6902.7,205279,0,0
2018-05-22 00:00:00+00:00,6902.5,6943.5,6878.6,6896.3,186699,0,0
2018-05-23 00:00:00+00:00,6893.9,6949.9,6818.6,6945.1,286916,0,0
2018-05-24 00:00:00+00:00,6946.6,6963.0,6874.6,6944.6,263869,0,0
2018-05-25 00:00:00+00:00,6948.2,6992.8,6932.2,6948.1,260736,0,0
2018-05-28 00:00:00+00:00,6972.8,6997.5,6960.2,6983.5,85046,0,0
2018-05-29 00:00:00+00:00,6979.4,6984.4,6881.0,6938.0,368424,0,0
2018-05-30 00:00:00+00:00,6935.1,6983.6,6908.6,6972.9,239927,0,0
2018-05-31 00:00:00+00:00,6961.5,7013.8,6948.3,6972.2,308295,0,0
2018-06-01 00:00:00+00:00,6970.8,7081.2,6968.8,7072.7,214360,0,0
2018-06-04 00:00:00+00:00,7070.0,7143.6,7064.9,7141.2,205311,0,0
2018-06-05 00:00:00+00:00,7140.4,7179.7,7129.8,7174.9,199630,0,0
2018-06-06 00:00:00+00:00,7174.4,7215.4,7139.5,7210.0,188830,0,0
2018-06-07 00:00:00+00:00,7208.4,7226.3,7109.4,7153.8,250560,0,0
2018-06-08 00:00:00+00:00,7147.5,7155.8,7070.9,7144.0,159718,0,0
2018-06-11 00:00:00+00:00,7130.7,7183.5,7121.5,7159.4,151268,0,0
2018-06-12 00:00:00+00:00,7161.1,7211.6,7150.3,7210.2,148998,0,0
2018-06-13 00:00:00+00:00,7207.5,7258.1,7190.7,7201.6,176175,0,0
2018-06-14 00:00:00+00:00,7204.9,7293.5,7178.0,7283.5,199566,0,0
2018-06-15 00:00:00+00:00,7277.1,7290.8,7219.6,7255.7,249677,0,0
2018-06-18 00:00:00+00:00,7253.7,7266.5,7185.2,7250.2,165759,0,0
2018-06-19 00:00:00+00:00,7250.0,7254.6,7135.4,7232.2,306712,0,0
2018-06-20 00:00:00+00:00,7231.5,7311.8,7203.9,7290.6,151363,0,0
2018-06-21 00:00:00+00:00,7290.0,7335.1,7204.6,7206.6,190029,0,0
2018-06-22 00:00:00+00:00,7205.5,7252.9,7177.7,7201.6,146743,0,0
2018-06-25 00:00:00+00:00,7200.4,7202.5,6977.2,7049.8,248383,0,0
2018-06-26 00:00:00+00:00,7051.0,7110.1,7021.3,7071.8,186522,0,0
2018-06-27 00:00:00+00:00,7080.6,7131.7,6968.4,6979.2,242505,0,0
2018-06-28 00:00:00+00:00,6974.6,7056.4,6936.6,7038.2,227919,0,0
2018-06-29 00:00:00+00:00,7042.9,7103.3,7026.5,7053.1,171868,0,0
2018-07-02 00:00:00+00:00,7058.7,7100.6,6968.9,7096.7,230436,0,0
2018-07-03 00:00:00+00:00,7093.5,7146.7,7005.9,7007.0,175590,0,0
2018-07-04 00:00:00+00:00,7001.0,7035.5,6998.9,7025.0,61075,0,0
2018-07-05 00:00:00+00:00,7023.1,7108.4,6998.8,7106.0,201160,0,0
2018-07-06 00:00:00+00:00,7097.0,7218.3,7082.0,7212.9,201598,0,0
2018-07-09 00:00:00+00:00,7218.5,7285.3,7216.0,7283.8,130010,0,0
2018-07-10 00:00:00+00:00,7281.4,7315.5,7242.6,7255.6,144092,0,0
2018-07-11 00:00:00+00:00,7253.5,7273.0,7188.0,7237.4,228055,0,0
2018-07-12 00:00:00+00:00,7241.4,7369.9,7233.3,7364.7,158615,0,0
2018-07-13 00:00:00+00:00,7363.6,7397.2,7350.8,7376.0,136656,0,0
2018-07-16 00:00:00+00:00,7387.0,7398.3,7300.2,7304.7,140684,0,0
2018-07-17 00:00:00+00:00,7302.4,7420.8,7278.2,7409.2,154416,0,0
2018-07-18 00:00:00+00:00,7411.8,7423.2,7367.8,7384.9,124787,0,0
2018-07-19 00:00:00+00:00,7385.9,7402.3,7341.3,7353.6,162516,0,0
2018-07-20 00:00:00+00:00,7370.7,7400.3,7337.5,7345.9,179715,0,0
2018-07-23 00:00:00+00:00,7345.9,7420.9,7300.3,7410.3,153135,0,0
2018-07-24 00:00:00+00:00,7407.9,7478.7,7376.2,7399.9,185379,0,0
2018-07-25 00:00:00+00:00,7401.4,7518.1,7386.8,7472.5,174066,0,0
2018-07-26 00:00:00+00:00,7393.9,7437.2,7354.9,7414.2,202992,0,0
2018-07-27 00:00:00+00:00,7420.3,7455.7,7253.2,7290.4,255283,0,0
2018-07-30 00:00:00+00:00,7285.5,7299.0,7156.7,7198.1,248556,0,0
2018-07-31 00:00:00+00:00,7198.9,7288.1,7179.1,7282.1,216563,0,0
2018-08-01 00:00:00+00:00,7282.2,7293.9,7231.1,7274.4,222678,0,0
2018-08-02 00:00:00+00:00,7280.1,7384.3,7204.7,7380.9,216311,0,0
2018-08-03 00:00:00+00:00,7378.6,7405.4,7352.7,7393.2,183437,0,0
2018-08-06 00:00:00+00:00,7402.4,7440.1,7378.1,7432.9,149380,0,0
2018-08-07 00:00:00+00:00,7431.2,7477.3,7431.0,7468.9,141690,0,0
2018-08-08 00:00:00+00:00,7464.9,7486.8,7433.5,7452.8,125933,0,0
2018-08-09 00:00:00+00:00,7455.9,7495.9,7450.1,7459.9,115352,0,0
2018-08-10 00:00:00+00:00,7460.1,7460.2,7379.2,7415.8,194291,0,0
2018-08-13 00:00:00+00:00,7404.1,7468.9,7369.0,7408.5,209456,0,0
2018-08-14 00:00:00+00:00,7413.5,7455.1,7387.7,7450.9,161667,0,0
2018-08-15 00:00:00+00:00,7449.1,7452.3,7306.0,7368.2,259793,0,0
2018-08-16 00:00:00+00:00,7365.3,7421.2,7350.7,7367.6,183683,0,0
2018-08-17 00:00:00+00:00,7367.1,7393.2,7309.3,7374.7,195532,0,0
2018-08-20 00:00:00+00:00,7381.1,7408.6,7340.2,7369.2,158133,0,0
2018-08-21 00:00:00+00:00,7368.5,7440.4,7357.7,7364.9,137905,0,0
2018-08-22 00:00:00+00:00,7360.5,7429.7,7340.4,7417.6,126897,0,0
2018-08-23 00:00:00+00:00,7421.4,7461.4,7398.6,7409.9,97639,0,0
2018-08-24 00:00:00+00:00,7411.3,7488.2,7410.3,7483.5,116886,0,0
2018-08-28 00:00:00+00:00,7579.1,7589.1,7556.6,7572.9,49750,0,0
2018-08-29 00:00:00+00:00,7569.6,7666.3,7569.6,7664.6,49361,0,0
2018-08-30 00:00:00+00:00,7664.6,7689.4,7618.7,7634.6,71375,0,0
2018-08-31 00:00:00+00:00,7631.4,7674.9,7626.4,7666.6,68287,0,0
2018-09-03 00:00:00+00:00,7662.8,7680.5,7652.8,7675.0,22892,0,0
2018-09-04 00:00:00+00:00,7673.8,7687.2,7581.3,7637.2,87290,0,0
2018-09-05 00:00:00+00:00,7636.9,7638.1,7498.6,7531.6,104257,0,0
2018-09-06 00:00:00+00:00,7527.4,7539.0,7404.0,7449.2,106834,0,0
2018-09-07 00:00:00+00:00,7448.7,7489.4,7388.6,7428.9,120489,0,0
2018-09-10 00:00:00+00:00,7428.8,7480.5,7411.0,7456.2,89163,0,0
2018-09-11 00:00:00+00:00,7456.2,7520.8,7401.4,7510.0,90052,0,0
2018-09-12 00:00:00+00:00,7510.9,7537.9,7422.4,7479.4,108455,0,0
2018-09-13 00:00:00+00:00,7477.9,7579.0,7467.0,7562.5,86555,0,0
2018-09-14 00:00:00+00:00,7559.7,7595.9,7517.4,7541.9,54692,0,0
2018-09-17 00:00:00+00:00,7533.5,7546.7,7430.0,7435.5,79272,0,0
2018-09-18 00:00:00+00:00,7435.7,7535.9,7395.0,7501.0,77332,0,0
2018-09-19 00:00:00+00:00,7499.8,7518.1,7443.1,7501.4,68870,0,0
2018-09-20 00:00:00+00:00,7501.2,7589.4,7486.6,7586.1,64431,0,0
2018-09-21 00:00:00+00:00,7573.2,7609.9,7521.1,7521.1,68774,0,0
2018-09-24 00:00:00+00:00,7513.2,7568.8,7449.6,7566.6,77357,0,0
2018-09-25 00:00:00+00:00,7566.8,7578.9,7526.9,7573.4,65093,0,0
2018-09-26 00:00:00+00:00,7573.1,7643.5,7553.2,7566.2,68248,0,0
2018-09-27 00:00:00+00:00,7566.0,7662.0,7562.2,7640.0,65888,0,0
2018-09-28 00:00:00+00:00,7638.4,7652.5,7593.5,7643.7,82608,0,0
2018-10-01 00:00:00+00:00,7648.6,7706.4,7630.2,7652.2,85674,0,0
2018-10-02 00:00:00+00:00,7649.7,7690.6,7608.2,7635.7,93357,0,0
2018-10-03 00:00:00+00:00,7631.8,7682.2,7619.9,7629.6,82210,0,0
2018-10-04 00:00:00+00:00,7627.3,7627.6,7434.5,7500.8,125632,0,0
2018-10-05 00:00:00+00:00,7501.3,7518.1,7325.9,7416.9,133892,0,0
2018-10-08 00:00:00+00:00,7425.7,7432.9,7267.3,7372.5,135667,0,0
2018-10-09 00:00:00+00:00,7371.1,7436.3,7318.2,7375.8,119097,0,0
2018-10-10 00:00:00+00:00,7374.9,7393.6,6981.8,6985.0,158518,0,0
2018-10-11 00:00:00+00:00,6991.7,7121.9,6892.3,7027.7,192812,0,0
2018-10-12 00:00:00+00:00,7023.9,7182.1,7019.0,7168.6,151049,0,0
2018-10-15 00:00:00+00:00,7161.9,7163.1,7044.3,7055.8,131875,0,0
2018-10-16 00:00:00+00:00,7053.8,7345.3,7050.8,7328.0,124437,0,0
2018-10-17 00:00:00+00:00,7329.7,7355.0,7208.9,7302.4,137411,0,0
2018-10-18 00:00:00+00:00,7291.3,7293.3,7081.9,7142.4,143524,0,0
2018-10-19 00:00:00+00:00,7140.5,7231.6,7081.2,7092.4,148515,0,0
2018-10-22 00:00:00+00:00,7061.8,7199.3,7046.3,7146.6,158472,0,0
2018-10-23 00:00:00+00:00,7146.6,7153.0,6934.0,7129.2,182956,0,0
2018-10-24 00:00:00+00:00,7124.1,7163.1,6776.5,6864.0,178347,0,0
2018-10-25 00:00:00+00:00,6865.9,7066.0,6807.3,6879.7,192916,0,0
2018-10-26 00:00:00+00:00,6879.5,6977.0,6725.2,6859.0,239833,0,0
2018-10-29 00:00:00+00:00,6881.7,6983.7,6573.1,6713.8,210745,0,0
2018-10-30 00:00:00+00:00,6704.2,6841.5,6653.4,6834.5,214387,0,0
2018-10-31 00:00:00+00:00,6855.4,7030.8,6808.5,6951.1,191827,0,0
2018-11-01 00:00:00+00:00,6944.8,7072.3,6929.3,7020.0,166859,0,0
2018-11-02 00:00:00+00:00,6967.4,7135.3,6905.6,6968.7,190346,0,0
2018-11-05 00:00:00+00:00,6961.1,6992.8,6859.5,6943.7,138524,0,0
2018-11-06 00:00:00+00:00,6943.2,7027.7,6900.6,7007.1,132894,0,0
2018-11-07 00:00:00+00:00,6999.1,7218.5,6965.1,7213.7,158032,0,0
2018-11-08 00:00:00+00:00,7200.6,7220.1,7123.1,7140.7,133785,0,0
2018-11-09 00:00:00+00:00,7135.5,7156.9,6980.4,7019.7,141580,0,0
2018-11-12 00:00:00+00:00,7014.6,7095.7,6818.4,6832.8,169448,0,0
2018-11-13 00:00:00+00:00,6836.4,6954.7,6794.6,6849.1,177355,0,0
2018-11-14 00:00:00+00:00,6846.4,6919.5,6736.8,6772.7,174381,0,0
2018-11-15 00:00:00+00:00,6772.5,6910.6,6702.4,6877.6,186658,0,0
2018-11-16 00:00:00+00:00,6878.1,6901.7,6796.8,6887.0,159583,0,0
2018-11-19 00:00:00+00:00,6864.9,6926.2,6624.9,6666.8,174660,0,0
2018-11-20 00:00:00+00:00,6655.7,6662.5,6442.2,6515.3,189596,0,0
2018-11-21 00:00:00+00:00,6519.5,6640.9,6501.9,6569.8,150589,0,0
2018-11-22 00:00:00+00:00,6573.1,6591.1,6500.4,6514.9,57495,0,0
2018-11-23 00:00:00+00:00,6516.0,6595.3,6489.5,6524.7,92597,0,0
2018-11-26 00:00:00+00:00,6537.0,6692.1,6524.9,6637.1,132382,0,0
2018-11-27 00:00:00+00:00,6635.0,6719.0,6609.6,6714.2,146147,0,0
2018-11-28 00:00:00+00:00,6714.0,6919.6,6705.8,6912.3,138058,0,0
2018-11-29 00:00:00+00:00,6904.3,6940.2,6840.4,6903.0,133710,0,0
2018-11-30 00:00:00+00:00,6901.3,6964.1,6868.8,6961.4,112746,0,0
2018-12-03 00:00:00+00:00,7047.5,7137.1,7014.6,7053.7,149587,0,0
2018-12-04 00:00:00+00:00,7049.2,7053.5,6781.9,6800.9,181020,0,0
2018-12-05 00:00:00+00:00,6794.0,6861.1,6789.5,6839.2,37933,0,0
2018-12-06 00:00:00+00:00,6829.0,6850.9,6628.2,6839.5,204493,0,0
2018-12-07 00:00:00+00:00,6833.4,6853.7,6593.2,6629.9,193901,0,0
2018-12-10 00:00:00+00:00,6592.7,6714.3,6535.7,6693.3,193966,0,0
2018-12-11 00:00:00+00:00,6694.0,6809.3,6651.6,6682.1,188543,0,0
2018-12-12 00:00:00+00:00,6683.4,6872.5,6683.4,6765.5,173729,0,0
2018-12-13 00:00:00+00:00,6765.8,6837.5,6722.9,6744.5,155872,0,0
2018-12-14 00:00:00+00:00,6744.5,6760.4,6583.6,6583.6,113987,0,0
2018-12-17 00:00:00+00:00,6575.3,6635.2,6401.4,6470.1,136056,0,0
2018-12-18 00:00:00+00:00,6468.0,6555.6,6434.8,6438.5,140981,0,0
2018-12-19 00:00:00+00:00,6438.5,6580.4,6279.0,6326.2,190921,0,0
2018-12-20 00:00:00+00:00,6327.9,6382.7,6159.6,6298.8,251280,0,0
2018-12-21 00:00:00+00:00,6291.7,6316.8,6009.5,6058.5,242327,0,0
2018-12-24 00:00:00+00:00,6010.2,6104.8,5870.1,5871.5,148217,0,0
2018-12-27 00:00:00+00:00,6258.3,6315.5,6037.1,6291.5,187217,0,0
2018-12-28 00:00:00+00:00,6291.8,6385.7,6227.2,6279.3,241896,0,0
2018-12-31 00:00:00+00:00,6331.3,6360.0,6266.7,6336.0,156529,0,0
2019-01-02 00:00:00+00:00,6332.5,6393.2,6138.2,6246.0,230973,0,0
2019-01-03 00:00:00+00:00,6246.0,6288.1,6133.6,6154.6,217962,0,0
2019-01-04 00:00:00+00:00,6154.2,6447.7,6122.1,6416.9,213514,0,0
2019-01-07 00:00:00+00:00,6437.1,6522.7,6390.8,6491.9,196286,0,0
2019-01-08 00:00:00+00:00,6491.2,6573.9,6455.3,6538.8,199449,0,0
2019-01-09 00:00:00+00:00,6538.9,6631.3,6533.1,6590.3,190484,0,0
2019-01-10 00:00:00+00:00,6590.3,6628.7,6515.0,6614.1,203481,0,0
2019-01-11 00:00:00+00:00,6611.9,6619.7,6559.8,6601.2,152130,0,0
2019-01-14 00:00:00+00:00,6585.2,6589.0,6510.7,6535.0,149609,0,0
2019-01-15 00:00:00+00:00,6533.1,6676.6,6530.6,6666.2,160601,0,0
2019-01-16 00:00:00+00:00,6664.6,6723.4,6650.9,6658.1,151258,0,0
2019-01-17 00:00:00+00:00,6657.3,6748.3,6601.0,6718.7,159526,0,0
2019-01-18 00:00:00+00:00,6710.2,6816.5,6700.9,6795.0,157770,0,0
2019-01-21 00:00:00+00:00,6777.4,6783.2,6732.1,6752.1,68256,0,0
2019-01-22 00:00:00+00:00,6742.8,6768.3,6602.7,6642.8,177874,0,0
2019-01-23 00:00:00+00:00,6640.7,6715.0,6583.8,6660.5,178832,0,0
2019-01-24 00:00:00+00:00,6654.1,6710.0,6644.7,6676.9,183764,0,0
2019-01-25 00:00:00+00:00,6673.4,6802.5,6668.7,6787.4,163172,0,0
2019-01-28 00:00:00+00:00,6774.1,6783.1,6642.3,6692.6,165938,0,0
2019-01-29 00:00:00+00:00,6688.6,6715.7,6611.7,6675.9,175314,0,0
2019-01-30 00:00:00+00:00,6676.4,6838.4,6652.0,6831.3,181230,0,0
2019-01-31 00:00:00+00:00,6843.4,6937.0,6833.4,6924.1,180277,0,0
2019-02-01 00:00:00+00:00,6897.8,6921.5,6854.8,6871.9,175631,0,0
2019-02-04 00:00:00+00:00,6854.4,6973.9,6852.1,6939.9,122145,0,0
2019-02-05 00:00:00+00:00,6929.2,7029.1,6923.5,7007.6,120869,0,0
2019-02-06 00:00:00+00:00,7003.8,7033.0,6966.9,6983.1,126986,0,0
2019-02-07 00:00:00+00:00,6980.7,6988.4,6850.9,6897.7,168307,0,0
2019-02-08 00:00:00+00:00,6897.7,6917.4,6832.8,6915.8,171521,0,0
2019-02-11 00:00:00+00:00,6917.8,6962.3,6888.4,6902.4,137777,0,0
2019-02-12 00:00:00+00:00,6898.6,7020.8,6896.7,7011.8,111191,0,0
2019-02-13 00:00:00+00:00,7008.2,7062.5,7004.7,7009.5,111101,0,0
2019-02-14 00:00:00+00:00,7006.2,7049.1,6964.0,7008.8,156551,0,0
2019-02-15 00:00:00+00:00,7008.4,7086.8,6967.7,7056.8,146471,0,0
2019-02-18 00:00:00+00:00,7056.1,7075.9,7049.4,7074.1,54703,0,0
2019-02-19 00:00:00+00:00,7069.9,7088.6,7029.4,7062.1,116574,0,0
2019-02-20 00:00:00+00:00,7056.5,7095.8,7023.2,7062.4,142838,0,0
2019-02-21 00:00:00+00:00,7060.7,7104.9,6996.4,7028.4,137990,0,0
2019-02-22 00:00:00+00:00,7028.4,7093.9,7011.4,7092.5,106632,0,0
2019-02-25 00:00:00+00:00,7104.1,7162.0,7095.6,7114.6,122084,0,0
2019-02-26 00:00:00+00:00,7113.5,7145.2,7067.4,7104.8,137638,0,0
2019-02-27 00:00:00+00:00,7099.5,7126.2,7042.5,7117.8,108364,0,0
2019-02-28 00:00:00+00:00,7112.4,7123.1,7065.3,7102.5,121077,0,0
2019-03-01 00:00:00+00:00,7096.8,7157.8,7091.2,7151.7,107748,0,0
2019-03-04 00:00:00+00:00,7176.1,7207.6,7070.3,7139.6,109344,0,0
2019-03-05 00:00:00+00:00,7137.8,7178.1,7120.1,7155.1,97227,0,0
2019-03-06 00:00:00+00:00,7145.8,7166.3,7102.8,7105.6,98782,0,0
2019-03-07 00:00:00+00:00,7102.2,7117.7,7000.6,7024.9,109105,0,0
2019-03-08 00:00:00+00:00,7023.8,7031.2,6936.2,7028.8,92551,0,0
2019-03-11 00:00:00+00:00,7020.4,7174.0,6996.3,7170.0,78481,0,0
2019-03-12 00:00:00+00:00,7168.8,7220.4,7158.6,7209.3,83958,0,0
2019-03-13 00:00:00+00:00,7208.0,7293.5,7180.0,7269.5,86858,0,0
2019-03-14 00:00:00+00:00,7268.9,7287.5,7236.5,7241.3,88682,0,0
2019-03-15 00:00:00+00:00,7244.4,7331.6,7241.1,7315.9,86478,0,0
2019-03-18 00:00:00+00:00,7310.4,7350.1,7292.5,7332.9,76399,0,0
2019-03-19 00:00:00+00:00,7334.0,7391.7,7321.7,7348.7,88726,0,0
2019-03-20 00:00:00+00:00,7349.4,7424.2,7317.0,7366.5,108162,0,0
2019-03-21 00:00:00+00:00,7371.0,7509.3,7334.4,7498.9,108403,0,0
2019-03-22 00:00:00+00:00,7495.3,7513.8,7321.8,7329.5,154960,0,0
2019-03-25 00:00:00+00:00,7352.0,7360.0,7259.8,7332.4,158309,0,0
2019-03-26 00:00:00+00:00,7328.4,7418.0,7311.2,7352.8,122149,0,0
2019-03-27 00:00:00+00:00,7351.4,7376.8,7249.5,7297.0,139561,0,0
2019-03-28 00:00:00+00:00,7294.6,7344.7,7261.5,7328.7,128611,0,0
2019-03-29 00:00:00+00:00,7328.0,7388.7,7324.6,7387.4,102934,0,0
2019-04-01 00:00:00+00:00,7410.8,7482.3,7408.6,7473.3,100884,0,0
2019-04-02 00:00:00+00:00,7467.8,7506.9,7458.8,7490.3,79188,0,0
2019-04-03 00:00:00+00:00,7492.5,7591.2,7487.7,7555.2,93278,0,0
2019-04-04 00:00:00+00:00,7554.2,7570.9,7495.4,7535.9,88721,0,0
2019-04-05 00:00:00+00:00,7535.5,7584.8,7529.2,7583.5,72096,0,0
2019-04-08 00:00:00+00:00,7585.2,7604.1,7536.5,7601.9,72640,0,0
2019-04-09 00:00:00+00:00,7600.3,7608.3,7553.4,7563.9,73396,0,0
2019-04-10 00:00:00+00:00,7565.5,7621.2,7550.4,7620.2,71309,0,0
2019-04-11 00:00:00+00:00,7619.4,7635.0,7579.3,7596.5,71241,0,0
2019-04-12 00:00:00+00:00,7594.2,7642.4,7588.4,7630.9,67070,0,0
2019-04-15 00:00:00+00:00,7633.8,7636.6,7576.5,7627.8,56051,0,0
2019-04-16 00:00:00+00:00,7629.9,7671.9,7626.5,7654.2,65165,0,0
2019-04-17 00:00:00+00:00,7654.3,7711.2,7646.3,7666.5,77191,0,0
2019-04-18 00:00:00+00:00,7670.6,7701.3,7641.2,7694.4,79100,0,0
2019-04-22 00:00:00+00:00,7695.7,7725.7,7650.6,7719.8,61095,0,0
2019-04-23 00:00:00+00:00,7716.1,7823.0,7704.8,7812.1,69422,0,0
2019-04-24 00:00:00+00:00,7812.4,7828.5,7782.9,7819.5,72603,0,0
2019-04-25 00:00:00+00:00,7836.5,7859.5,7775.2,7779.5,83219,0,0
2019-04-26 00:00:00+00:00,7777.7,7828.5,7739.4,7819.8,87926,0,0
2019-04-29 00:00:00+00:00,7823.5,7851.5,7789.4,7789.6,63138,0,0
2019-04-30 00:00:00+00:00,7788.6,7840.3,7724.3,7834.6,80369,0,0
2019-05-01 00:00:00+00:00,7831.4,7852.4,7720.9,7722.6,88415,0,0
2019-05-02 00:00:00+00:00,7722.9,7790.6,7668.4,7723.9,108319,0,0
2019-05-03 00:00:00+00:00,7721.6,7859.0,7720.6,7858.7,70424,0,0
2019-05-06 00:00:00+00:00,7732.4,7804.8,7654.4,7737.0,143005,0,0
2019-05-07 00:00:00+00:00,7738.1,7791.3,7570.3,7659.5,162719,0,0
2019-05-08 00:00:00+00:00,7659.0,7686.4,7590.9,7629.9,137227,0,0
2019-05-09 00:00:00+00:00,7627.6,7633.2,7470.7,7582.9,157095,0,0
2019-05-10 00:00:00+00:00,7569.1,7640.8,7424.3,7598.7,184262,0,0
2019-05-13 00:00:00+00:00,7523.0,7540.4,7293.4,7302.0,173424,0,0
2019-05-14 00:00:00+00:00,7300.5,7448.8,7279.5,7414.4,133114,0,0
2019-05-15 00:00:00+00:00,7411.0,7525.9,7340.1,7514.1,127815,0,0
2019-05-16 00:00:00+00:00,7511.0,7627.0,7459.9,7589.0,128441,0,0
2019-05-17 00:00:00+00:00,7584.5,7606.3,7492.9,7498.3,157463,0,0
2019-05-20 00:00:00+00:00,7509.6,7547.0,7349.9,7393.1,161331,0,0
2019-05-21 00:00:00+00:00,7398.6,7473.4,7388.4,7449.8,115139,0,0
2019-05-22 00:00:00+00:00,7448.0,7463.1,7379.7,7416.0,109231,0,0
2019-05-23 00:00:00+00:00,7417.3,7423.9,7258.8,7305.8,148128,0,0
2019-05-24 00:00:00+00:00,7306.7,7370.5,7292.6,7303.5,110658,0,0
2019-05-27 00:00:00+00:00,7310.6,7330.9,7286.0,7311.0,38094,0,0
2019-05-28 00:00:00+00:00,7309.2,7364.0,7272.0,7282.8,125922,0,0
2019-05-29 00:00:00+00:00,7277.6,7287.0,7174.6,7206.4,144718,0,0
2019-05-30 00:00:00+00:00,7204.2,7262.8,7199.2,7245.9,114515,0,0
2019-05-31 00:00:00+00:00,7243.6,7247.9,7122.3,7130.3,144342,0,0
2019-06-03 00:00:00+00:00,7100.2,7126.9,6936.2,7003.6,112123,0,0
2019-06-04 00:00:00+00:00,7004.5,7180.5,6976.5,7180.2,81020,0,0
2019-06-05 00:00:00+00:00,7184.4,7239.2,7144.9,7225.7,84079,0,0
2019-06-06 00:00:00+00:00,7192.3,7293.8,7174.5,7258.0,77000,0,0
2019-06-07 00:00:00+00:00,7257.0,7447.2,7252.7,7421.7,69314,0,0
2019-06-10 00:00:00+00:00,7470.6,7573.8,7427.1,7514.0,70197,0,0
2019-06-11 00:00:00+00:00,7512.8,7595.6,7487.9,7513.6,73325,0,0
2019-06-12 00:00:00+00:00,7509.8,7525.8,7456.6,7470.7,70039,0,0
2019-06-13 00:00:00+00:00,7469.4,7530.2,7416.3,7506.4,77855,0,0
2019-06-14 00:00:00+00:00,7494.2,7516.3,7447.2,7479.4,59228,0,0
2019-06-17 00:00:00+00:00,7478.9,7548.0,7477.9,7536.7,49291,0,0
2019-06-18 00:00:00+00:00,7539.3,7690.8,7512.0,7642.3,62752,0,0
2019-06-19 00:00:00+00:00,7644.7,7682.6,7602.1,7667.6,63306,0,0
2019-06-20 00:00:00+00:00,7666.0,7790.2,7663.5,7734.6,71986,0,0
2019-06-21 00:00:00+00:00,7732.0,7773.1,7695.5,7717.0,73263,0,0
2019-06-24 00:00:00+00:00,7714.3,7765.2,7713.9,7727.8,85159,0,0
2019-06-25 00:00:00+00:00,7729.5,7751.2,7580.3,7604.3,114601,0,0
2019-06-26 00:00:00+00:00,7604.1,7690.1,7587.2,7613.6,75174,0,0
2019-06-27 00:00:00+00:00,7617.0,7684.7,7614.0,7657.6,63917,0,0
2019-06-28 00:00:00+00:00,7661.6,7698.9,7637.0,7695.4,55896,0,0
2019-07-01 00:00:00+00:00,7771.2,7823.8,7732.5,7764.8,68072,0,0
2019-07-02 00:00:00+00:00,7763.7,7817.2,7736.5,7815.2,56457,0,0
2019-07-03 00:00:00+00:00,7811.8,7866.4,7798.3,7861.3,41984,0,0
2019-07-04 00:00:00+00:00,7872.1,7879.9,7855.1,7874.3,19464,0,0
2019-07-05 00:00:00+00:00,7874.6,7881.7,7771.2,7827.6,53330,0,0
2019-07-08 00:00:00+00:00,7836.0,7837.9,7753.2,7777.1,54706,0,0
2019-07-09 00:00:00+00:00,7774.0,7834.6,7719.0,7823.6,51692,0,0
2019-07-10 00:00:00+00:00,7821.5,7926.1,7787.8,7900.0,65075,0,0
2019-07-11 00:00:00+00:00,7900.4,7937.7,7871.2,7894.4,57397,0,0
2019-07-12 00:00:00+00:00,7893.6,7944.2,7888.8,7934.4,48102,0,0
2019-07-15 00:00:00+00:00,7934.7,7969.7,7919.6,7962.0,43302,0,0
2019-07-16 00:00:00+00:00,7961.6,7979.0,7902.0,7915.7,47698,0,0
2019-07-17 00:00:00+00:00,7918.9,7944.1,7846.1,7847.7,46923,0,0
2019-07-18 00:00:00+00:00,7853.7,7934.9,7811.5,7928.2,58065,0,0
2019-07-19 00:00:00+00:00,7938.0,7961.2,7797.5,7800.6,63777,0,0
2019-07-22 00:00:00+00:00,7815.7,7918.8,7809.4,7909.3,56283,0,0
2019-07-23 00:00:00+00:00,7912.6,7968.3,7891.4,7923.9,51175,0,0
2019-07-24 00:00:00+00:00,7932.8,8034.4,7908.7,7984.2,52346,0,0
2019-07-25 00:00:00+00:00,7989.7,8017.8,7901.8,7965.1,62305,0,0
2019-07-26 00:00:00+00:00,7980.6,8025.1,7971.9,8000.1,45339,0,0
2019-07-29 00:00:00+00:00,8009.3,8017.1,7938.1,7990.6,43319,0,0
2019-07-30 00:00:00+00:00,7988.2,8005.4,7914.9,7974.0,55062,0,0
2019-07-31 00:00:00+00:00,7979.1,7987.1,7769.6,7826.2,66080,0,0
2019-08-01 00:00:00+00:00,7818.2,8001.5,7764.2,7777.3,91018,0,0
2019-08-02 00:00:00+00:00,7786.5,7792.9,7639.8,7696.8,104049,0,0
2019-08-05 00:00:00+00:00,7676.6,7696.2,7352.3,7360.2,113114,0,0
2019-08-06 00:00:00+00:00,7329.7,7541.7,7216.8,7510.0,129306,0,0
2019-08-07 00:00:00+00:00,7509.1,7570.1,7380.9,7543.6,114810,0,0
2019-08-08 00:00:00+00:00,7538.5,7730.6,7519.1,7721.2,85513,0,0
2019-08-09 00:00:00+00:00,7692.8,7713.7,7587.7,7659.5,95460,0,0
2019-08-12 00:00:00+00:00,7656.5,7700.9,7527.2,7563.4,89516,0,0
2019-08-13 00:00:00+00:00,7563.2,7781.4,7505.9,7742.7,92781,0,0
2019-08-14 00:00:00+00:00,7733.9,7754.7,7465.9,7466.4,106912,0,0
2019-08-15 00:00:00+00:00,7466.6,7560.3,7377.5,7496.8,119406,0,0
2019-08-16 00:00:00+00:00,7496.2,7623.0,7491.8,7601.5,79420,0,0
2019-08-19 00:00:00+00:00,7619.0,7740.7,7617.3,7711.5,70874,0,0
2019-08-20 00:00:00+00:00,7711.1,7741.9,7645.9,7649.4,78142,0,0
2019-08-21 00:00:00+00:00,7644.4,7756.2,7644.4,7747.2,65733,0,0
2019-08-22 00:00:00+00:00,7746.9,7772.3,7646.2,7698.3,80857,0,0
2019-08-23 00:00:00+00:00,7706.0,7753.7,7440.2,7484.4,101202,0,0
2019-08-26 00:00:00+00:00,7403.5,7618.5,7349.9,7581.7,105151,0,0
2019-08-27 00:00:00+00:00,7583.3,7641.9,7530.9,7558.7,88797,0,0
2019-08-28 00:00:00+00:00,7559.7,7599.1,7497.9,7574.6,85637,0,0
2019-08-29 00:00:00+00:00,7577.1,7722.2,7541.2,7698.1,75946,0,0
2019-08-30 00:00:00+00:00,7690.7,7762.5,7639.4,7670.2,78106,0,0
2019-09-02 00:00:00+00:00,7602.3,7690.0,7576.3,7609.2,43288,0,0
2019-09-03 00:00:00+00:00,7615.8,7671.55,7582.75,7611.85,88136,0,0
2019-09-04 00:00:00+00:00,7606.65,7724.95,7603.85,7717.65,68150,0,0
2019-09-05 00:00:00+00:00,7718.15,7880.55,7711.65,7845.05,71615,0,0
2019-09-06 00:00:00+00:00,7851.45,7889.15,7833.35,7860.35,65671,0,0
2019-09-09 00:00:00+00:00,7852.25,7883.05,7793.95,7830.05,60591,0,0
2019-09-10 00:00:00+00:00,7827.05,7852.65,7740.45,7816.35,77018,0,0
2019-09-11 00:00:00+00:00,7810.05,7894.45,7782.05,7889.75,69231,0,0
2019-09-12 00:00:00+00:00,7886.25,7976.95,7881.65,7908.15,78598,0,0
2019-09-13 00:00:00+00:00,7911.55,7952.85,7877.15,7884.65,54351,0,0
2019-09-16 00:00:00+00:00,7827.05,7869.05,7772.85,7864.55,64473,0,0
2019-09-17 00:00:00+00:00,7859.85,7894.85,7824.95,7893.55,50943,0,0
2019-09-18 00:00:00+00:00,7888.55,7904.65,7788.35,7899.75,55780,0,0
2019-09-19 00:00:00+00:00,7897.25,7948.75,7827.55,7895.75,69212,0,0
2019-09-20 00:00:00+00:00,7889.35,7928.35,7789.05,7809.65,65831,0,0
2019-09-23 00:00:00+00:00,7821.95,7873.35,7786.55,7847.75,65387,0,0
2019-09-24 00:00:00+00:00,7843.55,7880.05,7682.65,7717.85,78189,0,0
2019-09-25 00:00:00+00:00,7712.75,7825.05,7644.95,7803.45,77906,0,0
2019-09-26 00:00:00+00:00,7798.75,7822.65,7715.45,7767.05,72183,0,0
2019-09-27 00:00:00+00:00,7760.65,7801.65,7622.95,7698.05,79199,0,0
2019-09-30 00:00:00+00:00,7723.25,7770.85,7688.35,7767.35,68110,0,0
2019-10-01 00:00:00+00:00,7760.25,7821.75,7671.25,7692.85,75945,0,0
2019-10-02 00:00:00+00:00,7689.75,7710.05,7511.95,7538.05,88723,0,0
2019-10-03 00:00:00+00:00,7533.45,7645.95,7459.95,7641.75,86071,0,0
2019-10-04 00:00:00+00:00,7633.65,7758.75,7610.05,7750.35,72931,0,0
2019-10-07 00:00:00+00:00,7674.25,7785.35,7674.25,7723.05,69534,0,0
2019-10-08 00:00:00+00:00,7716.85,7771.05,7600.75,7608.05,89500,0,0
2019-10-09 00:00:00+00:00,7604.85,7718.65,7594.35,7689.85,77380,0,0
2019-10-10 00:00:00+00:00,7684.55,7784.45,7570.95,7773.55,92519,0,0
2019-10-11 00:00:00+00:00,7768.55,7905.85,7753.85,7844.85,78231,0,0
2019-10-14 00:00:00+00:00,7838.75,7882.85,7794.25,7847.55,64566,0,0
2019-10-15 00:00:00+00:00,7844.65,7960.55,7844.65,7947.25,58721,0,0
2019-10-16 00:00:00+00:00,7942.35,7949.05,7895.55,7939.65,66232,0,0
2019-10-17 00:00:00+00:00,7936.65,7982.65,7911.75,7942.25,65259,0,0
2019-10-18 00:00:00+00:00,7937.15,7946.45,7824.95,7872.65,67679,0,0
2019-10-21 00:00:00+00:00,7853.75,7941.25,7853.75,7938.45,58013,0,0
2019-10-22 00:00:00+00:00,7935.25,7980.05,7827.05,7831.95,59522,0,0
2019-10-23 00:00:00+00:00,7834.45,7908.15,7800.55,7908.15,67030,0,0
2019-10-24 00:00:00+00:00,7911.05,7975.15,7903.65,7915.75,58673,0,0
2019-10-25 00:00:00+00:00,7915.25,8032.85,7910.05,8028.65,53162,0,0
2019-10-28 00:00:00+00:00,8042.35,8119.05,8041.65,8103.95,48401,0,0
2019-10-29 00:00:00+00:00,8097.55,8110.95,8043.45,8049.65,48544,0,0
2019-10-30 00:00:00+00:00,8048.15,8132.65,8019.35,8110.45,54092,0,0
2019-10-31 00:00:00+00:00,8119.25,8130.15,8038.25,8084.25,65636,0,0
2019-11-01 00:00:00+00:00,8080.65,8161.45,8079.15,8156.15,51011,0,0
2019-11-04 00:00:00+00:00,8162.25,8228.65,8161.25,8212.35,46614,0,0
2019-11-05 00:00:00+00:00,8209.65,8242.75,8189.05,8204.15,50708,0,0
2019-11-06 00:00:00+00:00,8198.45,8222.35,8155.65,8205.55,49720,0,0
2019-11-07 00:00:00+00:00,8201.75,8273.55,8180.45,8222.75,56142,0,0
2019-11-08 00:00:00+00:00,8220.25,8256.95,8183.75,8252.35,52770,0,0
2019-11-11 00:00:00+00:00,8246.65,8253.85,8200.05,8247.45,48081,0,0
2019-11-12 00:00:00+00:00,8242.55,8292.45,8221.45,8266.25,54420,0,0
2019-11-13 00:00:00+00:00,8263.35,8274.55,8212.85,8263.35,59648,0,0
2019-11-14 00:00:00+00:00,8260.25,8276.95,8209.55,8264.35,64401,0,0
2019-11-15 00:00:00+00:00,8257.45,8318.65,8254.15,8318.65,48545,0,0
2019-11-18 00:00:00+00:00,8312.75,8357.45,8273.05,8330.55,51308,0,0
2019-11-19 00:00:00+00:00,8327.85,8372.55,8306.85,8331.55,50456,0,0
2019-11-20 00:00:00+00:00,8322.55,8338.45,8222.45,8282.35,71336,0,0
2019-11-21 00:00:00+00:00,8235.95,8298.85,8231.25,8272.25,77855,0,0
2019-11-22 00:00:00+00:00,8267.65,8305.05,8226.65,8277.15,57414,0,0
2019-11-25 00:00:00+00:00,8301.85,8372.95,8290.85,8370.95,39186,0,0
2019-11-26 00:00:00+00:00,8367.05,8414.55,8360.25,8398.85,51422,0,0
2019-11-27 00:00:00+00:00,8395.25,8453.85,8390.75,8452.95,40502,0,0
2019-11-28 00:00:00+00:00,8443.25,8444.15,8409.85,8441.45,24511,0,0
2019-11-29 00:00:00+00:00,8436.35,8445.45,8403.25,8418.45,36083,0,0
2019-12-02 00:00:00+00:00,8422.95,8453.05,8272.95,8308.25,63635,0,0
2019-12-03 00:00:00+00:00,8306.75,8333.15,8165.05,8254.25,80065,0,0
2019-12-04 00:00:00+00:00,8248.75,8315.45,8216.85,8295.25,68279,0,0
2019-12-05 00:00:00+00:00,8288.95,8334.65,8270.05,8307.55,63088,0,0
2019-12-06 00:00:00+00:00,8303.65,8405.45,8303.65,8400.95,47424,0,0
2019-12-09 00:00:00+00:00,8401.85,8423.85,8343.35,8349.75,47198,0,0
2019-12-10 00:00:00+00:00,8347.85,8393.85,8292.75,8366.55,66153,0,0
2019-12-11 00:00:00+00:00,8360.65,8407.85,8341.05,8407.55,57496,0,0
2019-12-12 00:00:00+00:00,8401.65,8492.55,8376.85,8471.65,72952,0,0
2019-12-13 00:00:00+00:00,8484.05,8519.35,8432.15,8495.05,64288,0,0
2019-12-16 00:00:00+00:00,8507.55,8585.75,8500.75,8584.55,44361,0,0
2019-12-17 00:00:00+00:00,8576.25,8594.15,8560.95,8579.75,46733,0,0
2019-12-18 00:00:00+00:00,8569.65,8609.35,8563.65,8603.65,38872,0,0
2019-12-19 00:00:00+00:00,8599.45,8659.75,8575.75,8659.55,38923,0,0
2019-12-20 00:00:00+00:00,8653.95,8692.45,8633.95,8688.35,42081,0,0
2019-12-23 00:00:00+00:00,8689.25,8712.55,8678.45,8708.15,31441,0,0
2019-12-24 00:00:00+00:00,8705.35,8709.95,8680.15,8709.45,18402,0,0
2019-12-26 00:00:00+00:00,8710.25,8778.35,8709.15,8776.15,20753,0,0
2019-12-27 00:00:00+00:00,8778.65,8817.55,8746.95,8760.15,39908,0,0
2019-12-30 00:00:00+00:00,8763.95,8786.95,8669.45,8713.85,49859,0,0
2019-12-31 00:00:00+00:00,8709.05,8754.35,8670.85,8754.25,40661,0,0
2020-01-02 00:00:00+00:00,8754.05,8883.75,8751.25,8883.55,48120,0,0
2020-01-03 00:00:00+00:00,8876.15,8888.85,8717.15,8793.55,87554,0,0
2020-01-06 00:00:00+00:00,8740.55,8855.65,8706.25,8837.85,74706,0,0
2020-01-07 00:00:00+00:00,8834.95,8876.75,8808.75,8829.55,68297,0,0
2020-01-08 00:00:00+00:00,8821.95,8954.05,8661.65,8931.85,101954,0,0
2020-01-09 00:00:00+00:00,8931.25,9003.85,8913.85,8994.75,67082,0,0
2020-01-10 00:00:00+00:00,8991.45,9037.75,8949.85,8963.95,55863,0,0
2020-01-13 00:00:00+00:00,8967.35,9079.25,8967.35,9077.35,49006,0,0
2020-01-14 00:00:00+00:00,9073.95,9099.05,9019.45,9051.75,70891,0,0
2020-01-15 00:00:00+00:00,9047.35,9079.35,9007.35,9050.95,65639,0,0
2020-01-16 00:00:00+00:00,9048.35,9127.25,9047.95,9126.85,50650,0,0
2020-01-17 00:00:00+00:00,9124.65,9177.15,9117.15,9161.45,46973,0,0
2020-01-20 00:00:00+00:00,9165.45,9175.65,9147.75,9167.35,21146,0,0
2020-01-21 00:00:00+00:00,9163.05,9186.85,9103.05,9166.45,64168,0,0
2020-01-22 00:00:00+00:00,9169.35,9241.05,9166.55,9180.25,59377,0,0
2020-01-23 00:00:00+00:00,9178.55,9245.85,9139.45,9243.55,75009,0,0
2020-01-24 00:00:00+00:00,9241.65,9275.35,9099.35,9129.45,72251,0,0
2020-01-27 00:00:00+00:00,9045.95,9058.65,8916.95,8954.65,109984,0,0
2020-01-28 00:00:00+00:00,8944.75,9127.15,8943.45,9119.35,84292,0,0
2020-01-29 00:00:00+00:00,9112.55,9150.85,9066.05,9100.15,80024,0,0
2020-01-30 00:00:00+00:00,9108.05,9232.25,8995.05,9232.15,115164,0,0
2020-01-31 00:00:00+00:00,9214.85,9240.35,8960.55,9007.25,110759,0,0
2020-02-03 00:00:00+00:00,8970.75,9149.45,8970.75,9101.75,108266,0,0
2020-02-04 00:00:00+00:00,9091.25,9353.75,9066.25,9351.25,85758,0,0
2020-02-05 00:00:00+00:00,9351.75,9455.35,9311.35,9384.35,105592,0,0
2020-02-06 00:00:00+00:00,9382.15,9457.55,9353.55,9457.25,92115,0,0
2020-02-07 00:00:00+00:00,9457.05,9460.75,9375.35,9393.05,86423,0,0
2020-02-10 00:00:00+00:00,9389.65,9521.65,9322.05,9520.25,80611,0,0
2020-02-11 00:00:00+00:00,9513.35,9599.95,9492.75,9526.35,79935,0,0
2020-02-12 00:00:00+00:00,9524.55,9618.85,9515.35,9618.65,70907,0,0
2020-02-13 00:00:00+00:00,9610.25,9635.75,9501.05,9619.25,90785,0,0
2020-02-14 00:00:00+00:00,9616.05,9650.05,9582.05,9624.75,72914,0,0
2020-02-17 00:00:00+00:00,9628.75,9679.45,9627.45,9661.75,31967,0,0
2020-02-18 00:00:00+00:00,9578.35,9645.95,9525.15,9636.15,82297,0,0
2020-02-19 00:00:00+00:00,9632.35,9738.25,9630.55,9726.25,60934,0,0
2020-02-20 00:00:00+00:00,9732.05,9752.55,9506.85,9611.25,94668,0,0
2020-02-21 00:00:00+00:00,9605.65,9613.15,9402.65,9448.85,108070,0,0
2020-02-24 00:00:00+00:00,9329.75,9355.75,9034.75,9292.45,151486,0,0
2020-02-24 04:00:00+00:00,9291.95,9298.15,9245.65,9275.05,14249,0,0
2020-02-24 08:00:00+00:00,9274.65,9284.75,9118.65,9172.55,22553,0,0
2020-02-24 12:00:00+00:00,9171.15,9220.65,9127.75,9157.75,20848,0,0
2020-02-24 16:00:00+00:00,9158.25,9194.25,9034.75,9075.25,40296,0,0
2020-02-24 20:00:00+00:00,9075.45,9177.25,9038.95,9091.95,29685,0,0
2020-02-25 00:00:00+00:00,9075.65,9209.35,9051.95,9183.75,15835,0,0
2020-02-25 04:00:00+00:00,9182.55,9200.45,9152.75,9191.45,13328,0,0
2020-02-25 08:00:00+00:00,9191.75,9216.25,9121.95,9122.95,18969,0,0
2020-02-25 12:00:00+00:00,9122.25,9173.45,9063.95,9156.95,22064,0,0
2020-02-25 16:00:00+00:00,9156.75,9183.35,8936.05,8960.35,41541,0,0
2020-02-25 20:00:00+00:00,8960.75,8986.75,8804.45,8868.05,35380,0,0
2020-02-26 00:00:00+00:00,8874.35,8919.25,8835.25,8884.05,15899,0,0
2020-02-26 04:00:00+00:00,8884.25,8941.05,8862.45,8913.35,19659,0,0
2020-02-26 08:00:00+00:00,8913.25,8920.85,8703.25,8782.75,26769,0,0
2020-02-26 12:00:00+00:00,8783.45,8923.25,8777.95,8880.45,27794,0,0
2020-02-26 16:00:00+00:00,8880.95,9031.35,8860.55,8925.75,41225,0,0
2020-02-26 20:00:00+00:00,8924.85,8939.75,8807.55,8814.95,31742,0,0
2020-02-27 00:00:00+00:00,8811.15,8871.05,8742.95,8770.45,19403,0,0
2020-02-27 04:00:00+00:00,8770.15,8781.15,8694.35,8728.95,20648,0,0
2020-02-27 08:00:00+00:00,8729.55,8838.05,8690.65,8791.45,25912,0,0
2020-02-27 12:00:00+00:00,8792.45,8805.15,8669.45,8678.95,24431,0,0
2020-02-27 16:00:00+00:00,8678.45,8786.45,8513.85,8729.45,45584,0,0
2020-02-27 20:00:00+00:00,8728.55,8772.65,8327.55,8335.15,36725,0,0
2020-02-28 00:00:00+00:00,8348.15,8423.45,8307.65,8411.55,19558,0,0
2020-02-28 04:00:00+00:00,8410.15,8440.45,8186.15,8211.55,30026,0,0
2020-02-28 08:00:00+00:00,8211.65,8353.25,8125.85,8209.15,35723,0,0
2020-02-28 12:00:00+00:00,8207.75,8377.85,8194.85,8198.45,33323,0,0
2020-02-28 16:00:00+00:00,8198.25,8491.45,8124.35,8414.35,46157,0,0
2020-02-28 20:00:00+00:00,8414.25,8569.25,8212.15,8543.45,35851,0,0
2020-03-02 00:00:00+00:00,8316.35,8497.35,8226.25,8440.85,23100,0,0
2020-03-02 04:00:00+00:00,8440.95,8559.25,8428.35,8509.35,29120,0,0
2020-03-02 08:00:00+00:00,8508.15,8673.75,8476.35,8540.75,31531,0,0
2020-03-02 12:00:00+00:00,8542.25,8556.75,8362.55,8513.95,32914,0,0
2020-03-02 16:00:00+00:00,8513.55,8734.85,8442.75,8725.35,44846,0,0
2020-03-02 20:00:00+00:00,8728.55,8880.45,8573.35,8817.75,34892,0,0
2020-03-03 00:00:00+00:00,8832.05,8890.15,8799.15,8816.55,16229,0,0
2020-03-03 04:00:00+00:00,8816.05,8858.85,8754.35,8756.65,21933,0,0
2020-03-03 08:00:00+00:00,8753.65,8904.65,8738.05,8896.65,26895,0,0
2020-03-03 12:00:00+00:00,8896.85,8915.35,8784.45,8848.35,29591,0,0
2020-03-03 16:00:00+00:00,8847.05,9000.55,8705.75,8761.95,44728,0,0
2020-03-03 20:00:00+00:00,8760.55,8763.05,8539.35,8557.25,30216,0,0
2020-03-04 00:00:00+00:00,8560.55,8661.75,8510.95,8639.85,12445,0,0
2020-03-04 04:00:00+00:00,8639.95,8716.35,8623.9,8704.45,19558,0,0
2020-03-04 08:00:00+00:00,8705.35,8775.55,8681.75,8761.25,22676,0,0
2020-03-04 12:00:00+00:00,8760.85,8808.85,8721.55,8742.55,22996,0,0
2020-03-04 16:00:00+00:00,8742.25,8817.35,8666.35,8817.05,40770,0,0
2020-03-04 20:00:00+00:00,8817.25,8949.25,8808.85,8888.05,29923,0,0
2020-03-05 00:00:00+00:00,8884.35,8897.55,8825.35,8834.35,12988,0,0
2020-03-05 04:00:00+00:00,8834.85,8874.05,8814.15,8865.45,14798,0,0
2020-03-05 08:00:00+00:00,8863.55,8866.35,8746.95,8760.55,20927,0,0
2020-03-05 12:00:00+00:00,8760.45,8763.65,8682.35,8715.95,24904,0,0
2020-03-05 16:00:00+00:00,8714.85,8868.45,8670.55,8686.45,40208,0,0
2020-03-05 20:00:00+00:00,8686.75,8745.15,8611.75,8673.05,34126,0,0
2020-03-06 00:00:00+00:00,8663.95,8725.55,8607.95,8609.95,14196,0,0
2020-03-06 04:00:00+00:00,8609.65,8614.45,8521.15,8541.45,22012,0,0
2020-03-06 08:00:00+00:00,8540.65,8594.75,8466.65,8468.35,24650,0,0
2020-03-06 12:00:00+00:00,8468.45,8476.85,8338.95,8388.65,31276,0,0
2020-03-06 16:00:00+00:00,8387.55,8545.15,8313.55,8421.65,43559,0,0
2020-03-06 20:00:00+00:00,8420.95,8570.55,8317.95,8501.45,34241,0,0
2020-03-09 00:00:00+00:00,8316.55,8316.55,8103.05,8140.35,17107,0,0
2020-03-09 04:00:00+00:00,8140.85,8153.35,8093.05,8093.05,5389,0,0
2020-03-09 16:00:00+00:00,7840.85,8244.05,7840.05,8124.45,28222,0,0
2020-03-09 20:00:00+00:00,8120.95,8158.05,7885.25,7917.95,30123,0,0
2020-03-10 00:00:00+00:00,7900.55,8164.55,7824.75,8163.75,16147,0,0
2020-03-10 04:00:00+00:00,8164.25,8220.55,8110.15,8211.25,16287,0,0
2020-03-10 08:00:00+00:00,8211.55,8288.05,8157.25,8286.65,20063,0,0
2020-03-10 12:00:00+00:00,8286.15,8349.95,8176.55,8232.55,22176,0,0
2020-03-10 16:00:00+00:00,8231.75,8257.95,7938.95,8093.95,43429,0,0
2020-03-10 20:00:00+00:00,8095.45,8383.75,8017.95,8362.25,30644,0,0
2020-03-11 00:00:00+00:00,8330.05,8339.95,8160.85,8194.85,12266,0,0
2020-03-11 04:00:00+00:00,8196.45,8230.65,8123.15,8159.55,16090,0,0
2020-03-11 08:00:00+00:00,8157.95,8252.05,8091.95,8225.05,19837,0,0
2020-03-11 12:00:00+00:00,8224.85,8232.15,8077.95,8083.65,19151,0,0
2020-03-11 16:00:00+00:00,8083.95,8228.95,8041.85,8061.65,42277,0,0
2020-03-11 20:00:00+00:00,8063.05,8072.95,7898.35,8011.65,36923,0,0
2020-03-12 00:00:00+00:00,7997.65,8109.05,7930.95,7987.45,13140,0,0
2020-03-12 04:00:00+00:00,7987.55,8000.45,7603.65,7734.15,21661,0,0
2020-03-12 08:00:00+00:00,7736.05,7743.15,7606.55,7625.15,18390,0,0
2020-03-12 12:00:00+00:00,7625.95,7669.15,7599.65,7599.65,11849,0,0
2020-03-12 16:00:00+00:00,7506.45,7651.85,7329.65,7594.55,31061,0,0
2020-03-12 20:00:00+00:00,7594.95,7815.45,7136.55,7167.15,32023,0,0
2020-03-13 00:00:00+00:00,7141.95,7248.95,7063.95,7140.25,10353,0,0
2020-03-13 04:00:00+00:00,7140.65,7276.85,6947.85,7275.25,14551,0,0
2020-03-13 08:00:00+00:00,7272.45,7611.25,7268.65,7446.85,19104,0,0
2020-03-13 12:00:00+00:00,7442.45,7627.45,7403.25,7627.45,8676,0,0
2020-03-13 16:00:00+00:00,7700.95,7737.85,7296.25,7472.75,30834,0,0
2020-03-13 20:00:00+00:00,7473.25,7978.85,7387.15,7827.35,26650,0,0
2020-03-16 00:00:00+00:00,7900.65,7900.65,7557.45,7558.85,1801,0,0
2020-03-16 16:00:00+00:00,7100.85,7565.75,7066.85,7359.35,29714,0,0
2020-03-16 20:00:00+00:00,7356.85,7423.85,6930.85,7062.65,32725,0,0
2020-03-17 00:00:00+00:00,7027.55,7298.25,6989.25,7280.55,10282,0,0
2020-03-17 04:00:00+00:00,7280.35,7299.15,7263.15,7294.85,629,0,0
2020-03-17 08:00:00+00:00,7170.85,7175.05,7170.85,7175.05,14,0,0
2020-03-17 12:00:00+00:00,7175.35,7296.05,7005.05,7185.85,22915,0,0
2020-03-17 16:00:00+00:00,7186.25,7553.55,6953.65,7353.15,36409,0,0
2020-03-17 20:00:00+00:00,7353.85,7507.55,7231.35,7365.85,30763,0,0
2020-03-18 00:00:00+00:00,7359.25,7392.65,7116.25,7149.75,13290,0,0
2020-03-18 04:00:00+00:00,7146.75,7281.55,7105.25,7144.15,13413,0,0
2020-03-18 08:00:00+00:00,7142.65,7147.15,7076.45,7076.45,772,0,0
2020-03-18 16:00:00+00:00,7102.45,7339.65,6993.75,7009.55,32218,0,0
2020-03-18 20:00:00+00:00,7015.25,7272.95,6823.45,7251.65,31911,0,0
2020-03-19 00:00:00+00:00,7239.35,7433.45,7118.05,7268.45,14983,0,0
2020-03-19 04:00:00+00:00,7268.55,7342.55,6887.85,6939.45,18633,0,0
2020-03-19 08:00:00+00:00,6944.35,7336.95,6942.05,7307.95,15888,0,0
2020-03-19 12:00:00+00:00,7308.65,7331.05,7055.95,7175.15,18420,0,0
2020-03-19 16:00:00+00:00,7175.05,7466.25,7029.05,7359.55,38895,0,0
2020-03-19 20:00:00+00:00,7359.35,7518.05,7172.45,7198.95,30683,0,0
2020-03-20 00:00:00+00:00,7186.15,7252.25,7142.15,7233.1,10978,0,0
2020-03-20 04:00:00+00:00,7234.7,7383.9,7208.6,7346.0,16050,0,0
2020-03-20 08:00:00+00:00,7345.9,7645.5,7302.0,7645.5,15345,0,0
2020-03-20 12:00:00+00:00,7638.6,7645.5,7439.6,7439.6,12956,0,0
2020-03-20 16:00:00+00:00,7439.5,7502.4,7148.1,7267.1,41565,0,0
2020-03-20 20:00:00+00:00,7268.2,7334.9,6905.7,6946.9,34630,0,0
2020-03-23 00:00:00+00:00,6748.0,6753.1,6642.6,6672.8,7469,0,0
2020-03-23 04:00:00+00:00,6673.3,6823.0,6666.3,6792.1,14062,0,0
2020-03-23 08:00:00+00:00,6793.3,6855.1,6682.0,6764.1,15789,0,0
2020-03-23 12:00:00+00:00,6765.2,7327.6,6761.5,7175.0,23559,0,0
2020-03-23 16:00:00+00:00,7175.6,7220.7,6767.7,7086.9,43884,0,0
2020-03-23 20:00:00+00:00,7088.6,7147.7,6852.6,6980.7,35938,0,0
2020-03-24 00:00:00+00:00,7036.9,7167.5,7031.0,7109.5,12360,0,0
2020-03-24 04:00:00+00:00,7109.2,7266.5,7105.0,7211.2,15541,0,0
2020-03-24 08:00:00+00:00,7210.6,7329.6,7141.9,7316.2,18189,0,0
2020-03-24 12:00:00+00:00,7318.0,7369.7,7239.7,7346.1,13837,0,0
2020-03-24 16:00:00+00:00,7346.6,7535.1,7321.5,7443.0,38779,0,0
2020-03-24 20:00:00+00:00,7440.1,7577.6,7301.4,7556.9,39172,0,0
2020-03-25 00:00:00+00:00,7543.3,7638.9,7423.8,7452.3,13902,0,0
2020-03-25 04:00:00+00:00,7453.8,7533.1,7383.3,7496.6,13713,0,0
2020-03-25 08:00:00+00:00,7502.1,7717.3,7389.4,7705.6,20714,0,0
2020-03-25 12:00:00+00:00,7705.2,7764.5,7425.0,7528.8,27690,0,0
2020-03-25 16:00:00+00:00,7530.7,7671.2,7381.0,7607.5,46079,0,0
2020-03-25 20:00:00+00:00,7608.7,7768.2,7438.8,7485.5,37146,0,0
2020-03-26 00:00:00+00:00,7492.8,7562.5,7446.4,7497.4,10769,0,0
2020-03-26 04:00:00+00:00,7497.0,7498.4,7370.8,7442.6,16976,0,0
2020-03-26 08:00:00+00:00,7445.1,7462.1,7335.4,7376.9,16021,0,0
2020-03-26 12:00:00+00:00,7377.4,7486.5,7324.5,7474.3,21333,0,0
2020-03-26 16:00:00+00:00,7473.9,7781.3,7450.0,7771.8,41528,0,0
2020-03-26 20:00:00+00:00,7772.1,7910.0,7664.1,7878.9,36689,0,0
2020-03-27 00:00:00+00:00,7895.5,7908.8,7803.3,7808.1,9541,0,0
2020-03-27 04:00:00+00:00,7808.0,7819.7,7723.8,7738.1,13984,0,0
2020-03-27 08:00:00+00:00,7738.3,7822.2,7703.0,7732.2,15961,0,0
2020-03-27 12:00:00+00:00,7732.0,7761.8,7636.0,7659.3,20741,0,0
2020-03-27 16:00:00+00:00,7657.0,7714.1,7596.3,7669.0,41209,0,0
2020-03-27 20:00:00+00:00,7670.3,7817.5,7568.6,7573.0,35550,0,0
2020-03-30 00:00:00+00:00,7430.3,7522.7,7415.4,7493.4,13121,0,0
2020-03-30 04:00:00+00:00,7493.2,7622.7,7472.4,7612.2,13613,0,0
2020-03-30 08:00:00+00:00,7611.7,7705.2,7508.8,7594.2,21761,0,0
2020-03-30 12:00:00+00:00,7593.4,7693.8,7553.9,7693.4,18203,0,0
2020-03-30 16:00:00+00:00,7693.2,7864.6,7648.2,7863.1,39179,0,0
2020-03-30 20:00:00+00:00,7863.8,7900.1,7800.3,7870.3,33045,0,0
2020-03-31 00:00:00+00:00,7869.0,7912.9,7858.4,7888.4,6821,0,0
2020-03-31 04:00:00+00:00,7889.8,7951.0,7829.8,7851.3,11000,0,0
2020-03-31 08:00:00+00:00,7848.5,7962.8,7826.8,7952.0,18451,0,0
2020-03-31 12:00:00+00:00,7953.3,7971.1,7779.4,7820.9,20055,0,0
2020-03-31 16:00:00+00:00,7821.1,8010.4,7813.3,7860.4,40617,0,0
2020-03-31 20:00:00+00:00,7860.8,7907.3,7763.3,7798.6,35152,0,0
2020-04-01 00:00:00+00:00,7778.0,7784.1,7702.7,7753.2,8399,0,0
2020-04-01 04:00:00+00:00,7753.1,7755.5,7679.3,7702.2,10602,0,0
2020-04-01 08:00:00+00:00,7703.0,7708.6,7542.3,7594.2,22076,0,0
2020-04-01 12:00:00+00:00,7594.0,7635.2,7539.5,7581.3,18019,0,0
2020-04-01 16:00:00+00:00,7580.8,7699.7,7516.5,7527.4,38196,0,0
2020-04-01 20:00:00+00:00,7526.7,7574.4,7421.4,7480.0,31386,0,0
2020-04-02 00:00:00+00:00,7486.5,7535.4,7476.2,7515.2,7654,0,0
2020-04-02 04:00:00+00:00,7515.0,7562.7,7474.7,7538.5,12441,0,0
2020-04-02 08:00:00+00:00,7538.4,7610.5,7506.0,7579.9,15461,0,0
2020-04-02 12:00:00+00:00,7579.0,7590.7,7446.1,7460.9,17709,0,0
2020-04-02 16:00:00+00:00,7461.5,7635.2,7391.5,7607.2,42474,0,0
2020-04-02 20:00:00+00:00,7607.5,7671.5,7463.3,7637.7,34681,0,0
2020-04-03 00:00:00+00:00,7635.4,7666.4,7581.9,7595.9,7973,0,0
2020-04-03 04:00:00+00:00,7596.1,7615.2,7543.6,7553.8,8693,0,0
2020-04-03 08:00:00+00:00,7553.6,7593.7,7528.6,7551.8,14463,0,0
2020-04-03 12:00:00+00:00,7551.6,7664.2,7525.9,7612.4,17502,0,0
2020-04-03 16:00:00+00:00,7611.8,7675.9,7482.7,7512.9,38930,0,0
2020-04-03 20:00:00+00:00,7512.7,7557.9,7440.6,7539.4,30690,0,0
2020-04-06 00:00:00+00:00,7600.9,7832.3,7600.9,7799.5,12453,0,0
2020-04-06 04:00:00+00:00,7799.2,7825.5,7764.4,7804.7,16550,0,0
2020-04-06 08:00:00+00:00,7805.3,7882.5,7788.5,7852.3,17421,0,0
2020-04-06 12:00:00+00:00,7851.3,7862.8,7795.5,7827.3,14512,0,0
2020-04-06 16:00:00+00:00,7826.9,7946.4,7766.2,7946.4,31627,0,0
2020-04-06 20:00:00+00:00,7946.7,8109.2,7922.9,8048.8,25849,0,0
2020-04-07 00:00:00+00:00,8035.1,8105.9,8007.3,8052.6,11002,0,0
2020-04-07 04:00:00+00:00,8053.0,8062.9,7957.8,8014.9,17576,0,0
2020-04-07 08:00:00+00:00,8016.0,8254.6,8005.6,8212.9,23055,0,0
2020-04-07 12:00:00+00:00,8211.5,8312.6,8205.1,8285.8,20862,0,0
2020-04-07 16:00:00+00:00,8285.4,8308.1,8082.9,8236.1,40418,0,0
2020-04-07 20:00:00+00:00,8236.4,8249.6,8000.8,8008.4,34935,0,0
2020-04-08 00:00:00+00:00,8019.5,8076.3,7963.3,7980.7,11213,0,0
2020-04-08 04:00:00+00:00,7980.8,8098.8,7972.8,8093.7,15894,0,0
2020-04-08 08:00:00+00:00,8093.6,8152.5,7991.5,8030.6,21282,0,0
2020-04-08 12:00:00+00:00,8030.2,8136.5,8009.1,8110.1,18248,0,0
2020-04-08 16:00:00+00:00,8110.3,8205.6,8058.7,8184.3,36749,0,0
2020-04-08 20:00:00+00:00,8183.8,8253.1,8132.1,8210.6,29682,0,0
2020-04-09 00:00:00+00:00,8194.4,8246.5,8170.8,8219.8,8129,0,0
2020-04-09 04:00:00+00:00,8219.9,8233.0,8146.3,8205.7,14459,0,0
2020-04-09 08:00:00+00:00,8205.5,8283.8,8175.8,8193.5,17906,0,0
2020-04-09 12:00:00+00:00,8193.4,8283.9,8114.3,8278.4,25133,0,0
2020-04-09 16:00:00+00:00,8278.7,8337.4,8168.2,8283.3,40085,0,0
2020-04-09 20:00:00+00:00,8283.7,8296.9,8166.4,8252.2,31388,0,0
2020-04-13 00:00:00+00:00,8291.5,8305.9,8085.1,8105.0,11282,0,0
2020-04-13 04:00:00+00:00,8104.9,8160.0,8099.9,8124.9,9448,0,0
2020-04-13 08:00:00+00:00,8124.8,8149.6,8105.8,8144.9,8643,0,0
2020-04-13 12:00:00+00:00,8145.0,8233.4,8139.9,8214.9,11770,0,0
2020-04-13 16:00:00+00:00,8215.5,8257.6,8155.6,8220.0,34745,0,0
2020-04-13 20:00:00+00:00,8218.9,8349.8,8200.1,8349.6,27141,0,0
2020-04-14 00:00:00+00:00,8351.8,8386.6,8332.6,8358.8,7529,0,0
2020-04-14 04:00:00+00:00,8358.6,8496.2,8352.9,8491.8,11641,0,0
2020-04-14 08:00:00+00:00,8491.6,8500.2,8427.4,8438.1,14858,0,0
2020-04-14 12:00:00+00:00,8437.8,8504.0,8433.8,8498.0,13202,0,0
2020-04-14 16:00:00+00:00,8497.0,8674.3,8469.9,8665.1,35867,0,0
2020-04-14 20:00:00+00:00,8665.3,8720.8,8648.5,8714.9,25173,0,0
2020-04-15 00:00:00+00:00,8709.2,8710.6,8665.7,8676.0,6283,0,0
2020-04-15 04:00:00+00:00,8675.8,8691.2,8644.5,8679.2,9315,0,0
2020-04-15 08:00:00+00:00,8679.0,8688.7,8577.8,8593.7,17930,0,0
2020-04-15 12:00:00+00:00,8594.1,8627.8,8516.7,8525.6,19157,0,0
2020-04-15 16:00:00+00:00,8525.7,8597.5,8497.2,8580.7,36329,0,0
2020-04-15 20:00:00+00:00,8579.8,8666.7,8569.6,8585.1,26735,0,0
2020-04-16 00:00:00+00:00,8591.3,8600.3,8511.2,8537.2,8744,0,0
2020-04-16 04:00:00+00:00,8537.3,8579.2,8525.8,8574.8,12386,0,0
2020-04-16 08:00:00+00:00,8574.9,8705.8,8553.7,8675.4,19040,0,0
2020-04-16 12:00:00+00:00,8676.2,8708.0,8630.8,8689.0,18266,0,0
2020-04-16 16:00:00+00:00,8687.9,8796.2,8603.7,8671.9,35705,0,0
2020-04-16 20:00:00+00:00,8671.8,8852.7,8651.9,8845.5,28704,0,0
2020-04-17 00:00:00+00:00,8920.2,8977.0,8887.0,8916.6,14592,0,0
2020-04-17 04:00:00+00:00,8916.8,8958.2,8902.5,8923.8,12580,0,0
2020-04-17 08:00:00+00:00,8923.3,8962.8,8869.7,8901.8,18852,0,0
2020-04-17 12:00:00+00:00,8902.5,8958.0,8886.8,8893.8,17203,0,0
2020-04-17 16:00:00+00:00,8893.6,8901.2,8725.7,8767.0,36060,0,0
2020-04-17 20:00:00+00:00,8766.6,8837.6,8701.1,8821.5,25936,0,0
2020-04-20 00:00:00+00:00,8791.9,8848.6,8744.2,8834.4,9575,0,0
2020-04-20 04:00:00+00:00,8834.1,8840.2,8769.1,8819.0,13622,0,0
2020-04-20 08:00:00+00:00,8818.5,8822.0,8750.2,8772.7,16859,0,0
2020-04-20 12:00:00+00:00,8773.0,8786.6,8708.4,8733.2,18242,0,0
2020-04-20 16:00:00+00:00,8733.5,8857.0,8719.4,8832.9,31916,0,0
2020-04-20 20:00:00+00:00,8832.6,8839.6,8698.4,8722.7,27431,0,0
2020-04-21 00:00:00+00:00,8714.8,8765.3,8711.7,8750.3,10181,0,0
2020-04-21 04:00:00+00:00,8750.2,8773.8,8614.0,8670.0,18805,0,0
2020-04-21 08:00:00+00:00,8670.4,8719.7,8654.9,8693.9,18589,0,0
2020-04-21 12:00:00+00:00,8694.2,8708.9,8607.0,8618.7,23437,0,0
2020-04-21 16:00:00+00:00,8617.7,8663.0,8356.6,8405.3,38507,0,0
2020-04-21 20:00:00+00:00,8404.6,8530.4,8392.5,8451.3,30211,0,0
2020-04-22 00:00:00+00:00,8462.0,8503.0,8414.9,8460.9,10418,0,0
2020-04-22 04:00:00+00:00,8460.7,8490.4,8437.0,8448.0,13855,0,0
2020-04-22 08:00:00+00:00,8447.8,8564.9,8447.2,8561.0,18490,0,0
2020-04-22 12:00:00+00:00,8561.5,8588.6,8521.8,8580.6,16117,0,0
2020-04-22 16:00:00+00:00,8580.8,8636.1,8546.8,8621.7,31254,0,0
2020-04-22 20:00:00+00:00,8622.7,8710.1,8611.9,8647.1,22190,0,0
2020-04-23 00:00:00+00:00,8652.3,8652.3,8598.1,8624.7,9110,0,0
2020-04-23 04:00:00+00:00,8625.1,8664.2,8594.5,8627.2,10746,0,0
2020-04-23 08:00:00+00:00,8628.2,8689.5,8607.2,8626.7,17691,0,0
2020-04-23 12:00:00+00:00,8626.2,8708.2,8623.2,8706.5,14688,0,0
2020-04-23 16:00:00+00:00,8706.8,8798.2,8624.3,8713.9,31402,0,0
2020-04-23 20:00:00+00:00,8714.2,8745.4,8602.0,8613.9,29415,0,0
2020-04-24 00:00:00+00:00,8581.7,8602.7,8524.3,8539.1,8916,0,0
2020-04-24 04:00:00+00:00,8539.2,8565.8,8509.9,8548.1,10495,0,0
2020-04-24 08:00:00+00:00,8547.7,8593.9,8516.7,8573.9,15460,0,0
2020-04-24 12:00:00+00:00,8574.3,8684.8,8574.2,8666.7,15885,0,0
2020-04-24 16:00:00+00:00,8666.6,8705.1,8595.4,8695.3,30845,0,0
2020-04-24 20:00:00+00:00,8695.6,8791.7,8678.8,8776.2,23262,0,0
2020-04-27 00:00:00+00:00,8811.9,8820.5,8742.1,8797.1,7876,0,0
2020-04-27 04:00:00+00:00,8797.6,8898.6,8781.6,8892.4,10837,0,0
2020-04-27 08:00:00+00:00,8893.2,8908.4,8849.8,8884.1,14956,0,0
2020-04-27 12:00:00+00:00,8883.9,8907.2,8866.3,8878.4,11850,0,0
2020-04-27 16:00:00+00:00,8878.2,8892.3,8818.6,8847.6,30305,0,0
2020-04-27 20:00:00+00:00,8848.3,8859.4,8800.6,8829.2,21724,0,0
2020-04-28 00:00:00+00:00,8823.1,8858.2,8813.7,8850.3,5391,0,0
2020-04-28 04:00:00+00:00,8849.3,8849.3,8788.3,8812.8,10227,0,0
2020-04-28 08:00:00+00:00,8812.9,8885.7,8805.3,8873.1,12986,0,0
2020-04-28 12:00:00+00:00,8873.4,8956.3,8870.4,8932.1,15430,0,0
2020-04-28 16:00:00+00:00,8931.8,8933.8,8687.8,8743.3,34412,0,0
2020-04-28 20:00:00+00:00,8743.8,8776.3,8666.8,8710.5,24763,0,0
2020-04-29 00:00:00+00:00,8773.8,8805.9,8746.1,8799.0,7279,0,0
2020-04-29 04:00:00+00:00,8799.4,8870.9,8799.4,8854.5,10639,0,0
2020-04-29 08:00:00+00:00,8854.6,8863.9,8804.6,8834.3,15131,0,0
2020-04-29 12:00:00+00:00,8835.1,8905.3,8784.4,8900.7,15657,0,0
2020-04-29 16:00:00+00:00,8900.8,8974.5,8828.0,8958.8,32538,0,0
2020-04-29 20:00:00+00:00,8959.5,9127.9,8934.0,9127.9,25504,0,0
2020-04-30 00:00:00+00:00,9103.8,9114.8,9054.5,9071.6,7515,0,0
2020-04-30 04:00:00+00:00,9071.7,9155.0,9066.0,9140.6,10040,0,0
2020-04-30 08:00:00+00:00,9140.5,9146.6,9073.3,9081.6,17016,0,0
2020-04-30 12:00:00+00:00,9081.8,9114.7,9000.1,9003.0,18926,0,0
2020-04-30 16:00:00+00:00,9003.5,9027.8,8916.8,8953.1,36218,0,0
2020-04-30 20:00:00+00:00,8952.8,9010.1,8867.2,8881.5,27528,0,0
2020-05-01 00:00:00+00:00,8854.7,8864.3,8814.8,8862.5,9694,0,0
2020-05-01 04:00:00+00:00,8862.8,8870.8,8796.8,8833.2,11742,0,0
2020-05-01 08:00:00+00:00,8833.3,8841.1,8735.1,8782.0,13831,0,0
2020-05-01 12:00:00+00:00,8781.5,8797.3,8755.1,8791.7,12426,0,0
2020-05-01 16:00:00+00:00,8791.5,8888.6,8686.3,8709.7,35648,0,0
2020-05-01 20:00:00+00:00,8709.3,8768.1,8682.3,8715.7,24508,0,0
2020-05-04 00:00:00+00:00,8613.2,8654.3,8570.1,8586.2,11098,0,0
2020-05-04 04:00:00+00:00,8586.0,8681.6,8586.0,8653.6,12450,0,0
2020-05-04 08:00:00+00:00,8654.1,8708.5,8634.0,8660.6,18347,0,0
2020-05-04 12:00:00+00:00,8660.3,8690.0,8629.0,8674.2,16669,0,0
2020-05-04 16:00:00+00:00,8673.7,8793.6,8661.8,8735.1,33384,0,0
2020-05-04 20:00:00+00:00,8736.0,8838.3,8710.5,8820.4,22097,0,0
2020-05-05 00:00:00+00:00,8814.0,8855.2,8810.0,8852.3,5565,0,0
2020-05-05 04:00:00+00:00,8852.5,8887.0,8842.3,8879.8,8251,0,0
2020-05-05 08:00:00+00:00,8879.6,8927.3,8835.5,8839.1,15877,0,0
2020-05-05 12:00:00+00:00,8837.8,8936.5,8833.3,8923.5,17696,0,0
2020-05-05 16:00:00+00:00,8923.1,9010.0,8906.5,8987.2,28941,0,0
2020-05-05 20:00:00+00:00,8986.9,9031.5,8897.0,8943.8,23732,0,0
2020-05-06 00:00:00+00:00,8930.6,8975.7,8894.9,8906.8,8223,0,0
2020-05-06 04:00:00+00:00,8905.2,8949.9,8888.2,8942.1,12169,0,0
2020-05-06 08:00:00+00:00,8942.3,9018.4,8939.1,8993.9,15648,0,0
2020-05-06 12:00:00+00:00,8993.8,9019.7,8967.1,8987.7,14019,0,0
2020-05-06 16:00:00+00:00,8987.8,9056.6,8946.3,9038.9,33570,0,0
2020-05-06 20:00:00+00:00,9038.8,9066.3,8950.9,8958.9,25858,0,0
2020-05-07 00:00:00+00:00,8965.0,9004.8,8940.3,8998.8,8467,0,0
2020-05-07 04:00:00+00:00,8999.7,9039.8,8984.3,9031.7,11156,0,0
2020-05-07 08:00:00+00:00,9032.0,9093.7,9014.2,9085.1,14547,0,0
2020-05-07 12:00:00+00:00,9085.7,9109.7,9071.6,9099.6,14872,0,0
2020-05-07 16:00:00+00:00,9100.3,9125.2,9041.1,9123.1,31518,0,0
2020-05-07 20:00:00+00:00,9123.3,9135.8,9075.8,9128.7,23188,0,0
2020-05-08 00:00:00+00:00,9117.1,9191.0,9110.7,9188.6,7502,0,0
2020-05-08 04:00:00+00:00,9189.1,9222.7,9182.2,9215.9,12703,0,0
2020-05-08 08:00:00+00:00,9216.1,9244.6,9175.0,9192.9,13272,0,0
2020-05-08 12:00:00+00:00,9192.6,9225.9,9179.5,9192.4,13147,0,0
2020-05-08 16:00:00+00:00,9191.4,9224.7,9123.6,9221.5,28934,0,0
2020-05-08 20:00:00+00:00,9221.4,9235.7,9158.1,9228.1,21073,0,0
2020-05-11 00:00:00+00:00,9191.2,9275.0,9184.8,9271.7,9113,0,0
2020-05-11 04:00:00+00:00,9271.5,9291.5,9260.4,9272.7,10742,0,0
2020-05-11 08:00:00+00:00,9272.4,9277.9,9215.7,9225.0,14755,0,0
2020-05-11 12:00:00+00:00,9225.3,9230.4,9125.7,9150.7,18509,0,0
2020-05-11 16:00:00+00:00,9151.3,9289.7,9148.2,9286.7,29491,0,0
2020-05-11 20:00:00+00:00,9286.4,9346.2,9272.8,9287.2,22589,0,0
2020-05-12 00:00:00+00:00,9294.0,9317.9,9244.5,9254.2,9398,0,0
2020-05-12 04:00:00+00:00,9254.4,9278.2,9231.0,9271.5,13786,0,0
2020-05-12 08:00:00+00:00,9272.9,9300.0,9237.6,9271.1,16389,0,0
2020-05-12 12:00:00+00:00,9271.2,9330.1,9254.7,9326.9,14763,0,0
2020-05-12 16:00:00+00:00,9326.4,9352.9,9244.4,9335.6,31654,0,0
2020-05-12 20:00:00+00:00,9335.0,9337.1,9048.6,9053.9,29623,0,0
2020-05-13 00:00:00+00:00,9038.9,9084.5,9006.3,9051.0,12269,0,0
2020-05-13 04:00:00+00:00,9051.2,9114.0,9034.8,9112.0,12725,0,0
2020-05-13 08:00:00+00:00,9112.2,9136.5,9077.8,9102.0,17800,0,0
2020-05-13 12:00:00+00:00,9101.0,9176.5,9095.7,9147.4,17039,0,0
2020-05-13 16:00:00+00:00,9147.3,9210.5,8894.2,8986.3,42646,0,0
2020-05-13 20:00:00+00:00,8989.5,9028.4,8886.9,9020.9,32586,0,0
2020-05-14 00:00:00+00:00,9029.9,9045.1,8972.0,9005.6,9936,0,0
2020-05-14 04:00:00+00:00,9005.7,9025.2,8950.6,8983.1,15352,0,0
2020-05-14 08:00:00+00:00,8982.7,9039.4,8952.4,9010.4,19144,0,0
2020-05-14 12:00:00+00:00,9009.0,9044.6,8896.6,8937.5,22027,0,0
2020-05-14 16:00:00+00:00,8937.1,8991.9,8855.1,8987.1,40847,0,0
2020-05-14 20:00:00+00:00,8988.5,9111.2,8944.4,9095.7,30105,0,0
2020-05-15 00:00:00+00:00,9089.8,9125.8,9079.2,9098.6,7039,0,0
2020-05-15 04:00:00+00:00,9098.7,9119.5,9058.8,9113.3,13908,0,0
2020-05-15 08:00:00+00:00,9112.2,9148.8,9086.0,9132.6,14864,0,0
2020-05-15 12:00:00+00:00,9133.6,9142.8,8935.6,8959.7,22670,0,0
2020-05-15 16:00:00+00:00,8960.2,9074.3,8932.5,9067.1,37759,0,0
2020-05-15 20:00:00+00:00,9067.3,9157.1,9057.1,9125.7,29075,0,0
2020-05-18 00:00:00+00:00,9127.0,9187.0,9119.6,9174.4,8423,0,0
2020-05-18 04:00:00+00:00,9174.0,9222.0,9170.5,9207.7,10555,0,0
2020-05-18 08:00:00+00:00,9207.6,9250.9,9183.7,9239.1,15007,0,0
2020-05-18 12:00:00+00:00,9239.4,9302.6,9203.2,9297.7,17636,0,0
2020-05-18 16:00:00+00:00,9297.0,9353.4,9245.6,9329.2,31361,0,0
2020-05-18 20:00:00+00:00,9329.1,9368.2,9317.2,9324.6,22370,0,0
2020-05-19 00:00:00+00:00,9326.0,9360.0,9322.4,9343.8,7197,0,0
2020-05-19 04:00:00+00:00,9343.9,9352.5,9302.3,9349.8,11859,0,0
2020-05-19 08:00:00+00:00,9349.3,9422.3,9308.8,9341.5,20348,0,0
2020-05-19 12:00:00+00:00,9340.6,9355.1,9297.5,9342.0,18628,0,0
2020-05-19 16:00:00+00:00,9342.3,9412.0,9320.8,9400.0,30672,0,0
2020-05-19 20:00:00+00:00,9400.3,9422.6,9290.3,9302.6,23591,0,0
2020-05-20 00:00:00+00:00,9293.4,9334.9,9276.3,9329.3,7183,0,0
2020-05-20 04:00:00+00:00,9329.8,9368.8,9325.8,9355.2,9214,0,0
2020-05-20 08:00:00+00:00,9355.0,9394.7,9324.7,9382.4,15206,0,0
2020-05-20 12:00:00+00:00,9382.5,9413.4,9377.9,9406.9,14617,0,0
2020-05-20 16:00:00+00:00,9406.7,9499.3,9400.4,9466.5,28638,0,0
2020-05-20 20:00:00+00:00,9467.4,9499.3,9433.2,9496.4,23817,0,0
2020-05-21 00:00:00+00:00,9496.3,9504.2,9462.9,9478.5,6117,0,0
2020-05-21 04:00:00+00:00,9478.7,9478.7,9427.8,9458.0,10788,0,0
2020-05-21 08:00:00+00:00,9458.2,9464.7,9413.5,9440.8,13135,0,0
2020-05-21 12:00:00+00:00,9441.7,9481.2,9418.7,9474.3,14999,0,0
2020-05-21 16:00:00+00:00,9473.9,9513.2,9357.9,9403.2,32959,0,0
2020-05-21 20:00:00+00:00,9403.7,9430.9,9356.2,9362.2,24245,0,0
2020-05-22 00:00:00+00:00,9359.6,9410.5,9353.6,9392.0,6331,0,0
2020-05-22 04:00:00+00:00,9391.6,9397.5,9286.0,9293.8,15689,0,0
2020-05-22 08:00:00+00:00,9292.8,9308.0,9244.8,9298.8,18061,0,0
2020-05-22 12:00:00+00:00,9299.3,9367.5,9289.1,9351.5,16508,0,0
2020-05-22 16:00:00+00:00,9351.7,9402.2,9323.7,9384.5,29755,0,0
2020-05-22 20:00:00+00:00,9384.6,9425.5,9378.5,9424.3,19172,0,0
2020-05-25 00:00:00+00:00,9410.7,9466.8,9400.6,9446.5,6443,0,0
2020-05-25 04:00:00+00:00,9446.7,9459.3,9420.0,9452.2,9664,0,0
2020-05-25 08:00:00+00:00,9452.1,9509.5,9447.8,9500.3,10412,0,0
2020-05-25 12:00:00+00:00,9499.1,9523.2,9485.7,9519.8,9460,0,0
2020-05-25 16:00:00+00:00,9519.6,9540.0,9515.3,9533.0,7683,0,0
2020-05-26 00:00:00+00:00,9524.9,9534.3,9507.8,9525.9,5247,0,0
2020-05-26 04:00:00+00:00,9526.3,9598.3,9524.1,9585.6,10403,0,0
2020-05-26 08:00:00+00:00,9585.8,9607.0,9571.5,9590.5,15611,0,0
2020-05-26 12:00:00+00:00,9590.1,9605.3,9540.6,9553.6,14082,0,0
2020-05-26 16:00:00+00:00,9554.1,9573.1,9416.6,9474.6,31561,0,0
2020-05-26 20:00:00+00:00,9475.1,9490.3,9376.1,9414.5,22049,0,0
2020-05-27 00:00:00+00:00,9404.3,9418.6,9377.7,9410.7,6510,0,0
2020-05-27 04:00:00+00:00,9410.8,9498.5,9410.8,9484.8,13248,0,0
2020-05-27 08:00:00+00:00,9485.3,9495.1,9456.3,9486.0,13868,0,0
2020-05-27 12:00:00+00:00,9486.3,9510.5,9389.2,9392.7,16718,0,0
2020-05-27 16:00:00+00:00,9392.5,9405.7,9177.0,9322.5,36630,0,0
2020-05-27 20:00:00+00:00,9322.0,9451.1,9300.8,9443.2,24008,0,0
2020-05-28 00:00:00+00:00,9431.2,9475.7,9414.1,9465.3,6435,0,0
2020-05-28 04:00:00+00:00,9465.1,9483.2,9360.8,9396.1,12611,0,0
2020-05-28 08:00:00+00:00,9395.8,9448.1,9372.3,9406.7,15268,0,0
2020-05-28 12:00:00+00:00,9406.2,9426.1,9322.6,9344.1,15755,0,0
2020-05-28 16:00:00+00:00,9343.3,9556.7,9340.6,9547.1,32053,0,0
2020-05-28 20:00:00+00:00,9547.4,9569.1,9391.3,9463.9,24960,0,0
2020-05-29 00:00:00+00:00,9456.6,9463.5,9392.0,9399.0,7565,0,0
2020-05-29 04:00:00+00:00,9398.4,9456.3,9384.5,9455.9,10543,0,0
2020-05-29 08:00:00+00:00,9456.1,9465.1,9385.3,9407.6,15723,0,0
2020-05-29 12:00:00+00:00,9407.8,9492.0,9391.1,9458.3,14943,0,0
2020-05-29 16:00:00+00:00,9458.1,9484.1,9374.4,9448.0,33988,0,0
2020-05-29 20:00:00+00:00,9448.6,9591.5,9394.4,9589.3,27982,0,0
2020-06-01 00:00:00+00:00,9486.5,9550.1,9452.3,9543.1,10313,0,0
2020-06-01 04:00:00+00:00,9542.9,9580.4,9527.4,9568.0,12207,0,0
2020-06-01 08:00:00+00:00,9568.9,9589.6,9483.0,9521.4,14942,0,0
2020-06-01 12:00:00+00:00,9521.8,9551.1,9494.1,9519.9,13394,0,0
2020-06-01 16:00:00+00:00,9519.8,9595.4,9507.9,9583.3,28529,0,0
2020-06-01 20:00:00+00:00,9583.8,9608.9,9578.8,9597.9,16935,0,0
2020-06-02 00:00:00+00:00,9595.9,9599.3,9557.6,9587.4,6395,0,0
2020-06-02 04:00:00+00:00,9587.7,9591.6,9562.2,9578.4,8959,0,0
2020-06-02 08:00:00+00:00,9578.3,9651.6,9578.3,9644.8,12943,0,0
2020-06-02 12:00:00+00:00,9644.9,9672.6,9601.4,9613.3,12208,0,0
2020-06-02 16:00:00+00:00,9613.1,9616.7,9508.8,9576.8,29597,0,0
2020-06-02 20:00:00+00:00,9577.1,9664.7,9574.8,9662.2,19485,0,0
2020-06-03 00:00:00+00:00,9661.6,9688.9,9638.4,9684.8,6785,0,0
2020-06-03 04:00:00+00:00,9685.0,9694.8,9654.8,9674.8,12671,0,0
2020-06-03 08:00:00+00:00,9674.0,9700.0,9664.5,9681.5,14467,0,0
2020-06-03 12:00:00+00:00,9681.9,9696.4,9652.4,9665.6,13294,0,0
2020-06-03 16:00:00+00:00,9665.4,9706.5,9645.3,9667.4,29221,0,0
2020-06-03 20:00:00+00:00,9667.5,9731.5,9663.4,9692.9,19363,0,0
2020-06-04 00:00:00+00:00,9689.8,9709.3,9670.1,9686.7,7468,0,0
2020-06-04 04:00:00+00:00,9686.5,9693.0,9649.0,9674.0,13500,0,0
2020-06-04 08:00:00+00:00,9674.1,9697.1,9660.6,9668.8,13162,0,0
2020-06-04 12:00:00+00:00,9669.1,9686.8,9646.8,9661.8,14436,0,0
2020-06-04 16:00:00+00:00,9662.1,9745.1,9626.0,9628.5,32941,0,0
2020-06-04 20:00:00+00:00,9628.1,9673.8,9575.3,9646.2,24565,0,0
2020-06-05 00:00:00+00:00,9643.6,9645.9,9613.4,9635.0,5945,0,0
2020-06-05 04:00:00+00:00,9635.5,9668.5,9624.9,9660.4,11365,0,0
2020-06-05 08:00:00+00:00,9660.5,9706.1,9654.5,9677.9,13730,0,0
2020-06-05 12:00:00+00:00,9678.3,9684.1,9604.9,9648.9,14537,0,0
2020-06-05 16:00:00+00:00,9649.1,9841.4,9645.9,9831.8,33398,0,0
2020-06-05 20:00:00+00:00,9831.4,9846.9,9790.6,9807.8,23107,0,0
2020-06-08 00:00:00+00:00,9812.6,9875.4,9808.6,9851.3,9081,0,0
2020-06-08 04:00:00+00:00,9851.4,9856.6,9827.1,9842.4,13150,0,0
2020-06-08 08:00:00+00:00,9842.8,9849.3,9797.9,9833.4,14100,0,0
2020-06-08 12:00:00+00:00,9833.3,9839.3,9786.5,9819.0,15041,0,0
2020-06-08 16:00:00+00:00,9819.5,9830.5,9749.0,9820.0,29477,0,0
2020-06-08 20:00:00+00:00,9820.3,9902.3,9811.5,9885.4,19153,0,0
2020-06-09 00:00:00+00:00,9884.1,9897.4,9874.4,9878.2,6199,0,0
2020-06-09 04:00:00+00:00,9877.6,9891.4,9860.4,9884.7,11351,0,0
2020-06-09 08:00:00+00:00,9884.6,9907.6,9814.2,9824.2,16664,0,0
2020-06-09 12:00:00+00:00,9824.4,9862.3,9813.3,9858.9,15002,0,0
2020-06-09 16:00:00+00:00,9857.9,9988.2,9847.6,9979.6,31254,0,0
2020-06-09 20:00:00+00:00,9979.1,10006.8,9944.2,9962.6,23127,0,0
2020-06-10 00:00:00+00:00,9965.9,9999.1,9963.4,9996.9,5748,0,0
2020-06-10 04:00:00+00:00,9997.2,10017.9,9988.7,10008.4,11102,0,0
2020-06-10 08:00:00+00:00,10008.0,10016.7,9988.0,10002.0,12667,0,0
2020-06-10 12:00:00+00:00,10001.9,10047.9,9959.6,10044.9,15678,0,0
2020-06-10 16:00:00+00:00,10044.6,10079.2,10019.9,10065.4,33461,0,0
2020-06-10 20:00:00+00:00,10065.7,10156.9,10034.1,10088.1,28752,0,0
2020-06-11 00:00:00+00:00,10089.5,10106.2,10031.6,10071.1,9898,0,0
2020-06-11 04:00:00+00:00,10071.5,10095.1,10001.5,10019.1,14728,0,0
2020-06-11 08:00:00+00:00,10018.7,10025.5,9924.2,9927.5,22703,0,0
2020-06-11 12:00:00+00:00,9927.9,9990.9,9896.0,9932.6,19995,0,0
2020-06-11 16:00:00+00:00,9932.4,9979.9,9703.2,9705.2,39667,0,0
2020-06-11 20:00:00+00:00,9702.9,9782.6,9584.2,9622.0,34397,0,0
2020-06-12 00:00:00+00:00,9614.8,9694.4,9595.4,9642.4,11633,0,0
2020-06-12 04:00:00+00:00,9641.5,9739.2,9602.0,9720.2,13518,0,0
2020-06-12 08:00:00+00:00,9719.2,9775.0,9662.3,9766.2,16315,0,0
2020-06-12 12:00:00+00:00,9766.7,9794.3,9719.2,9755.9,14561,0,0
2020-06-12 16:00:00+00:00,9755.7,9848.9,9569.2,9673.0,36613,0,0
2020-06-12 20:00:00+00:00,9675.5,9685.9,9495.8,9645.8,31156,0,0
2020-06-15 00:00:00+00:00,9536.6,9585.4,9505.4,9541.8,11912,0,0
2020-06-15 04:00:00+00:00,9541.4,9597.3,9533.4,9538.2,9946,0,0
2020-06-15 08:00:00+00:00,9537.3,9540.3,9382.9,9498.9,20216,0,0
2020-06-15 12:00:00+00:00,9499.3,9540.3,9472.9,9524.6,14996,0,0
2020-06-15 16:00:00+00:00,9525.2,9687.9,9484.6,9687.3,34249,0,0
2020-06-15 20:00:00+00:00,9687.6,9814.9,9678.4,9813.6,25108,0,0
2020-06-16 00:00:00+00:00,9809.8,9886.3,9800.6,9869.3,8983,0,0
2020-06-16 04:00:00+00:00,9869.9,9958.6,9862.9,9912.9,12017,0,0
2020-06-16 08:00:00+00:00,9913.8,9940.4,9863.3,9909.9,16359,0,0
2020-06-16 12:00:00+00:00,9910.1,10009.3,9895.2,10000.3,10184,0,0
2020-06-16 16:00:00+00:00,10000.7,10011.9,9797.8,9960.1,34145,0,0
2020-06-16 20:00:00+00:00,9959.1,9980.3,9874.6,9968.8,23270,0,0
2020-06-17 00:00:00+00:00,9966.5,9999.6,9929.6,9984.5,7271,0,0
2020-06-17 04:00:00+00:00,9984.1,9993.0,9926.8,9973.8,9960,0,0
2020-06-17 08:00:00+00:00,9973.6,10048.5,9950.0,10042.6,16371,0,0
2020-06-17 12:00:00+00:00,10042.5,10044.8,9984.8,10013.8,14154,0,0
2020-06-17 16:00:00+00:00,10013.5,10043.5,9948.6,10041.3,30115,0,0
2020-06-17 20:00:00+00:00,10041.5,10058.8,9958.8,9997.8,22167,0,0
2020-06-18 00:00:00+00:00,9988.6,10007.2,9930.8,9946.1,7806,0,0
2020-06-18 04:00:00+00:00,9946.3,9973.7,9878.1,9970.4,13698,0,0
2020-06-18 08:00:00+00:00,9970.8,10037.2,9938.9,10030.2,16056,0,0
2020-06-18 12:00:00+00:00,10030.9,10040.1,9940.3,9983.3,15471,0,0
2020-06-18 16:00:00+00:00,9983.1,10019.0,9936.3,9987.7,31063,0,0
2020-06-18 20:00:00+00:00,9987.8,10016.2,9946.2,10001.1,21278,0,0
2020-06-19 00:00:00+00:00,9992.7,10036.7,9992.7,10008.5,5900,0,0
2020-06-19 04:00:00+00:00,10008.2,10028.5,9992.0,10015.0,9564,0,0
2020-06-19 08:00:00+00:00,10014.5,10085.6,10013.5,10068.1,11313,0,0
2020-06-19 12:00:00+00:00,10068.2,10106.1,10061.5,10100.2,12260,0,0
2020-06-19 16:00:00+00:00,10099.7,10122.0,9947.2,10031.3,32750,0,0
2020-06-19 20:00:00+00:00,10031.8,10032.8,9932.1,9937.0,30737,0,0
2020-06-22 00:00:00+00:00,9890.5,9938.5,9854.9,9928.0,10341,0,0
2020-06-22 04:00:00+00:00,9928.9,10008.2,9927.5,9979.6,13169,0,0
2020-06-22 08:00:00+00:00,9979.2,10030.2,9956.2,10026.4,15159,0,0
2020-06-22 12:00:00+00:00,10026.1,10049.1,9994.9,10008.2,12641,0,0
2020-06-22 16:00:00+00:00,10007.5,10116.4,9987.5,10105.9,28958,0,0
2020-06-22 20:00:00+00:00,10106.0,10143.1,10078.1,10135.7,21724,0,0
2020-06-23 00:00:00+00:00,10132.5,10169.3,10126.8,10153.9,6730,0,0
2020-06-23 04:00:00+00:00,10153.7,10157.2,9984.4,10121.9,19195,0,0
2020-06-23 08:00:00+00:00,10121.8,10208.5,10100.3,10184.9,16429,0,0
2020-06-23 12:00:00+00:00,10184.5,10215.8,10180.3,10204.7,12015,0,0
2020-06-23 16:00:00+00:00,10205.3,10280.3,10171.0,10274.3,29322,0,0
2020-06-23 20:00:00+00:00,10274.2,10307.3,10186.8,10188.2,23939,0,0
2020-06-24 00:00:00+00:00,10195.7,10235.0,10179.8,10227.2,8893,0,0
2020-06-24 04:00:00+00:00,10227.0,10253.0,10191.5,10243.7,13996,0,0
2020-06-24 08:00:00+00:00,10243.5,10247.1,10137.8,10169.2,15661,0,0
2020-06-24 12:00:00+00:00,10169.3,10195.1,10118.0,10192.3,14012,0,0
2020-06-24 16:00:00+00:00,10192.6,10233.2,9937.9,10036.1,39099,0,0
2020-06-24 20:00:00+00:00,10035.6,10051.3,9950.6,10025.6,31024,0,0
2020-06-25 00:00:00+00:00,10015.5,10040.4,9975.6,10034.5,7677,0,0
2020-06-25 04:00:00+00:00,10034.8,10041.9,9953.4,9998.5,11914,0,0
2020-06-25 08:00:00+00:00,9999.3,10035.9,9905.1,10024.6,17460,0,0
2020-06-25 12:00:00+00:00,10025.3,10058.0,9973.0,10005.3,15831,0,0
2020-06-25 16:00:00+00:00,10004.8,10052.5,9898.1,10023.3,35756,0,0
2020-06-25 20:00:00+00:00,10023.1,10118.0,9977.9,10107.4,25464,0,0
2020-06-26 00:00:00+00:00,10105.7,10131.4,10085.6,10113.1,6178,0,0
2020-06-26 04:00:00+00:00,10113.4,10123.3,10093.2,10107.7,7441,0,0
2020-06-26 08:00:00+00:00,10107.6,10115.3,10044.3,10083.9,12501,0,0
2020-06-26 12:00:00+00:00,10084.1,10130.3,10074.7,10081.1,12288,0,0
2020-06-26 16:00:00+00:00,10083.1,10093.2,9864.2,9931.4,37586,0,0
2020-06-26 20:00:00+00:00,9931.6,9963.9,9836.7,9856.3,30560,0,0
2020-06-29 00:00:00+00:00,9814.6,9857.1,9792.2,9855.2,9346,0,0
2020-06-29 04:00:00+00:00,9854.7,9893.6,9817.8,9824.2,16429,0,0
2020-06-29 08:00:00+00:00,9824.3,9891.1,9814.6,9867.1,16907,0,0
2020-06-29 12:00:00+00:00,9867.4,9898.9,9838.3,9857.9,12811,0,0
2020-06-29 16:00:00+00:00,9859.8,9939.6,9742.1,9932.4,34665,0,0
2020-06-29 20:00:00+00:00,9932.7,10007.8,9884.1,10000.2,23877,0,0
2020-06-30 00:00:00+00:00,9993.2,10018.1,9985.2,10000.6,6066,0,0
2020-06-30 04:00:00+00:00,10000.5,10032.3,9998.2,10022.0,7112,0,0
2020-06-30 08:00:00+00:00,10022.1,10038.1,9963.8,9972.7,14702,0,0
2020-06-30 12:00:00+00:00,9972.2,9999.5,9950.3,9960.2,12639,0,0
2020-06-30 16:00:00+00:00,9960.5,10113.3,9950.7,10074.5,32061,0,0
2020-06-30 20:00:00+00:00,10075.5,10181.7,10049.6,10150.5,24333,0,0
2020-07-01 00:00:00+00:00,10149.4,10158.5,10132.3,10148.4,4456,0,0
2020-07-01 04:00:00+00:00,10148.8,10165.3,10137.8,10140.3,6001,0,0
2020-07-01 08:00:00+00:00,10140.4,10167.5,10115.5,10147.1,8805,0,0
2020-07-01 12:00:00+00:00,10146.8,10164.8,10087.3,10159.5,16166,0,0
2020-07-01 16:00:00+00:00,10161.3,10278.6,10137.5,10264.5,32566,0,0
2020-07-01 20:00:00+00:00,10265.0,10321.8,10238.6,10269.9,22811,0,0
2020-07-02 00:00:00+00:00,10271.0,10289.7,10259.7,10275.0,5054,0,0
2020-07-02 04:00:00+00:00,10275.2,10310.2,10264.9,10299.3,7693,0,0
2020-07-02 08:00:00+00:00,10299.5,10346.5,10290.9,10333.3,12858,0,0
2020-07-02 12:00:00+00:00,10333.8,10391.8,10312.0,10385.3,12093,0,0
2020-07-02 16:00:00+00:00,10385.0,10432.0,10341.3,10398.7,34243,0,0
2020-07-02 20:00:00+00:00,10398.8,10414.5,10328.0,10359.4,22544,0,0
2020-07-03 00:00:00+00:00,10357.1,10372.2,10350.1,10367.3,3651,0,0
2020-07-03 04:00:00+00:00,10367.0,10381.5,10350.6,10359.8,6450,0,0
2020-07-03 08:00:00+00:00,10359.6,10399.0,10353.0,10386.6,9946,0,0
2020-07-03 12:00:00+00:00,10385.5,10391.0,10351.2,10352.8,8364,0,0
2020-07-03 16:00:00+00:00,10353.1,10367.7,10319.7,10340.0,10136,0,0
2020-07-06 00:00:00+00:00,10364.0,10428.7,10361.4,10428.2,5990,0,0
2020-07-06 04:00:00+00:00,10428.5,10513.5,10428.5,10497.6,12119,0,0
2020-07-06 08:00:00+00:00,10497.7,10513.2,10481.1,10491.2,15314,0,0
2020-07-06 12:00:00+00:00,10491.1,10502.2,10473.2,10499.2,9139,0,0
2020-07-06 16:00:00+00:00,10499.5,10624.5,10476.1,10594.2,29295,0,0
2020-07-06 20:00:00+00:00,10594.7,10613.9,10529.0,10608.4,25462,0,0
2020-07-07 00:00:00+00:00,10610.3,10674.0,10604.4,10668.9,6624,0,0
2020-07-07 04:00:00+00:00,10668.4,10674.0,10595.9,10613.0,14693,0,0
2020-07-07 08:00:00+00:00,10612.8,10622.7,10548.5,10557.9,14205,0,0
2020-07-07 12:00:00+00:00,10557.4,10584.5,10539.5,10582.9,11924,0,0
2020-07-07 16:00:00+00:00,10581.8,10703.8,10567.8,10647.3,31850,0,0
2020-07-07 20:00:00+00:00,10647.0,10652.4,10516.9,10536.7,26240,0,0
2020-07-08 00:00:00+00:00,10541.1,10579.3,10535.2,10567.6,6311,0,0
2020-07-08 04:00:00+00:00,10568.0,10582.6,10523.1,10528.8,11714,0,0
2020-07-08 08:00:00+00:00,10528.7,10595.5,10516.1,10574.0,15715,0,0
2020-07-08 12:00:00+00:00,10575.0,10594.0,10534.8,10577.1,11973,0,0
2020-07-08 16:00:00+00:00,10576.1,10651.2,10523.6,10637.3,33593,0,0
2020-07-08 20:00:00+00:00,10637.5,10683.7,10572.5,10683.2,26145,0,0
2020-07-09 00:00:00+00:00,10694.6,10704.6,10672.3,10684.8,5420,0,0
2020-07-09 04:00:00+00:00,10684.5,10693.9,10656.1,10682.4,10903,0,0
2020-07-09 08:00:00+00:00,10682.1,10697.6,10657.1,10691.9,13880,0,0
2020-07-09 12:00:00+00:00,10691.5,10748.1,10684.9,10735.4,10801,0,0
2020-07-09 16:00:00+00:00,10735.3,10756.8,10571.6,10694.5,37039,0,0
2020-07-09 20:00:00+00:00,10694.6,10784.3,10682.5,10735.8,26811,0,0
2020-07-10 00:00:00+00:00,10738.7,10767.3,10712.4,10721.6,5710,0,0
2020-07-10 04:00:00+00:00,10721.4,10733.8,10690.0,10693.3,11002,0,0
2020-07-10 08:00:00+00:00,10693.1,10721.1,10661.6,10701.1,17949,0,0
2020-07-10 12:00:00+00:00,10700.5,10751.3,10683.9,10734.1,13907,0,0
2020-07-10 16:00:00+00:00,10734.5,10761.3,10637.6,10752.8,35014,0,0
2020-07-10 20:00:00+00:00,10753.0,10858.5,10745.9,10853.6,22795,0,0
2020-07-13 00:00:00+00:00,10867.2,10920.6,10862.3,10902.9,8544,0,0
2020-07-13 04:00:00+00:00,10903.7,10911.3,10883.2,10890.8,10502,0,0
2020-07-13 08:00:00+00:00,10890.6,10928.2,10878.1,10897.4,13273,0,0
2020-07-13 12:00:00+00:00,10897.3,10962.7,10884.8,10948.1,12410,0,0
2020-07-13 16:00:00+00:00,10948.6,11070.2,10941.8,10978.1,34424,0,0
2020-07-13 20:00:00+00:00,10978.9,11027.2,10575.4,10611.4,34871,0,0
2020-07-14 00:00:00+00:00,10626.2,10672.0,10626.2,10655.7,8407,0,0
2020-07-14 04:00:00+00:00,10656.4,10670.9,10622.7,10635.4,13159,0,0
2020-07-14 08:00:00+00:00,10635.3,10704.4,10598.0,10648.9,18149,0,0
2020-07-14 12:00:00+00:00,10649.0,10685.0,10515.5,10522.0,18842,0,0
2020-07-14 16:00:00+00:00,10522.9,10641.4,10371.7,10540.2,43832,0,0
2020-07-14 20:00:00+00:00,10540.4,10701.3,10501.3,10655.7,31039,0,0
2020-07-15 00:00:00+00:00,10726.6,10750.7,10712.0,10730.7,7671,0,0
2020-07-15 04:00:00+00:00,10731.1,10736.7,10676.2,10706.0,8549,0,0
2020-07-15 08:00:00+00:00,10705.7,10724.5,10683.3,10700.0,13758,0,0
2020-07-15 12:00:00+00:00,10699.2,10766.5,10679.2,10735.9,16614,0,0
2020-07-15 16:00:00+00:00,10734.6,10778.4,10563.9,10659.1,40097,0,0
2020-07-15 20:00:00+00:00,10658.9,10723.1,10630.4,10698.3,29408,0,0
2020-07-16 00:00:00+00:00,10696.1,10709.9,10617.9,10628.4,7561,0,0
2020-07-16 04:00:00+00:00,10628.4,10651.2,10587.9,10618.9,13582,0,0
2020-07-16 08:00:00+00:00,10619.4,10629.7,10535.5,10550.6,18207,0,0
2020-07-16 12:00:00+00:00,10550.5,10578.3,10500.4,10569.1,16235,0,0
2020-07-16 16:00:00+00:00,10569.5,10613.0,10490.3,10572.0,36781,0,0
2020-07-16 20:00:00+00:00,10573.0,10659.6,10519.6,10544.2,27167,0,0
2020-07-17 00:00:00+00:00,10543.5,10599.8,10537.9,10599.0,4617,0,0
2020-07-17 04:00:00+00:00,10598.8,10619.8,10573.5,10603.0,11975,0,0
2020-07-17 08:00:00+00:00,10603.3,10630.0,10578.5,10624.5,13259,0,0
2020-07-17 12:00:00+00:00,10624.5,10641.0,10607.5,10631.3,12247,0,0
2020-07-17 16:00:00+00:00,10630.8,10669.3,10551.0,10619.8,32819,0,0
2020-07-17 20:00:00+00:00,10620.0,10681.0,10600.8,10632.8,23378,0,0
2020-07-20 00:00:00+00:00,10625.5,10669.0,10625.5,10648.3,6573,0,0
2020-07-20 04:00:00+00:00,10646.3,10650.5,10564.8,10596.8,13208,0,0
2020-07-20 08:00:00+00:00,10596.8,10621.3,10559.0,10616.0,14075,0,0
2020-07-20 12:00:00+00:00,10617.0,10685.8,10616.8,10679.0,13485,0,0
2020-07-20 16:00:00+00:00,10679.8,10844.3,10618.5,10844.3,33254,0,0
2020-07-20 20:00:00+00:00,10845.3,10972.5,10839.8,10957.9,23503,0,0
2020-07-21 00:00:00+00:00,10955.5,11005.2,10945.2,11000.5,6876,0,0
2020-07-21 04:00:00+00:00,10999.7,11033.5,10989.5,11027.2,11774,0,0
2020-07-21 08:00:00+00:00,11027.2,11070.5,11020.0,11056.5,14859,0,0
2020-07-21 12:00:00+00:00,11056.5,11069.0,11029.2,11032.0,12089,0,0
2020-07-21 16:00:00+00:00,11032.0,11032.2,10841.5,10882.0,38161,0,0
2020-07-21 20:00:00+00:00,10881.2,10947.5,10797.7,10855.4,28099,0,0
2020-07-22 00:00:00+00:00,10863.9,10895.9,10856.4,10862.6,6951,0,0
2020-07-22 04:00:00+00:00,10861.9,10928.6,10859.1,10866.6,11333,0,0
2020-07-22 08:00:00+00:00,10866.9,10888.4,10795.6,10812.9,16307,0,0
2020-07-22 12:00:00+00:00,10813.1,10895.6,10795.1,10878.4,14824,0,0
2020-07-22 16:00:00+00:00,10878.4,10912.4,10774.9,10842.4,33802,0,0
2020-07-22 20:00:00+00:00,10842.1,10888.6,10797.1,10855.0,25930,0,0
2020-07-23 00:00:00+00:00,10860.0,10873.8,10819.0,10831.3,5367,0,0
2020-07-23 04:00:00+00:00,10831.3,10864.8,10819.3,10849.8,11175,0,0
2020-07-23 08:00:00+00:00,10851.0,10950.5,10841.3,10902.3,14744,0,0
2020-07-23 12:00:00+00:00,10902.5,10922.0,10854.5,10857.0,12584,0,0
2020-07-23 16:00:00+00:00,10857.3,10884.3,10664.0,10701.0,36629,0,0
2020-07-23 20:00:00+00:00,10701.3,10731.0,10527.8,10575.3,34637,0,0
2020-07-24 00:00:00+00:00,10581.1,10609.1,10581.1,10608.6,5195,0,0
2020-07-24 04:00:00+00:00,10608.6,10610.6,10463.8,10507.3,12962,0,0
2020-07-24 08:00:00+00:00,10508.1,10511.1,10392.8,10450.1,20964,0,0
2020-07-24 12:00:00+00:00,10449.8,10511.1,10423.6,10457.1,16755,0,0
2020-07-24 16:00:00+00:00,10456.8,10544.1,10316.6,10444.1,39937,0,0
2020-07-24 20:00:00+00:00,10443.8,10525.1,10395.8,10471.7,30047,0,0
2020-07-27 00:00:00+00:00,10500.6,10529.9,10414.6,10502.6,8970,0,0
2020-07-27 04:00:00+00:00,10502.9,10555.1,10486.9,10540.6,10875,0,0
2020-07-27 08:00:00+00:00,10540.6,10545.6,10507.9,10531.9,15501,0,0
2020-07-27 12:00:00+00:00,10532.8,10599.4,10529.6,10562.4,13771,0,0
2020-07-27 16:00:00+00:00,10561.9,10648.9,10525.1,10604.6,34087,0,0
2020-07-27 20:00:00+00:00,10604.6,10696.9,10603.4,10693.1,23688,0,0
2020-07-28 00:00:00+00:00,10693.5,10747.3,10693.5,10745.3,6529,0,0
2020-07-28 04:00:00+00:00,10745.8,10771.0,10697.0,10716.5,13918,0,0
2020-07-28 08:00:00+00:00,10716.3,10731.5,10666.8,10694.0,14661,0,0
2020-07-28 12:00:00+00:00,10694.0,10698.5,10614.5,10656.8,16048,0,0
2020-07-28 16:00:00+00:00,10655.0,10664.3,10570.5,10644.0,32629,0,0
2020-07-28 20:00:00+00:00,10643.8,10663.8,10527.3,10559.4,24895,0,0
2020-07-29 00:00:00+00:00,10571.4,10592.2,10557.7,10587.9,6464,0,0
2020-07-29 04:00:00+00:00,10587.9,10590.2,10525.9,10536.2,11010,0,0
2020-07-29 08:00:00+00:00,10536.2,10618.4,10530.9,10595.9,13261,0,0
2020-07-29 12:00:00+00:00,10595.7,10630.2,10577.9,10611.2,11935,0,0
2020-07-29 16:00:00+00:00,10611.4,10658.2,10584.4,10637.4,29313,0,0
2020-07-29 20:00:00+00:00,10637.4,10712.4,10613.2,10710.3,24261,0,0
2020-07-30 00:00:00+00:00,10710.2,10713.7,10670.0,10684.0,6094,0,0
2020-07-30 04:00:00+00:00,10683.7,10693.2,10664.2,10675.7,10858,0,0
2020-07-30 08:00:00+00:00,10675.7,10677.7,10538.5,10542.7,16841,0,0
2020-07-30 12:00:00+00:00,10541.4,10610.0,10515.5,10552.7,19137,0,0
2020-07-30 16:00:00+00:00,10550.7,10719.2,10527.7,10699.2,36019,0,0
2020-07-30 20:00:00+00:00,10699.5,10907.0,10686.5,10900.8,29246,0,0
2020-07-31 00:00:00+00:00,10921.5,10939.2,10891.5,10907.7,9055,0,0
2020-07-31 04:00:00+00:00,10907.7,10951.2,10874.5,10884.7,15314,0,0
2020-07-31 08:00:00+00:00,10887.0,10934.7,10856.7,10917.0,17984,0,0
2020-07-31 12:00:00+00:00,10916.7,10945.7,10888.0,10916.2,13706,0,0
2020-07-31 16:00:00+00:00,10916.0,10921.0,10704.2,10721.7,35169,0,0
2020-07-31 20:00:00+00:00,10721.7,10933.0,10715.0,10923.8,28740,0,0
2020-08-03 00:00:00+00:00,10951.6,10951.6,10888.9,10938.6,7295,0,0
2020-08-03 04:00:00+00:00,10938.9,10966.9,10922.6,10942.6,9619,0,0
2020-08-03 08:00:00+00:00,10942.4,10966.6,10911.9,10949.9,12838,0,0
2020-08-03 12:00:00+00:00,10950.1,11016.9,10939.6,11002.4,13065,0,0
2020-08-03 16:00:00+00:00,11002.9,11080.1,10984.1,11054.9,32818,0,0
2020-08-03 20:00:00+00:00,11054.9,11085.4,11029.1,11061.8,25512,0,0
2020-08-04 00:00:00+00:00,11064.4,11065.2,11039.2,11056.2,4065,0,0
2020-08-04 04:00:00+00:00,11056.4,11083.2,11048.4,11066.4,7708,0,0
2020-08-04 08:00:00+00:00,11066.9,11104.2,10998.1,11020.4,17356,0,0
2020-08-04 12:00:00+00:00,11020.9,11040.2,10995.7,11015.4,14577,0,0
2020-08-04 16:00:00+00:00,11015.4,11094.2,11010.9,11040.2,32518,0,0
2020-08-04 20:00:00+00:00,11040.2,11106.9,11000.7,11088.1,24716,0,0
2020-08-05 00:00:00+00:00,11091.2,11095.2,11071.2,11085.0,5081,0,0
2020-08-05 04:00:00+00:00,11085.0,11115.2,11068.5,11106.2,9553,0,0
2020-08-05 08:00:00+00:00,11105.7,11150.2,11101.7,11139.5,12566,0,0
2020-08-05 12:00:00+00:00,11139.2,11156.0,11096.5,11100.0,12038,0,0
2020-08-05 16:00:00+00:00,11099.2,11140.5,11077.5,11114.5,30171,0,0
2020-08-05 20:00:00+00:00,11114.7,11134.2,11083.2,11105.7,19523,0,0
2020-08-06 00:00:00+00:00,11103.0,11127.7,11096.0,11125.7,5015,0,0
2020-08-06 04:00:00+00:00,11126.2,11136.5,11079.7,11093.7,11879,0,0
2020-08-06 08:00:00+00:00,11093.2,11138.7,11091.2,11101.0,13095,0,0
2020-08-06 12:00:00+00:00,11100.7,11124.7,11062.5,11116.2,14034,0,0
2020-08-06 16:00:00+00:00,11115.2,11184.5,11084.7,11183.7,29496,0,0
2020-08-06 20:00:00+00:00,11183.2,11282.5,11172.7,11266.8,24436,0,0
2020-08-07 00:00:00+00:00,11267.3,11290.8,11251.0,11276.8,5275,0,0
2020-08-07 04:00:00+00:00,11276.3,11279.8,11192.2,11213.0,15185,0,0
2020-08-07 08:00:00+00:00,11213.0,11247.5,11196.8,11224.8,15013,0,0
2020-08-07 12:00:00+00:00,11224.5,11265.0,11198.3,11227.3,12906,0,0
2020-08-07 16:00:00+00:00,11226.8,11275.5,11144.5,11147.3,32738,0,0
2020-08-07 20:00:00+00:00,11145.0,11148.3,11043.5,11137.9,31614,0,0
2020-08-10 00:00:00+00:00,11148.5,11148.5,11081.2,11114.5,6391,0,0
2020-08-10 04:00:00+00:00,11114.0,11129.7,11093.7,11127.0,7720,0,0
2020-08-10 08:00:00+00:00,11127.2,11143.0,11102.7,11123.5,12865,0,0
2020-08-10 12:00:00+00:00,11123.7,11147.5,11117.2,11142.2,9128,0,0
2020-08-10 16:00:00+00:00,11142.5,11154.5,10937.2,11080.7,37133,0,0
2020-08-10 20:00:00+00:00,11081.0,11110.5,11049.0,11085.9,27757,0,0
2020-08-11 00:00:00+00:00,11074.5,11101.8,11066.8,11099.5,4641,0,0
2020-08-11 04:00:00+00:00,11099.0,11131.5,11094.8,11116.5,7845,0,0
2020-08-11 08:00:00+00:00,11116.3,11157.3,11096.0,11156.3,13593,0,0
2020-08-11 12:00:00+00:00,11156.5,11164.5,10994.5,11029.8,15072,0,0
2020-08-11 16:00:00+00:00,11029.0,11092.0,10950.8,11070.0,37192,0,0
2020-08-11 20:00:00+00:00,11070.0,11080.3,10853.8,10916.5,32001,0,0
2020-08-12 00:00:00+00:00,10941.3,10957.1,10893.6,10904.3,7300,0,0
2020-08-12 04:00:00+00:00,10904.8,10934.3,10887.1,10904.6,11065,0,0
2020-08-12 08:00:00+00:00,10904.6,10992.8,10895.8,10978.8,14664,0,0
2020-08-12 12:00:00+00:00,10979.1,10998.6,10941.3,10956.3,11752,0,0
2020-08-12 16:00:00+00:00,10955.3,11172.6,10942.8,11136.3,32972,0,0
2020-08-12 20:00:00+00:00,11136.8,11192.1,11123.0,11123.3,26691,0,0
2020-08-13 00:00:00+00:00,11121.1,11157.6,11108.6,11113.9,5485,0,0
2020-08-13 04:00:00+00:00,11113.6,11142.1,11102.1,11123.9,8843,0,0
2020-08-13 08:00:00+00:00,11122.1,11155.9,11102.4,11126.1,11768,0,0
2020-08-13 12:00:00+00:00,11125.6,11205.4,11114.6,11198.4,10195,0,0
2020-08-13 16:00:00+00:00,11198.6,11267.9,11172.6,11266.4,33237,0,0
2020-08-13 20:00:00+00:00,11267.1,11272.9,11137.1,11187.6,30559,0,0
2020-08-14 00:00:00+00:00,11186.2,11220.2,11186.2,11198.7,4501,0,0
2020-08-14 04:00:00+00:00,11198.4,11217.9,11191.4,11208.4,7792,0,0
2020-08-14 08:00:00+00:00,11207.9,11243.4,11152.9,11165.4,14147,0,0
2020-08-14 12:00:00+00:00,11165.2,11223.4,11144.7,11202.9,12862,0,0
2020-08-14 16:00:00+00:00,11202.4,11212.9,11102.9,11174.9,34891,0,0
2020-08-14 20:00:00+00:00,11174.7,11179.7,11126.2,11151.1,24710,0,0
2020-08-17 00:00:00+00:00,11149.3,11170.8,11149.3,11165.3,4035,0,0
2020-08-17 04:00:00+00:00,11165.1,11196.3,11160.8,11188.6,6527,0,0
2020-08-17 08:00:00+00:00,11188.8,11214.6,11182.1,11202.1,11358,0,0
2020-08-17 12:00:00+00:00,11202.3,11239.6,11200.1,11233.8,8337,0,0
2020-08-17 16:00:00+00:00,11234.1,11283.1,11229.1,11279.6,27982,0,0
2020-08-17 20:00:00+00:00,11279.8,11307.1,11275.3,11292.2,18856,0,0
2020-08-18 00:00:00+00:00,11290.5,11317.8,11289.8,11308.8,4832,0,0
2020-08-18 04:00:00+00:00,11308.8,11311.8,11287.3,11301.5,7543,0,0
2020-08-18 08:00:00+00:00,11301.5,11305.0,11279.0,11299.8,10241,0,0
2020-08-18 12:00:00+00:00,11298.8,11353.0,11297.8,11339.3,10591,0,0
2020-08-18 16:00:00+00:00,11339.8,11391.0,11275.8,11376.8,30780,0,0
2020-08-18 20:00:00+00:00,11376.8,11421.5,11370.3,11418.9,21347,0,0
2020-08-19 00:00:00+00:00,11418.6,11426.6,11402.0,11409.8,4489,0,0
2020-08-19 04:00:00+00:00,11410.0,11433.3,11408.8,11421.3,6590,0,0
2020-08-19 08:00:00+00:00,11420.8,11431.8,11396.8,11421.3,9589,0,0
2020-08-19 12:00:00+00:00,11420.8,11432.5,11378.0,11384.0,9071,0,0
2020-08-19 16:00:00+00:00,11384.5,11441.3,11337.0,11426.3,30004,0,0
2020-08-19 20:00:00+00:00,11426.5,11435.5,11303.3,11322.9,25773,0,0
2020-08-20 00:00:00+00:00,11324.5,11334.0,11282.5,11297.0,5502,0,0
2020-08-20 04:00:00+00:00,11297.2,11298.0,11225.2,11255.7,12288,0,0
2020-08-20 08:00:00+00:00,11255.7,11303.2,11254.7,11296.0,14585,0,0
2020-08-20 12:00:00+00:00,11297.0,11340.2,11289.5,11307.2,12445,0,0
2020-08-20 16:00:00+00:00,11307.2,11428.2,11271.0,11403.2,31220,0,0
2020-08-20 20:00:00+00:00,11403.0,11499.7,11394.0,11484.0,23715,0,0
2020-08-21 00:00:00+00:00,11482.6,11522.4,11482.6,11522.4,5261,0,0
2020-08-21 04:00:00+00:00,11521.9,11527.2,11495.9,11509.7,8988,0,0
2020-08-21 08:00:00+00:00,11509.7,11512.9,11464.9,11481.4,12451,0,0
2020-08-21 12:00:00+00:00,11480.7,11498.9,11410.7,11467.7,15768,0,0
2020-08-21 16:00:00+00:00,11466.7,11560.7,11453.2,11542.4,35240,0,0
2020-08-21 20:00:00+00:00,11542.7,11576.4,11517.4,11567.2,24393,0,0
2020-08-24 00:00:00+00:00,11586.9,11596.2,11570.9,11592.4,6719,0,0
2020-08-24 04:00:00+00:00,11592.4,11618.2,11583.9,11608.9,9232,0,0
2020-08-24 08:00:00+00:00,11609.2,11678.9,11603.9,11675.2,13292,0,0
2020-08-24 12:00:00+00:00,11675.2,11699.2,11657.7,11690.9,10865,0,0
2020-08-24 16:00:00+00:00,11690.9,11726.4,11532.2,11608.9,37972,0,0
2020-08-24 20:00:00+00:00,11608.9,11645.2,11551.2,11637.2,29623,0,0
2020-08-25 00:00:00+00:00,11640.3,11660.3,11635.6,11656.1,5941,0,0
2020-08-25 04:00:00+00:00,11656.3,11693.6,11653.3,11680.8,10094,0,0
2020-08-25 08:00:00+00:00,11681.3,11691.3,11655.6,11665.1,12498,0,0
2020-08-25 12:00:00+00:00,11665.3,11668.8,11611.8,11628.1,11720,0,0
2020-08-25 16:00:00+00:00,11628.3,11695.1,11579.6,11666.1,35975,0,0
2020-08-25 20:00:00+00:00,11665.8,11746.1,11654.3,11740.1,23726,0,0
2020-08-26 00:00:00+00:00,11740.0,11761.5,11733.8,11744.0,5427,0,0
2020-08-26 04:00:00+00:00,11744.0,11753.5,11733.3,11742.5,8240,0,0
2020-08-26 08:00:00+00:00,11742.5,11769.8,11730.3,11764.0,11424,0,0
2020-08-26 12:00:00+00:00,11764.3,11787.0,11738.8,11755.0,10809,0,0
2020-08-26 16:00:00+00:00,11754.5,11953.0,11754.5,11906.5,34798,0,0
2020-08-26 20:00:00+00:00,11907.5,12004.8,11872.3,11990.3,31178,0,0
2020-08-27 00:00:00+00:00,11984.3,11985.3,11958.8,11972.1,6244,0,0
2020-08-27 04:00:00+00:00,11972.3,11982.8,11937.8,11962.6,10056,0,0
2020-08-27 08:00:00+00:00,11962.8,11983.3,11950.3,11964.3,12146,0,0
2020-08-27 12:00:00+00:00,11964.1,11980.1,11946.3,11970.8,11594,0,0
2020-08-27 16:00:00+00:00,11970.3,12048.6,11838.1,11872.6,30344,0,0
2020-08-27 20:00:00+00:00,11867.6,11990.6,11851.8,11950.3,32217,0,0
2020-08-28 00:00:00+00:00,11953.5,11976.5,11947.8,11959.5,5545,0,0
2020-08-28 04:00:00+00:00,11959.5,12018.8,11938.0,12006.3,12444,0,0
2020-08-28 08:00:00+00:00,12006.0,12007.3,11925.3,11944.3,18544,0,0
2020-08-28 12:00:00+00:00,11944.3,11980.5,11923.3,11965.8,13134,0,0
2020-08-28 16:00:00+00:00,11965.0,12020.5,11950.8,11985.0,33648,0,0
2020-08-28 20:00:00+00:00,11984.8,12015.8,11928.8,12002.0,28848,0,0
2020-08-31 00:00:00+00:00,12004.4,12094.4,12000.4,12080.2,7449,0,0
2020-08-31 04:00:00+00:00,12080.7,12094.7,12075.4,12085.4,8785,0,0
2020-08-31 08:00:00+00:00,12085.7,12085.7,12026.2,12041.4,11906,0,0
2020-08-31 12:00:00+00:00,12041.7,12052.7,12004.4,12011.2,11411,0,0
2020-08-31 16:00:00+00:00,12011.7,12109.4,11992.4,12109.2,38783,0,0
2020-08-31 20:00:00+00:00,12109.7,12167.7,12085.4,12105.4,28527,0,0
2020-09-01 00:00:00+00:00,12113.3,12150.0,12096.0,12135.3,8191,0,0
2020-09-01 04:00:00+00:00,12135.5,12177.5,12131.0,12165.5,11534,0,0
2020-09-01 08:00:00+00:00,12166.0,12236.8,12157.3,12217.3,15059,0,0
2020-09-01 12:00:00+00:00,12217.0,12251.3,12189.5,12191.8,13798,0,0
2020-09-01 16:00:00+00:00,12191.5,12273.3,12128.5,12254.0,38208,0,0
2020-09-01 20:00:00+00:00,12253.8,12331.0,12238.5,12331.0,26273,0,0
2020-09-02 00:00:00+00:00,12327.1,12416.8,12317.3,12390.1,7448,0,0
2020-09-02 04:00:00+00:00,12389.8,12397.3,12369.6,12375.1,9004,0,0
2020-09-02 08:00:00+00:00,12374.8,12450.8,12370.8,12450.1,14752,0,0
2020-09-02 12:00:00+00:00,12451.1,12467.1,12423.1,12437.8,13810,0,0
2020-09-02 16:00:00+00:00,12436.6,12446.1,12175.1,12330.8,42905,0,0
2020-09-02 20:00:00+00:00,12330.6,12437.1,12318.8,12410.6,31592,0,0
2020-09-03 00:00:00+00:00,12410.0,12438.5,12375.2,12378.5,6568,0,0
2020-09-03 04:00:00+00:00,12379.7,12419.7,12361.0,12386.2,13541,0,0
2020-09-03 08:00:00+00:00,12386.0,12411.5,12354.0,12365.7,16616,0,0
2020-09-03 12:00:00+00:00,12365.5,12366.0,12255.2,12269.2,19917,0,0
2020-09-03 16:00:00+00:00,12270.0,12271.5,11746.5,11781.2,48960,0,0
2020-09-03 20:00:00+00:00,11781.0,11855.0,11659.5,11803.2,40260,0,0
2020-09-04 00:00:00+00:00,11732.1,11735.4,11583.6,11645.6,16456,0,0
2020-09-04 04:00:00+00:00,11645.6,11710.6,11593.1,11690.4,16058,0,0
2020-09-04 08:00:00+00:00,11690.6,11789.4,11619.9,11769.6,21229,0,0
2020-09-04 12:00:00+00:00,11769.1,11799.6,11614.6,11689.6,22361,0,0
2020-09-04 16:00:00+00:00,11689.1,11843.4,11143.1,11510.1,51858,0,0
2020-09-04 20:00:00+00:00,11506.6,11751.9,11369.4,11543.1,43560,0,0
2020-09-07 00:00:00+00:00,11531.1,11546.1,11307.9,11450.0,13314,0,0
2020-09-07 04:00:00+00:00,11450.1,11477.6,11405.9,11423.6,13323,0,0
2020-09-07 08:00:00+00:00,11423.4,11458.9,11371.6,11431.9,16116,0,0
2020-09-07 12:00:00+00:00,11432.1,11509.9,11415.4,11456.6,12009,0,0
2020-09-07 16:00:00+00:00,11455.6,11527.4,11432.4,11501.4,18870,0,0
2020-09-08 00:00:00+00:00,11506.0,11584.5,11501.2,11541.0,8668,0,0
2020-09-08 04:00:00+00:00,11541.0,11566.2,11470.5,11499.5,11110,0,0
2020-09-08 08:00:00+00:00,11502.5,11573.2,11336.2,11360.5,18813,0,0
2020-09-08 12:00:00+00:00,11358.0,11392.2,11148.7,11222.2,27819,0,0
2020-09-08 16:00:00+00:00,11222.5,11403.0,11118.0,11276.0,49044,0,0
2020-09-08 20:00:00+00:00,11275.7,11294.5,11042.0,11043.2,37953,0,0
2020-09-09 00:00:00+00:00,11000.8,11141.1,10935.8,11131.6,12960,0,0
2020-09-09 04:00:00+00:00,11131.3,11161.3,11088.6,11159.3,14661,0,0
2020-09-09 08:00:00+00:00,11159.3,11265.1,11058.8,11243.8,21638,0,0
2020-09-09 12:00:00+00:00,11241.6,11294.6,11188.3,11198.8,21628,0,0
2020-09-09 16:00:00+00:00,11197.1,11447.3,11188.8,11445.6,42403,0,0
2020-09-09 20:00:00+00:00,11445.8,11478.8,11350.6,11370.1,35338,0,0
2020-09-10 00:00:00+00:00,11378.9,11446.9,11374.9,11391.2,8743,0,0
2020-09-10 04:00:00+00:00,11391.7,11397.2,11328.9,11375.2,11322,0,0
2020-09-10 08:00:00+00:00,11375.9,11454.7,11263.7,11315.9,17936,0,0
2020-09-10 12:00:00+00:00,11315.9,11498.9,11304.9,11490.4,22750,0,0
2020-09-10 16:00:00+00:00,11491.2,11566.2,11324.7,11381.4,46722,0,0
2020-09-10 20:00:00+00:00,11381.2,11415.2,11088.9,11175.9,39844,0,0
2020-09-11 00:00:00+00:00,11191.0,11246.5,11180.0,11231.1,8162,0,0
2020-09-11 04:00:00+00:00,11231.5,11268.0,11230.0,11241.8,6711,0,0
2020-09-11 08:00:00+00:00,11242.0,11355.0,11236.3,11311.0,11771,0,0
2020-09-11 12:00:00+00:00,11312.8,11336.3,11202.8,11210.8,13006,0,0
2020-09-11 16:00:00+00:00,11210.5,11279.0,11016.8,11019.8,40867,0,0
2020-09-11 20:00:00+00:00,11018.3,11126.0,10937.5,11071.5,33087,0,0
2020-09-14 00:00:00+00:00,11113.0,11192.3,11103.0,11174.0,6374,0,0
2020-09-14 04:00:00+00:00,11170.0,11240.0,11170.0,11218.3,7344,0,0
2020-09-14 08:00:00+00:00,11219.0,11275.0,11204.0,11213.8,12470,0,0
2020-09-14 12:00:00+00:00,11213.5,11252.5,11182.0,11203.8,12108,0,0
2020-09-14 16:00:00+00:00,11203.8,11360.5,11197.8,11286.0,38799,0,0
2020-09-14 20:00:00+00:00,11286.3,11322.5,11186.5,11272.3,33597,0,0
2020-09-15 00:00:00+00:00,11279.4,11314.6,11246.4,11262.1,5709,0,0
2020-09-15 04:00:00+00:00,11262.9,11328.9,11246.9,11326.9,7198,0,0
2020-09-15 08:00:00+00:00,11326.9,11352.1,11305.9,11348.4,10913,0,0
2020-09-15 12:00:00+00:00,11347.1,11425.4,11346.1,11412.4,11424,0,0
2020-09-15 16:00:00+00:00,11413.1,11488.4,11381.6,11483.4,35769,0,0
2020-09-15 20:00:00+00:00,11483.6,11494.4,11363.1,11459.1,30529,0,0
2020-09-16 00:00:00+00:00,11469.2,11479.2,11406.2,11436.4,6376,0,0
2020-09-16 04:00:00+00:00,11436.7,11511.9,11421.7,11490.2,8280,0,0
2020-09-16 08:00:00+00:00,11489.9,11544.4,11461.7,11535.4,10654,0,0
2020-09-16 12:00:00+00:00,11535.7,11551.2,11472.4,11490.7,13864,0,0
2020-09-16 16:00:00+00:00,11491.2,11493.4,11352.9,11375.2,37587,0,0
2020-09-16 20:00:00+00:00,11373.4,11446.2,11240.2,11267.4,33167,0,0
2020-09-17 00:00:00+00:00,11274.3,11305.0,11184.5,11204.0,7422,0,0
2020-09-17 04:00:00+00:00,11204.5,11238.5,11084.3,11119.5,14793,0,0
2020-09-17 08:00:00+00:00,11119.8,11166.8,11019.0,11131.3,20050,0,0
2020-09-17 12:00:00+00:00,11131.3,11191.0,10987.0,10995.5,20235,0,0
2020-09-17 16:00:00+00:00,10993.8,11166.0,10921.3,11000.8,45535,0,0
2020-09-17 20:00:00+00:00,10999.5,11118.3,10962.5,11084.0,31556,0,0
2020-09-18 00:00:00+00:00,11071.6,11133.6,11063.9,11077.6,8624,0,0
2020-09-18 04:00:00+00:00,11077.1,11132.1,11039.1,11116.1,15445,0,0
2020-09-18 08:00:00+00:00,11116.1,11166.1,11082.9,11121.1,17721,0,0
2020-09-18 12:00:00+00:00,11120.6,11171.1,11114.6,11155.6,16145,0,0
2020-09-18 16:00:00+00:00,11155.4,11179.1,10838.9,10865.6,44544,0,0
2020-09-18 20:00:00+00:00,10865.6,10958.6,10759.6,10950.1,32715,0,0
2020-09-21 00:00:00+00:00,10937.2,10981.4,10868.4,10972.7,10102,0,0
2020-09-21 04:00:00+00:00,10973.9,11005.4,10896.9,10899.7,13415,0,0
2020-09-21 08:00:00+00:00,10899.9,10937.7,10739.2,10757.9,20873,0,0
2020-09-21 12:00:00+00:00,10757.7,10822.2,10724.4,10782.2,23474,0,0
2020-09-21 16:00:00+00:00,10781.4,10867.2,10673.7,10827.7,45048,0,0
2020-09-21 20:00:00+00:00,10827.7,11025.7,10770.7,10998.2,35121,0,0
2020-09-22 00:00:00+00:00,10979.5,11063.2,10971.5,11042.7,8158,0,0
2020-09-22 04:00:00+00:00,11043.0,11045.2,10956.5,10990.7,14777,0,0
2020-09-22 08:00:00+00:00,10990.0,11033.5,10914.0,11018.0,18156,0,0
2020-09-22 12:00:00+00:00,11018.3,11098.7,11007.5,11062.2,18163,0,0
2020-09-22 16:00:00+00:00,11061.0,11090.0,10938.2,11035.2,41619,0,0
2020-09-22 20:00:00+00:00,11035.5,11207.0,11029.7,11168.7,31882,0,0
2020-09-23 00:00:00+00:00,11173.5,11181.7,11097.7,11099.2,9247,0,0
2020-09-23 04:00:00+00:00,11099.7,11136.7,11092.2,11130.0,12627,0,0
2020-09-23 08:00:00+00:00,11130.5,11210.0,11123.5,11207.5,15133,0,0
2020-09-23 12:00:00+00:00,11208.0,11238.0,11131.5,11153.2,16824,0,0
2020-09-23 16:00:00+00:00,11155.2,11176.2,10988.0,11058.5,41177,0,0
2020-09-23 20:00:00+00:00,11058.2,11061.0,10802.7,10835.7,36883,0,0
2020-09-24 00:00:00+00:00,10814.2,10845.1,10741.6,10842.6,11846,0,0
2020-09-24 04:00:00+00:00,10841.3,10862.1,10749.6,10754.8,16426,0,0
2020-09-24 08:00:00+00:00,10755.8,10844.8,10731.6,10789.6,20096,0,0
2020-09-24 12:00:00+00:00,10789.6,10840.8,10680.6,10702.3,19641,0,0
2020-09-24 16:00:00+00:00,10702.1,10998.1,10677.8,10965.2,45918,0,0
2020-09-24 20:00:00+00:00,10965.3,11027.8,10823.3,10929.8,36125,0,0
2020-09-25 00:00:00+00:00,10936.2,10981.4,10934.9,10971.2,7549,0,0
2020-09-25 04:00:00+00:00,10971.7,10992.2,10938.4,10965.4,11255,0,0
2020-09-25 08:00:00+00:00,10965.2,10973.4,10873.9,10913.2,16891,0,0
2020-09-25 12:00:00+00:00,10913.2,10936.9,10830.2,10929.2,20712,0,0
2020-09-25 16:00:00+00:00,10927.9,11050.0,10847.2,11031.2,41726,0,0
2020-09-25 20:00:00+00:00,11032.2,11181.9,11020.7,11146.2,30880,0,0
2020-09-28 00:00:00+00:00,11167.7,11196.4,11157.1,11164.1,7471,0,0
2020-09-28 04:00:00+00:00,11164.4,11207.4,11161.9,11197.6,8765,0,0
2020-09-28 08:00:00+00:00,11197.9,11292.4,11197.9,11268.4,13081,0,0
2020-09-28 12:00:00+00:00,11268.6,11381.6,11267.4,11360.1,15719,0,0
2020-09-28 16:00:00+00:00,11360.6,11368.6,11243.1,11303.1,38837,0,0
2020-09-28 20:00:00+00:00,11302.6,11420.4,11281.4,11406.6,28408,0,0
2020-09-29 00:00:00+00:00,11404.2,11454.7,11398.9,11450.4,6113,0,0
2020-09-29 04:00:00+00:00,11450.7,11460.7,11413.2,11459.7,10796,0,0
2020-09-29 08:00:00+00:00,11460.2,11464.7,11349.9,11380.9,16878,0,0
2020-09-29 12:00:00+00:00,11380.9,11407.9,11356.2,11384.9,15118,0,0
2020-09-29 16:00:00+00:00,11384.9,11401.7,11305.9,11361.7,36930,0,0
2020-09-29 20:00:00+00:00,11361.9,11381.2,11308.7,11337.4,26762,0,0
2020-09-30 00:00:00+00:00,11328.6,11372.1,11328.4,11349.9,5932,0,0
2020-09-30 04:00:00+00:00,11349.4,11442.4,11247.9,11281.9,19278,0,0
2020-09-30 08:00:00+00:00,11279.9,11299.9,11182.9,11251.4,21952,0,0
2020-09-30 12:00:00+00:00,11250.9,11341.4,11201.9,11329.9,18554,0,0
2020-09-30 16:00:00+00:00,11330.1,11521.4,11323.4,11476.1,36890,0,0
2020-09-30 20:00:00+00:00,11476.9,11541.1,11351.9,11372.4,34341,0,0
2020-10-01 00:00:00+00:00,11396.4,11465.9,11395.4,11426.4,8582,0,0
2020-10-01 04:00:00+00:00,11426.4,11491.2,11424.4,11470.9,9028,0,0
2020-10-01 08:00:00+00:00,11471.2,11532.9,11456.7,11494.4,14953,0,0
2020-10-01 12:00:00+00:00,11493.4,11607.9,11491.9,11571.7,16959,0,0
2020-10-01 16:00:00+00:00,11571.7,11584.4,11488.4,11558.7,37435,0,0
2020-10-01 20:00:00+00:00,11558.9,11612.7,11512.5,11586.4,30602,0,0
2020-10-02 00:00:00+00:00,11584.2,11618.7,11552.4,11558.2,9599,0,0
2020-10-02 04:00:00+00:00,11558.4,11582.4,11466.7,11476.4,10591,0,0
2020-10-02 08:00:00+00:00,11476.2,11480.2,11316.4,11398.2,26894,0,0
2020-10-02 12:00:00+00:00,11398.2,11410.9,11295.7,11331.2,23486,0,0
2020-10-02 16:00:00+00:00,11331.2,11482.4,11219.7,11329.9,43417,0,0
2020-10-02 20:00:00+00:00,11330.7,11350.4,11236.7,11268.4,32074,0,0
2020-10-05 00:00:00+00:00,11327.8,11376.6,11295.1,11375.1,10132,0,0
2020-10-05 04:00:00+00:00,11375.6,11379.6,11327.3,11351.8,10600,0,0
2020-10-05 08:00:00+00:00,11351.6,11363.1,11282.3,11336.1,15736,0,0
2020-10-05 12:00:00+00:00,11336.6,11375.8,11315.8,11330.6,13887,0,0
2020-10-05 16:00:00+00:00,11330.8,11463.1,11328.8,11459.6,31401,0,0
2020-10-05 20:00:00+00:00,11459.3,11511.3,11402.3,11485.8,24320,0,0
2020-10-06 00:00:00+00:00,11484.5,11504.5,11431.5,11455.0,8757,0,0
2020-10-06 04:00:00+00:00,11455.8,11480.3,11442.8,11466.0,9407,0,0
2020-10-06 08:00:00+00:00,11466.3,11500.3,11426.3,11442.3,12110,0,0
2020-10-06 12:00:00+00:00,11442.5,11474.8,11417.8,11461.5,13593,0,0
2020-10-06 16:00:00+00:00,11462.0,11512.5,11371.5,11457.8,36228,0,0
2020-10-06 20:00:00+00:00,11457.8,11538.0,11211.5,11217.8,33127,0,0
2020-10-07 00:00:00+00:00,11234.0,11283.5,11222.0,11274.0,9893,0,0
2020-10-07 04:00:00+00:00,11273.7,11313.7,11257.0,11302.0,11760,0,0
2020-10-07 08:00:00+00:00,11301.7,11371.2,11294.0,11343.5,14076,0,0
2020-10-07 12:00:00+00:00,11344.2,11402.5,11320.5,11387.2,13794,0,0
2020-10-07 16:00:00+00:00,11387.7,11472.5,11377.0,11470.2,35371,0,0
2020-10-07 20:00:00+00:00,11470.5,11519.2,11469.7,11486.7,23124,0,0
2020-10-08 00:00:00+00:00,11484.6,11517.6,11484.1,11502.1,6198,0,0
2020-10-08 04:00:00+00:00,11501.8,11534.3,11487.6,11522.1,9814,0,0
2020-10-08 08:00:00+00:00,11521.3,11585.3,11513.8,11558.1,12317,0,0
2020-10-08 12:00:00+00:00,11558.3,11591.8,11538.8,11577.1,13335,0,0
2020-10-08 16:00:00+00:00,11577.8,11590.1,11502.6,11563.1,34703,0,0
2020-10-08 20:00:00+00:00,11563.3,11581.8,11515.1,11571.6,23649,0,0
2020-10-09 00:00:00+00:00,11575.6,11602.3,11572.3,11585.8,6777,0,0
2020-10-09 04:00:00+00:00,11586.1,11615.6,11580.8,11607.6,7612,0,0
2020-10-09 08:00:00+00:00,11607.6,11607.6,11566.6,11591.3,12256,0,0
2020-10-09 12:00:00+00:00,11591.1,11630.3,11567.3,11625.3,11487,0,0
2020-10-09 16:00:00+00:00,11625.6,11711.8,11602.3,11700.8,32197,0,0
2020-10-09 20:00:00+00:00,11701.1,11751.6,11680.6,11739.1,22498,0,0
2020-10-12 00:00:00+00:00,11702.1,11769.9,11702.1,11747.1,8679,0,0
2020-10-12 04:00:00+00:00,11746.9,11790.4,11738.1,11786.9,9448,0,0
2020-10-12 08:00:00+00:00,11786.9,11893.1,11784.4,11857.9,14236,0,0
2020-10-12 12:00:00+00:00,11857.4,11969.6,11843.6,11944.9,16994,0,0
2020-10-12 16:00:00+00:00,11944.9,12146.1,11881.6,12114.9,38100,0,0
2020-10-12 20:00:00+00:00,12115.1,12210.9,12075.4,12106.4,33349,0,0
2020-10-13 00:00:00+00:00,12114.8,12135.2,12061.3,12078.5,8473,0,0
2020-10-13 04:00:00+00:00,12078.0,12093.5,12048.2,12071.0,9619,0,0
2020-10-13 08:00:00+00:00,12070.7,12172.5,12038.5,12168.2,19932,0,0
2020-10-13 12:00:00+00:00,12168.7,12262.5,12153.5,12165.2,23436,0,0
2020-10-13 16:00:00+00:00,12165.2,12195.5,12046.0,12128.2,42233,0,0
2020-10-13 20:00:00+00:00,12128.0,12160.5,12033.5,12092.0,35077,0,0
2020-10-14 00:00:00+00:00,12092.1,12151.6,12090.9,12149.4,6009,0,0
2020-10-14 04:00:00+00:00,12149.1,12185.4,12125.9,12155.9,11156,0,0
2020-10-14 08:00:00+00:00,12156.1,12189.9,12132.9,12154.4,13747,0,0
2020-10-14 12:00:00+00:00,12155.1,12165.6,12078.4,12136.9,17743,0,0
2020-10-14 16:00:00+00:00,12137.1,12165.9,11915.9,11951.6,40447,0,0
2020-10-14 20:00:00+00:00,11951.1,12045.9,11920.6,11958.9,31403,0,0
2020-10-15 00:00:00+00:00,11962.6,11995.6,11944.9,11960.1,8328,0,0
2020-10-15 04:00:00+00:00,11960.9,11977.1,11876.4,11909.6,11570,0,0
2020-10-15 08:00:00+00:00,11909.6,11933.6,11766.1,11789.9,17050,0,0
2020-10-15 12:00:00+00:00,11789.6,11841.6,11751.4,11809.9,21139,0,0
2020-10-15 16:00:00+00:00,11808.9,11893.6,11761.6,11820.9,40295,0,0
2020-10-15 20:00:00+00:00,11821.1,11931.6,11796.9,11896.6,28907,0,0
2020-10-16 00:00:00+00:00,11907.0,11946.7,11902.2,11927.5,7082,0,0
2020-10-16 04:00:00+00:00,11927.5,11953.5,11840.0,11857.0,12028,0,0
2020-10-16 08:00:00+00:00,11857.5,11942.7,11857.5,11923.7,15172,0,0
2020-10-16 12:00:00+00:00,11923.2,11984.2,11885.5,11982.2,15768,0,0
2020-10-16 16:00:00+00:00,11981.7,12036.0,11889.5,11933.7,38481,0,0
2020-10-16 20:00:00+00:00,11932.5,11976.2,11807.0,11811.5,29426,0,0
2020-10-19 00:00:00+00:00,11833.2,11903.0,11833.2,11896.0,6884,0,0
2020-10-19 04:00:00+00:00,11896.0,11935.0,11878.5,11905.7,10601,0,0
2020-10-19 08:00:00+00:00,11905.7,11953.5,11891.4,11945.0,11345,0,0
2020-10-19 12:00:00+00:00,11945.7,11963.5,11908.2,11913.5,12190,0,0
2020-10-19 16:00:00+00:00,11913.0,11964.5,11760.2,11803.7,39101,0,0
2020-10-19 20:00:00+00:00,11804.0,11817.7,11608.7,11707.5,33703,0,0
2020-10-20 00:00:00+00:00,11719.5,11760.7,11708.7,11739.2,7555,0,0
2020-10-20 04:00:00+00:00,11739.2,11746.2,11683.0,11716.2,13869,0,0
2020-10-20 08:00:00+00:00,11715.7,11757.5,11697.0,11735.5,15799,0,0
2020-10-20 12:00:00+00:00,11735.7,11766.6,11662.2,11690.2,15283,0,0
2020-10-20 16:00:00+00:00,11689.7,11754.0,11613.7,11728.7,39850,0,0
2020-10-20 20:00:00+00:00,11728.2,11806.2,11637.0,11664.2,34418,0,0
2020-10-21 00:00:00+00:00,11693.4,11747.4,11679.2,11735.2,8162,0,0
2020-10-21 04:00:00+00:00,11736.2,11758.4,11721.4,11748.4,9937,0,0
2020-10-21 08:00:00+00:00,11748.7,11755.7,11619.9,11621.4,16812,0,0
2020-10-21 12:00:00+00:00,11621.9,11706.7,11600.9,11688.7,17358,0,0
2020-10-21 16:00:00+00:00,11690.4,11793.4,11645.7,11657.4,39315,0,0
2020-10-21 20:00:00+00:00,11656.7,11766.4,11649.4,11701.4,30339,0,0
2020-10-22 00:00:00+00:00,11690.1,11716.1,11607.1,11648.1,9141,0,0
2020-10-22 04:00:00+00:00,11648.9,11650.4,11615.1,11623.1,8707,0,0
2020-10-22 08:00:00+00:00,11622.6,11686.9,11618.4,11666.4,15007,0,0
2020-10-22 12:00:00+00:00,11666.6,11710.6,11651.9,11681.1,14375,0,0
2020-10-22 16:00:00+00:00,11681.6,11738.4,11526.4,11620.1,39357,0,0
2020-10-22 20:00:00+00:00,11619.9,11699.4,11612.4,11669.6,27888,0,0
2020-10-23 00:00:00+00:00,11687.1,11696.3,11656.6,11669.8,6601,0,0
2020-10-23 04:00:00+00:00,11669.3,11692.8,11638.6,11682.1,9198,0,0
2020-10-23 08:00:00+00:00,11682.1,11696.3,11617.1,11665.1,14066,0,0
2020-10-23 12:00:00+00:00,11665.1,11706.1,11648.3,11697.8,12460,0,0
2020-10-23 16:00:00+00:00,11697.3,11699.6,11566.3,11609.1,37716,0,0
2020-10-23 20:00:00+00:00,11608.6,11694.8,11605.8,11685.1,23807,0,0
2020-10-26 00:00:00+00:00,11639.2,11653.9,11587.4,11640.9,9312,0,0
2020-10-26 04:00:00+00:00,11641.9,11651.1,11620.1,11628.1,9769,0,0
2020-10-26 08:00:00+00:00,11627.9,11637.9,11558.1,11575.6,14044,0,0
2020-10-26 12:00:00+00:00,11575.6,11606.9,11567.4,11575.6,11947,0,0
2020-10-26 16:00:00+00:00,11575.4,11709.9,11423.1,11430.9,40703,0,0
2020-10-26 20:00:00+00:00,11430.9,11528.4,11358.6,11511.9,33081,0,0
2020-10-27 00:00:00+00:00,11513.1,11545.4,11493.1,11539.6,6461,0,0
2020-10-27 04:00:00+00:00,11539.1,11541.4,11501.1,11529.4,8912,0,0
2020-10-27 08:00:00+00:00,11528.9,11561.9,11516.6,11542.9,14154,0,0
2020-10-27 12:00:00+00:00,11543.4,11580.1,11522.4,11550.9,14374,0,0
2020-10-27 16:00:00+00:00,11551.4,11623.1,11501.9,11589.6,38324,0,0
2020-10-27 20:00:00+00:00,11589.4,11637.4,11555.1,11571.6,29132,0,0
2020-10-28 00:00:00+00:00,11567.6,11573.9,11522.4,11544.9,8140,0,0
2020-10-28 04:00:00+00:00,11544.7,11562.9,11539.6,11555.4,8282,0,0
2020-10-28 08:00:00+00:00,11555.9,11581.4,11454.6,11497.9,18474,0,0
2020-10-28 12:00:00+00:00,11498.1,11504.4,11397.4,11410.9,21761,0,0
2020-10-28 16:00:00+00:00,11411.1,11437.6,11206.1,11218.4,44045,0,0
2020-10-28 20:00:00+00:00,11216.6,11287.9,11139.6,11193.4,34776,0,0
2020-10-29 00:00:00+00:00,11200.1,11232.3,11180.3,11226.1,9444,0,0
2020-10-29 04:00:00+00:00,11225.3,11267.3,11224.8,11263.8,12240,0,0
2020-10-29 08:00:00+00:00,11264.1,11310.3,11226.6,11263.3,19541,0,0
2020-10-29 12:00:00+00:00,11263.6,11300.3,11159.3,11214.6,21850,0,0
2020-10-29 16:00:00+00:00,11214.6,11349.1,11184.6,11333.8,41202,0,0
2020-10-29 20:00:00+00:00,11334.3,11470.8,11235.1,11260.6,35265,0,0
2020-10-30 00:00:00+00:00,11225.1,11251.1,11171.1,11177.4,11446,0,0
2020-10-30 04:00:00+00:00,11177.9,11228.1,11174.6,11203.9,12679,0,0
2020-10-30 08:00:00+00:00,11202.6,11209.9,11053.1,11127.9,23613,0,0
2020-10-30 12:00:00+00:00,11128.1,11271.1,11119.1,11255.9,22221,0,0
2020-10-30 16:00:00+00:00,11256.6,11294.6,10995.4,11037.1,46620,0,0
2020-10-30 20:00:00+00:00,11037.1,11110.6,10959.4,11098.4,37372,0,0
2020-11-02 00:00:00+00:00,11044.0,11087.8,10997.5,11072.3,14012,0,0
2020-11-02 04:00:00+00:00,11072.5,11100.3,11052.3,11093.0,11679,0,0
2020-11-02 08:00:00+00:00,11091.0,11196.0,11058.3,11171.5,18890,0,0
2020-11-02 12:00:00+00:00,11171.0,11225.0,11135.6,11149.8,17876,0,0
2020-11-02 16:00:00+00:00,11151.3,11225.5,11019.3,11039.5,41535,0,0
2020-11-02 20:00:00+00:00,11040.0,11103.5,10956.8,11084.5,33389,0,0
2020-11-03 00:00:00+00:00,11083.5,11132.5,11077.5,11127.0,8841,0,0
2020-11-03 04:00:00+00:00,11127.0,11139.8,11080.5,11097.0,9686,110,0
2020-11-03 08:00:00+00:00,11097.0,11189.3,11085.0,11177.8,15956,90,0
2020-11-03 12:00:00+00:00,11178.5,11195.0,11121.3,11146.5,15269,110,0
2020-11-03 16:00:00+00:00,11146.5,11361.0,11116.0,11310.3,63023,70,0
2020-11-03 20:00:00+00:00,11310.3,11349.3,11228.5,11260.3,50060,60,0
2020-11-04 00:00:00+00:00,11260.3,11435.5,11244.2,11404.0,27048,110,0
2020-11-04 04:00:00+00:00,11404.1,11780.7,11327.7,11537.5,40069,50,0
2020-11-04 08:00:00+00:00,11537.5,11645.0,11317.5,11583.5,37096,40,0
2020-11-04 12:00:00+00:00,11583.5,11745.5,11464.2,11677.5,32959,20,0
2020-11-04 16:00:00+00:00,11677.5,11853.7,11571.2,11816.5,89449,60,0
2020-11-04 20:00:00+00:00,11816.7,11857.0,11742.0,11828.0,59126,50,0
2020-11-05 00:00:00+00:00,11827.2,11867.3,11786.0,11837.8,10673,110,0
2020-11-05 04:00:00+00:00,11837.8,11998.3,11783.5,11978.8,15913,110,0
2020-11-05 08:00:00+00:00,11978.5,12085.0,11915.8,12080.5,20508,110,0
2020-11-05 12:00:00+00:00,12080.5,12130.3,12056.8,12067.8,20756,110,0
2020-11-05 16:00:00+00:00,12067.8,12118.8,11985.0,12044.3,72711,110,0
2020-11-05 20:00:00+00:00,12044.3,12123.3,12032.3,12103.7,44317,110,0
2020-11-06 00:00:00+00:00,12103.7,12103.7,11988.4,12043.4,13786,110,0
2020-11-06 04:00:00+00:00,12044.4,12046.6,11921.1,11975.6,14351,110,0
2020-11-06 08:00:00+00:00,11975.9,12037.4,11910.9,11915.1,19257,110,0
2020-11-06 12:00:00+00:00,11915.1,12033.9,11878.1,12031.1,24220,110,0
2020-11-06 16:00:00+00:00,12031.4,12085.9,11893.1,12072.9,67059,110,0
2020-11-06 20:00:00+00:00,12072.9,12116.9,12039.1,12103.0,39161,110,0
2020-11-09 00:00:00+00:00,12167.0,12365.5,12132.0,12332.0,14512,110,0
2020-11-09 04:00:00+00:00,12330.7,12417.5,12322.0,12391.7,12579,110,0
2020-11-09 08:00:00+00:00,12391.0,12392.2,12269.5,12291.2,20172,110,0
2020-11-09 12:00:00+00:00,12291.2,12392.2,11944.0,12172.5,42463,0,0
2020-11-09 16:00:00+00:00,12172.5,12269.5,12052.2,12129.0,92234,110,0
2020-11-09 20:00:00+00:00,12128.5,12154.2,11822.7,11855.8,52300,110,0
2020-11-10 00:00:00+00:00,11855.8,11910.1,11799.6,11879.6,14714,100,0
2020-11-10 04:00:00+00:00,11879.6,11902.1,11692.6,11732.1,15982,100,0
2020-11-10 08:00:00+00:00,11732.1,11880.6,11722.9,11733.6,26838,100,0
2020-11-10 12:00:00+00:00,11733.6,11753.9,11562.6,11676.4,30796,100,0
2020-11-10 16:00:00+00:00,11677.1,11758.6,11513.1,11705.1,91107,100,0
2020-11-10 20:00:00+00:00,11705.1,11742.6,11583.6,11633.5,64919,100,0
2020-11-11 00:00:00+00:00,11633.5,11662.6,11589.1,11658.1,13181,110,0
2020-11-11 04:00:00+00:00,11658.1,11707.1,11646.9,11669.6,13884,100,0
2020-11-11 08:00:00+00:00,11669.6,11767.6,11584.6,11741.4,22390,100,0
2020-11-11 12:00:00+00:00,11741.4,11793.4,11720.1,11742.4,19160,100,0
2020-11-11 16:00:00+00:00,11742.4,11896.4,11712.6,11866.6,62751,100,0
2020-11-11 20:00:00+00:00,11866.6,11926.4,11837.4,11903.7,39139,100,0
2020-11-12 00:00:00+00:00,11903.2,11919.8,11843.5,11853.8,8710,110,0
2020-11-12 04:00:00+00:00,11853.8,11883.3,11790.8,11875.8,12419,110,0
2020-11-12 08:00:00+00:00,11875.8,11953.5,11823.0,11953.5,16838,110,0
2020-11-12 12:00:00+00:00,11953.8,11974.3,11883.3,11925.0,18326,110,0
2020-11-12 16:00:00+00:00,11925.0,11983.8,11816.5,11846.0,63836,110,0
2020-11-12 20:00:00+00:00,11846.0,11884.5,11785.3,11872.9,56361,110,0
2020-11-13 00:00:00+00:00,11872.9,11875.4,11818.4,11821.9,8771,120,0
2020-11-13 04:00:00+00:00,11821.9,11877.9,11812.9,11858.9,10162,110,0
2020-11-13 08:00:00+00:00,11858.9,11944.4,11855.4,11935.7,14636,110,0
2020-11-13 12:00:00+00:00,11935.7,11940.7,11893.4,11908.7,14293,110,0
2020-11-13 16:00:00+00:00,11908.4,11931.2,11809.7,11907.2,55117,110,0
2020-11-13 20:00:00+00:00,11907.2,11960.4,11855.7,11953.3,34872,110,0
2020-11-16 00:00:00+00:00,11964.6,12072.1,11964.6,12030.4,9511,100,0
2020-11-16 04:00:00+00:00,12030.6,12068.4,12030.1,12052.1,8705,100,0
2020-11-16 08:00:00+00:00,12052.6,12055.1,11986.6,12011.6,13894,100,0
2020-11-16 12:00:00+00:00,12011.9,12025.9,11860.1,11908.1,23019,100,0
2020-11-16 16:00:00+00:00,11908.1,12041.1,11895.9,11972.9,56055,100,0
2020-11-16 20:00:00+00:00,11972.6,12050.6,11938.6,12048.9,37770,100,0
2020-11-17 00:00:00+00:00,12048.9,12099.8,12026.8,12035.5,7154,110,0
2020-11-17 04:00:00+00:00,12035.5,12043.0,12004.0,12008.3,7431,110,0
2020-11-17 08:00:00+00:00,12008.5,12070.5,12007.5,12053.8,10987,110,0
2020-11-17 12:00:00+00:00,12054.0,12063.5,12015.3,12044.8,14414,110,0
2020-11-17 16:00:00+00:00,12044.8,12054.0,11974.3,12029.5,55474,110,0
2020-11-17 20:00:00+00:00,12029.5,12055.0,11967.5,11977.1,34781,110,0
2020-11-18 00:00:00+00:00,11977.1,11993.9,11948.7,11951.9,8012,110,0
2020-11-18 04:00:00+00:00,11951.7,11991.7,11941.7,11957.7,9413,110,0
2020-11-18 08:00:00+00:00,11958.2,12017.4,11925.4,12001.7,12689,110,0
2020-11-18 12:00:00+00:00,12001.7,12030.9,11986.2,11991.4,13057,10,0
2020-11-18 16:00:00+00:00,11991.4,12035.9,11918.9,12016.7,49856,110,0
2020-11-18 20:00:00+00:00,12016.4,12027.4,11871.9,11879.8,43781,110,0
2020-11-19 00:00:00+00:00,11879.8,11905.0,11864.3,11884.0,8011,100,0
2020-11-19 04:00:00+00:00,11884.0,11894.0,11839.8,11887.8,8418,100,0
2020-11-19 08:00:00+00:00,11887.5,11910.3,11813.3,11844.3,13606,110,0
2020-11-19 12:00:00+00:00,11844.3,11895.3,11825.8,11885.5,13578,100,0
2020-11-19 16:00:00+00:00,11885.5,11972.8,11850.3,11929.8,50396,100,0
2020-11-19 20:00:00+00:00,11930.0,12008.0,11925.0,11972.2,28798,100,0
2020-11-20 00:00:00+00:00,11972.2,11985.4,11932.4,11978.4,8093,110,0
2020-11-20 04:00:00+00:00,11978.4,12022.1,11968.1,11997.4,7763,110,0
2020-11-20 08:00:00+00:00,11997.4,12007.1,11971.1,11999.1,10918,110,0
2020-11-20 12:00:00+00:00,11998.9,12028.6,11989.4,11995.1,9964,120,0
2020-11-20 16:00:00+00:00,11995.1,12023.9,11954.9,11999.4,43273,110,0
2020-11-20 20:00:00+00:00,11999.1,12007.4,11882.1,11916.5,31712,110,0
2020-11-23 00:00:00+00:00,11904.1,11961.1,11901.4,11948.6,5707,110,0
2020-11-23 04:00:00+00:00,11948.6,11964.6,11945.9,11956.1,4779,130,0
2020-11-23 08:00:00+00:00,11956.1,11986.1,11941.6,11965.9,10798,110,0
2020-11-23 12:00:00+00:00,11965.9,11966.6,11926.6,11953.9,9725,110,0
2020-11-23 16:00:00+00:00,11953.9,12009.9,11817.6,11902.4,62154,110,0
2020-11-23 20:00:00+00:00,11902.6,11953.4,11879.4,11924.9,33945,110,0
2020-11-24 00:00:00+00:00,11924.6,11977.4,11919.2,11954.1,8277,110,0
2020-11-24 04:00:00+00:00,11954.1,11987.1,11954.1,11973.6,6122,110,0
2020-11-24 08:00:00+00:00,11973.6,11986.4,11941.4,11957.4,9157,130,0
2020-11-24 12:00:00+00:00,11957.4,11968.6,11935.6,11962.4,8708,130,0
2020-11-24 16:00:00+00:00,11961.6,12065.1,11881.9,12053.9,54289,110,0
2020-11-24 20:00:00+00:00,12053.9,12113.4,12042.6,12109.9,33049,110,0
2020-11-25 00:00:00+00:00,12109.9,12181.3,12099.5,12172.3,8218,110,0
2020-11-25 04:00:00+00:00,12172.3,12178.3,12112.8,12115.3,9919,110,0
2020-11-25 08:00:00+00:00,12115.3,12137.8,12102.3,12123.3,12323,110,0
2020-11-25 12:00:00+00:00,12123.3,12131.8,12087.0,12114.0,11204,110,0
2020-11-25 16:00:00+00:00,12113.5,12153.3,12087.3,12145.0,49960,110,0
2020-11-25 20:00:00+00:00,12145.3,12186.0,12124.5,12176.1,26650,110,0
2020-11-26 00:00:00+00:00,12176.1,12208.2,12175.5,12203.4,4971,130,0
2020-11-26 04:00:00+00:00,12203.7,12221.4,12194.9,12206.9,5887,110,0
2020-11-26 08:00:00+00:00,12206.9,12230.2,12181.7,12201.9,7716,120,0
2020-11-26 12:00:00+00:00,12201.9,12212.2,12191.9,12205.2,5711,110,0
2020-11-26 16:00:00+00:00,12205.2,12223.2,12135.4,12162.4,9612,110,0
2020-11-26 20:00:00+00:00,12162.4,12162.4,12162.4,12162.4,1,160,0
2020-11-27 00:00:00+00:00,12167.5,12182.1,12150.9,12153.9,5935,120,0
2020-11-27 04:00:00+00:00,12154.1,12193.4,12145.6,12193.4,5950,110,0
2020-11-27 08:00:00+00:00,12193.6,12214.9,12189.4,12202.1,6960,110,0
2020-11-27 12:00:00+00:00,12202.1,12248.4,12191.9,12239.4,6497,110,0
2020-11-27 16:00:00+00:00,12239.4,12316.1,12223.4,12268.4,40496,110,0
2020-11-27 20:00:00+00:00,12268.6,12282.9,12262.9,12278.6,1210,110,0
2020-11-30 00:00:00+00:00,12300.9,12343.8,12261.8,12286.0,10167,110,0
2020-11-30 04:00:00+00:00,12285.8,12301.3,12218.8,12236.0,10448,110,0
2020-11-30 08:00:00+00:00,12235.5,12273.3,12201.8,12262.0,13214,110,0
2020-11-30 12:00:00+00:00,12262.8,12313.8,12248.5,12283.5,11801,110,0
2020-11-30 16:00:00+00:00,12282.5,12308.0,12094.5,12223.0,70300,110,0
2020-11-30 20:00:00+00:00,12223.0,12328.1,12216.5,12327.3,39764,110,0
2020-12-01 00:00:00+00:00,12327.3,12384.7,12316.0,12380.5,7757,120,0
2020-12-01 04:00:00+00:00,12380.5,12405.0,12373.2,12384.0,7331,120,0
2020-12-01 08:00:00+00:00,12384.0,12403.7,12353.7,12370.5,10678,110,0
2020-12-01 12:00:00+00:00,12370.5,12402.5,12361.0,12383.5,10185,120,0
2020-12-01 16:00:00+00:00,12383.5,12491.5,12338.2,12462.5,58589,110,0
2020-12-01 20:00:00+00:00,12462.7,12515.2,12424.0,12463.8,35963,110,0
2020-12-02 00:00:00+00:00,12463.8,12472.8,12418.0,12422.5,7679,130,0
2020-12-02 04:00:00+00:00,12422.5,12444.3,12408.7,12424.8,6791,110,0
2020-12-02 08:00:00+00:00,12424.8,12460.8,12414.3,12445.0,9339,110,0
2020-12-02 12:00:00+00:00,12444.8,12452.3,12395.5,12406.8,10697,110,0
2020-12-02 16:00:00+00:00,12406.8,12475.0,12317.3,12438.5,56785,110,0
2020-12-02 20:00:00+00:00,12438.3,12475.0,12414.8,12467.1,32345,110,0
2020-12-03 00:00:00+00:00,12467.1,12487.1,12460.6,12477.6,5082,110,0
2020-12-03 04:00:00+00:00,12477.6,12497.9,12456.9,12475.4,6848,100,0
2020-12-03 08:00:00+00:00,12475.4,12490.9,12459.6,12481.4,8319,110,0
2020-12-03 12:00:00+00:00,12481.4,12494.6,12463.4,12474.1,8832,100,0
2020-12-03 16:00:00+00:00,12474.1,12541.4,12450.6,12488.9,45360,100,0
2020-12-03 20:00:00+00:00,12489.1,12514.9,12445.6,12490.9,31554,100,0
2020-12-04 00:00:00+00:00,12490.9,12500.0,12476.0,12487.0,5121,130,0
2020-12-04 04:00:00+00:00,12487.0,12514.2,12480.0,12510.2,4556,120,0
2020-12-04 08:00:00+00:00,12510.2,12521.7,12502.5,12505.0,6024,100,0
2020-12-04 12:00:00+00:00,12505.0,12516.7,12473.7,12479.5,8291,100,0
2020-12-04 16:00:00+00:00,12479.5,12531.7,12450.2,12530.2,40412,100,0
2020-12-04 20:00:00+00:00,12530.2,12537.0,12494.5,12511.0,21457,100,0
2020-12-07 00:00:00+00:00,12525.6,12569.6,12525.6,12536.6,8412,110,0
2020-12-07 04:00:00+00:00,12536.4,12538.4,12511.6,12515.1,6130,130,0
2020-12-07 08:00:00+00:00,12515.1,12532.9,12476.4,12501.6,9469,110,0
2020-12-07 12:00:00+00:00,12501.6,12535.1,12500.6,12534.6,7416,110,0
2020-12-07 16:00:00+00:00,12534.6,12613.6,12527.6,12574.4,42096,110,0
2020-12-07 20:00:00+00:00,12574.4,12604.1,12549.1,12574.1,26791,110,0
2020-12-08 00:00:00+00:00,12573.9,12590.3,12561.0,12566.5,6001,130,0
2020-12-08 04:00:00+00:00,12566.8,12580.8,12556.3,12578.0,4798,110,0
2020-12-08 08:00:00+00:00,12578.0,12600.8,12561.0,12587.8,7492,110,0
2020-12-08 12:00:00+00:00,12588.0,12596.5,12529.8,12568.5,10824,110,0
2020-12-08 16:00:00+00:00,12568.5,12603.0,12504.0,12602.3,44497,110,0
2020-12-08 20:00:00+00:00,12602.3,12654.0,12599.0,12648.9,24022,110,0
2020-12-09 00:00:00+00:00,12648.9,12675.5,12636.0,12639.7,7093,110,0
2020-12-09 04:00:00+00:00,12639.5,12653.5,12639.2,12648.2,4313,130,0
2020-12-09 08:00:00+00:00,12648.2,12654.5,12629.0,12642.5,6545,120,0
2020-12-09 12:00:00+00:00,12642.5,12644.5,12617.5,12629.7,6735,110,0
2020-12-09 16:00:00+00:00,12629.7,12642.7,12458.0,12496.0,57593,110,0
2020-12-09 20:00:00+00:00,12496.0,12503.2,12308.2,12354.7,72728,110,0
2020-12-10 00:00:00+00:00,12354.7,12374.0,12335.5,12351.5,6610,110,0
2020-12-10 04:00:00+00:00,12351.5,12362.2,12317.5,12325.0,7520,110,0
2020-12-10 08:00:00+00:00,12325.0,12368.0,12304.7,12360.2,11753,110,0
2020-12-10 12:00:00+00:00,12360.2,12377.7,12254.7,12258.7,16416,110,0
2020-12-10 16:00:00+00:00,12258.5,12450.0,12219.7,12363.0,72814,110,0
2020-12-10 20:00:00+00:00,12363.2,12431.2,12358.5,12393.0,41378,110,0
2020-12-11 00:00:00+00:00,12393.0,12415.0,12376.7,12387.0,5420,120,0
2020-12-11 04:00:00+00:00,12387.0,12387.7,12359.7,12368.2,4828,130,0
2020-12-11 08:00:00+00:00,12368.2,12387.7,12313.2,12325.7,10977,110,0
2020-12-11 12:00:00+00:00,12325.2,12338.2,12265.0,12329.0,11571,110,0
2020-12-11 16:00:00+00:00,12329.0,12360.2,12236.0,12273.9,65704,110,0
2020-12-11 20:00:00+00:00,12274.0,12380.5,12272.2,12373.7,39195,110,0
2020-12-14 00:00:00+00:00,12416.8,12439.2,12402.7,12415.5,7802,120,0
2020-12-14 04:00:00+00:00,12415.5,12421.0,12387.2,12390.7,5031,110,0
2020-12-14 08:00:00+00:00,12390.7,12435.7,12389.0,12420.2,10182,110,0
2020-12-14 12:00:00+00:00,12420.0,12452.5,12405.2,12425.5,9304,120,0
2020-12-14 16:00:00+00:00,12425.2,12545.2,12419.5,12495.2,56421,110,0
2020-12-14 20:00:00+00:00,12495.5,12522.0,12445.7,12479.8,41506,110,0
2020-12-15 00:00:00+00:00,12479.6,12482.5,12453.3,12463.8,7346,110,0
2020-12-15 04:00:00+00:00,12464.3,12469.8,12417.8,12459.0,9883,110,0
2020-12-15 08:00:00+00:00,12459.0,12519.8,12447.3,12511.3,12015,110,0
2020-12-15 12:00:00+00:00,12511.5,12554.3,12497.5,12552.3,9359,120,0
2020-12-15 16:00:00+00:00,12552.3,12577.3,12466.0,12530.8,69311,110,0
2020-12-15 20:00:00+00:00,12530.8,12613.5,12527.3,12610.9,34323,110,0
2020-12-16 00:00:00+00:00,12610.9,12623.0,12582.0,12585.2,5007,110,0
2020-12-16 04:00:00+00:00,12585.2,12620.2,12584.0,12610.7,5547,130,0
2020-12-16 08:00:00+00:00,12610.7,12660.2,12604.5,12633.0,9227,120,0
2020-12-16 12:00:00+00:00,12633.0,12637.5,12595.2,12620.5,9491,110,0
2020-12-16 16:00:00+00:00,12620.5,12654.0,12566.7,12640.2,47921,110,0
2020-12-16 20:00:00+00:00,12640.0,12698.7,12605.2,12689.0,34873,110,0
2020-12-17 00:00:00+00:00,12689.0,12689.7,12669.3,12673.3,5435,110,0
2020-12-17 04:00:00+00:00,12673.3,12707.5,12666.3,12705.8,6327,130,0
2020-12-17 08:00:00+00:00,12705.8,12743.0,12701.8,12725.0,8013,130,0
2020-12-17 12:00:00+00:00,12725.0,12734.8,12718.3,12728.0,7824,120,0
2020-12-17 16:00:00+00:00,12728.0,12756.5,12678.0,12721.0,49767,110,0
2020-12-17 20:00:00+00:00,12721.0,12766.2,12700.0,12766.0,25281,110,0
2020-12-18 00:00:00+00:00,12766.0,12766.0,12714.3,12718.1,5690,130,0
2020-12-18 04:00:00+00:00,12717.8,12726.1,12700.1,12714.6,6772,110,0
2020-12-18 08:00:00+00:00,12714.8,12771.3,12712.3,12740.1,8936,130,0
2020-12-18 12:00:00+00:00,12740.1,12773.8,12726.3,12771.1,10364,110,0
2020-12-18 16:00:00+00:00,12771.1,12795.1,12653.6,12703.8,56719,110,0
2020-12-18 20:00:00+00:00,12703.6,12761.3,12603.1,12760.2,49677,110,0
2020-12-21 00:00:00+00:00,12754.2,12775.2,12718.7,12734.4,12971,120,0
2020-12-21 04:00:00+00:00,12734.7,12769.2,12730.7,12756.7,9442,130,0
2020-12-21 08:00:00+00:00,12756.7,12759.9,12636.2,12644.9,21987,110,0
2020-12-21 12:00:00+00:00,12645.2,12645.4,12457.1,12572.9,41438,110,0
2020-12-21 16:00:00+00:00,12572.9,12651.2,12454.9,12642.4,79076,110,0
2020-12-21 20:00:00+00:00,12642.4,12704.6,12630.7,12703.4,43924,110,0
2020-12-22 00:00:00+00:00,12703.4,12722.6,12678.4,12702.1,9812,120,0
2020-12-22 04:00:00+00:00,12702.1,12722.4,12642.6,12653.1,15210,110,0
2020-12-22 08:00:00+00:00,12653.1,12735.1,12634.6,12716.4,19387,100,0
2020-12-22 12:00:00+00:00,12716.4,12758.5,12713.1,12737.4,12873,110,0
2020-12-22 16:00:00+00:00,12737.4,12751.0,12588.6,12671.4,72317,100,0
2020-12-22 20:00:00+00:00,12671.9,12723.7,12667.6,12720.9,38169,100,0
2020-12-23 00:00:00+00:00,12720.9,12720.9,12624.9,12657.1,16142,110,0
2020-12-23 04:00:00+00:00,12657.4,12700.4,12644.9,12692.4,13626,110,0
2020-12-23 08:00:00+00:00,12692.1,12734.1,12689.9,12728.6,13956,120,0
2020-12-23 12:00:00+00:00,12728.6,12733.9,12702.4,12718.1,11429,120,0
2020-12-23 16:00:00+00:00,12718.4,12722.1,12644.6,12706.1,52443,110,0
2020-12-23 20:00:00+00:00,12705.9,12726.4,12619.1,12670.2,26489,110,0
2020-12-24 00:00:00+00:00,12670.2,12670.2,12626.8,12660.3,11017,130,0
2020-12-24 04:00:00+00:00,12660.3,12685.3,12655.5,12664.5,10630,130,0
2020-12-24 08:00:00+00:00,12664.5,12671.5,12650.5,12662.8,9132,130,0
2020-12-24 12:00:00+00:00,12662.8,12669.0,12653.5,12657.0,5517,110,0
2020-12-24 16:00:00+00:00,12657.0,12719.0,12651.8,12698.8,35075,110,0
2020-12-24 20:00:00+00:00,12699.3,12703.5,12692.4,12696.0,963,120,0
2020-12-28 00:00:00+00:00,12668.9,12762.2,12653.8,12756.4,11161,110,0
2020-12-28 04:00:00+00:00,12756.4,12782.7,12754.4,12775.4,7594,110,0
2020-12-28 08:00:00+00:00,12775.9,12794.2,12762.2,12776.7,9269,120,0
2020-12-28 12:00:00+00:00,12776.4,12823.2,12773.4,12819.7,7804,110,0
2020-12-28 16:00:00+00:00,12819.7,12835.7,12737.9,12834.7,47003,110,0
2020-12-28 20:00:00+00:00,12834.9,12856.6,12821.4,12856.3,20700,110,0
2020-12-29 00:00:00+00:00,12856.3,12862.4,12838.7,12854.4,5759,110,0
2020-12-29 04:00:00+00:00,12854.4,12882.2,12853.4,12875.7,7567,130,0
2020-12-29 08:00:00+00:00,12875.9,12895.7,12873.4,12884.4,7502,110,0
2020-12-29 12:00:00+00:00,12884.2,12890.4,12871.7,12888.2,5926,110,0
2020-12-29 16:00:00+00:00,12888.4,12915.4,12805.7,12843.9,64242,110,0
2020-12-29 20:00:00+00:00,12843.9,12873.6,12816.9,12872.6,32477,110,0
2020-12-30 00:00:00+00:00,12872.6,12872.6,12824.6,12846.4,7966,110,0
2020-12-30 04:00:00+00:00,12846.4,12889.6,12846.4,12871.4,8336,110,0
2020-12-30 08:00:00+00:00,12871.4,12900.7,12871.1,12884.1,9323,130,0
2020-12-30 12:00:00+00:00,12884.1,12901.6,12869.9,12894.4,8098,110,0
2020-12-30 16:00:00+00:00,12894.6,12906.1,12817.4,12851.1,49045,110,0
2020-12-30 20:00:00+00:00,12851.4,12869.1,12819.1,12856.0,27462,110,0
2020-12-31 00:00:00+00:00,12856.0,12856.4,12837.9,12855.2,4006,110,0
2020-12-31 04:00:00+00:00,12855.2,12856.7,12831.2,12846.2,5629,110,0
2020-12-31 08:00:00+00:00,12846.2,12852.7,12833.7,12842.7,5627,130,0
2020-12-31 12:00:00+00:00,12842.4,12861.2,12838.2,12845.2,5744,110,0
2020-12-31 16:00:00+00:00,12845.2,12854.9,12794.2,12822.4,40212,110,0
2020-12-31 20:00:00+00:00,12822.4,12900.7,12802.4,12899.5,28525,110,0
2021-01-04 00:00:00+00:00,12884.2,12901.4,12822.4,12847.9,14242,120,0
2021-01-04 04:00:00+00:00,12848.1,12874.6,12847.9,12865.1,9064,120,0
2021-01-04 08:00:00+00:00,12865.1,12956.9,12865.1,12945.6,14703,110,0
2021-01-04 12:00:00+00:00,12945.6,12950.6,12929.6,12938.6,9910,110,0
2021-01-04 16:00:00+00:00,12938.6,12940.9,12519.4,12593.9,94722,100,0
2021-01-04 20:00:00+00:00,12593.9,12705.4,12581.9,12701.7,54834,100,0
2021-01-05 00:00:00+00:00,12701.4,12718.9,12657.2,12709.7,10249,130,0
2021-01-05 04:00:00+00:00,12709.7,12723.9,12658.7,12688.7,12401,110,0
2021-01-05 08:00:00+00:00,12688.7,12713.7,12637.4,12699.2,22408,110,0
2021-01-05 12:00:00+00:00,12699.2,12721.9,12609.9,12609.9,20667,110,0
2021-01-05 16:00:00+00:00,12609.7,12778.7,12608.4,12724.4,64878,110,0
2021-01-05 20:00:00+00:00,12724.4,12816.7,12719.4,12816.7,31164,110,0
2021-01-06 00:00:00+00:00,12816.4,12840.5,12664.2,12715.2,18606,110,0
2021-01-06 04:00:00+00:00,12715.2,12734.7,12574.0,12607.0,23504,110,0
2021-01-06 08:00:00+00:00,12607.0,12663.0,12488.2,12578.7,28636,110,0
2021-01-06 12:00:00+00:00,12578.7,12640.2,12499.0,12569.0,25810,110,0
2021-01-06 16:00:00+00:00,12568.7,12792.5,12549.5,12763.0,69065,110,0
2021-01-06 20:00:00+00:00,12762.7,12789.7,12587.2,12670.1,67191,110,0
2021-01-07 00:00:00+00:00,12670.1,12734.7,12643.2,12734.0,10477,120,0
2021-01-07 04:00:00+00:00,12734.2,12738.7,12689.7,12706.7,11385,120,0
2021-01-07 08:00:00+00:00,12706.7,12759.0,12657.5,12683.5,21237,110,0
2021-01-07 12:00:00+00:00,12683.5,12724.7,12659.5,12707.2,19594,110,0
2021-01-07 16:00:00+00:00,12707.2,12917.7,12706.7,12890.7,55984,110,0
2021-01-07 20:00:00+00:00,12891.0,12956.0,12866.5,12938.6,32075,110,0
2021-01-08 00:00:00+00:00,12938.6,12971.5,12916.2,12961.7,8459,130,0
2021-01-08 04:00:00+00:00,12961.7,12975.0,12943.5,12964.7,9245,120,0
2021-01-08 08:00:00+00:00,12964.7,12989.7,12945.2,12976.2,14622,110,0
2021-01-08 12:00:00+00:00,12976.2,13011.7,12966.0,12994.0,12862,120,0
2021-01-08 16:00:00+00:00,12994.0,13062.7,12952.0,13030.5,68075,110,0
2021-01-08 20:00:00+00:00,13030.5,13137.6,12924.7,13136.1,51341,110,0
2021-01-11 00:00:00+00:00,13083.2,13103.2,13044.4,13047.4,9354,110,0
2021-01-11 04:00:00+00:00,13047.4,13060.7,13019.9,13036.2,10133,100,0
2021-01-11 08:00:00+00:00,13036.2,13071.9,13023.2,13033.7,13827,110,0
2021-01-11 12:00:00+00:00,13033.7,13055.2,12968.7,12978.9,16633,100,0
2021-01-11 16:00:00+00:00,12979.4,13010.9,12890.4,12992.4,68377,100,0
2021-01-11 20:00:00+00:00,12992.7,13006.9,12870.9,12918.7,46277,100,0
2021-01-12 00:00:00+00:00,12918.9,12943.1,12896.8,12921.1,9360,110,0
2021-01-12 04:00:00+00:00,12921.1,12935.1,12885.1,12914.8,9388,120,0
2021-01-12 08:00:00+00:00,12914.8,12957.3,12908.8,12949.6,11720,110,0
2021-01-12 12:00:00+00:00,12949.8,12954.1,12864.3,12881.3,12856,110,0
2021-01-12 16:00:00+00:00,12881.6,12946.1,12766.1,12843.8,71006,110,0
2021-01-12 20:00:00+00:00,12843.8,12908.3,12837.3,12895.4,38034,110,0
2021-01-13 00:00:00+00:00,12895.4,12919.7,12871.4,12915.7,5419,130,0
2021-01-13 04:00:00+00:00,12915.7,12933.2,12910.4,12913.9,6657,130,0
2021-01-13 08:00:00+00:00,12913.9,12929.9,12904.7,12919.4,8025,110,0
2021-01-13 12:00:00+00:00,12919.4,12926.9,12819.4,12867.4,19146,110,0
2021-01-13 16:00:00+00:00,12867.9,12991.9,12859.9,12971.7,59397,110,0
2021-01-13 20:00:00+00:00,12971.4,13001.4,12956.7,12989.8,31521,110,0
2021-01-14 00:00:00+00:00,12989.8,13011.6,12965.8,13008.3,6322,110,0
2021-01-14 04:00:00+00:00,13008.3,13013.1,12932.8,12962.8,10904,110,0
2021-01-14 08:00:00+00:00,12962.8,12980.3,12933.3,12951.6,8790,120,0
2021-01-14 12:00:00+00:00,12951.8,12987.8,12921.6,12980.8,13392,100,0
2021-01-14 16:00:00+00:00,12980.8,13027.6,12932.8,12979.8,55086,100,0
2021-01-14 20:00:00+00:00,12979.8,12981.3,12879.8,12913.4,37592,100,0
2021-01-15 00:00:00+00:00,12913.4,12927.0,12869.0,12886.3,9545,130,0
2021-01-15 04:00:00+00:00,12886.0,12915.3,12829.8,12832.8,11645,130,0
2021-01-15 08:00:00+00:00,12832.8,12899.3,12829.8,12876.5,13267,120,0
2021-01-15 12:00:00+00:00,12876.5,12909.5,12850.0,12893.3,17224,110,0
2021-01-15 16:00:00+00:00,12893.0,12929.5,12743.3,12849.3,77682,110,0
2021-01-15 20:00:00+00:00,12849.3,12886.3,12755.3,12775.0,43900,110,0
2021-01-18 00:00:00+00:00,12773.7,12796.6,12727.9,12761.6,11485,120,0
2021-01-18 04:00:00+00:00,12761.6,12791.4,12753.4,12785.1,7157,130,0
2021-01-18 08:00:00+00:00,12785.1,12790.6,12763.1,12786.6,8846,130,0
2021-01-18 12:00:00+00:00,12786.6,12817.4,12781.6,12804.6,7514,120,0
2021-01-18 16:00:00+00:00,12804.6,12823.1,12784.9,12810.0,10275,120,0
2021-01-18 20:00:00+00:00,12810.0,12810.0,12810.0,12810.0,1,600,0
2021-01-19 00:00:00+00:00,12811.9,12888.7,12811.9,12885.7,6732,110,0
2021-01-19 04:00:00+00:00,12885.7,12949.4,12880.1,12915.4,9925,110,0
2021-01-19 08:00:00+00:00,12915.7,12940.2,12906.2,12926.9,11033,130,0
2021-01-19 12:00:00+00:00,12926.9,12935.7,12892.7,12897.7,10460,110,0
2021-01-19 16:00:00+00:00,12898.2,12958.2,12850.4,12956.4,58294,110,0
2021-01-19 20:00:00+00:00,12956.4,13045.9,12955.4,13045.3,27396,110,0
2021-01-20 00:00:00+00:00,13045.3,13055.4,13020.2,13039.9,7900,130,0
2021-01-20 04:00:00+00:00,13039.9,13058.4,13023.4,13049.4,7827,130,0
2021-01-20 08:00:00+00:00,13049.4,13090.4,13042.9,13080.9,9857,120,0
2021-01-20 12:00:00+00:00,13080.9,13123.2,13077.2,13122.2,11129,110,0
2021-01-20 16:00:00+00:00,13122.2,13275.9,13121.7,13268.4,53986,110,0
2021-01-20 20:00:00+00:00,13268.4,13328.2,13266.2,13304.3,30951,110,0
2021-01-21 00:00:00+00:00,13304.3,13382.4,13289.7,13355.7,8163,120,0
2021-01-21 04:00:00+00:00,13355.4,13393.4,13348.9,13380.4,7829,130,0
2021-01-21 08:00:00+00:00,13380.4,13383.9,13336.7,13351.4,10476,110,0
2021-01-21 12:00:00+00:00,13351.4,13368.7,13306.7,13319.4,10970,120,0
2021-01-21 16:00:00+00:00,13319.4,13393.9,13284.9,13361.4,58945,110,0
2021-01-21 20:00:00+00:00,13361.7,13424.9,13361.4,13398.7,27243,110,0
2021-01-22 00:00:00+00:00,13398.8,13402.3,13364.1,13372.3,6807,120,0
2021-01-22 04:00:00+00:00,13372.3,13375.6,13334.8,13350.1,8941,130,0
2021-01-22 08:00:00+00:00,13350.1,13360.6,13313.1,13329.3,13545,110,0
2021-01-22 12:00:00+00:00,13329.6,13338.6,13302.3,13324.1,15711,110,0
2021-01-22 16:00:00+00:00,13324.1,13393.6,13322.3,13359.3,54338,110,0
2021-01-22 20:00:00+00:00,13359.3,13397.8,13342.8,13356.1,27711,110,0
2021-01-25 00:00:00+00:00,13371.7,13449.4,13371.7,13441.4,7757,120,0
2021-01-25 04:00:00+00:00,13441.4,13471.6,13440.9,13463.1,6067,130,0
2021-01-25 08:00:00+00:00,13463.1,13500.4,13454.9,13486.6,9943,120,0
2021-01-25 12:00:00+00:00,13486.6,13510.6,13473.1,13485.4,17870,110,0
2021-01-25 16:00:00+00:00,13484.6,13557.4,13192.1,13421.9,91781,110,0
2021-01-25 20:00:00+00:00,13422.1,13486.4,13378.9,13466.1,49557,110,0
2021-01-26 00:00:00+00:00,13459.0,13476.7,13434.0,13448.0,5017,130,0
2021-01-26 04:00:00+00:00,13448.0,13452.2,13383.7,13405.7,6531,130,0
2021-01-26 08:00:00+00:00,13405.7,13459.5,13386.5,13433.7,11972,110,0
2021-01-26 12:00:00+00:00,13434.0,13492.0,13423.7,13481.0,15226,110,0
2021-01-26 16:00:00+00:00,13481.0,13536.2,13430.4,13483.0,71289,110,0
2021-01-26 20:00:00+00:00,13483.2,13602.7,13469.7,13557.0,38837,110,0
2021-01-27 00:00:00+00:00,13553.7,13589.9,13542.7,13554.2,7829,130,0
2021-01-27 04:00:00+00:00,13554.2,13570.7,13538.9,13566.4,7716,130,0
2021-01-27 08:00:00+00:00,13566.4,13575.7,13531.9,13553.2,11960,130,0
2021-01-27 12:00:00+00:00,13553.2,13556.7,13356.2,13397.7,36128,110,0
2021-01-27 16:00:00+00:00,13397.4,13406.2,13174.9,13321.9,97782,110,0
2021-01-27 20:00:00+00:00,13321.9,13333.9,12888.2,13063.4,84443,110,0
2021-01-28 00:00:00+00:00,13054.5,13131.5,12959.3,13111.3,21728,110,0
2021-01-28 04:00:00+00:00,13111.3,13125.3,13015.1,13035.3,20447,110,0
2021-01-28 08:00:00+00:00,13035.0,13047.8,12910.3,12968.5,30726,110,0
2021-01-28 12:00:00+00:00,12968.3,13132.0,12942.3,13123.5,37091,110,0
2021-01-28 16:00:00+00:00,13123.5,13388.3,13117.8,13371.3,84279,110,0
2021-01-28 20:00:00+00:00,13371.3,13397.8,13127.3,13160.0,59617,110,0
2021-01-29 00:00:00+00:00,13160.2,13188.5,13064.2,13070.2,10402,110,0
2021-01-29 04:00:00+00:00,13070.2,13087.5,12966.5,13005.2,12836,110,0
2021-01-29 08:00:00+00:00,13005.2,13076.5,12936.5,12996.5,32514,110,0
2021-01-29 12:00:00+00:00,12996.5,13168.7,12943.7,13133.0,32454,110,0
2021-01-29 16:00:00+00:00,13132.7,13159.7,12834.7,12860.0,106357,110,0
2021-01-29 20:00:00+00:00,12859.7,13022.7,12834.7,12877.5,86056,110,0
2021-02-01 00:00:00+00:00,12852.6,12881.1,12731.3,12854.8,17870,110,0
2021-02-01 04:00:00+00:00,12854.6,12985.8,12851.8,12978.8,16672,110,0
2021-02-01 08:00:00+00:00,12978.8,13064.6,12935.6,13049.1,27483,110,0
2021-02-01 12:00:00+00:00,13049.3,13087.8,13026.6,13051.1,24025,110,0
2021-02-01 16:00:00+00:00,13051.1,13260.6,12974.3,13259.1,82058,110,0
2021-02-01 20:00:00+00:00,13259.1,13275.3,13210.3,13238.1,43594,110,0
2021-02-02 00:00:00+00:00,13234.5,13343.3,13234.5,13336.5,12207,110,0
2021-02-02 04:00:00+00:00,13336.5,13375.3,13307.8,13335.0,13760,110,0
2021-02-02 08:00:00+00:00,13335.0,13382.3,13305.5,13370.0,21497,110,0
2021-02-02 12:00:00+00:00,13370.3,13379.5,13330.5,13357.3,17565,110,0
2021-02-02 16:00:00+00:00,13357.5,13474.8,13334.0,13464.8,67414,110,0
2021-02-02 20:00:00+00:00,13464.8,13511.3,13412.5,13500.8,38002,110,0
2021-02-03 00:00:00+00:00,13510.3,13538.0,13480.2,13515.5,10242,120,0
2021-02-03 04:00:00+00:00,13515.5,13551.2,13494.7,13549.5,9529,110,0
2021-02-03 08:00:00+00:00,13549.5,13588.2,13518.2,13524.0,15730,120,0
2021-02-03 12:00:00+00:00,13524.2,13558.7,13522.2,13544.5,15968,110,0
2021-02-03 16:00:00+00:00,13544.5,13552.2,13396.2,13486.0,74584,110,0
2021-02-03 20:00:00+00:00,13486.0,13500.7,13391.5,13419.7,38336,110,0
2021-02-04 00:00:00+00:00,13437.5,13454.9,13416.4,13428.7,8306,120,0
2021-02-04 04:00:00+00:00,13428.7,13449.4,13348.2,13384.2,12516,120,0
2021-02-04 08:00:00+00:00,13385.5,13459.7,13371.7,13443.2,15977,120,0
2021-02-04 12:00:00+00:00,13443.2,13466.4,13421.9,13454.2,13700,110,0
2021-02-04 16:00:00+00:00,13454.4,13487.2,13394.9,13482.4,62923,110,0
2021-02-04 20:00:00+00:00,13482.4,13571.2,13478.4,13568.7,25879,110,0
2021-02-05 00:00:00+00:00,13558.9,13567.3,13529.0,13566.3,7461,120,0
2021-02-05 04:00:00+00:00,13566.8,13616.0,13562.8,13613.3,10110,110,0
2021-02-05 08:00:00+00:00,13613.8,13618.5,13567.3,13587.0,11608,120,0
2021-02-05 12:00:00+00:00,13587.0,13608.5,13571.4,13585.0,12894,110,0
2021-02-05 16:00:00+00:00,13585.0,13633.0,13520.3,13632.0,55728,110,0
2021-02-05 20:00:00+00:00,13632.0,13639.3,13569.5,13605.5,33312,110,0
2021-02-08 00:00:00+00:00,13624.3,13687.9,13606.2,13681.4,8441,120,0
2021-02-08 04:00:00+00:00,13681.4,13685.4,13667.7,13677.9,6994,110,0
2021-02-08 08:00:00+00:00,13677.7,13684.7,13629.9,13648.9,10290,120,0
2021-02-08 12:00:00+00:00,13648.9,13663.9,13630.2,13659.2,10845,100,0
2021-02-08 16:00:00+00:00,13659.2,13693.7,13597.9,13636.9,54108,100,0
2021-02-08 20:00:00+00:00,13636.9,13691.7,13618.2,13687.4,26347,100,0
2021-02-09 00:00:00+00:00,13684.4,13697.4,13658.9,13680.1,7118,110,0
2021-02-09 04:00:00+00:00,13680.1,13689.9,13668.6,13680.9,6115,120,0
2021-02-09 08:00:00+00:00,13680.9,13684.1,13663.9,13671.6,8700,130,0
2021-02-09 12:00:00+00:00,13671.6,13679.9,13652.9,13661.1,8949,120,0
2021-02-09 16:00:00+00:00,13661.1,13736.6,13635.6,13695.6,49411,110,0
2021-02-09 20:00:00+00:00,13695.6,13712.4,13663.6,13699.1,24849,120,0
2021-02-10 00:00:00+00:00,13698.0,13727.6,13681.1,13724.6,6357,110,0
2021-02-10 04:00:00+00:00,13724.6,13753.4,13724.4,13741.6,7365,120,0
2021-02-10 08:00:00+00:00,13741.6,13770.9,13735.9,13745.4,11585,100,0
2021-02-10 12:00:00+00:00,13745.6,13753.4,13715.6,13745.9,12413,100,0
2021-02-10 16:00:00+00:00,13745.6,13763.4,13519.1,13628.6,89008,100,0
2021-02-10 20:00:00+00:00,13628.6,13696.4,13611.4,13666.1,41576,100,0
2021-02-11 00:00:00+00:00,13663.5,13667.3,13614.5,13623.3,5099,110,0
2021-02-11 04:00:00+00:00,13623.3,13671.5,13620.0,13649.3,5098,130,0
2021-02-11 08:00:00+00:00,13649.5,13712.3,13648.8,13708.0,10395,110,0
2021-02-11 12:00:00+00:00,13708.0,13723.8,13696.8,13712.5,9533,110,0
2021-02-11 16:00:00+00:00,13713.0,13744.8,13625.8,13686.0,70196,110,0
2021-02-11 20:00:00+00:00,13686.0,13735.5,13641.3,13712.5,42577,110,0
2021-02-12 00:00:00+00:00,13709.8,13743.0,13698.5,13721.3,6047,130,0
2021-02-12 04:00:00+00:00,13721.3,13724.8,13703.5,13717.8,4606,120,0
2021-02-12 08:00:00+00:00,13717.8,13719.0,13664.5,13705.8,10665,110,0
2021-02-12 12:00:00+00:00,13705.8,13723.5,13684.8,13686.8,10289,110,0
2021-02-12 16:00:00+00:00,13686.3,13756.0,13647.5,13743.0,51578,110,0
2021-02-12 20:00:00+00:00,13743.0,13821.3,13711.0,13819.3,29073,110,0
2021-02-15 00:00:00+00:00,13827.7,13867.8,13811.2,13855.1,6253,120,0
2021-02-15 04:00:00+00:00,13855.1,13859.6,13841.9,13845.1,4729,150,0
2021-02-15 08:00:00+00:00,13845.1,13851.8,13834.8,13844.8,7840,120,0
2021-02-15 12:00:00+00:00,13844.8,13851.8,13839.1,13847.3,4781,110,0
2021-02-15 16:00:00+00:00,13847.6,13880.6,13845.8,13874.3,7741,120,0
2021-02-15 20:00:00+00:00,13872.3,13872.3,13872.3,13872.3,1,610,0
2021-02-16 00:00:00+00:00,13870.8,13903.1,13859.8,13894.6,7138,120,0
2021-02-16 04:00:00+00:00,13894.6,13903.1,13877.1,13886.8,7532,130,0
2021-02-16 08:00:00+00:00,13886.8,13891.1,13848.8,13863.6,10714,120,0
2021-02-16 12:00:00+00:00,13863.6,13883.6,13850.2,13854.1,11461,120,0
2021-02-16 16:00:00+00:00,13854.8,13877.8,13718.6,13792.1,75402,110,0
2021-02-16 20:00:00+00:00,13792.1,13804.3,13748.1,13756.6,37882,110,0
2021-02-17 00:00:00+00:00,13756.3,13764.8,13693.8,13724.0,10551,130,0
2021-02-17 04:00:00+00:00,13724.0,13771.3,13718.8,13757.3,8687,110,0
2021-02-17 08:00:00+00:00,13757.3,13784.5,13728.0,13741.5,14906,110,0
2021-02-17 12:00:00+00:00,13741.5,13757.3,13659.0,13676.3,16112,120,0
2021-02-17 16:00:00+00:00,13676.3,13691.8,13543.3,13634.0,96786,110,0
2021-02-17 20:00:00+00:00,13634.3,13709.5,13628.8,13698.5,38957,110,0
2021-02-18 00:00:00+00:00,13699.1,13721.9,13659.1,13675.9,9541,130,0
2021-02-18 04:00:00+00:00,13675.9,13698.6,13611.4,13628.1,14610,110,0
2021-02-18 08:00:00+00:00,13628.1,13653.6,13605.9,13626.1,17347,110,0
2021-02-18 12:00:00+00:00,13626.1,13634.1,13551.4,13560.4,19676,110,0
2021-02-18 16:00:00+00:00,13559.9,13582.1,13468.6,13556.1,82128,110,0
2021-02-18 20:00:00+00:00,13556.1,13668.6,13537.6,13638.6,40809,110,0
2021-02-19 00:00:00+00:00,13637.2,13654.2,13553.8,13584.7,10605,110,0
2021-02-19 04:00:00+00:00,13584.4,13618.2,13548.3,13615.2,12511,120,0
2021-02-19 08:00:00+00:00,13615.2,13688.4,13607.9,13671.4,18060,110,0
2021-02-19 12:00:00+00:00,13671.4,13727.9,13654.7,13725.2,16139,110,0
2021-02-19 16:00:00+00:00,13725.2,13725.4,13554.4,13581.9,68353,100,0
2021-02-19 20:00:00+00:00,13581.9,13609.2,13534.2,13570.4,51094,100,0
2021-02-22 00:00:00+00:00,13582.1,13629.1,13548.6,13583.3,12467,110,0
2021-02-22 04:00:00+00:00,13583.3,13597.6,13521.8,13523.6,16518,110,0
2021-02-22 08:00:00+00:00,13523.6,13537.6,13365.1,13417.1,32301,110,0
2021-02-22 12:00:00+00:00,13417.1,13434.6,13365.3,13414.6,22898,110,0
2021-02-22 16:00:00+00:00,13414.6,13446.1,13281.3,13337.8,89765,110,0
2021-02-22 20:00:00+00:00,13337.8,13386.1,13215.6,13218.8,47444,110,0
2021-02-23 00:00:00+00:00,13225.2,13284.7,13195.2,13280.2,11546,110,0
2021-02-23 04:00:00+00:00,13280.2,13336.2,13269.4,13309.9,10411,110,0
2021-02-23 08:00:00+00:00,13309.9,13314.4,13080.8,13096.7,30314,110,0
2021-02-23 12:00:00+00:00,13096.7,13102.2,12947.4,13020.4,38312,110,0
2021-02-23 16:00:00+00:00,13020.7,13119.7,12758.2,12901.2,126068,110,0
2021-02-23 20:00:00+00:00,12901.4,13257.7,12885.7,13158.9,76905,110,0
2021-02-24 00:00:00+00:00,13170.0,13263.1,13136.9,13233.4,14777,120,0
2021-02-24 04:00:00+00:00,13233.4,13241.1,13069.6,13088.4,23919,110,0
2021-02-24 08:00:00+00:00,13088.4,13235.4,13028.1,13209.9,30568,110,0
2021-02-24 12:00:00+00:00,13209.9,13295.9,13055.1,13087.1,33944,110,0
2021-02-24 16:00:00+00:00,13086.6,13254.4,12959.1,13208.4,103660,110,0
2021-02-24 20:00:00+00:00,13208.1,13334.1,13171.9,13314.6,55538,110,0
2021-02-25 00:00:00+00:00,13297.8,13337.9,13275.1,13284.1,13376,120,0
2021-02-25 04:00:00+00:00,13284.1,13347.4,13278.6,13337.9,13063,100,0
2021-02-25 08:00:00+00:00,13337.9,13353.6,13185.7,13212.9,26914,100,0
2021-02-25 12:00:00+00:00,13213.1,13268.9,13146.1,13201.6,34956,110,0
2021-02-25 16:00:00+00:00,13200.9,13290.1,12834.1,12852.1,127587,100,0
2021-02-25 20:00:00+00:00,12852.1,13020.1,12764.6,12782.1,105597,100,0
2021-02-26 00:00:00+00:00,12795.1,12847.6,12703.8,12801.3,25523,110,0
2021-02-26 04:00:00+00:00,12801.3,12867.3,12662.8,12699.1,27150,120,0
2021-02-26 08:00:00+00:00,12699.6,12915.6,12680.8,12866.8,36890,110,0
2021-02-26 12:00:00+00:00,12865.8,12968.8,12719.1,12957.3,48540,110,0
2021-02-26 16:00:00+00:00,12957.3,13089.8,12752.3,12997.1,123679,110,0
2021-02-26 20:00:00+00:00,12997.3,13065.3,12856.6,12906.6,90121,110,0
2021-03-01 00:00:00+00:00,12972.2,13086.7,12947.7,13069.7,15360,120,0
2021-03-01 04:00:00+00:00,13069.5,13081.7,13032.7,13058.5,13610,130,0
2021-03-01 08:00:00+00:00,13058.7,13134.2,13042.7,13096.2,23400,120,0
2021-03-01 12:00:00+00:00,13096.2,13124.7,13036.2,13074.7,21689,110,0
2021-03-01 16:00:00+00:00,13074.7,13231.0,13042.2,13205.7,78948,110,0
2021-03-01 20:00:00+00:00,13205.7,13318.7,13179.5,13313.0,44654,110,0
2021-03-02 00:00:00+00:00,13309.2,13329.0,13273.7,13278.2,10851,110,0
2021-03-02 04:00:00+00:00,13278.2,13307.2,13209.2,13222.0,17795,110,0
2021-03-02 08:00:00+00:00,13222.0,13267.5,13163.5,13200.0,29525,110,0
2021-03-02 12:00:00+00:00,13200.0,13283.7,13186.0,13263.5,21095,110,0
2021-03-02 16:00:00+00:00,13263.7,13304.5,13100.7,13169.5,98326,110,0
2021-03-02 20:00:00+00:00,13169.5,13214.0,13050.2,13056.0,59684,110,0
2021-03-03 00:00:00+00:00,13061.7,13128.9,13058.2,13095.9,12729,100,0
2021-03-03 04:00:00+00:00,13095.7,13151.7,13090.2,13148.2,10035,120,0
2021-03-03 08:00:00+00:00,13147.9,13192.4,13129.4,13151.9,18090,100,0
2021-03-03 12:00:00+00:00,13151.9,13158.4,12972.9,13000.8,27513,100,0
2021-03-03 16:00:00+00:00,13000.7,13052.9,12815.7,12817.2,112025,0,0
2021-03-03 20:00:00+00:00,12817.2,12870.4,12664.9,12680.2,90134,100,0
2021-03-04 00:00:00+00:00,12680.4,12697.7,12583.9,12647.2,17740,110,0
2021-03-04 04:00:00+00:00,12647.2,12665.2,12511.4,12574.9,23281,110,0
2021-03-04 08:00:00+00:00,12575.2,12708.9,12565.9,12617.4,35369,110,0
2021-03-04 12:00:00+00:00,12617.4,12707.2,12554.7,12673.2,36834,110,0
2021-03-04 16:00:00+00:00,12672.4,12796.4,12444.9,12483.7,140757,110,0
2021-03-04 20:00:00+00:00,12484.2,12534.7,12306.9,12432.9,113694,110,0
2021-03-05 00:00:00+00:00,12432.9,12458.5,12306.5,12344.5,18915,120,0
2021-03-05 04:00:00+00:00,12344.5,12473.8,12312.8,12470.3,23950,120,0
2021-03-05 08:00:00+00:00,12470.3,12473.8,12352.0,12384.3,36850,110,0
2021-03-05 12:00:00+00:00,12384.5,12532.8,12369.5,12500.8,39574,110,0
2021-03-05 16:00:00+00:00,12499.8,12632.0,12208.8,12523.3,148376,110,0
2021-03-05 20:00:00+00:00,12523.0,12697.5,12448.5,12656.0,93618,110,0
2021-03-08 00:00:00+00:00,12721.6,12760.7,12602.7,12648.9,18788,110,0
2021-03-08 04:00:00+00:00,12648.9,12657.4,12513.2,12538.7,24295,100,0
2021-03-08 08:00:00+00:00,12537.4,12566.9,12377.4,12424.2,25368,120,0
2021-03-08 12:00:00+00:00,12424.2,12615.7,12417.9,12609.7,25668,100,0
2021-03-08 16:00:00+00:00,12608.9,12716.9,12483.4,12524.9,121690,100,0
2021-03-08 20:00:00+00:00,12524.9,12573.2,12285.4,12337.9,81682,100,0
2021-03-09 00:00:00+00:00,12337.0,12409.5,12327.5,12342.0,15709,110,0
2021-03-09 04:00:00+00:00,12341.5,12476.0,12338.2,12440.7,20852,110,0
2021-03-09 08:00:00+00:00,12440.7,12578.5,12367.5,12560.7,29250,110,0
2021-03-09 12:00:00+00:00,12560.7,12612.7,12530.2,12596.2,30920,110,0
2021-03-09 16:00:00+00:00,12596.2,12797.5,12579.5,12775.5,77238,110,0
2021-03-09 20:00:00+00:00,12775.7,12868.2,12769.7,12791.0,49825,110,0
2021-03-10 00:00:00+00:00,12811.1,12828.8,12742.8,12744.0,13243,110,0
2021-03-10 04:00:00+00:00,12744.0,12794.3,12721.8,12756.5,16308,110,0
2021-03-10 08:00:00+00:00,12756.8,12810.5,12724.8,12804.8,22804,110,0
2021-03-10 12:00:00+00:00,12804.8,12899.5,12704.8,12884.3,31144,110,0
2021-03-10 16:00:00+00:00,12884.0,12994.0,12745.0,12828.0,106465,110,0
2021-03-10 20:00:00+00:00,12828.3,12843.0,12721.8,12790.8,67592,110,0
2021-03-11 00:00:00+00:00,12790.1,12810.4,12725.4,12806.1,10175,110,0
2021-03-11 04:00:00+00:00,12806.4,12856.6,12803.6,12841.6,12268,110,0
2021-03-11 08:00:00+00:00,12841.9,12999.4,12824.9,12982.9,24245,110,0
2021-03-11 12:00:00+00:00,12982.6,13014.1,12939.4,12961.1,30460,110,0
2021-03-11 16:00:00+00:00,12960.4,13096.4,12913.6,13074.9,77353,110,0
2021-03-11 20:00:00+00:00,13074.9,13120.1,13039.6,13042.9,43426,110,0
2021-03-12 00:00:00+00:00,13049.7,13094.3,13048.0,13066.3,8697,120,0
2021-03-12 04:00:00+00:00,13066.3,13075.8,12996.3,13014.3,14338,110,0
2021-03-12 08:00:00+00:00,13014.8,13021.3,12804.5,12814.3,22301,100,0
2021-03-12 12:00:00+00:00,12814.5,12897.8,12785.8,12845.5,22051,100,0
2021-03-12 16:00:00+00:00,12845.3,12926.0,12768.3,12873.3,70784,100,0
2021-03-12 20:00:00+00:00,12873.3,12945.8,12854.0,12934.0,34937,100,0
2021-03-15 00:00:00+00:00,12948.3,12977.1,12923.1,12974.1,9851,110,0
2021-03-15 04:00:00+00:00,12974.1,13009.6,12927.3,12952.8,20022,120,0
2021-03-15 08:00:00+00:00,12952.8,12967.3,12872.8,12961.8,22244,110,0
2021-03-15 12:00:00+00:00,12961.8,12997.6,12910.8,12929.1,20286,110,0
2021-03-15 16:00:00+00:00,12929.1,12996.1,12881.6,12961.1,91231,110,0
2021-03-15 20:00:00+00:00,12960.8,13099.6,12943.6,13082.3,42420,110,0
2021-03-16 00:00:00+00:00,13082.8,13089.0,13057.0,13083.5,8684,110,0
2021-03-16 04:00:00+00:00,13083.5,13137.5,13080.0,13133.0,17695,120,0
2021-03-16 08:00:00+00:00,13133.2,13177.7,13101.0,13115.7,18550,100,0
2021-03-16 12:00:00+00:00,13115.7,13169.2,13108.0,13149.7,12242,120,0
2021-03-16 16:00:00+00:00,13149.5,13297.2,13142.2,13221.5,81252,100,0
2021-03-16 20:00:00+00:00,13221.5,13252.5,13087.7,13163.2,69719,100,0
2021-03-17 00:00:00+00:00,13174.6,13190.9,13118.4,13153.9,5793,0,0
2021-03-17 04:00:00+00:00,13153.9,13161.9,13125.4,13139.4,12453,140,0
2021-03-17 08:00:00+00:00,13139.1,13159.9,13123.6,13142.4,13691,120,0
2021-03-17 12:00:00+00:00,13142.4,13145.6,12986.6,13020.1,25804,110,0
2021-03-17 16:00:00+00:00,13020.1,13091.6,12953.4,12981.4,88080,110,0
2021-03-17 20:00:00+00:00,12981.6,13289.6,12970.1,13186.1,76734,110,0
2021-03-18 00:00:00+00:00,13195.4,13278.2,13194.9,13275.4,8373,120,0
2021-03-18 04:00:00+00:00,13275.4,13285.4,13184.7,13212.7,14762,110,0
2021-03-18 08:00:00+00:00,13212.7,13247.2,13025.9,13032.9,26753,110,0
2021-03-18 12:00:00+00:00,13032.9,13079.7,12969.7,12989.7,34660,110,0
2021-03-18 16:00:00+00:00,12989.7,13040.9,12915.2,12917.9,92023,110,0
2021-03-18 20:00:00+00:00,12918.4,12996.7,12781.2,12812.2,73347,110,0
2021-03-19 00:00:00+00:00,12812.5,12839.7,12791.5,12826.7,9284,110,0
2021-03-19 04:00:00+00:00,12827.0,12837.5,12769.7,12813.5,18347,110,0
2021-03-19 08:00:00+00:00,12813.5,12915.7,12731.2,12895.2,29417,110,0
2021-03-19 12:00:00+00:00,12895.2,12908.5,12834.7,12860.0,25832,110,0
2021-03-19 16:00:00+00:00,12859.7,12902.2,12700.0,12896.2,105101,110,0
2021-03-19 20:00:00+00:00,12896.2,12909.0,12840.5,12846.2,55195,110,0
2021-03-22 00:00:00+00:00,12829.2,12887.6,12806.3,12869.3,11298,120,0
2021-03-22 04:00:00+00:00,12869.3,12951.3,12837.6,12934.1,18533,110,0
2021-03-22 08:00:00+00:00,12934.1,12947.3,12887.8,12925.6,20594,130,0
2021-03-22 12:00:00+00:00,12925.6,12980.8,12907.8,12953.8,19214,120,0
2021-03-22 16:00:00+00:00,12953.8,13174.6,12945.6,13168.3,65531,110,0
2021-03-22 20:00:00+00:00,13168.1,13170.6,13079.8,13083.8,37856,110,0
2021-03-23 00:00:00+00:00,13084.7,13123.0,13068.3,13076.3,8363,120,0
2021-03-23 04:00:00+00:00,13076.3,13089.3,13031.0,13035.3,17287,110,0
2021-03-23 08:00:00+00:00,13035.3,13075.0,13020.5,13070.5,21722,120,0
2021-03-23 12:00:00+00:00,13070.5,13133.0,13033.5,13124.8,25795,110,0
2021-03-23 16:00:00+00:00,13124.8,13189.5,13068.8,13137.8,85983,100,0
2021-03-23 20:00:00+00:00,13137.8,13166.5,12997.3,13049.0,66275,100,0
2021-03-24 00:00:00+00:00,13067.1,13076.0,13034.0,13064.8,9112,120,0
2021-03-24 04:00:00+00:00,13064.8,13090.6,13038.8,13066.3,18399,120,0
2021-03-24 08:00:00+00:00,13066.0,13157.3,13038.3,13147.3,22054,120,0
2021-03-24 12:00:00+00:00,13147.3,13162.3,13099.3,13100.3,21979,110,0
2021-03-24 16:00:00+00:00,13100.3,13103.3,12929.0,12952.0,92788,110,0
2021-03-24 20:00:00+00:00,12952.0,12968.3,12801.8,12813.8,69928,110,0
2021-03-25 00:00:00+00:00,12814.6,12844.4,12799.4,12835.4,8512,110,0
2021-03-25 04:00:00+00:00,12835.1,12850.9,12770.1,12826.4,20954,130,0
2021-03-25 08:00:00+00:00,12826.4,12877.4,12807.6,12853.9,21060,110,0
2021-03-25 12:00:00+00:00,12853.9,12873.4,12723.9,12736.9,31605,110,0
2021-03-25 16:00:00+00:00,12736.1,12854.6,12628.1,12769.6,116753,110,0
2021-03-25 20:00:00+00:00,12769.4,12839.1,12673.1,12807.6,78585,110,0
2021-03-26 00:00:00+00:00,12811.9,12837.8,12779.2,12812.3,8330,130,0
2021-03-26 04:00:00+00:00,12812.3,12858.0,12798.3,12853.5,13577,120,0
2021-03-26 08:00:00+00:00,12853.5,12898.0,12821.8,12824.8,18305,120,0
2021-03-26 12:00:00+00:00,12824.8,12845.3,12694.3,12761.5,27800,110,0
2021-03-26 16:00:00+00:00,12761.5,12882.0,12756.0,12846.0,85547,110,0
2021-03-26 20:00:00+00:00,12846.0,13006.5,12719.0,12977.5,69624,110,0
2021-03-29 00:00:00+00:00,12994.0,12994.0,12889.7,12897.7,10101,130,0
2021-03-29 04:00:00+00:00,12897.7,12922.5,12866.0,12893.5,18780,110,0
2021-03-29 08:00:00+00:00,12893.5,12936.7,12825.2,12900.7,31245,110,0
2021-03-29 12:00:00+00:00,12900.7,12987.5,12896.7,12932.7,20049,120,0
2021-03-29 16:00:00+00:00,12932.7,12995.5,12834.5,12985.7,99983,110,0
2021-03-29 20:00:00+00:00,12985.7,13020.2,12903.7,12981.0,66708,110,0
2021-03-30 00:00:00+00:00,12991.8,13001.7,12956.7,12963.0,8390,130,0
2021-03-30 04:00:00+00:00,12963.0,12964.2,12923.0,12954.7,12566,130,0
2021-03-30 08:00:00+00:00,12954.7,12955.0,12871.2,12892.0,21691,120,0
2021-03-30 12:00:00+00:00,12892.0,12920.2,12853.2,12878.2,22043,110,0
2021-03-30 16:00:00+00:00,12878.2,12933.5,12794.5,12867.0,85688,110,0
2021-03-30 20:00:00+00:00,12867.0,12931.5,12843.0,12906.2,48991,110,0
2021-03-31 00:00:00+00:00,12906.7,12927.6,12875.9,12921.6,8205,120,0
2021-03-31 04:00:00+00:00,12921.6,12942.1,12892.6,12901.9,11966,130,0
2021-03-31 08:00:00+00:00,12901.9,12926.4,12877.9,12921.9,16430,110,0
2021-03-31 12:00:00+00:00,12921.9,12997.6,12908.9,12980.9,15697,110,0
2021-03-31 16:00:00+00:00,12981.1,13164.1,12970.6,13149.1,58016,110,0
2021-03-31 20:00:00+00:00,13149.1,13174.4,13087.6,13106.1,42501,110,0
2021-04-01 00:00:00+00:00,13111.8,13146.2,13107.7,13142.5,6588,120,0
2021-04-01 04:00:00+00:00,13142.5,13156.0,13121.7,13143.5,10733,110,0
2021-04-01 08:00:00+00:00,13143.2,13253.0,13139.2,13231.2,16015,110,0
2021-04-01 12:00:00+00:00,13231.2,13263.7,13217.2,13254.0,15000,120,0
2021-04-01 16:00:00+00:00,13254.0,13339.0,13253.0,13314.0,58639,110,0
2021-04-01 20:00:00+00:00,13314.0,13349.2,13277.7,13345.5,32362,120,0
2021-04-02 00:00:00+00:00,13345.1,13374.6,13342.1,13362.3,4559,120,0
2021-04-02 04:00:00+00:00,13362.6,13389.1,13358.6,13380.3,4498,120,0
2021-04-02 08:00:00+00:00,13380.3,13386.6,13360.8,13386.1,4409,120,0
2021-04-02 12:00:00+00:00,13386.1,13406.8,13361.5,13393.6,7386,120,0
2021-04-02 16:00:00+00:00,13393.6,13393.6,13362.2,13362.2,1119,110,0
2021-04-05 00:00:00+00:00,13354.2,13371.6,13319.6,13358.1,8139,110,0
2021-04-05 04:00:00+00:00,13358.1,13362.9,13334.1,13338.1,5565,120,0
2021-04-05 08:00:00+00:00,13338.1,13381.6,13327.4,13375.9,6681,130,0
2021-04-05 12:00:00+00:00,13375.9,13448.4,13367.1,13439.1,10182,120,0
2021-04-05 16:00:00+00:00,13439.1,13595.6,13425.4,13585.1,42039,120,0
2021-04-05 20:00:00+00:00,13585.1,13630.6,13580.6,13615.4,26632,110,0
2021-04-06 00:00:00+00:00,13618.6,13636.9,13609.4,13618.4,6260,110,0
2021-04-06 04:00:00+00:00,13618.4,13624.4,13581.6,13592.9,9437,110,0
2021-04-06 08:00:00+00:00,13592.9,13610.1,13537.8,13565.9,17381,110,0
2021-04-06 12:00:00+00:00,13565.9,13620.4,13549.6,13600.9,16636,120,0
2021-04-06 16:00:00+00:00,13600.9,13668.1,13553.6,13630.1,57673,110,0
2021-04-06 20:00:00+00:00,13630.1,13633.1,13560.4,13598.4,39993,110,0
2021-04-07 00:00:00+00:00,13593.9,13612.0,13590.5,13605.3,4914,110,0
2021-04-07 04:00:00+00:00,13605.3,13608.0,13563.5,13575.0,9956,120,0
2021-04-07 08:00:00+00:00,13574.8,13622.5,13568.3,13592.0,13443,110,0
2021-04-07 12:00:00+00:00,13592.0,13610.3,13545.3,13546.5,16307,110,0
2021-04-07 16:00:00+00:00,13546.0,13645.5,13527.8,13589.8,56106,110,0
2021-04-07 20:00:00+00:00,13589.8,13655.8,13579.8,13635.8,36771,110,0
2021-04-08 00:00:00+00:00,13632.2,13668.4,13630.4,13655.4,5569,120,0
2021-04-08 04:00:00+00:00,13655.4,13722.4,13651.4,13719.9,8900,120,0
2021-04-08 08:00:00+00:00,13719.9,13750.4,13705.1,13718.6,11962,110,0
2021-04-08 12:00:00+00:00,13718.6,13758.4,13699.1,13729.6,14150,120,0
2021-04-08 16:00:00+00:00,13729.4,13769.9,13706.9,13739.4,58670,110,0
2021-04-08 20:00:00+00:00,13739.6,13804.4,13731.9,13801.6,27514,110,0
2021-04-09 00:00:00+00:00,13800.7,13850.9,13789.1,13850.6,6303,120,0
2021-04-09 04:00:00+00:00,13850.6,13855.4,13797.1,13807.9,9142,120,0
2021-04-09 08:00:00+00:00,13807.9,13810.6,13721.9,13754.1,18255,110,0
2021-04-09 12:00:00+00:00,13754.1,13769.4,13663.6,13680.4,17910,110,0
2021-04-09 16:00:00+00:00,13680.4,13793.1,13664.4,13787.4,55432,110,0
2021-04-09 20:00:00+00:00,13787.4,13854.1,13771.4,13823.4,30737,110,0
2021-04-12 00:00:00+00:00,13832.2,13846.6,13783.1,13817.8,8681,110,0
2021-04-12 04:00:00+00:00,13818.1,13832.8,13795.3,13799.1,11382,130,0
2021-04-12 08:00:00+00:00,13799.3,13841.1,13790.3,13818.8,15215,120,0
2021-04-12 12:00:00+00:00,13819.1,13835.3,13791.8,13809.3,13707,120,0
2021-04-12 16:00:00+00:00,13809.6,13834.1,13747.1,13831.6,61358,120,0
2021-04-12 20:00:00+00:00,13831.6,13843.8,13783.1,13839.1,36039,120,0
2021-04-13 00:00:00+00:00,13839.0,13848.0,13818.7,13829.0,4844,120,0
2021-04-13 04:00:00+00:00,13829.0,13844.5,13799.0,13806.7,9153,110,0
2021-04-13 08:00:00+00:00,13806.7,13832.2,13788.0,13821.0,11717,120,0
2021-04-13 12:00:00+00:00,13821.2,13904.0,13790.5,13900.0,20565,110,0
2021-04-13 16:00:00+00:00,13899.7,13964.0,13882.0,13919.2,60784,110,0
2021-04-13 20:00:00+00:00,13919.2,14009.0,13918.2,13988.2,32142,110,0
2021-04-14 00:00:00+00:00,13990.6,13994.9,13977.9,13985.9,4197,130,0
2021-04-14 04:00:00+00:00,13985.9,14000.9,13973.6,13995.1,8316,130,0
2021-04-14 08:00:00+00:00,13995.1,14018.1,13975.9,14014.9,11793,120,0
2021-04-14 12:00:00+00:00,14014.9,14043.9,14006.9,14019.6,11782,110,0
2021-04-14 16:00:00+00:00,14019.6,14020.4,13869.6,13927.4,70566,110,0
2021-04-14 20:00:00+00:00,13927.4,13928.1,13787.9,13840.9,57059,110,0
2021-04-15 00:00:00+00:00,13839.6,13852.0,13818.3,13837.5,5713,120,0
2021-04-15 04:00:00+00:00,13837.5,13845.3,13804.3,13828.5,11291,120,0
2021-04-15 08:00:00+00:00,13828.3,13911.0,13827.3,13898.0,12796,130,0
2021-04-15 12:00:00+00:00,13897.8,13960.0,13879.8,13950.5,15101,120,0
2021-04-15 16:00:00+00:00,13950.6,14027.5,13935.7,14023.8,58488,110,0
2021-04-15 20:00:00+00:00,14023.8,14048.8,13993.3,14010.8,40056,110,0
2021-04-16 00:00:00+00:00,14009.1,14032.6,13998.6,14002.1,5397,130,0
2021-04-16 04:00:00+00:00,14002.1,14002.4,13967.1,14002.1,10165,110,0
2021-04-16 08:00:00+00:00,14002.1,14008.4,13980.4,13989.6,12767,110,0
2021-04-16 12:00:00+00:00,13989.6,14073.9,13986.6,14066.4,15558,110,0
2021-04-16 16:00:00+00:00,14066.6,14066.6,13968.0,14038.4,66284,110,0
2021-04-16 20:00:00+00:00,14038.6,14055.1,14011.4,14042.1,30178,110,0
2021-04-19 00:00:00+00:00,14000.2,14023.1,13990.0,14019.6,7219,120,0
2021-04-19 04:00:00+00:00,14019.6,14067.1,14003.4,14057.9,11696,120,0
2021-04-19 08:00:00+00:00,14057.9,14063.6,14037.4,14046.9,10948,120,0
2021-04-19 12:00:00+00:00,14046.9,14051.4,13971.4,13982.1,15305,110,0
2021-04-19 16:00:00+00:00,13982.1,14028.4,13836.4,13864.6,87602,110,0
2021-04-19 20:00:00+00:00,13864.4,13922.6,13856.1,13908.1,48408,110,0
2021-04-20 00:00:00+00:00,13913.7,13941.5,13911.8,13923.0,6123,120,0
2021-04-20 04:00:00+00:00,13923.0,13946.8,13920.8,13932.3,11709,130,0
2021-04-20 08:00:00+00:00,13932.3,13948.8,13902.5,13922.0,16840,120,0
2021-04-20 12:00:00+00:00,13922.3,13930.3,13830.8,13868.3,26740,110,0
2021-04-20 16:00:00+00:00,13868.3,13944.8,13734.8,13794.0,86311,110,0
2021-04-20 20:00:00+00:00,13794.0,13832.3,13745.5,13748.5,44249,110,0
2021-04-21 00:00:00+00:00,13754.8,13775.9,13749.2,13767.9,7403,110,0
2021-04-21 04:00:00+00:00,13768.4,13771.7,13725.4,13755.9,14792,120,0
2021-04-21 08:00:00+00:00,13755.9,13792.2,13740.7,13772.4,18511,120,0
2021-04-21 12:00:00+00:00,13772.2,13803.7,13740.2,13767.2,17754,120,0
2021-04-21 16:00:00+00:00,13767.2,13891.9,13716.2,13853.2,70154,110,0
2021-04-21 20:00:00+00:00,13853.2,13942.2,13850.9,13907.4,31719,110,0
2021-04-22 00:00:00+00:00,13905.2,13916.0,13894.0,13903.5,6310,120,0
2021-04-22 04:00:00+00:00,13903.5,13930.2,13901.2,13925.0,12533,120,0
2021-04-22 08:00:00+00:00,13925.0,13952.7,13913.2,13930.7,13637,120,0
2021-04-22 12:00:00+00:00,13930.7,13937.7,13897.0,13917.5,15662,110,0
2021-04-22 16:00:00+00:00,13917.5,13959.2,13871.5,13953.7,61608,110,0
2021-04-22 20:00:00+00:00,13953.7,13957.2,13717.5,13777.5,83281,110,0
2021-04-23 00:00:00+00:00,13768.4,13788.3,13764.5,13784.3,6779,130,0
2021-04-23 04:00:00+00:00,13784.0,13803.3,13767.8,13786.5,11044,130,0
2021-04-23 08:00:00+00:00,13786.8,13806.3,13754.0,13790.3,14144,110,0
2021-04-23 12:00:00+00:00,13790.3,13801.0,13778.5,13788.3,14081,120,0
2021-04-23 16:00:00+00:00,13788.3,13972.8,13782.0,13967.0,53605,110,0
2021-04-23 20:00:00+00:00,13967.0,13996.8,13919.4,13922.0,26844,120,0
2021-04-26 00:00:00+00:00,13933.9,13950.1,13921.4,13943.9,6408,130,0
2021-04-26 04:00:00+00:00,13943.9,13959.6,13932.9,13948.1,10932,130,0
2021-04-26 08:00:00+00:00,13948.1,13951.9,13891.1,13900.4,13336,130,0
2021-04-26 12:00:00+00:00,13900.4,13937.4,13881.6,13931.1,13615,110,0
2021-04-26 16:00:00+00:00,13931.1,14004.9,13918.1,13997.6,50142,110,0
2021-04-26 20:00:00+00:00,13997.6,14052.4,13982.1,14037.1,31651,110,0
2021-04-27 00:00:00+00:00,14040.6,14046.9,14030.1,14034.4,5121,130,0
2021-04-27 04:00:00+00:00,14034.6,14041.1,14030.4,14039.9,7777,130,0
2021-04-27 08:00:00+00:00,14040.1,14065.1,14031.9,14049.9,10723,120,0
2021-04-27 12:00:00+00:00,14049.9,14055.9,14023.4,14046.9,10950,120,0
2021-04-27 16:00:00+00:00,14046.9,14050.1,13928.6,13976.6,57940,110,0
2021-04-27 20:00:00+00:00,13976.6,14001.4,13955.1,13966.9,29707,110,0
2021-04-28 00:00:00+00:00,13966.4,13988.3,13966.4,13973.8,4768,130,0
2021-04-28 04:00:00+00:00,13973.8,13995.1,13970.1,13988.6,7041,130,0
2021-04-28 08:00:00+00:00,13988.6,13992.8,13920.8,13955.3,12588,120,0
2021-04-28 12:00:00+00:00,13955.3,13966.3,13933.8,13945.8,13383,120,0
2021-04-28 16:00:00+00:00,13945.8,13996.6,13894.1,13934.1,56558,110,0
2021-04-28 20:00:00+00:00,13933.8,14008.6,13898.3,13984.8,49549,110,0
2021-04-29 00:00:00+00:00,13988.2,14011.2,13967.9,14007.7,4516,120,0
2021-04-29 04:00:00+00:00,14007.7,14045.4,14000.2,14031.9,7590,120,0
2021-04-29 08:00:00+00:00,14031.9,14053.2,14008.1,14045.4,12367,110,0
2021-04-29 12:00:00+00:00,14045.4,14079.4,14031.4,14070.7,13744,110,0
2021-04-29 16:00:00+00:00,14070.7,14076.2,13833.9,13898.7,82140,110,0
2021-04-29 20:00:00+00:00,13898.7,13995.9,13880.2,13960.2,41455,110,0
2021-04-30 00:00:00+00:00,13962.4,13962.4,13907.4,13917.4,6666,110,0
2021-04-30 04:00:00+00:00,13917.4,13922.4,13900.4,13912.2,8222,120,0
2021-04-30 08:00:00+00:00,13912.2,13937.9,13880.7,13917.4,14626,120,0
2021-04-30 12:00:00+00:00,13917.4,13929.9,13834.4,13869.7,20427,110,0
2021-04-30 16:00:00+00:00,13869.7,13971.7,13850.4,13904.9,73459,110,0
2021-04-30 20:00:00+00:00,13904.7,13915.9,13840.4,13882.7,48210,110,0
2021-05-03 00:00:00+00:00,13894.3,13913.5,13886.2,13911.2,4693,120,0
2021-05-03 04:00:00+00:00,13911.5,13917.7,13881.02,13884.27,6943,102,0
2021-05-03 08:00:00+00:00,13884.27,13928.52,13870.77,13890.77,9596,102,0
2021-05-03 12:00:00+00:00,13890.77,13928.27,13859.52,13914.52,16004,102,0
2021-05-03 16:00:00+00:00,13914.52,13962.02,13786.77,13805.02,71659,102,0
2021-05-03 20:00:00+00:00,13805.77,13835.27,13788.52,13799.52,34692,102,0
2021-05-04 00:00:00+00:00,13798.11,13806.35,13765.1,13768.85,4270,110,0
2021-05-04 04:00:00+00:00,13768.85,13769.35,13738.1,13757.1,6659,110,0
2021-05-04 08:00:00+00:00,13757.1,13792.35,13740.35,13751.35,13333,110,0
2021-05-04 12:00:00+00:00,13751.35,13777.85,13665.85,13697.35,25576,102,0
2021-05-04 16:00:00+00:00,13697.35,13711.1,13395.85,13425.6,91972,102,0
2021-05-04 20:00:00+00:00,13425.1,13567.35,13420.35,13536.35,51429,102,0
2021-05-05 00:00:00+00:00,13539.47,13576.24,13522.99,13572.24,5527,110,0
2021-05-05 04:00:00+00:00,13572.24,13598.49,13559.99,13589.24,6299,120,0
2021-05-05 08:00:00+00:00,13589.24,13619.99,13542.49,13606.49,16841,110,0
2021-05-05 12:00:00+00:00,13606.49,13667.74,13605.24,13636.99,15535,102,0
2021-05-05 16:00:00+00:00,13636.74,13680.49,13544.99,13585.99,69055,102,0
2021-05-05 20:00:00+00:00,13585.74,13610.49,13478.24,13499.74,45635,102,0
2021-05-06 00:00:00+00:00,13496.3,13538.45,13484.45,13528.2,6680,102,0
2021-05-06 04:00:00+00:00,13528.2,13541.95,13465.45,13486.45,13378,119,0
2021-05-06 08:00:00+00:00,13486.45,13582.95,13486.45,13542.2,16197,102,0
2021-05-06 12:00:00+00:00,13542.2,13561.45,13476.18,13489.2,21071,102,0
2021-05-06 16:00:00+00:00,13489.2,13603.7,13402.2,13575.2,84699,100,0
2021-05-06 20:00:00+00:00,13575.2,13624.2,13479.7,13616.95,55722,102,0
2021-05-07 00:00:00+00:00,13623.46,13651.86,13613.61,13650.86,5012,120,0
2021-05-07 04:00:00+00:00,13650.86,13670.86,13631.71,13652.61,9350,110,0
2021-05-07 08:00:00+00:00,13652.61,13652.86,13598.61,13631.61,12751,102,0
2021-05-07 12:00:00+00:00,13631.86,13827.11,13620.86,13777.29,19287,102,0
2021-05-07 16:00:00+00:00,13777.86,13820.36,13672.61,13749.61,74774,102,0
2021-05-07 20:00:00+00:00,13749.61,13757.61,13672.36,13726.61,43655,102,0
2021-05-10 00:00:00+00:00,13726.56,13755.81,13723.06,13750.31,5749,119,0
2021-05-10 04:00:00+00:00,13750.31,13762.31,13727.06,13732.31,9192,102,0
2021-05-10 08:00:00+00:00,13732.31,13735.06,13649.56,13670.81,14575,110,0
2021-05-10 12:00:00+00:00,13670.81,13694.81,13651.31,13675.06,15002,110,0
2021-05-10 16:00:00+00:00,13675.06,13680.31,13463.81,13508.06,74422,100,0
2021-05-10 20:00:00+00:00,13508.06,13523.56,13316.06,13322.06,54622,100,0
2021-05-11 00:00:00+00:00,13326.17,13354.82,13180.57,13238.07,9417,102,0
2021-05-11 04:00:00+00:00,13238.07,13247.32,13188.57,13225.57,20005,102,0
2021-05-11 08:00:00+00:00,13225.57,13285.82,13150.82,13198.33,25737,102,0
2021-05-11 12:00:00+00:00,13198.32,13221.07,13089.82,13095.32,27099,102,0
2021-05-11 16:00:00+00:00,13095.32,13349.07,13076.07,13283.82,106989,102,0
2021-05-11 20:00:00+00:00,13283.82,13386.07,13278.82,13326.07,65780,102,0
2021-05-12 00:00:00+00:00,13331.08,13362.48,13275.48,13286.73,9034,102,0
2021-05-12 04:00:00+00:00,13286.73,13326.23,13195.48,13251.48,25756,102,0
2021-05-12 08:00:00+00:00,13251.48,13347.98,13250.23,13293.98,27356,102,0
2021-05-12 12:00:00+00:00,13293.73,13314.73,13106.08,13167.73,29322,100,0
2021-05-12 16:00:00+00:00,13167.73,13240.98,12990.73,13059.23,89165,100,0
2021-05-12 20:00:00+00:00,13058.23,13099.73,12970.48,12973.98,66479,102,0
2021-05-13 00:00:00+00:00,12976.76,13056.78,12976.76,13042.53,8987,110,0
2021-05-13 04:00:00+00:00,13042.28,13078.53,13030.53,13065.53,15252,110,0
2021-05-13 08:00:00+00:00,13065.53,13070.53,12925.28,12961.28,30895,102,0
2021-05-13 12:00:00+00:00,12961.28,13129.03,12946.28,13098.03,33446,102,0
2021-05-13 16:00:00+00:00,13098.03,13233.78,13068.28,13082.53,86761,102,0
2021-05-13 20:00:00+00:00,13082.28,13179.28,13007.28,13100.03,67521,102,0
2021-05-14 00:00:00+00:00,13103.04,13165.19,13079.94,13159.19,9766,102,0
2021-05-14 04:00:00+00:00,13159.19,13209.19,13153.69,13183.69,18100,102,0
2021-05-14 08:00:00+00:00,13183.69,13231.19,13171.94,13222.44,21338,110,0
2021-05-14 12:00:00+00:00,13221.94,13268.44,13211.19,13247.69,19366,102,0
2021-05-14 16:00:00+00:00,13247.69,13373.69,13217.69,13369.19,58844,102,0
2021-05-14 20:00:00+00:00,13369.19,13434.44,13356.69,13406.94,32852,106,0
2021-05-17 00:00:00+00:00,13388.18,13456.08,13351.08,13371.58,9754,102,0
2021-05-17 04:00:00+00:00,13371.58,13406.83,13349.33,13375.08,14645,120,0
2021-05-17 08:00:00+00:00,13375.08,13406.83,13340.83,13371.83,18626,102,0
2021-05-17 12:00:00+00:00,13371.83,13376.58,13309.18,13316.83,17132,102,0
2021-05-17 16:00:00+00:00,13316.33,13351.33,13227.83,13245.08,77761,102,0
2021-05-17 20:00:00+00:00,13244.83,13325.58,13191.83,13320.33,47358,102,0
2021-05-18 00:00:00+00:00,13315.44,13354.96,13299.21,13353.71,5399,119,0
2021-05-18 04:00:00+00:00,13353.71,13371.46,13344.46,13358.71,8125,110,0
2021-05-18 08:00:00+00:00,13358.96,13441.21,13351.21,13408.21,12899,102,0
2021-05-18 12:00:00+00:00,13408.21,13424.71,13363.71,13374.46,13461,102,0
2021-05-18 16:00:00+00:00,13373.96,13404.96,13310.46,13366.46,58978,102,0
2021-05-18 20:00:00+00:00,13366.46,13377.71,13187.46,13197.21,41331,102,0
2021-05-19 00:00:00+00:00,13194.23,13228.23,13162.23,13204.73,8994,102,0
2021-05-19 04:00:00+00:00,13204.73,13221.73,13132.73,13146.73,13207,110,0
2021-05-19 08:00:00+00:00,13146.73,13163.48,13039.23,13052.48,27224,102,0
2021-05-19 12:00:00+00:00,13052.48,13092.48,12971.98,12985.98,24985,102,0
2021-05-19 16:00:00+00:00,12985.23,13177.73,12959.98,13155.73,79160,102,0
2021-05-19 20:00:00+00:00,13155.73,13247.23,13109.23,13221.23,56706,102,0
2021-05-20 00:00:00+00:00,13220.67,13244.45,13183.45,13222.7,7252,102,0
2021-05-20 04:00:00+00:00,13222.7,13237.7,13191.7,13235.7,12830,119,0
2021-05-20 08:00:00+00:00,13235.7,13262.2,13173.7,13192.2,18171,102,0
2021-05-20 12:00:00+00:00,13192.2,13286.2,13156.45,13286.2,18740,102,0
2021-05-20 16:00:00+00:00,13286.45,13509.2,13283.2,13472.2,54417,102,0
2021-05-20 20:00:00+00:00,13472.45,13528.2,13463.45,13496.7,34983,102,0
2021-05-21 00:00:00+00:00,13495.19,13548.96,13491.96,13541.46,6094,119,0
2021-05-21 04:00:00+00:00,13541.21,13552.21,13497.71,13518.71,11508,110,0
2021-05-21 08:00:00+00:00,13518.71,13544.21,13505.71,13522.21,14562,102,0
2021-05-21 12:00:00+00:00,13522.21,13553.46,13513.96,13529.71,13952,120,0
2021-05-21 16:00:00+00:00,13529.71,13574.46,13403.96,13427.71,63668,102,0
2021-05-21 20:00:00+00:00,13427.71,13467.21,13401.46,13418.96,34418,102,0
2021-05-24 00:00:00+00:00,13388.21,13420.36,13362.36,13417.11,10077,106,0
2021-05-24 04:00:00+00:00,13417.36,13449.61,13389.86,13416.36,14604,102,0
2021-05-24 08:00:00+00:00,13416.36,13489.11,13413.11,13468.86,12586,119,0
2021-05-24 12:00:00+00:00,13468.86,13524.11,13468.61,13515.86,9973,119,0
2021-05-24 16:00:00+00:00,13515.61,13668.86,13499.36,13644.36,44812,102,0
2021-05-24 20:00:00+00:00,13644.36,13691.61,13637.36,13654.36,23796,106,0
2021-05-25 00:00:00+00:00,13656.2,13677.06,13637.81,13667.06,7120,119,0
2021-05-25 04:00:00+00:00,13667.06,13683.81,13649.06,13675.56,11410,119,0
2021-05-25 08:00:00+00:00,13675.56,13743.31,13673.06,13715.56,13918,110,0
2021-05-25 12:00:00+00:00,13715.56,13731.31,13681.56,13707.81,11145,102,0
2021-05-25 16:00:00+00:00,13708.56,13737.56,13612.31,13645.06,61171,102,0
2021-05-25 20:00:00+00:00,13645.06,13672.56,13622.06,13672.31,34973,102,0
2021-05-26 00:00:00+00:00,13672.5,13724.9,13669.15,13717.65,6021,104,0
2021-05-26 04:00:00+00:00,13717.65,13725.15,13704.15,13711.9,7920,120,0
2021-05-26 08:00:00+00:00,13711.9,13723.65,13676.9,13694.4,13902,110,0
2021-05-26 12:00:00+00:00,13694.4,13733.4,13688.9,13705.9,12076,119,0
2021-05-26 16:00:00+00:00,13705.9,13729.9,13661.65,13717.15,47167,102,0
2021-05-26 20:00:00+00:00,13716.65,13729.65,13681.0,13709.9,27287,102,0
2021-05-27 00:00:00+00:00,13703.98,13721.48,13689.23,13698.73,6118,102,0
2021-05-27 04:00:00+00:00,13698.73,13700.48,13665.98,13679.23,10576,119,0
2021-05-27 08:00:00+00:00,13679.23,13692.23,13626.48,13638.73,14372,102,0
2021-05-27 12:00:00+00:00,13638.48,13686.73,13625.48,13666.73,15396,102,0
2021-05-27 16:00:00+00:00,13666.73,13725.23,13648.98,13707.73,52474,102,0
2021-05-27 20:00:00+00:00,13707.73,13715.23,13651.98,13697.23,31469,102,0
2021-05-28 00:00:00+00:00,13696.75,13720.65,13687.65,13709.15,5543,110,0
2021-05-28 04:00:00+00:00,13709.4,13711.9,13689.15,13701.4,7613,120,0
2021-05-28 08:00:00+00:00,13701.4,13706.4,13667.4,13702.15,11160,120,0
2021-05-28 12:00:00+00:00,13702.15,13730.4,13684.9,13691.15,10542,110,0
2021-05-28 16:00:00+00:00,13691.15,13768.15,13688.9,13761.4,42894,102,0
2021-05-28 20:00:00+00:00,13761.4,13765.65,13687.65,13692.15,26958,102,0
2021-05-31 00:00:00+00:00,13703.18,13724.08,13700.83,13711.83,5995,119,0
2021-05-31 04:00:00+00:00,13711.83,13716.58,13695.33,13699.83,8771,106,0
2021-05-31 08:00:00+00:00,13699.83,13716.58,13676.33,13677.33,7447,106,0
2021-05-31 12:00:00+00:00,13677.33,13688.33,13663.31,13682.33,6497,120,0
2021-05-31 16:00:00+00:00,13682.33,13685.08,13656.33,13659.08,7716,110,0
2021-05-31 20:00:00+00:00,13659.33,13659.33,13657.31,13657.31,2,195,0
2021-06-01 00:00:00+00:00,13660.42,13699.57,13660.32,13695.57,5655,120,0
2021-06-01 04:00:00+00:00,13695.57,13703.82,13677.32,13699.07,9616,110,0
2021-06-01 08:00:00+00:00,13699.07,13741.32,13691.82,13739.32,12982,106,0
2021-06-01 12:00:00+00:00,13739.32,13761.07,13734.32,13745.57,10819,102,0
2021-06-01 16:00:00+00:00,13745.57,13777.57,13597.82,13669.07,56350,102,0
2021-06-01 20:00:00+00:00,13669.32,13698.07,13641.07,13652.82,28024,110,0
2021-06-02 00:00:00+00:00,13650.67,13659.07,13626.32,13655.32,7120,119,0
2021-06-02 04:00:00+00:00,13655.82,13662.07,13639.57,13644.57,8244,120,0
2021-06-02 08:00:00+00:00,13644.57,13664.82,13620.82,13628.32,12921,102,0
2021-06-02 12:00:00+00:00,13628.32,13677.32,13625.07,13674.57,10522,110,0
2021-06-02 16:00:00+00:00,13674.57,13716.82,13655.82,13674.07,48877,102,0
2021-06-02 20:00:00+00:00,13674.07,13682.57,13607.32,13681.57,32411,102,0
2021-06-03 00:00:00+00:00,13681.84,13709.34,13675.69,13705.59,4332,120,0
2021-06-03 04:00:00+00:00,13705.59,13706.34,13682.84,13687.84,7133,110,0
2021-06-03 08:00:00+00:00,13687.59,13699.09,13649.34,13668.84,11105,119,0
2021-06-03 12:00:00+00:00,13668.84,13668.84,13513.59,13547.34,24496,110,0
2021-06-03 16:00:00+00:00,13547.34,13611.34,13464.59,13580.84,61805,102,0
2021-06-03 20:00:00+00:00,13580.84,13596.09,13518.19,13531.59,35760,102,0
2021-06-04 00:00:00+00:00,13528.39,13543.67,13469.92,13491.67,7525,110,0
2021-06-04 04:00:00+00:00,13491.67,13534.92,13489.92,13524.42,9263,115,0
2021-06-04 08:00:00+00:00,13524.42,13548.67,13494.92,13527.17,16387,120,0
2021-06-04 12:00:00+00:00,13527.17,13608.67,13503.67,13600.17,19689,102,0
2021-06-04 16:00:00+00:00,13600.17,13771.42,13594.92,13762.17,44546,102,0
2021-06-04 20:00:00+00:00,13762.17,13785.92,13756.42,13765.67,21802,110,0
2021-06-07 00:00:00+00:00,13773.84,13786.36,13744.11,13751.86,7784,35,0
2021-06-07 04:00:00+00:00,13752.11,13757.36,13735.86,13746.86,10483,30,0
2021-06-07 08:00:00+00:00,13746.86,13750.86,13709.11,13733.61,12978,30,0
2021-06-07 12:00:00+00:00,13733.61,13771.61,13694.36,13760.86,15349,30,0
2021-06-07 16:00:00+00:00,13760.86,13766.86,13715.36,13760.86,55385,22,0
2021-06-07 20:00:00+00:00,13760.61,13825.86,13735.36,13823.86,24596,30,0
2021-06-08 00:00:00+00:00,13823.93,13848.68,13813.78,13847.43,6217,22,0
2021-06-08 04:00:00+00:00,13847.43,13868.18,13828.93,13840.43,9842,22,0
2021-06-08 08:00:00+00:00,13840.43,13842.68,13794.68,13835.18,13496,30,0
2021-06-08 12:00:00+00:00,13835.43,13899.18,13788.18,13879.18,21417,22,0
2021-06-08 16:00:00+00:00,13879.43,13918.93,13744.93,13825.43,60786,22,0
2021-06-08 20:00:00+00:00,13825.18,13840.68,13796.93,13815.18,26135,22,0
2021-06-09 00:00:00+00:00,13814.06,13836.21,13806.71,13833.46,5595,30,0
2021-06-09 04:00:00+00:00,13833.46,13834.71,13809.21,13819.46,8457,35,0
2021-06-09 08:00:00+00:00,13819.46,13847.96,13811.71,13836.71,11840,30,0
2021-06-09 12:00:00+00:00,13836.71,13874.46,13819.21,13864.46,14636,22,0
2021-06-09 16:00:00+00:00,13864.46,13906.46,13820.21,13870.46,51583,22,0
2021-06-09 20:00:00+00:00,13870.46,13878.46,13811.46,13815.21,24779,22,0
2021-06-10 00:00:00+00:00,13815.59,13831.09,13814.09,13827.09,4477,38,0
2021-06-10 04:00:00+00:00,13827.09,13841.84,13823.34,13832.59,7218,39,0
2021-06-10 08:00:00+00:00,13832.84,13834.09,13766.84,13789.84,15376,40,0
2021-06-10 12:00:00+00:00,13789.59,13837.34,13729.09,13830.59,22767,22,0
2021-06-10 16:00:00+00:00,13831.09,13967.09,13813.84,13946.59,51874,22,0
2021-06-10 20:00:00+00:00,13946.59,13978.09,13923.84,13974.59,25696,30,0
2021-06-11 00:00:00+00:00,13972.63,13983.9,13963.65,13979.4,6417,47,0
2021-06-11 04:00:00+00:00,13979.4,13988.4,13971.9,13977.4,8151,40,0
2021-06-11 08:00:00+00:00,13977.4,13978.4,13949.9,13967.9,11631,40,0
2021-06-11 12:00:00+00:00,13967.9,14000.15,13952.65,13973.65,14315,22,0
2021-06-11 16:00:00+00:00,13973.65,13987.65,13934.65,13963.15,56214,22,0
2021-06-11 20:00:00+00:00,13963.15,13999.4,13949.4,13993.65,22143,40,0
2021-06-14 00:00:00+00:00,13999.97,14029.37,13998.62,14023.37,5788,39,0
2021-06-14 04:00:00+00:00,14023.37,14027.12,14014.87,14019.12,5028,64,0
2021-06-14 08:00:00+00:00,14019.12,14038.87,14010.87,14028.37,11475,22,0
2021-06-14 12:00:00+00:00,14028.37,14052.87,14012.37,14019.62,12737,39,0
2021-06-14 16:00:00+00:00,14019.87,14062.62,13966.62,14049.12,57205,22,0
2021-06-14 20:00:00+00:00,14049.12,14134.37,14045.62,14118.12,27987,40,0
2021-06-15 00:00:00+00:00,14118.21,14156.46,14111.46,14150.46,5759,39,0
2021-06-15 04:00:00+00:00,14150.46,14163.46,14130.96,14141.71,8868,39,0
2021-06-15 08:00:00+00:00,14141.71,14162.46,14133.71,14148.21,12835,55,0
2021-06-15 12:00:00+00:00,14147.96,14154.46,14117.96,14121.96,14100,30,0
2021-06-15 16:00:00+00:00,14122.46,14130.96,14036.71,14047.21,61318,30,0
2021-06-15 20:00:00+00:00,14047.46,14056.71,14010.21,14046.46,35749,30,0
2021-06-16 00:00:00+00:00,14046.41,14053.41,14037.41,14039.91,3392,30,0
2021-06-16 04:00:00+00:00,14039.91,14050.66,14034.66,14046.66,6370,30,0
2021-06-16 08:00:00+00:00,14046.66,14059.91,14037.66,14048.41,9486,39,0
2021-06-16 12:00:00+00:00,14048.41,14057.91,14030.16,14055.41,9278,30,0
2021-06-16 16:00:00+00:00,14055.66,14106.91,13987.16,14028.16,47548,30,0
2021-06-16 20:00:00+00:00,14028.16,14050.41,13841.91,13945.41,65794,22,0
2021-06-17 00:00:00+00:00,13948.45,13951.85,13853.35,13881.1,11003,22,0
2021-06-17 04:00:00+00:00,13881.1,13924.85,13865.1,13921.85,11114,30,0
2021-06-17 08:00:00+00:00,13921.85,13935.6,13879.1,13892.35,17997,39,0
2021-06-17 12:00:00+00:00,13892.35,13944.1,13888.85,13923.6,18729,30,0
2021-06-17 16:00:00+00:00,13923.35,14202.6,13915.6,14117.1,80896,22,0
2021-06-17 20:00:00+00:00,14117.1,14209.6,14116.6,14185.85,48794,22,0
2021-06-18 00:00:00+00:00,14187.29,14199.29,14172.54,14188.79,6388,39,0
2021-06-18 04:00:00+00:00,14188.79,14211.54,14182.79,14197.04,7531,30,0
2021-06-18 08:00:00+00:00,14197.04,14213.79,14178.29,14193.04,13031,30,0
2021-06-18 12:00:00+00:00,14193.04,14198.29,14061.29,14115.29,28200,22,0
2021-06-18 16:00:00+00:00,14115.29,14141.29,14019.79,14092.04,87526,22,0
2021-06-18 20:00:00+00:00,14092.04,14118.54,14024.54,14026.54,49766,22,0
2021-06-21 00:00:00+00:00,14026.71,14055.48,14021.33,14044.48,10716,39,0
2021-06-21 04:00:00+00:00,14044.23,14046.48,13992.48,14009.48,17992,30,0
2021-06-21 08:00:00+00:00,14009.48,14120.98,14000.73,14107.98,28561,22,0
2021-06-21 12:00:00+00:00,14107.98,14135.23,14058.48,14076.23,23510,22,0
2021-06-21 16:00:00+00:00,14075.98,14141.23,13967.46,14115.98,74958,22,0
2021-06-21 20:00:00+00:00,14115.98,14152.48,14105.73,14145.23,36261,22,0
2021-06-22 00:00:00+00:00,14143.11,14162.51,14137.76,14152.01,5536,55,0
2021-06-22 04:00:00+00:00,14152.01,14161.26,14141.76,14154.76,7929,30,0
2021-06-22 08:00:00+00:00,14154.76,14155.01,14075.26,14094.76,16873,30,0
2021-06-22 12:00:00+00:00,14094.76,14186.51,14093.76,14137.01,20469,22,0
2021-06-22 16:00:00+00:00,14136.76,14241.51,14116.26,14230.01,63201,22,0
2021-06-22 20:00:00+00:00,14230.01,14287.51,14212.51,14277.51,32835,30,0
2021-06-23 00:00:00+00:00,14281.12,14294.52,14273.27,14290.52,4596,30,0
2021-06-23 04:00:00+00:00,14290.77,14309.77,14286.27,14295.27,7174,30,0
2021-06-23 08:00:00+00:00,14295.27,14322.02,14266.27,14273.52,14273,30,0
2021-06-23 12:00:00+00:00,14273.52,14289.02,14248.02,14281.02,17060,22,0
2021-06-23 16:00:00+00:00,14281.02,14324.27,14240.77,14269.52,56340,30,0
2021-06-23 20:00:00+00:00,14269.77,14302.52,14262.02,14282.52,27300,30,0
2021-06-24 00:00:00+00:00,14280.57,14307.22,14278.47,14301.97,3898,30,0
2021-06-24 04:00:00+00:00,14301.97,14316.47,14298.72,14310.22,5806,30,0
2021-06-24 08:00:00+00:00,14310.22,14358.72,14303.47,14355.97,12032,22,0
2021-06-24 12:00:00+00:00,14355.97,14366.97,14344.97,14353.97,12150,22,0
2021-06-24 16:00:00+00:00,14353.97,14430.47,14350.97,14378.47,46568,22,0
2021-06-24 20:00:00+00:00,14378.47,14392.22,14335.97,14366.22,35661,22,0
2021-06-25 00:00:00+00:00,14367.33,14374.08,14349.83,14357.58,4438,40,0
2021-06-25 04:00:00+00:00,14357.58,14383.83,14340.83,14369.83,7852,22,0
2021-06-25 08:00:00+00:00,14369.83,14382.33,14353.08,14379.58,12316,22,0
2021-06-25 12:00:00+00:00,14379.58,14402.83,14361.08,14384.83,13385,22,0
2021-06-25 16:00:00+00:00,14384.58,14399.08,14322.08,14346.58,55014,22,0
2021-06-25 20:00:00+00:00,14346.58,14367.08,14326.83,14339.58,28684,22,0
2021-06-28 00:00:00+00:00,14357.44,14375.09,14345.59,14353.59,5317,55,0
2021-06-28 04:00:00+00:00,14353.59,14368.29,14342.59,14366.04,5857,65,0
2021-06-28 08:00:00+00:00,14366.04,14395.89,14358.89,14382.52,18621,55,0
2021-06-28 12:00:00+00:00,14382.52,14401.52,14366.39,14400.89,16965,25,0
2021-06-28 16:00:00+00:00,14401.27,14504.12,14396.39,14482.74,65432,24,0
2021-06-28 20:00:00+00:00,14482.99,14528.74,14466.99,14511.04,44210,27,0
2021-06-29 00:00:00+00:00,14509.53,14510.51,14489.76,14491.88,6121,60,0
2021-06-29 04:00:00+00:00,14491.88,14495.76,14479.76,14494.88,9321,60,0
2021-06-29 08:00:00+00:00,14494.88,14508.98,14477.61,14492.48,18838,59,0
2021-06-29 12:00:00+00:00,14492.73,14521.48,14485.48,14495.23,18600,25,0
2021-06-29 16:00:00+00:00,14495.11,14563.21,14479.58,14559.33,64115,20,0
2021-06-29 20:00:00+00:00,14559.21,14593.13,14539.46,14591.01,37069,27,0
2021-06-30 00:00:00+00:00,14587.5,14606.83,14584.08,14594.08,6399,44,0
2021-06-30 04:00:00+00:00,14594.08,14599.58,14581.46,14591.46,9143,35,0
2021-06-30 08:00:00+00:00,14591.33,14599.18,14560.81,14561.68,20389,21,0
2021-06-30 12:00:00+00:00,14561.68,14583.81,14536.18,14565.06,24948,25,0
2021-06-30 16:00:00+00:00,14564.06,14584.66,14527.16,14548.41,67884,20,0
2021-06-30 20:00:00+00:00,14548.41,14578.03,14537.66,14564.71,38853,20,0
2021-07-01 00:00:00+00:00,14566.72,14581.1,14562.35,14579.97,5999,23,0
2021-07-01 04:00:00+00:00,14579.97,14584.85,14552.6,14557.72,8282,85,0
2021-07-01 08:00:00+00:00,14557.85,14614.7,14553.07,14576.45,20479,29,0
2021-07-01 12:00:00+00:00,14576.45,14576.82,14507.07,14539.82,31109,25,0
2021-07-01 16:00:00+00:00,14539.95,14578.8,14480.05,14504.55,73159,25,0
2021-07-01 20:00:00+00:00,14504.55,14562.05,14498.17,14548.6,40664,24,0
2021-07-02 00:00:00+00:00,14542.01,14554.01,14539.26,14548.26,5207,31,0
2021-07-02 04:00:00+00:00,14548.39,14553.76,14526.14,14532.14,10949,72,0
2021-07-02 08:00:00+00:00,14532.14,14597.36,14520.86,14569.61,22026,22,0
2021-07-02 12:00:00+00:00,14569.36,14644.99,14567.24,14630.86,25385,21,0
2021-07-02 16:00:00+00:00,14630.74,14696.71,14626.84,14696.34,66104,20,0
2021-07-02 20:00:00+00:00,14696.09,14736.09,14682.71,14710.51,32413,28,0
2021-07-05 00:00:00+00:00,14712.55,14729.55,14711.05,14719.05,8324,35,0
2021-07-05 04:00:00+00:00,14719.17,14721.92,14704.3,14711.55,12913,60,0
2021-07-05 08:00:00+00:00,14711.42,14712.05,14682.9,14697.15,20529,38,0
2021-07-05 12:00:00+00:00,14697.02,14718.15,14693.9,14715.02,15257,50,0
2021-07-05 16:00:00+00:00,14714.77,14720.52,14697.25,14701.0,11104,46,0
2021-07-06 00:00:00+00:00,14701.51,14730.11,14701.36,14722.49,6640,35,0
2021-07-06 04:00:00+00:00,14722.36,14723.36,14688.11,14693.61,14116,23,0
2021-07-06 08:00:00+00:00,14694.11,14715.84,14677.96,14706.71,29739,34,0
2021-07-06 12:00:00+00:00,14706.71,14753.71,14702.59,14744.46,23810,34,0
2021-07-06 16:00:00+00:00,14744.46,14796.69,14632.56,14708.06,102488,24,0
2021-07-06 20:00:00+00:00,14707.94,14790.19,14702.69,14769.49,45621,20,0
2021-07-07 00:00:00+00:00,14763.72,14779.98,14761.1,14774.73,9013,52,0
2021-07-07 04:00:00+00:00,14774.6,14803.98,14770.6,14794.98,13734,73,0
2021-07-07 08:00:00+00:00,14794.85,14866.2,14779.45,14840.7,27137,21,0
2021-07-07 12:00:00+00:00,14840.7,14878.95,14836.45,14869.58,24992,46,0
2021-07-07 16:00:00+00:00,14869.45,14890.8,14734.18,14807.3,93435,20,0
2021-07-07 20:00:00+00:00,14807.3,14834.8,14779.05,14818.1,50902,20,0
2021-07-08 00:00:00+00:00,14816.82,14829.17,14810.82,14815.29,6362,60,0
2021-07-08 04:00:00+00:00,14815.17,14819.54,14780.04,14791.04,15779,72,0
2021-07-08 08:00:00+00:00,14790.92,14801.52,14643.89,14663.64,51839,20,0
2021-07-08 12:00:00+00:00,14663.64,14668.39,14552.02,14604.02,61523,21,0
2021-07-08 16:00:00+00:00,14604.77,14730.12,14549.37,14717.24,101002,20,0
2021-07-08 20:00:00+00:00,14717.49,14762.49,14667.24,14722.79,66515,20,0
2021-07-09 00:00:00+00:00,14716.47,14723.82,14674.07,14675.07,10709,22,0
2021-07-09 04:00:00+00:00,14675.07,14701.82,14648.57,14688.07,22298,22,0
2021-07-09 08:00:00+00:00,14687.94,14750.54,14687.82,14731.79,32161,21,0
2021-07-09 12:00:00+00:00,14731.79,14746.42,14675.92,14712.29,29772,21,0
2021-07-09 16:00:00+00:00,14712.42,14839.52,14676.14,14826.52,74739,20,0
2021-07-09 20:00:00+00:00,14826.64,14834.77,14804.89,14820.82,36202,28,0
2021-07-12 00:00:00+00:00,14832.37,14850.37,14821.5,14833.25,7371,47,0
2021-07-12 04:00:00+00:00,14833.25,14836.37,14802.12,14814.5,10851,35,0
2021-07-12 08:00:00+00:00,14814.62,14860.22,14793.1,14851.6,20607,21,0
2021-07-12 12:00:00+00:00,14851.35,14885.97,14820.85,14884.72,20150,25,0
2021-07-12 16:00:00+00:00,14884.72,14895.68,14810.82,14846.95,64597,20,0
2021-07-12 20:00:00+00:00,14847.07,14891.0,14830.57,14885.12,29963,20,0
2021-07-13 00:00:00+00:00,14885.9,14892.4,14875.9,14885.4,5812,73,0
2021-07-13 04:00:00+00:00,14885.28,14891.78,14877.15,14885.9,10519,72,0
2021-07-13 08:00:00+00:00,14885.4,14914.13,14859.13,14908.5,18659,34,0
2021-07-13 12:00:00+00:00,14908.25,14935.38,14807.88,14809.5,24403,25,0
2021-07-13 16:00:00+00:00,14809.5,15002.73,14802.63,14986.73,68484,20,0
2021-07-13 20:00:00+00:00,14986.6,14987.85,14841.85,14873.53,67012,20,0
2021-07-14 00:00:00+00:00,14873.0,14885.75,14850.38,14873.38,8650,27,0
2021-07-14 04:00:00+00:00,14873.5,14895.25,14865.13,14867.25,14687,69,0
2021-07-14 08:00:00+00:00,14867.38,14903.1,14849.85,14893.48,26407,37,0
2021-07-14 12:00:00+00:00,14893.85,14982.35,14893.73,14974.35,25646,21,0
2021-07-14 16:00:00+00:00,14974.73,15003.95,14870.2,14940.95,87625,24,0
2021-07-14 20:00:00+00:00,14940.95,14955.2,14890.2,14903.75,52632,20,0
2021-07-15 00:00:00+00:00,14902.55,14913.65,14883.15,14889.28,7673,22,0
2021-07-15 04:00:00+00:00,14889.4,14932.03,14883.9,14925.53,15121,27,0
2021-07-15 08:00:00+00:00,14925.65,14970.63,14905.63,14968.5,26644,30,0
2021-07-15 12:00:00+00:00,14968.38,14971.0,14873.13,14897.75,36984,25,0
2021-07-15 16:00:00+00:00,14897.75,14913.75,14741.35,14791.6,95561,20,0
2021-07-15 20:00:00+00:00,14791.35,14809.85,14717.1,14784.03,63766,20,0
2021-07-16 00:00:00+00:00,14785.89,14788.02,14750.39,14753.52,9927,48,0
2021-07-16 04:00:00+00:00,14754.14,14791.89,14744.39,14788.02,15763,22,0
2021-07-16 08:00:00+00:00,14788.14,14822.24,14768.74,14806.49,26096,25,0
2021-07-16 12:00:00+00:00,14806.37,14854.12,14797.74,14845.24,26188,25,0
2021-07-16 16:00:00+00:00,14845.37,14878.22,14704.59,14767.84,92219,20,0
2021-07-16 20:00:00+00:00,14767.59,14791.59,14666.47,14678.14,60971,20,0
2021-07-19 00:00:00+00:00,14681.14,14691.52,14621.77,14634.02,16751,27,0
2021-07-19 04:00:00+00:00,14633.89,14656.77,14622.52,14644.77,19254,47,0
2021-07-19 08:00:00+00:00,14644.77,14676.29,14613.74,14621.12,35109,22,0
2021-07-19 12:00:00+00:00,14620.99,14648.37,14512.99,14548.37,47670,25,0
2021-07-19 16:00:00+00:00,14548.49,14583.34,14454.34,14483.09,115564,20,0
2021-07-19 20:00:00+00:00,14482.47,14605.77,14456.47,14603.02,79511,20,0
2021-07-20 00:00:00+00:00,14604.84,14620.47,14587.47,14615.72,10535,47,0
2021-07-20 04:00:00+00:00,14615.59,14653.22,14592.84,14613.22,22655,22,0
2021-07-20 08:00:00+00:00,14613.59,14651.94,14602.59,14623.69,33549,21,0
2021-07-20 12:00:00+00:00,14623.69,14636.07,14591.82,14609.19,36496,25,0
2021-07-20 16:00:00+00:00,14608.82,14753.92,14526.17,14752.79,92748,20,0
2021-07-20 20:00:00+00:00,14752.67,14791.29,14697.54,14734.09,55632,20,0
2021-07-21 00:00:00+00:00,14737.12,14760.0,14732.87,14747.12,10404,32,0
2021-07-21 04:00:00+00:00,14746.75,14748.75,14696.75,14696.75,20560,27,0
2021-07-21 08:00:00+00:00,14696.75,14774.97,14696.62,14749.6,35554,25,0
2021-07-21 12:00:00+00:00,14749.85,14758.97,14677.72,14713.85,32472,25,0
2021-07-21 16:00:00+00:00,14713.72,14794.95,14701.35,14753.7,77024,20,0
2021-07-21 20:00:00+00:00,14753.82,14848.37,14744.82,14847.62,42017,20,0
2021-07-22 00:00:00+00:00,14845.4,14854.9,14836.15,14845.65,5984,60,0
2021-07-22 04:00:00+00:00,14845.77,14864.9,14844.15,14850.52,9924,47,0
2021-07-22 08:00:00+00:00,14850.65,14887.75,14842.9,14859.37,19637,42,0
2021-07-22 12:00:00+00:00,14859.5,14871.87,14842.0,14847.62,22850,25,0
2021-07-22 16:00:00+00:00,14846.5,14932.6,14838.75,14898.35,87439,20,0
2021-07-22 20:00:00+00:00,14898.35,14991.77,14895.35,14987.52,45781,27,0
2021-07-23 00:00:00+00:00,14989.95,15007.08,14974.7,15001.2,7077,60,0
2021-07-23 04:00:00+00:00,15001.33,15005.95,14975.2,14982.7,12037,60,0
2021-07-23 08:00:00+00:00,14982.7,15017.85,14975.43,15007.55,21086,34,0
2021-07-23 12:00:00+00:00,15007.68,15025.3,14979.8,14982.8,19928,37,0
2021-07-23 16:00:00+00:00,14982.55,15094.03,14944.4,15092.78,77467,20,0
2021-07-23 20:00:00+00:00,15092.65,15127.15,15087.53,15100.7,45313,27,0
2021-07-26 00:00:00+00:00,15107.53,15135.9,15100.53,15106.78,13254,20,0
2021-07-26 04:00:00+00:00,15106.78,15110.03,15084.78,15094.53,19823,47,0
2021-07-26 08:00:00+00:00,15094.53,15116.13,15049.0,15073.5,33625,25,0
2021-07-26 12:00:00+00:00,15073.75,15106.5,15066.75,15074.25,25887,21,0
2021-07-26 16:00:00+00:00,15074.25,15143.73,15050.48,15106.98,75584,20,0
2021-07-26 20:00:00+00:00,15107.1,15138.15,15102.73,15132.65,43282,40,0
2021-07-27 00:00:00+00:00,15135.75,15135.75,15111.38,15115.75,7660,23,0
2021-07-27 04:00:00+00:00,15115.75,15120.5,15100.5,15112.25,17677,69,0
2021-07-27 08:00:00+00:00,15112.25,15113.6,15062.73,15089.73,32879,20,0
2021-07-27 12:00:00+00:00,15089.73,15141.48,15081.73,15131.23,24374,25,0
2021-07-27 16:00:00+00:00,15131.23,15132.6,14813.58,14830.45,111421,20,0
2021-07-27 20:00:00+00:00,14830.33,14978.0,14784.7,14893.75,72664,20,0
2021-07-28 00:00:00+00:00,14881.74,14957.62,14879.24,14953.87,13346,23,0
2021-07-28 04:00:00+00:00,14953.87,14968.74,14914.37,14915.37,34242,22,0
2021-07-28 08:00:00+00:00,14915.37,15008.59,14903.62,15006.84,36972,30,0
2021-07-28 12:00:00+00:00,15006.72,15029.47,14963.97,15014.09,28798,25,0
2021-07-28 16:00:00+00:00,15013.97,15084.69,14912.19,15007.94,95912,20,0
2021-07-28 20:00:00+00:00,15008.19,15050.44,14933.94,14995.12,72866,20,0
2021-07-29 00:00:00+00:00,14991.06,15001.79,14983.42,15001.04,9561,35,0
2021-07-29 04:00:00+00:00,15001.04,15001.79,14953.92,14979.79,21374,48,0
2021-07-29 08:00:00+00:00,14979.67,15033.27,14978.54,15007.02,25640,25,0
2021-07-29 12:00:00+00:00,15007.02,15028.39,14969.77,15002.14,25075,22,0
2021-07-29 16:00:00+00:00,15002.39,15092.99,14992.02,15063.12,79439,21,0
2021-07-29 20:00:00+00:00,15063.12,15081.49,14913.79,14917.04,53847,20,0
2021-07-30 00:00:00+00:00,14936.28,14945.75,14830.63,14845.5,15889,23,0
2021-07-30 04:00:00+00:00,14846.13,14877.88,14840.25,14851.75,22258,27,0
2021-07-30 08:00:00+00:00,14851.5,14894.85,14820.75,14881.1,39939,21,0
2021-07-30 12:00:00+00:00,14881.1,14912.23,14855.6,14882.35,32238,22,0
2021-07-30 16:00:00+00:00,14882.23,14988.95,14860.85,14985.2,84028,20,0
2021-07-30 20:00:00+00:00,14985.33,14987.83,14935.08,14975.5,53678,20,0
2021-08-02 00:00:00+00:00,14981.4,15029.9,14979.28,15028.03,13397,35,0
2021-08-02 04:00:00+00:00,15028.03,15044.78,15007.9,15038.9,21863,23,0
2021-08-02 08:00:00+00:00,15038.9,15065.75,15035.53,15050.25,26666,35,0
2021-08-02 12:00:00+00:00,15050.38,15055.0,15007.0,15030.25,25130,21,0
2021-08-02 16:00:00+00:00,15030.5,15060.98,14945.6,14999.23,92351,20,0
2021-08-02 20:00:00+00:00,14999.1,15024.1,14942.35,14969.53,56596,20,0
2021-08-03 00:00:00+00:00,14966.15,14997.58,14961.6,14986.7,10270,22,0
2021-08-03 04:00:00+00:00,14986.7,14989.2,14951.7,14981.08,24228,60,0
2021-08-03 08:00:00+00:00,14980.95,15002.93,14980.95,14997.3,26897,25,0
2021-08-03 12:00:00+00:00,14997.18,14998.93,14967.93,14997.55,21781,25,0
2021-08-03 16:00:00+00:00,14997.55,15031.03,14859.15,15030.65,98704,20,0
2021-08-03 20:00:00+00:00,15030.65,15059.58,15004.65,15044.33,53498,22,0
2021-08-04 00:00:00+00:00,15042.35,15054.52,15031.39,15045.52,8505,48,0
2021-08-04 04:00:00+00:00,15045.64,15061.39,15034.64,15056.77,16246,60,0
2021-08-04 08:00:00+00:00,15056.77,15082.87,15050.62,15063.37,22012,25,0
2021-08-04 12:00:00+00:00,15063.37,15072.99,15026.62,15039.24,23454,25,0
2021-08-04 16:00:00+00:00,15039.24,15079.22,15007.22,15074.97,85980,24,0
2021-08-04 20:00:00+00:00,15074.97,15117.84,15072.47,15090.02,46975,20,0
2021-08-05 00:00:00+00:00,15084.7,15112.32,15082.7,15105.2,8559,56,0
2021-08-05 04:00:00+00:00,15105.2,15109.95,15095.45,15099.07,15401,20,0
2021-08-05 08:00:00+00:00,15099.07,15106.67,15079.05,15102.67,21706,25,0
2021-08-05 12:00:00+00:00,15102.67,15126.55,15099.92,15104.17,19517,34,0
2021-08-05 16:00:00+00:00,15104.05,15175.9,15082.9,15149.27,66920,20,0
2021-08-05 20:00:00+00:00,15149.27,15181.45,15144.9,15180.82,38020,27,0
2021-08-06 00:00:00+00:00,15169.79,15174.06,15163.31,15166.31,7768,72,0
2021-08-06 04:00:00+00:00,15166.31,15174.81,15162.69,15170.81,14390,72,0
2021-08-06 08:00:00+00:00,15170.69,15172.81,15146.91,15161.66,16535,50,0
2021-08-06 12:00:00+00:00,15161.66,15164.04,15088.66,15114.41,21700,25,0
2021-08-06 16:00:00+00:00,15114.79,15155.26,15053.51,15103.64,75865,20,0
2021-08-06 20:00:00+00:00,15103.76,15114.89,15078.76,15098.56,37932,20,0
2021-08-09 00:00:00+00:00,15085.64,15088.4,15008.77,15033.65,10734,22,0
2021-08-09 04:00:00+00:00,15033.65,15054.4,15029.02,15053.4,12659,44,0
2021-08-09 08:00:00+00:00,15053.4,15112.25,15050.5,15108.12,19685,34,0
2021-08-09 12:00:00+00:00,15108.12,15131.37,15098.87,15112.62,15887,21,0
2021-08-09 16:00:00+00:00,15112.62,15144.0,15074.35,15120.25,70277,22,0
2021-08-09 20:00:00+00:00,15120.12,15151.0,15111.12,15131.15,35018,25,0
2021-08-10 00:00:00+00:00,15127.54,15135.58,15118.7,15131.2,8351,65,0
2021-08-10 04:00:00+00:00,15131.2,15131.33,15098.45,15112.58,16640,35,0
2021-08-10 08:00:00+00:00,15112.7,15153.43,15112.33,15139.93,18875,42,0
2021-08-10 12:00:00+00:00,15140.05,15155.93,15138.8,15144.05,13877,25,0
2021-08-10 16:00:00+00:00,15144.05,15162.78,15000.28,15060.53,82956,20,0
2021-08-10 20:00:00+00:00,15060.9,15073.28,15026.28,15052.2,45186,28,0
2021-08-11 00:00:00+00:00,15045.59,15050.94,15032.57,15034.69,8398,69,0
2021-08-11 04:00:00+00:00,15034.69,15054.57,15029.07,15048.82,14561,35,0
2021-08-11 08:00:00+00:00,15048.94,15057.32,15004.17,15007.79,21935,21,0
2021-08-11 12:00:00+00:00,15007.79,15118.29,14982.67,15095.92,24632,22,0
2021-08-11 16:00:00+00:00,15096.67,15124.39,14969.14,15009.02,89889,24,0
2021-08-11 20:00:00+00:00,15009.27,15038.02,14996.27,15014.07,43294,23,0
2021-08-12 00:00:00+00:00,15010.63,15011.73,14996.11,15005.73,7592,72,0
2021-08-12 04:00:00+00:00,15005.73,15016.36,15004.48,15008.48,13484,60,0
2021-08-12 08:00:00+00:00,15008.11,15017.96,14988.46,15013.33,17846,42,0
2021-08-12 12:00:00+00:00,15013.21,15040.46,14991.96,14994.83,18205,25,0
2021-08-12 16:00:00+00:00,14994.71,15079.06,14947.06,15048.43,72767,25,0
2021-08-12 20:00:00+00:00,15048.18,15095.93,15038.38,15083.61,36081,28,0
2021-08-13 00:00:00+00:00,15083.79,15083.79,15066.92,15075.42,7523,35,0
2021-08-13 04:00:00+00:00,15075.29,15084.04,15070.04,15077.04,12644,60,0
2021-08-13 08:00:00+00:00,15076.92,15101.39,15069.92,15097.64,15509,34,0
2021-08-13 12:00:00+00:00,15097.52,15100.27,15060.77,15083.14,16481,25,0
2021-08-13 16:00:00+00:00,15083.14,15146.99,15073.74,15122.24,64246,24,0
2021-08-13 20:00:00+00:00,15122.37,15134.92,15100.37,15126.79,30123,35,0
2021-08-16 00:00:00+00:00,15115.16,15127.45,15098.7,15110.45,7813,49,0
2021-08-16 04:00:00+00:00,15110.45,15119.95,15101.2,15111.95,11649,35,0
2021-08-16 08:00:00+00:00,15111.58,15124.18,15093.43,15110.18,20381,25,0
2021-08-16 12:00:00+00:00,15110.43,15113.05,15065.8,15077.18,23705,25,0
2021-08-16 16:00:00+00:00,15077.05,15115.78,14922.4,15028.03,91656,20,0
2021-08-16 20:00:00+00:00,15028.03,15143.58,15024.28,15138.83,45904,23,0
2021-08-17 00:00:00+00:00,15133.65,15137.55,15113.17,15119.92,8578,23,0
2021-08-17 04:00:00+00:00,15119.92,15125.05,15112.3,15117.55,15100,60,0
2021-08-17 08:00:00+00:00,15117.55,15118.17,15062.77,15084.77,27142,25,0
2021-08-17 12:00:00+00:00,15084.77,15095.77,15037.27,15052.27,26395,30,0
2021-08-17 16:00:00+00:00,15052.27,15062.5,14903.0,14908.37,106749,20,0
2021-08-17 20:00:00+00:00,14908.37,15008.0,14901.62,14973.42,70832,24,0
2021-08-18 00:00:00+00:00,14964.75,14980.02,14953.27,14976.9,10759,60,0
2021-08-18 04:00:00+00:00,14977.02,15023.4,14975.02,15015.02,18112,60,0
2021-08-18 08:00:00+00:00,15015.02,15024.37,14980.37,14990.0,22736,34,0
2021-08-18 12:00:00+00:00,14989.12,15029.75,14976.37,14982.5,22460,34,0
2021-08-18 16:00:00+00:00,14982.62,15038.85,14959.6,14991.6,86009,20,0
2021-08-18 20:00:00+00:00,14991.85,15030.72,14808.15,14840.27,75640,20,0
2021-08-19 00:00:00+00:00,14840.35,14868.46,14836.71,14867.08,12107,27,0
2021-08-19 04:00:00+00:00,14867.08,14875.58,14834.96,14844.21,21402,40,0
2021-08-19 08:00:00+00:00,14844.21,14845.33,14712.31,14734.43,47025,22,0
2021-08-19 12:00:00+00:00,14734.43,14800.43,14713.81,14740.68,47688,21,0
2021-08-19 16:00:00+00:00,14740.68,15000.41,14740.18,14988.53,109950,20,0
2021-08-19 20:00:00+00:00,14988.53,14990.16,14858.91,14944.46,84041,20,0
2021-08-20 00:00:00+00:00,14940.96,14958.37,14911.49,14951.37,13039,31,0
2021-08-20 04:00:00+00:00,14951.24,14955.74,14910.62,14921.37,28721,35,0
2021-08-20 08:00:00+00:00,14921.49,14922.97,14853.72,14885.47,40931,22,0
2021-08-20 12:00:00+00:00,14885.47,14958.84,14873.47,14958.59,32862,21,0
2021-08-20 16:00:00+00:00,14958.47,15099.57,14951.97,15067.57,90179,20,0
2021-08-20 20:00:00+00:00,15067.44,15101.57,15049.07,15096.12,46694,27,0
2021-08-23 00:00:00+00:00,15091.63,15122.36,15090.61,15112.98,12587,23,0
2021-08-23 04:00:00+00:00,15112.98,15152.36,15111.23,15150.11,20152,22,0
2021-08-23 08:00:00+00:00,15150.23,15155.11,15122.83,15139.83,28057,25,0
2021-08-23 12:00:00+00:00,15139.83,15142.33,15118.83,15126.08,19291,37,0
2021-08-23 16:00:00+00:00,15126.08,15326.18,15122.83,15325.06,62560,20,0
2021-08-23 20:00:00+00:00,15325.06,15339.56,15302.06,15330.23,33667,20,0
2021-08-24 00:00:00+00:00,15328.12,15335.94,15324.56,15333.56,7162,60,0
2021-08-24 04:00:00+00:00,15333.44,15337.69,15324.19,15328.06,14284,85,0
2021-08-24 08:00:00+00:00,15328.06,15386.04,15324.69,15375.29,23165,25,0
2021-08-24 12:00:00+00:00,15375.29,15382.66,15311.66,15326.54,21596,37,0
2021-08-24 16:00:00+00:00,15326.04,15382.64,15315.39,15343.89,71101,20,0
2021-08-24 20:00:00+00:00,15343.89,15374.64,15337.51,15363.94,32481,27,0
2021-08-25 00:00:00+00:00,15358.76,15370.81,15353.44,15359.31,7327,85,0
2021-08-25 04:00:00+00:00,15359.06,15366.19,15349.06,15349.56,18860,44,0
2021-08-25 08:00:00+00:00,15349.56,15391.41,15349.06,15382.41,18720,47,0
2021-08-25 12:00:00+00:00,15382.54,15382.66,15335.79,15367.91,19463,25,0
2021-08-25 16:00:00+00:00,15367.41,15398.76,15335.39,15371.89,67997,24,0
2021-08-25 20:00:00+00:00,15372.14,15385.51,15348.51,15368.54,36980,28,0
2021-08-26 00:00:00+00:00,15366.43,15369.41,15342.29,15349.66,7036,44,0
2021-08-26 04:00:00+00:00,15349.66,15350.04,15319.54,15328.66,17921,35,0
2021-08-26 08:00:00+00:00,15328.54,15348.26,15297.26,15332.01,25863,25,0
2021-08-26 12:00:00+00:00,15332.01,15356.39,15318.01,15328.76,22586,29,0
2021-08-26 16:00:00+00:00,15328.76,15365.99,15257.24,15334.99,90899,20,0
2021-08-26 20:00:00+00:00,15334.86,15338.49,15264.54,15287.29,57093,20,0
2021-08-27 00:00:00+00:00,15286.23,15293.23,15267.23,15280.6,8914,69,0
2021-08-27 04:00:00+00:00,15280.6,15334.48,15278.85,15329.1,18469,32,0
2021-08-27 08:00:00+00:00,15329.1,15338.58,15313.2,15324.7,22098,34,0
2021-08-27 12:00:00+00:00,15324.83,15334.2,15310.7,15329.58,15823,50,0
2021-08-27 16:00:00+00:00,15329.45,15430.3,15282.8,15419.18,74922,24,0
2021-08-27 20:00:00+00:00,15418.93,15445.55,15417.48,15428.98,31910,27,0
2021-08-30 00:00:00+00:00,15434.48,15457.73,15427.73,15430.35,10933,44,0
2021-08-30 04:00:00+00:00,15430.48,15443.6,15421.98,15436.35,15683,35,0
2021-08-30 08:00:00+00:00,15436.35,15452.83,15433.08,15451.2,15019,25,0
2021-08-30 12:00:00+00:00,15451.33,15456.83,15439.83,15451.45,11961,25,0
2021-08-30 16:00:00+00:00,15451.45,15599.55,15447.08,15588.18,68594,20,0
2021-08-30 20:00:00+00:00,15588.18,15619.43,15583.55,15609.6,31683,22,0
2021-08-31 00:00:00+00:00,15606.58,15613.15,15592.02,15594.4,7820,35,0
2021-08-31 04:00:00+00:00,15594.65,15647.52,15591.52,15644.4,17931,31,0
2021-08-31 08:00:00+00:00,15644.65,15679.12,15641.77,15654.12,25856,25,0
2021-08-31 12:00:00+00:00,15654.12,15655.62,15564.87,15587.37,35026,21,0
2021-08-31 16:00:00+00:00,15587.37,15616.75,15521.1,15598.6,81119,20,0
2021-08-31 20:00:00+00:00,15598.6,15605.72,15565.6,15601.52,44002,20,0
2021-09-01 00:00:00+00:00,15601.05,15603.68,15581.3,15583.55,9180,23,0
2021-09-01 04:00:00+00:00,15583.55,15619.55,15579.55,15615.43,19920,60,0
2021-09-01 08:00:00+00:00,15615.3,15649.53,15606.15,15609.65,21348,23,0
2021-09-01 12:00:00+00:00,15609.53,15648.15,15587.4,15635.15,20731,21,0
2021-09-01 16:00:00+00:00,15635.15,15698.63,15622.03,15679.63,68796,20,0
2021-09-01 20:00:00+00:00,15679.88,15688.63,15604.3,15613.18,41025,27,0
2021-09-02 00:00:00+00:00,15609.62,15630.99,15600.12,15610.99,9976,23,0
2021-09-02 04:00:00+00:00,15610.99,15624.49,15604.99,15610.49,17681,47,0
2021-09-02 08:00:00+00:00,15610.49,15648.47,15603.62,15644.97,19892,25,0
2021-09-02 12:00:00+00:00,15644.97,15661.47,15635.72,15656.72,16479,25,0
2021-09-02 16:00:00+00:00,15656.34,15681.57,15602.44,15619.57,68251,20,0
2021-09-02 20:00:00+00:00,15619.57,15625.57,15551.57,15600.12,54359,20,0
2021-09-03 00:00:00+00:00,15599.54,15618.54,15595.41,15613.16,7014,48,0
2021-09-03 04:00:00+00:00,15613.41,15631.29,15598.79,15623.79,20973,47,0
2021-09-03 08:00:00+00:00,15623.79,15629.14,15606.89,15611.01,18144,34,0
2021-09-03 12:00:00+00:00,15610.89,15676.76,15567.76,15607.01,24384,22,0
2021-09-03 16:00:00+00:00,15607.26,15667.61,15552.26,15646.11,76971,20,0
2021-09-03 20:00:00+00:00,15646.11,15669.49,15640.11,15654.16,32376,27,0
2021-09-06 00:00:00+00:00,15655.28,15663.78,15642.21,15648.78,9359,22,0
2021-09-06 04:00:00+00:00,15648.28,15664.53,15643.28,15663.65,16676,48,0
2021-09-06 08:00:00+00:00,15663.65,15708.88,15658.4,15697.38,18571,25,0
2021-09-06 12:00:00+00:00,15697.5,15700.13,15686.5,15690.25,12177,37,0
2021-09-06 16:00:00+00:00,15690.38,15707.98,15686.98,15701.1,9960,28,0
2021-09-07 00:00:00+00:00,15697.0,15701.44,15685.81,15687.06,7953,27,0
2021-09-07 04:00:00+00:00,15687.06,15688.69,15670.56,15675.56,17026,60,0
2021-09-07 08:00:00+00:00,15675.56,15694.29,15649.16,15664.91,23861,22,0
2021-09-07 12:00:00+00:00,15664.91,15668.91,15622.16,15650.54,26437,25,0
2021-09-07 16:00:00+00:00,15650.29,15702.01,15607.76,15692.01,77800,20,0
2021-09-07 20:00:00+00:00,15691.89,15701.26,15656.69,15671.56,34875,22,0
2021-09-08 00:00:00+00:00,15670.74,15686.74,15658.74,15684.86,7927,35,0
2021-09-08 04:00:00+00:00,15685.11,15691.24,15669.99,15675.11,16375,35,0
2021-09-08 08:00:00+00:00,15675.24,15685.46,15605.96,15636.84,39116,25,0
2021-09-08 12:00:00+00:00,15637.21,15679.34,15634.46,15669.96,30227,37,0
2021-09-08 16:00:00+00:00,15670.21,15672.21,15524.44,15577.31,88542,20,0
2021-09-08 20:00:00+00:00,15577.44,15626.06,15576.56,15609.36,49223,20,0
2021-09-09 00:00:00+00:00,15609.59,15612.72,15582.97,15587.84,7463,23,0
2021-09-09 04:00:00+00:00,15587.72,15601.97,15570.72,15575.34,17164,22,0
2021-09-09 08:00:00+00:00,15575.47,15592.94,15547.19,15576.82,33425,22,0
2021-09-09 12:00:00+00:00,15576.69,15634.19,15571.82,15621.69,27299,25,0
2021-09-09 16:00:00+00:00,15621.57,15676.04,15611.67,15619.29,70148,20,0
2021-09-09 20:00:00+00:00,15619.79,15637.92,15546.47,15561.09,60072,20,0
2021-09-10 00:00:00+00:00,15560.76,15580.01,15553.89,15569.14,9343,23,0
2021-09-10 04:00:00+00:00,15568.89,15597.64,15556.76,15593.01,16705,22,0
2021-09-10 08:00:00+00:00,15593.14,15625.74,15584.99,15618.86,23411,25,0
2021-09-10 12:00:00+00:00,15618.99,15638.74,15609.61,15625.99,15293,25,0
2021-09-10 16:00:00+00:00,15626.36,15668.09,15528.84,15590.71,82887,20,0
2021-09-10 20:00:00+00:00,15590.59,15607.46,15433.96,15447.64,47194,20,0
2021-09-13 00:00:00+00:00,15448.85,15496.47,15447.6,15468.72,13211,23,0
2021-09-13 04:00:00+00:00,15468.85,15473.85,15440.72,15452.22,20468,23,0
2021-09-13 08:00:00+00:00,15452.35,15510.45,15413.6,15502.2,27391,22,0
2021-09-13 12:00:00+00:00,15502.2,15538.45,15498.45,15536.82,19326,25,0
2021-09-13 16:00:00+00:00,15536.7,15565.67,15353.67,15442.92,103433,20,0
2021-09-13 20:00:00+00:00,15442.92,15458.85,15351.55,15452.47,68056,20,0
2021-09-14 00:00:00+00:00,15447.65,15461.8,15441.05,15449.05,6000,36,0
2021-09-14 04:00:00+00:00,15449.05,15469.93,15446.55,15458.05,13270,23,0
2021-09-14 08:00:00+00:00,15457.68,15466.3,15398.4,15441.53,22445,25,0
2021-09-14 12:00:00+00:00,15441.65,15505.03,15402.03,15489.4,23513,21,0
2021-09-14 16:00:00+00:00,15489.4,15530.88,15393.5,15430.0,78096,20,0
2021-09-14 20:00:00+00:00,15430.13,15439.63,15352.5,15397.05,60701,20,0
2021-09-15 00:00:00+00:00,15395.63,15421.75,15389.5,15408.25,7549,22,0
2021-09-15 04:00:00+00:00,15408.25,15418.5,15376.13,15416.5,14726,35,0
2021-09-15 08:00:00+00:00,15416.5,15436.23,15393.85,15433.1,21130,21,0
2021-09-15 12:00:00+00:00,15432.98,15438.48,15395.73,15416.35,18473,20,0
2021-09-15 16:00:00+00:00,15416.1,15450.33,15314.45,15445.58,83576,20,0
2021-09-15 20:00:00+00:00,15445.58,15520.83,15441.08,15510.88,46929,20,0
2021-09-16 00:00:00+00:00,15512.75,15517.48,15500.85,15510.73,5383,35,0
2021-09-16 04:00:00+00:00,15510.73,15526.48,15483.85,15490.6,15421,22,0
2021-09-16 08:00:00+00:00,15490.23,15506.7,15472.58,15479.33,19353,25,0
2021-09-16 12:00:00+00:00,15479.45,15483.45,15439.7,15464.7,19039,21,0
2021-09-16 16:00:00+00:00,15464.95,15479.18,15365.68,15437.18,80027,20,0
2021-09-16 20:00:00+00:00,15437.18,15538.8,15422.93,15504.48,44781,24,0
2021-09-17 00:00:00+00:00,15501.48,15506.98,15479.98,15486.98,6907,35,0
2021-09-17 04:00:00+00:00,15486.98,15529.36,15471.48,15527.36,15053,23,0
2021-09-17 08:00:00+00:00,15527.36,15534.83,15500.96,15512.58,17247,25,0
2021-09-17 12:00:00+00:00,15512.46,15519.71,15465.83,15508.08,24211,22,0
2021-09-17 16:00:00+00:00,15507.58,15512.33,15296.56,15353.18,94306,20,0
2021-09-17 20:00:00+00:00,15353.18,15353.93,15283.31,15289.61,65042,20,0
2021-09-20 00:00:00+00:00,15291.85,15345.23,15291.85,15326.85,8583,22,0
2021-09-20 04:00:00+00:00,15326.85,15327.1,15212.98,15246.35,16870,22,0
2021-09-20 08:00:00+00:00,15246.48,15270.1,15162.33,15177.08,37401,21,0
2021-09-20 12:00:00+00:00,15177.08,15184.58,15055.33,15077.33,36000,21,0
2021-09-20 16:00:00+00:00,15077.45,15158.3,14916.93,14924.8,112860,20,0
2021-09-20 20:00:00+00:00,14925.05,15022.48,14815.05,14998.1,83658,20,0
2021-09-21 00:00:00+00:00,14996.46,15071.19,14987.56,15044.69,11988,22,0
2021-09-21 04:00:00+00:00,15045.06,15094.06,15018.19,15092.56,17046,22,0
2021-09-21 08:00:00+00:00,15092.56,15169.04,15056.04,15144.29,28425,23,0
2021-09-21 12:00:00+00:00,15144.29,15151.79,15081.04,15083.54,25234,21,0
2021-09-21 16:00:00+00:00,15083.66,15137.26,14980.64,15064.51,106830,20,0
2021-09-21 20:00:00+00:00,15064.51,15109.14,14969.44,14996.31,74943,20,0
2021-09-22 00:00:00+00:00,14998.56,15008.16,14936.64,14961.91,12533,22,0
2021-09-22 04:00:00+00:00,14961.79,15075.66,14948.29,15045.29,24916,22,0
2021-09-22 08:00:00+00:00,15045.04,15103.64,15042.41,15089.14,25215,22,0
2021-09-22 12:00:00+00:00,15089.14,15099.64,15060.89,15091.76,16370,21,0
2021-09-22 16:00:00+00:00,15091.76,15208.86,15021.36,15159.11,80450,20,0
2021-09-22 20:00:00+00:00,15159.36,15232.36,15096.74,15185.16,77944,20,0
2021-09-23 00:00:00+00:00,15184.05,15208.3,15182.18,15204.05,8821,47,0
2021-09-23 04:00:00+00:00,15204.43,15222.8,15185.05,15199.8,19001,23,0
2021-09-23 08:00:00+00:00,15199.68,15281.03,15184.15,15278.78,25154,22,0
2021-09-23 12:00:00+00:00,15278.65,15312.33,15211.65,15214.03,33177,21,0
2021-09-23 16:00:00+00:00,15213.78,15344.25,15181.65,15306.38,86421,20,0
2021-09-23 20:00:00+00:00,15306.13,15352.25,15293.18,15303.05,48126,20,0
2021-09-24 00:00:00+00:00,15304.42,15339.04,15302.17,15322.29,9807,35,0
2021-09-24 04:00:00+00:00,15322.29,15329.54,15284.04,15297.92,19566,35,0
2021-09-24 08:00:00+00:00,15297.92,15302.29,15212.39,15251.52,28983,22,0
2021-09-24 12:00:00+00:00,15251.52,15257.02,15183.14,15195.27,29679,21,0
2021-09-24 16:00:00+00:00,15195.02,15298.12,15188.39,15291.62,85424,20,0
2021-09-24 20:00:00+00:00,15291.62,15340.12,15266.49,15325.04,43404,20,0
2021-09-27 00:00:00+00:00,15325.2,15403.72,15307.85,15396.35,18290,23,0
2021-09-27 04:00:00+00:00,15396.6,15401.2,15368.35,15400.7,14408,27,0
2021-09-27 08:00:00+00:00,15402.45,15405.7,15278.57,15281.45,23929,25,0
2021-09-27 12:00:00+00:00,15281.45,15294.7,15091.37,15130.3,31841,21,0
2021-09-27 16:00:00+00:00,15130.42,15229.05,15107.92,15206.67,67190,20,0
2021-09-27 20:00:00+00:00,15206.92,15237.3,15178.09,15180.74,36019,24,0
2021-09-28 00:00:00+00:00,15180.74,15193.12,15139.49,15151.37,11690,20,0
2021-09-28 04:00:00+00:00,15159.37,15198.62,15149.12,15177.99,14992,22,0
2021-09-28 08:00:00+00:00,15178.12,15198.37,14969.09,15020.22,41506,21,0
2021-09-28 12:00:00+00:00,15020.34,15037.47,14931.72,14971.22,41711,21,0
2021-09-28 16:00:00+00:00,14970.97,15035.57,14754.94,14764.94,115623,20,0
2021-09-28 20:00:00+00:00,14764.82,14881.19,14748.44,14774.99,82492,20,0
2021-09-29 00:00:00+00:00,14775.47,14856.82,14766.57,14835.2,16565,22,0
2021-09-29 04:00:00+00:00,14835.07,14872.32,14780.2,14863.57,32161,22,0
2021-09-29 08:00:00+00:00,14863.45,14932.3,14826.95,14905.42,45868,21,0
2021-09-29 12:00:00+00:00,14905.55,14926.17,14833.55,14852.17,28524,21,0
2021-09-29 16:00:00+00:00,14852.05,14912.9,14732.02,14772.52,98441,20,0
2021-09-29 20:00:00+00:00,14772.77,14858.9,14718.52,14768.82,65585,20,0
2021-09-30 00:00:00+00:00,14777.14,14823.41,14761.29,14817.79,12216,22,0
2021-09-30 04:00:00+00:00,14818.04,14853.91,14789.04,14853.54,22927,22,0
2021-09-30 08:00:00+00:00,14853.54,14889.89,14822.01,14852.39,38217,21,0
2021-09-30 12:00:00+00:00,14852.39,14858.89,14790.76,14810.39,34471,21,0
2021-09-30 16:00:00+00:00,14810.26,14885.49,14689.36,14725.11,115049,20,0
2021-09-30 20:00:00+00:00,14724.99,14834.86,14677.81,14697.39,78472,20,0
2021-10-01 00:00:00+00:00,14708.8,14738.42,14687.8,14687.92,13885,22,0
2021-10-01 04:00:00+00:00,14688.17,14697.67,14581.05,14610.17,31713,22,0
2021-10-01 08:00:00+00:00,14610.3,14651.27,14559.4,14601.15,48748,21,0
2021-10-01 12:00:00+00:00,14600.77,14749.9,14600.77,14709.4,39490,21,0
2021-10-01 16:00:00+00:00,14709.65,14741.62,14544.25,14669.87,109824,20,0
2021-10-01 20:00:00+00:00,14669.87,14824.75,14654.12,14784.55,58264,20,0
2021-10-04 00:00:00+00:00,14784.78,14840.18,14764.55,14773.8,16959,22,0
2021-10-04 04:00:00+00:00,14773.68,14784.8,14697.8,14738.18,33779,22,0
2021-10-04 08:00:00+00:00,14738.18,14756.68,14639.4,14699.78,44145,21,0
2021-10-04 12:00:00+00:00,14699.78,14741.03,14669.9,14728.15,36359,20,0
2021-10-04 16:00:00+00:00,14728.28,14729.65,14379.0,14402.5,115076,20,0
2021-10-04 20:00:00+00:00,14401.88,14501.25,14373.75,14492.68,79351,20,0
2021-10-05 00:00:00+00:00,14492.8,14514.71,14430.46,14435.33,18924,23,0
2021-10-05 04:00:00+00:00,14435.33,14523.33,14415.71,14506.33,38691,22,0
2021-10-05 08:00:00+00:00,14506.21,14543.18,14457.81,14535.06,39105,21,0
2021-10-05 12:00:00+00:00,14535.06,14554.18,14499.68,14523.56,27061,21,0
2021-10-05 16:00:00+00:00,14523.43,14737.66,14500.68,14727.66,88260,20,0
2021-10-05 20:00:00+00:00,14727.53,14759.03,14650.33,14666.21,53338,20,0
2021-10-06 00:00:00+00:00,14664.97,14679.2,14638.82,14659.07,14346,22,0
2021-10-06 04:00:00+00:00,14659.2,14664.45,14555.45,14581.95,41478,22,0
2021-10-06 08:00:00+00:00,14581.82,14604.07,14465.92,14471.67,51098,21,0
2021-10-06 12:00:00+00:00,14471.42,14530.92,14428.42,14513.42,48995,21,0
2021-10-06 16:00:00+00:00,14512.8,14692.27,14489.15,14606.65,116510,20,0
2021-10-06 20:00:00+00:00,14606.52,14774.82,14573.02,14770.7,66967,20,0
2021-10-07 00:00:00+00:00,14773.26,14843.39,14772.26,14824.89,16597,22,0
2021-10-07 04:00:00+00:00,14824.89,14892.89,14815.89,14849.01,22873,22,0
2021-10-07 08:00:00+00:00,14848.89,14915.61,14838.14,14904.11,33999,21,0
2021-10-07 12:00:00+00:00,14904.11,14956.11,14886.74,14918.74,25678,21,0
2021-10-07 16:00:00+00:00,14918.74,15005.34,14864.71,14991.34,73588,20,0
2021-10-07 20:00:00+00:00,14991.34,14991.34,14873.59,14893.2,49565,20,0
2021-10-08 00:00:00+00:00,14895.83,14931.33,14881.45,14924.08,16151,23,0
2021-10-08 04:00:00+00:00,14924.08,14940.45,14879.45,14883.33,26676,22,0
2021-10-08 08:00:00+00:00,14883.08,14918.93,14841.05,14849.93,33758,21,0
2021-10-08 12:00:00+00:00,14850.05,15000.68,14844.93,14972.68,34289,21,0
2021-10-08 16:00:00+00:00,14972.93,14978.05,14814.65,14838.15,92590,20,0
2021-10-08 20:00:00+00:00,14838.03,14875.65,14796.4,14810.7,49049,20,0
2021-10-11 00:00:00+00:00,14816.08,14834.56,14710.31,14749.31,21374,22,0
2021-10-11 04:00:00+00:00,14749.31,14783.68,14731.43,14776.81,25007,23,0
2021-10-11 08:00:00+00:00,14777.18,14805.41,14726.28,14758.16,38023,21,0
2021-10-11 12:00:00+00:00,14758.16,14772.53,14687.53,14738.03,30997,22,0
2021-10-11 16:00:00+00:00,14738.16,14902.88,14728.38,14841.38,75559,20,0
2021-10-11 20:00:00+00:00,14841.38,14841.63,14682.93,14691.41,60171,20,0
2021-10-12 00:00:00+00:00,14693.29,14701.64,14621.39,14634.52,17811,22,0
2021-10-12 04:00:00+00:00,14634.64,14658.27,14602.52,14643.64,30323,22,0
2021-10-12 08:00:00+00:00,14643.52,14710.12,14593.12,14703.12,39434,21,0
2021-10-12 12:00:00+00:00,14703.24,14789.24,14702.99,14751.24,29990,22,0
2021-10-12 16:00:00+00:00,14751.37,14784.72,14639.59,14665.97,99566,20,0
2021-10-12 20:00:00+00:00,14665.97,14726.09,14591.89,14603.64,57293,20,0
2021-10-13 00:00:00+00:00,14600.61,14651.48,14597.86,14643.23,13478,22,0
2021-10-13 04:00:00+00:00,14643.23,14647.11,14604.98,14645.73,19010,22,0
2021-10-13 08:00:00+00:00,14645.98,14736.33,14598.21,14716.96,31557,21,0
2021-10-13 12:00:00+00:00,14717.08,14751.08,14655.21,14687.96,33807,22,0
2021-10-13 16:00:00+00:00,14687.96,14784.93,14667.81,14711.43,88763,20,0
2021-10-13 20:00:00+00:00,14711.43,14801.31,14708.68,14773.86,53555,20,0
2021-10-14 00:00:00+00:00,14775.9,14842.63,14773.88,14830.25,11985,39,0
2021-10-14 04:00:00+00:00,14830.25,14835.13,14814.25,14828.88,13153,22,0
2021-10-14 08:00:00+00:00,14828.88,14901.6,14823.38,14894.85,24711,21,0
2021-10-14 12:00:00+00:00,14894.85,14954.6,14875.98,14927.23,23152,22,0
2021-10-14 16:00:00+00:00,14927.23,15050.45,14897.83,15045.2,65540,20,0
2021-10-14 20:00:00+00:00,15045.2,15077.75,15018.7,15069.81,37175,20,0
2021-10-15 00:00:00+00:00,15060.49,15083.69,15037.94,15050.82,12368,22,0
2021-10-15 04:00:00+00:00,15050.82,15109.82,15027.69,15106.69,21685,22,0
2021-10-15 08:00:00+00:00,15106.94,15118.79,15043.17,15081.79,24663,25,0
2021-10-15 12:00:00+00:00,15081.79,15112.79,15065.29,15090.54,22517,25,0
2021-10-15 16:00:00+00:00,15090.79,15127.64,15053.14,15104.39,71990,20,0
2021-10-15 20:00:00+00:00,15104.52,15150.32,15084.27,15149.34,37845,20,0
2021-10-18 00:00:00+00:00,15151.92,15170.27,15083.9,15114.65,16270,22,0
2021-10-18 04:00:00+00:00,15114.65,15123.65,15090.4,15094.9,20159,32,0
2021-10-18 08:00:00+00:00,15095.15,15101.75,15046.12,15083.87,28340,22,0
2021-10-18 12:00:00+00:00,15083.75,15129.0,15052.87,15073.87,29346,25,0
2021-10-18 16:00:00+00:00,15073.87,15232.72,15059.5,15227.1,70394,20,0
2021-10-18 20:00:00+00:00,15227.22,15304.4,15224.35,15295.33,38684,24,0
2021-10-19 00:00:00+00:00,15296.26,15323.51,15277.89,15299.14,11444,22,0
2021-10-19 04:00:00+00:00,15299.01,15314.51,15282.64,15294.89,17518,23,0
2021-10-19 08:00:00+00:00,15294.76,15346.86,15288.14,15333.61,25701,22,0
2021-10-19 12:00:00+00:00,15333.61,15374.74,15325.49,15336.11,20493,21,0
2021-10-19 16:00:00+00:00,15336.11,15401.84,15309.84,15400.09,67276,20,0
2021-10-19 20:00:00+00:00,15400.09,15435.51,15370.09,15419.26,37325,20,0
2021-10-20 00:00:00+00:00,15415.53,15422.5,15383.63,15386.0,10247,35,0
2021-10-20 04:00:00+00:00,15386.25,15397.38,15373.88,15388.5,15662,22,0
2021-10-20 08:00:00+00:00,15388.75,15419.48,15375.73,15398.73,24563,25,0
2021-10-20 12:00:00+00:00,15398.6,15428.6,15392.6,15420.6,18931,25,0
2021-10-20 16:00:00+00:00,15420.6,15454.08,15387.08,15399.58,73579,20,0
2021-10-20 20:00:00+00:00,15399.7,15403.83,15327.45,15366.75,46901,20,0
2021-10-21 00:00:00+00:00,15364.83,15371.46,15338.46,15347.71,9719,23,0
2021-10-21 04:00:00+00:00,15347.71,15374.33,15330.96,15339.33,19000,27,0
2021-10-21 08:00:00+00:00,15339.33,15366.93,15308.93,15349.68,28419,25,0
2021-10-21 12:00:00+00:00,15349.81,15369.18,15321.31,15345.81,22279,25,0
2021-10-21 16:00:00+00:00,15345.93,15453.41,15342.28,15443.16,72349,20,0
2021-10-21 20:00:00+00:00,15442.66,15491.33,15375.96,15390.83,43696,20,0
2021-10-22 00:00:00+00:00,15386.29,15427.02,15381.77,15414.89,13730,22,0
2021-10-22 04:00:00+00:00,15414.77,15426.52,15396.39,15409.14,16801,27,0
2021-10-22 08:00:00+00:00,15409.02,15442.12,15398.77,15435.37,27398,25,0
2021-10-22 12:00:00+00:00,15435.24,15467.37,15426.62,15444.24,18000,25,0
2021-10-22 16:00:00+00:00,15444.24,15471.34,15282.22,15348.34,89089,20,0
2021-10-22 20:00:00+00:00,15348.34,15391.59,15319.59,15330.64,51236,20,0
2021-10-25 00:00:00+00:00,15331.93,15346.41,15305.03,15342.78,14025,22,0
2021-10-25 04:00:00+00:00,15343.03,15365.91,15325.53,15362.28,17469,31,0
2021-10-25 08:00:00+00:00,15362.28,15400.13,15354.41,15381.01,20954,25,0
2021-10-25 12:00:00+00:00,15381.26,15402.88,15363.26,15391.38,20107,25,0
2021-10-25 16:00:00+00:00,15391.63,15514.11,15331.48,15504.86,83805,20,0
2021-10-25 20:00:00+00:00,15504.98,15554.16,15460.16,15549.41,51450,23,0
2021-10-26 00:00:00+00:00,15543.63,15582.13,15532.88,15576.13,9795,22,0
2021-10-26 04:00:00+00:00,15576.13,15591.63,15570.25,15583.75,12943,40,0
2021-10-26 08:00:00+00:00,15583.63,15620.85,15575.73,15606.1,24493,25,0
2021-10-26 12:00:00+00:00,15606.1,15611.48,15583.98,15595.6,19728,25,0
2021-10-26 16:00:00+00:00,15595.6,15709.33,15511.95,15545.7,97085,20,0
2021-10-26 20:00:00+00:00,15545.2,15602.33,15526.38,15535.0,66144,20,0
2021-10-27 00:00:00+00:00,15536.33,15580.18,15536.33,15543.18,12915,22,0
2021-10-27 04:00:00+00:00,15543.18,15556.68,15529.43,15556.43,16001,35,0
2021-10-27 08:00:00+00:00,15556.31,15601.28,15555.68,15562.53,22043,23,0
2021-10-27 12:00:00+00:00,15562.16,15583.16,15516.28,15573.78,34409,22,0
2021-10-27 16:00:00+00:00,15573.78,15694.51,15568.26,15685.76,101205,20,0
2021-10-27 20:00:00+00:00,15685.76,15726.01,15590.18,15599.56,58234,20,0
2021-10-28 00:00:00+00:00,15604.08,15637.96,15603.71,15627.71,11205,22,0
2021-10-28 04:00:00+00:00,15628.08,15634.08,15603.96,15629.46,14638,32,0
2021-10-28 08:00:00+00:00,15629.46,15671.43,15599.56,15666.93,30291,25,0
2021-10-28 12:00:00+00:00,15666.81,15696.56,15645.56,15672.81,30983,25,0
2021-10-28 16:00:00+00:00,15672.81,15761.41,15643.28,15706.78,89811,20,0
2021-10-28 20:00:00+00:00,15708.03,15783.66,15633.31,15680.08,54903,20,0
2021-10-29 00:00:00+00:00,15684.72,15699.7,15663.7,15667.58,14268,27,0
2021-10-29 04:00:00+00:00,15667.58,15683.95,15648.7,15658.08,19243,23,0
2021-10-29 08:00:00+00:00,15658.08,15669.18,15625.68,15643.68,35146,25,0
2021-10-29 12:00:00+00:00,15643.68,15662.18,15603.05,15632.8,39411,21,0
2021-10-29 16:00:00+00:00,15632.55,15801.53,15623.05,15791.4,79496,20,0
2021-10-29 20:00:00+00:00,15791.78,15870.45,15766.65,15869.58,50431,20,0
2021-11-01 00:00:00+00:00,15893.7,15916.95,15863.2,15906.33,13715,22,0
2021-11-01 04:00:00+00:00,15906.45,15906.45,15875.95,15884.45,14903,23,0
2021-11-01 08:00:00+00:00,15884.45,15911.68,15866.43,15910.3,18118,21,0
2021-11-01 12:00:00+00:00,15910.3,15922.55,15866.3,15875.3,18474,25,0
2021-11-01 16:00:00+00:00,15875.55,15876.4,15776.98,15868.53,83382,20,0
2021-11-01 20:00:00+00:00,15868.53,15906.45,15797.53,15895.01,52448,20,0
2021-11-02 00:00:00+00:00,15898.87,15901.99,15875.62,15885.37,8985,27,0
2021-11-02 04:00:00+00:00,15885.37,15895.24,15857.62,15877.49,14984,23,0
2021-11-02 08:00:00+00:00,15877.49,15904.84,15869.84,15870.97,19512,22,0
2021-11-02 12:00:00+00:00,15870.97,15892.34,15860.22,15876.34,21158,21,0
2021-11-02 16:00:00+00:00,15876.09,15988.32,15873.3,15961.69,68386,20,0
2021-11-02 20:00:00+00:00,15961.69,15986.69,15913.94,15967.74,42951,20,0
2021-11-03 00:00:00+00:00,15957.93,15964.62,15946.12,15962.25,5840,48,0
2021-11-03 04:00:00+00:00,15962.62,15984.62,15961.75,15968.0,10953,23,0
2021-11-03 08:00:00+00:00,15968.25,15976.47,15959.47,15968.77,8179,25,0
2021-11-03 12:00:00+00:00,15990.52,16000.65,15971.4,15989.65,16252,120,0
2021-11-03 16:00:00+00:00,15989.78,16009.15,15947.65,15990.15,119732,120,0
2021-11-04 00:00:00+00:00,16156.74,16195.12,16155.62,16182.74,7483,32,0
2021-11-04 04:00:00+00:00,16182.74,16182.74,16160.99,16170.24,10777,22,0
2021-11-04 08:00:00+00:00,16170.24,16229.3,16166.09,16201.4,13074,20,0
2021-11-04 12:00:00+00:00,16201.7,16213.97,16179.84,16193.34,17911,22,0
2021-11-04 16:00:00+00:00,16193.47,16339.82,16165.44,16312.57,73600,20,0
2021-11-04 20:00:00+00:00,16313.19,16384.57,16292.82,16351.1,56487,20,0
2021-11-05 00:00:00+00:00,16334.82,16355.7,16317.2,16330.57,8510,23,0
2021-11-05 04:00:00+00:00,16330.57,16350.45,16320.32,16345.32,12817,27,0
2021-11-05 08:00:00+00:00,16345.32,16357.8,16306.47,16353.92,14571,21,0
2021-11-05 12:00:00+00:00,16353.92,16428.05,16334.3,16385.05,27337,21,0
2021-11-05 16:00:00+00:00,16385.05,16452.9,16372.05,16386.52,80838,20,0
2021-11-05 20:00:00+00:00,16386.52,16392.02,16297.02,16349.57,61729,20,0
2021-11-08 00:00:00+00:00,16295.25,16339.4,16275.02,16289.52,16705,22,0
2021-11-08 04:00:00+00:00,16289.52,16321.77,16277.4,16315.4,13914,23,0
2021-11-08 08:00:00+00:00,16315.9,16344.62,16290.52,16339.0,19885,22,0
2021-11-08 12:00:00+00:00,16339.0,16367.25,16337.87,16359.87,16997,21,0
2021-11-08 16:00:00+00:00,16360.0,16398.35,16307.97,16349.85,84396,20,0
2021-11-08 20:00:00+00:00,16349.72,16387.1,16307.72,16327.75,46272,20,0
2021-11-09 00:00:00+00:00,16318.42,16327.42,16287.55,16301.92,12339,22,0
2021-11-09 04:00:00+00:00,16301.92,16325.3,16298.67,16323.92,11980,44,0
2021-11-09 08:00:00+00:00,16323.92,16359.4,16307.02,16355.4,16704,25,0
2021-11-09 12:00:00+00:00,16355.4,16392.4,16339.4,16380.4,19564,22,0
2021-11-09 16:00:00+00:00,16380.15,16396.62,16190.0,16214.12,104480,20,0
2021-11-09 20:00:00+00:00,16214.12,16238.0,16165.37,16203.05,64135,20,0
2021-11-10 00:00:00+00:00,16203.48,16205.73,16168.98,16180.23,10161,23,0
2021-11-10 04:00:00+00:00,16180.35,16182.1,16137.73,16171.98,12309,22,0
2021-11-10 08:00:00+00:00,16171.73,16247.7,16168.1,16202.08,19874,21,0
2021-11-10 12:00:00+00:00,16202.08,16206.83,16086.83,16109.45,28805,21,0
2021-11-10 16:00:00+00:00,16109.45,16224.3,16046.68,16133.16,84872,20,0
2021-11-10 20:00:00+00:00,16132.93,16137.55,15903.43,15990.73,74054,20,0
2021-11-11 00:00:00+00:00,15992.43,16047.28,15981.03,16046.66,12988,23,0
2021-11-11 04:00:00+00:00,16046.91,16049.78,15985.91,16022.91,13301,23,0
2021-11-11 08:00:00+00:00,16023.16,16092.38,16002.38,16087.13,19894,22,0
2021-11-11 12:00:00+00:00,16087.13,16118.51,16062.13,16113.76,17754,21,0
2021-11-11 16:00:00+00:00,16113.88,16116.51,16028.73,16057.98,71813,20,0
2021-11-11 20:00:00+00:00,16057.98,16083.98,16013.11,16042.66,42410,20,0
2021-11-12 00:00:00+00:00,16044.42,16098.3,16042.3,16091.17,9816,47,0
2021-11-12 04:00:00+00:00,16091.17,16094.55,16049.42,16069.05,10568,32,0
2021-11-12 08:00:00+00:00,16068.8,16083.02,16038.8,16050.65,18827,21,0
2021-11-12 12:00:00+00:00,16050.65,16076.77,16046.52,16070.02,14386,21,0
2021-11-12 16:00:00+00:00,16070.02,16204.62,16007.37,16179.12,72265,20,0
2021-11-12 20:00:00+00:00,16179.62,16218.12,16161.12,16207.17,39653,20,0
2021-11-15 00:00:00+00:00,16215.83,16246.1,16215.83,16237.1,9674,23,0
2021-11-15 04:00:00+00:00,16237.1,16240.73,16212.6,16234.85,8022,35,0
2021-11-15 08:00:00+00:00,16234.85,16244.08,16214.95,16228.2,11100,21,0
2021-11-15 12:00:00+00:00,16228.2,16281.95,16225.95,16263.58,12549,25,0
2021-11-15 16:00:00+00:00,16263.58,16267.95,16089.05,16141.93,75503,20,0
2021-11-15 20:00:00+00:00,16142.18,16203.23,16126.3,16200.98,45416,20,0
2021-11-16 00:00:00+00:00,16198.86,16229.24,16182.24,16223.61,8443,22,0
2021-11-16 04:00:00+00:00,16223.61,16224.99,16177.24,16187.74,9533,23,0
2021-11-16 08:00:00+00:00,16187.74,16209.21,16170.21,16181.96,14567,21,0
2021-11-16 12:00:00+00:00,16181.71,16218.21,16155.21,16174.21,17588,21,0
2021-11-16 16:00:00+00:00,16173.96,16313.19,16147.84,16297.31,71599,20,0
2021-11-16 20:00:00+00:00,16297.31,16327.69,16288.94,16297.61,38338,20,0
2021-11-17 00:00:00+00:00,16297.51,16312.76,16293.14,16302.26,7936,22,0
2021-11-17 04:00:00+00:00,16302.14,16304.26,16274.26,16292.26,8417,23,0
2021-11-17 08:00:00+00:00,16292.26,16333.11,16284.24,16314.61,11036,25,0
2021-11-17 12:00:00+00:00,16314.61,16330.24,16291.24,16310.11,10850,25,0
2021-11-17 16:00:00+00:00,16310.11,16397.34,16270.96,16306.09,79373,20,0
2021-11-17 20:00:00+00:00,16306.09,16350.71,16285.26,16322.39,51503,24,0
2021-11-18 00:00:00+00:00,16322.27,16340.15,16319.4,16337.15,8537,22,0
2021-11-18 04:00:00+00:00,16337.15,16352.27,16328.15,16344.65,9747,44,0
2021-11-18 08:00:00+00:00,16344.65,16409.12,16341.27,16386.5,11958,21,0
2021-11-18 12:00:00+00:00,16386.62,16407.75,16380.0,16396.25,13723,25,0
2021-11-18 16:00:00+00:00,16396.37,16489.22,16303.47,16437.72,93007,20,0
2021-11-18 20:00:00+00:00,16437.72,16506.65,16406.72,16503.52,54642,20,0
2021-11-19 00:00:00+00:00,16502.59,16538.46,16489.34,16528.59,9289,27,0
2021-11-19 04:00:00+00:00,16529.09,16588.84,16524.09,16564.96,12912,23,0
2021-11-19 08:00:00+00:00,16565.09,16574.21,16537.44,16539.44,18714,22,0
2021-11-19 12:00:00+00:00,16539.44,16566.81,16507.44,16565.81,38076,21,0
2021-11-19 16:00:00+00:00,16565.81,16627.66,16515.91,16590.29,84054,20,0
2021-11-19 20:00:00+00:00,16590.16,16609.04,16533.91,16585.84,52105,22,0
2021-11-22 00:00:00+00:00,16601.48,16631.98,16582.6,16622.73,10688,27,0
2021-11-22 04:00:00+00:00,16622.73,16629.73,16606.23,16619.6,8024,47,0
2021-11-22 08:00:00+00:00,16619.23,16648.45,16609.95,16639.45,13852,25,0
2021-11-22 12:00:00+00:00,16639.45,16653.7,16626.2,16650.7,16831,25,0
2021-11-22 16:00:00+00:00,16651.2,16767.05,16456.05,16528.8,107718,20,0
2021-11-22 20:00:00+00:00,16528.8,16598.93,16364.73,16397.48,63175,20,0
2021-11-23 00:00:00+00:00,16397.12,16414.12,16367.24,16375.49,9538,22,0
2021-11-23 04:00:00+00:00,16375.99,16377.37,16319.37,16332.37,11816,22,0
2021-11-23 08:00:00+00:00,16332.62,16351.62,16274.84,16333.72,33172,21,0
2021-11-23 12:00:00+00:00,16333.72,16378.47,16300.34,16351.34,26782,21,0
2021-11-23 16:00:00+00:00,16351.34,16418.69,16140.94,16173.44,114145,20,0
2021-11-23 20:00:00+00:00,16173.44,16318.57,16118.69,16297.74,75234,20,0
2021-11-24 00:00:00+00:00,16302.91,16311.79,16283.54,16305.54,9343,23,0
2021-11-24 04:00:00+00:00,16305.54,16334.54,16266.66,16334.06,12274,32,0
2021-11-24 08:00:00+00:00,16333.91,16355.64,16252.89,16260.39,25765,21,0
2021-11-24 12:00:00+00:00,16260.51,16294.39,16184.51,16193.64,34889,21,0
2021-11-24 16:00:00+00:00,16193.89,16337.74,16102.36,16315.86,94603,20,0
2021-11-24 20:00:00+00:00,16315.36,16367.91,16251.61,16354.66,49978,20,0
2021-11-25 00:00:00+00:00,16358.01,16379.88,16352.51,16366.51,7957,22,0
2021-11-25 04:00:00+00:00,16366.51,16413.38,16364.26,16412.26,8988,35,0
2021-11-25 08:00:00+00:00,16412.38,16435.98,16406.48,16416.11,11699,21,0
2021-11-25 12:00:00+00:00,16416.36,16419.86,16376.36,16389.11,12700,21,0
2021-11-25 16:00:00+00:00,16389.23,16417.96,16370.98,16406.58,13862,24,0
2021-11-25 20:00:00+00:00,16406.46,16406.46,16406.46,16406.46,1,60,0
2021-11-26 00:00:00+00:00,16406.89,16413.41,16302.79,16322.66,19510,22,0
2021-11-26 04:00:00+00:00,16322.54,16325.41,16255.56,16297.66,23396,22,0
2021-11-26 08:00:00+00:00,16297.66,16307.66,16123.76,16157.51,46008,21,0
2021-11-26 12:00:00+00:00,16157.51,16257.14,16154.14,16192.26,44381,21,0
2021-11-26 16:00:00+00:00,16192.26,16307.61,15989.86,16038.99,118394,20,0
2021-11-26 20:00:00+00:00,16039.61,16067.99,16030.24,16042.11,3416,24,0
2021-11-29 00:00:00+00:00,16046.45,16243.83,16043.95,16236.83,25311,23,0
2021-11-29 04:00:00+00:00,16236.95,16251.95,16193.95,16209.58,19921,23,0
2021-11-29 08:00:00+00:00,16210.2,16253.8,16167.93,16170.18,40174,21,0
2021-11-29 12:00:00+00:00,16170.18,16244.3,16170.05,16239.18,30600,21,0
2021-11-29 16:00:00+00:00,16239.18,16407.4,16210.15,16398.78,93266,20,0
2021-11-29 20:00:00+00:00,16398.78,16438.78,16377.9,16414.7,50484,20,0
2021-11-30 00:00:00+00:00,16418.44,16441.81,16413.44,16425.44,10583,22,0
2021-11-30 04:00:00+00:00,16425.44,16427.69,16286.19,16307.31,23390,22,0
2021-11-30 08:00:00+00:00,16307.31,16344.94,16239.56,16322.16,42959,21,0
2021-11-30 12:00:00+00:00,16322.16,16359.66,16281.66,16359.04,35826,21,0
2021-11-30 16:00:00+00:00,16358.66,16457.39,16070.26,16123.64,129736,20,0
2021-11-30 20:00:00+00:00,16123.64,16238.56,16102.76,16238.19,78858,20,0
2021-12-01 00:00:00+00:00,16239.09,16273.94,16183.19,16266.07,18976,23,0
2021-12-01 04:00:00+00:00,16266.19,16378.94,16263.69,16366.07,18385,23,0
2021-12-01 08:00:00+00:00,16365.82,16403.82,16302.79,16380.42,28842,21,0
2021-12-01 12:00:00+00:00,16380.29,16399.54,16338.29,16346.29,24436,21,0
2021-12-01 16:00:00+00:00,16346.29,16428.14,16234.89,16243.64,97031,20,0
2021-12-01 20:00:00+00:00,16243.39,16281.52,15827.82,15859.17,106078,20,0
2021-12-02 00:00:00+00:00,15892.79,15979.52,15866.89,15975.14,19754,22,0
2021-12-02 04:00:00+00:00,15975.14,15986.27,15930.89,15949.89,20103,22,0
2021-12-02 08:00:00+00:00,15949.39,15991.62,15903.74,15945.62,35018,21,0
2021-12-02 12:00:00+00:00,15945.62,15951.37,15789.87,15832.12,45452,21,0
2021-12-02 16:00:00+00:00,15832.12,16060.09,15762.47,15996.34,132634,20,0
2021-12-02 20:00:00+00:00,15995.84,16064.97,15921.84,16012.89,81364,20,0
2021-12-03 00:00:00+00:00,16018.47,16026.09,15861.09,15899.72,16850,23,0
2021-12-03 04:00:00+00:00,15899.72,16000.72,15883.34,15992.09,15716,22,0
2021-12-03 08:00:00+00:00,15992.34,16015.84,15925.32,15949.94,25152,21,0
2021-12-03 12:00:00+00:00,15950.19,16120.19,15912.32,16046.32,34342,21,0
2021-12-03 16:00:00+00:00,16046.82,16089.42,15560.04,15631.29,134406,20,0
2021-12-03 20:00:00+00:00,15631.04,15739.59,15537.29,15685.84,96072,20,0
2021-12-06 00:00:00+00:00,15715.19,15751.42,15672.42,15717.92,21340,22,0
2021-12-06 04:00:00+00:00,15717.42,15772.54,15712.04,15763.54,15136,22,0
2021-12-06 08:00:00+00:00,15763.42,15808.27,15679.02,15685.27,30098,21,0
2021-12-06 12:00:00+00:00,15685.27,15718.64,15591.89,15711.89,32964,21,0
2021-12-06 16:00:00+00:00,15711.89,15828.24,15558.99,15828.24,114438,20,0
2021-12-06 20:00:00+00:00,15828.24,15896.49,15810.62,15847.92,66971,20,0
2021-12-07 00:00:00+00:00,15844.54,15884.17,15824.67,15869.92,11106,22,0
2021-12-07 04:00:00+00:00,15869.42,15957.42,15844.79,15955.54,13336,22,0
2021-12-07 08:00:00+00:00,15955.54,16133.52,15937.79,16107.39,26499,21,0
2021-12-07 12:00:00+00:00,16107.39,16166.77,16103.89,16120.89,22974,21,0
2021-12-07 16:00:00+00:00,16120.64,16335.99,16097.52,16330.49,79011,20,0
2021-12-07 20:00:00+00:00,16330.74,16373.79,16241.99,16365.17,49937,20,0
2021-12-08 00:00:00+00:00,16358.67,16390.73,16327.36,16368.98,12813,23,0
2021-12-08 04:00:00+00:00,16368.98,16417.23,16367.86,16404.11,13959,22,0
2021-12-08 08:00:00+00:00,16404.11,16410.46,16356.21,16373.21,20860,21,0
2021-12-08 12:00:00+00:00,16373.21,16434.58,16318.33,16332.71,31575,21,0
2021-12-08 16:00:00+00:00,16332.71,16356.43,16252.43,16319.06,88267,20,0
2021-12-08 20:00:00+00:00,16319.18,16397.23,16312.68,16379.29,44549,24,0
2021-12-09 00:00:00+00:00,16378.21,16393.86,16371.48,16385.73,7784,23,0
2021-12-09 04:00:00+00:00,16385.48,16418.98,16356.23,16367.73,11215,22,0
2021-12-09 08:00:00+00:00,16368.23,16398.33,16345.96,16356.21,16422,22,0
2021-12-09 12:00:00+00:00,16356.21,16357.33,16302.96,16323.46,22035,21,0
2021-12-09 16:00:00+00:00,16323.46,16413.68,16254.43,16302.06,85326,20,0
2021-12-09 20:00:00+00:00,16302.18,16303.56,16119.98,16157.36,61736,20,0
2021-12-10 00:00:00+00:00,16150.97,16185.99,16143.49,16181.24,12869,23,0
2021-12-10 04:00:00+00:00,16181.24,16190.49,16141.74,16144.49,9573,22,0
2021-12-10 08:00:00+00:00,16144.37,16202.09,16141.87,16201.22,16932,22,0
2021-12-10 12:00:00+00:00,16201.22,16309.47,16172.72,16281.72,20779,21,0
2021-12-10 16:00:00+00:00,16281.72,16325.69,16133.14,16258.32,91890,20,0
2021-12-10 20:00:00+00:00,16258.32,16335.12,16222.82,16320.74,41439,20,0
2021-12-13 00:00:00+00:00,16319.15,16405.0,16319.15,16401.75,12922,23,0
2021-12-13 04:00:00+00:00,16401.75,16404.13,16371.13,16373.88,10459,35,0
2021-12-13 08:00:00+00:00,16373.88,16396.1,16344.1,16389.23,18533,21,0
2021-12-13 12:00:00+00:00,16389.48,16411.23,16378.23,16383.23,16100,22,0
2021-12-13 16:00:00+00:00,16383.23,16384.1,16112.08,16161.95,103940,20,0
2021-12-13 20:00:00+00:00,16161.95,16208.7,16064.83,16094.73,58224,20,0
2021-12-14 00:00:00+00:00,16083.41,16112.39,16083.41,16101.27,11460,22,0
2021-12-14 04:00:00+00:00,16101.52,16106.89,16075.89,16099.02,12395,27,0
2021-12-14 08:00:00+00:00,16099.02,16133.74,15964.62,15964.62,23590,21,0
2021-12-14 12:00:00+00:00,15964.99,16024.99,15892.24,15912.12,33884,21,0
2021-12-14 16:00:00+00:00,15912.12,15999.59,15736.22,15766.72,119393,20,0
2021-12-14 20:00:00+00:00,15766.59,15967.34,15751.59,15929.39,64267,20,0
2021-12-15 00:00:00+00:00,15928.48,15946.73,15894.48,15923.35,11198,23,0
2021-12-15 04:00:00+00:00,15923.48,15950.1,15906.48,15947.73,9865,22,0
2021-12-15 08:00:00+00:00,15947.85,15962.08,15849.58,15878.08,23574,21,0
2021-12-15 12:00:00+00:00,15878.2,15968.58,15857.95,15903.2,23699,21,0
2021-12-15 16:00:00+00:00,15903.33,15928.3,15741.68,15797.93,95333,20,0
2021-12-15 20:00:00+00:00,15797.8,16300.35,15751.8,16285.85,92625,20,0
2021-12-16 00:00:00+00:00,16287.06,16338.41,16278.16,16283.04,13134,22,0
2021-12-16 04:00:00+00:00,16283.04,16356.41,16282.91,16354.41,12030,27,0
2021-12-16 08:00:00+00:00,16354.41,16431.76,16351.41,16384.64,23824,21,0
2021-12-16 12:00:00+00:00,16384.64,16457.39,16324.76,16344.64,26498,21,0
2021-12-16 16:00:00+00:00,16344.64,16345.51,15901.74,15903.49,120601,20,0
2021-12-16 20:00:00+00:00,15903.24,15979.61,15793.86,15882.54,89832,0,0
2021-12-17 00:00:00+00:00,15867.88,15897.6,15812.1,15888.48,13302,23,0
2021-12-17 04:00:00+00:00,15888.48,15891.98,15766.1,15831.85,19731,22,0
2021-12-17 08:00:00+00:00,15831.85,15873.2,15677.2,15766.58,33287,21,0
2021-12-17 12:00:00+00:00,15766.58,15773.83,15662.08,15729.95,41317,21,0
2021-12-17 16:00:00+00:00,15729.95,15957.05,15652.68,15815.93,132122,0,0
2021-12-17 20:00:00+00:00,15816.93,15918.05,15765.05,15828.48,74803,20,0
2021-12-20 00:00:00+00:00,15804.54,15852.69,15663.31,15667.06,22558,22,0
2021-12-20 04:00:00+00:00,15667.06,15667.06,15571.81,15581.19,24068,22,0
2021-12-20 08:00:00+00:00,15581.19,15612.79,15505.66,15552.29,43028,21,0
2021-12-20 12:00:00+00:00,15552.29,15619.41,15531.41,15564.41,33891,21,0
2021-12-20 16:00:00+00:00,15564.41,15660.39,15494.14,15521.39,119793,15,0
2021-12-20 20:00:00+00:00,15521.64,15693.44,15509.14,15675.06,77297,0,0
2021-12-21 00:00:00+00:00,15667.77,15760.33,15667.77,15754.58,15992,22,0
2021-12-21 04:00:00+00:00,15754.83,15786.58,15720.08,15784.08,16520,23,0
2021-12-21 08:00:00+00:00,15783.96,15826.96,15724.43,15728.68,29930,21,0
2021-12-21 12:00:00+00:00,15728.68,15819.93,15716.68,15802.43,26063,21,0
2021-12-21 16:00:00+00:00,15802.43,15867.53,15605.28,15864.78,101756,20,0
2021-12-21 20:00:00+00:00,15864.78,15986.58,15846.53,15973.96,57732,20,0
2021-12-22 00:00:00+00:00,15971.72,15982.02,15940.65,15943.9,13216,23,0
2021-12-22 04:00:00+00:00,15944.02,15951.27,15921.52,15944.65,14228,22,0
2021-12-22 08:00:00+00:00,15944.77,15976.27,15882.87,15918.0,21087,21,0
2021-12-22 12:00:00+00:00,15918.0,15985.0,15909.25,15936.5,20521,20,0
2021-12-22 16:00:00+00:00,15936.5,16140.72,15926.25,16114.72,92376,20,0
2021-12-22 20:00:00+00:00,16115.47,16182.9,16038.72,16179.17,54357,16,0
2021-12-23 00:00:00+00:00,16172.64,16194.52,16162.89,16167.89,9188,23,0
2021-12-23 04:00:00+00:00,16167.89,16184.64,16165.52,16178.14,7031,52,0
2021-12-23 08:00:00+00:00,16178.14,16189.89,16145.87,16179.12,13467,21,0
2021-12-23 12:00:00+00:00,16179.12,16220.37,16170.87,16193.24,11296,21,0
2021-12-23 16:00:00+00:00,16193.24,16322.97,16176.84,16318.72,70673,20,0
2021-12-23 20:00:00+00:00,16318.84,16355.09,16285.89,16300.54,41373,20,0
2021-12-27 00:00:00+00:00,16306.67,16363.8,16306.67,16336.8,14066,20,0
2021-12-27 04:00:00+00:00,16337.3,16350.8,16330.8,16335.55,8220,23,0
2021-12-27 08:00:00+00:00,16335.55,16346.65,16305.9,16343.02,17347,21,0
2021-12-27 12:00:00+00:00,16343.15,16386.27,16333.77,16376.9,13065,25,0
2021-12-27 16:00:00+00:00,16377.02,16538.25,16346.12,16531.5,70031,20,0
2021-12-27 20:00:00+00:00,16531.37,16581.55,16517.62,16572.55,40034,24,0
2021-12-28 00:00:00+00:00,16566.45,16572.82,16534.7,16550.45,12094,27,0
2021-12-28 04:00:00+00:00,16549.97,16564.2,16536.95,16564.07,11420,23,0
2021-12-28 08:00:00+00:00,16564.07,16640.3,16543.67,16639.67,16479,21,0
2021-12-28 12:00:00+00:00,16639.67,16658.17,16609.3,16612.8,15008,22,0
2021-12-28 16:00:00+00:00,16612.3,16616.17,16469.02,16503.02,90218,20,0
2021-12-28 20:00:00+00:00,16502.52,16529.95,16454.77,16511.38,54676,20,0
2021-12-29 00:00:00+00:00,16516.59,16553.72,16503.84,16507.22,12583,32,0
2021-12-29 04:00:00+00:00,16507.84,16555.97,16500.09,16550.22,13503,22,0
2021-12-29 08:00:00+00:00,16550.22,16565.44,16530.69,16551.94,16766,21,0
2021-12-29 12:00:00+00:00,16551.94,16558.44,16471.94,16487.82,17569,22,0
2021-12-29 16:00:00+00:00,16487.82,16550.79,16389.42,16442.17,85752,20,0
2021-12-29 20:00:00+00:00,16441.92,16526.17,16439.04,16481.47,42230,20,0
2021-12-30 00:00:00+00:00,16485.28,16494.28,16443.16,16484.41,12323,23,0
2021-12-30 04:00:00+00:00,16484.41,16493.66,16472.53,16473.16,10233,48,0
2021-12-30 08:00:00+00:00,16472.91,16540.26,16471.41,16534.26,15152,21,0
2021-12-30 12:00:00+00:00,16534.26,16543.51,16501.88,16510.76,14242,22,0
2021-12-30 16:00:00+00:00,16510.76,16568.73,16451.26,16547.61,65128,20,0
2021-12-30 20:00:00+00:00,16547.61,16550.86,16412.91,16432.18,41832,20,0
2021-12-31 00:00:00+00:00,16428.47,16446.24,16352.49,16421.74,14188,22,0
2021-12-31 04:00:00+00:00,16421.74,16423.12,16380.12,16416.99,13078,23,0
2021-12-31 08:00:00+00:00,16416.99,16433.34,16398.59,16413.22,9552,21,0
2021-12-31 12:00:00+00:00,16413.22,16439.47,16371.59,16428.97,13397,21,0
2021-12-31 16:00:00+00:00,16429.22,16465.19,16349.19,16388.82,74802,20,0
2021-12-31 20:00:00+00:00,16388.82,16398.44,16315.12,16332.12,46770,20,0
2022-01-03 00:00:00+00:00,16358.8,16429.8,16358.8,16405.18,12535,22,0
2022-01-03 04:00:00+00:00,16405.18,16420.3,16395.8,16410.55,9737,22,0
2022-01-03 08:00:00+00:00,16410.55,16414.9,16385.53,16414.15,15479,21,0
2022-01-03 12:00:00+00:00,16414.15,16454.65,16386.28,16389.28,16436,22,0
2022-01-03 16:00:00+00:00,16389.53,16486.75,16294.75,16422.25,104840,20,0
2022-01-03 20:00:00+00:00,16422.38,16509.8,16406.0,16496.18,48518,20,0
2022-01-04 00:00:00+00:00,16494.1,16508.5,16476.75,16486.13,12857,23,0
2022-01-04 04:00:00+00:00,16486.13,16537.75,16484.25,16533.75,14093,35,0
2022-01-04 08:00:00+00:00,16533.88,16541.25,16484.73,16518.85,18297,22,0
2022-01-04 12:00:00+00:00,16518.85,16563.73,16490.98,16522.98,23344,25,0
2022-01-04 16:00:00+00:00,16523.23,16526.85,16162.7,16181.95,109594,20,0
2022-01-04 20:00:00+00:00,16181.7,16323.7,16140.08,16260.25,68494,20,0
2022-01-05 00:00:00+00:00,16261.18,16268.28,16197.66,16205.41,15835,31,0
2022-01-05 04:00:00+00:00,16206.16,16221.28,16175.53,16183.16,16081,23,0
2022-01-05 08:00:00+00:00,16183.16,16245.01,16171.91,16233.13,24539,21,0
2022-01-05 12:00:00+00:00,16233.13,16258.88,16183.51,16222.51,26422,22,0
2022-01-05 16:00:00+00:00,16222.76,16247.23,16046.73,16051.73,105150,20,0
2022-01-05 20:00:00+00:00,16051.73,16128.23,15752.78,15754.28,99848,20,0
2022-01-06 00:00:00+00:00,15758.34,15812.94,15713.69,15797.94,22812,23,0
2022-01-06 04:00:00+00:00,15798.44,15800.07,15623.42,15680.82,29415,22,0
2022-01-06 08:00:00+00:00,15679.94,15781.29,15643.19,15735.29,42045,21,0
2022-01-06 12:00:00+00:00,15735.29,15768.42,15661.42,15692.92,39464,21,0
2022-01-06 16:00:00+00:00,15692.92,15895.64,15599.52,15822.14,138440,0,0
2022-01-06 20:00:00+00:00,15822.14,15867.02,15719.02,15792.44,85972,20,0
2022-01-07 00:00:00+00:00,15802.24,15852.24,15801.36,15828.61,14467,23,0
2022-01-07 04:00:00+00:00,15828.49,15828.49,15762.49,15785.74,21709,22,0
2022-01-07 08:00:00+00:00,15785.61,15800.86,15666.96,15751.34,28295,0,0
2022-01-07 12:00:00+00:00,15751.21,15825.21,15625.09,15676.46,34926,21,0
2022-01-07 16:00:00+00:00,15676.46,15827.19,15510.81,15637.06,125089,20,0
2022-01-07 20:00:00+00:00,15637.19,15670.06,15556.31,15571.86,75555,20,0
2022-01-10 00:00:00+00:00,15591.34,15610.84,15517.59,15602.47,18108,0,0
2022-01-10 04:00:00+00:00,15602.59,15646.47,15587.72,15628.34,14959,0,0
2022-01-10 08:00:00+00:00,15628.34,15669.19,15520.44,15577.19,38082,21,0
2022-01-10 12:00:00+00:00,15577.32,15601.32,15364.57,15386.32,46181,21,0
2022-01-10 16:00:00+00:00,15385.94,15415.54,15153.42,15278.79,127719,20,0
2022-01-10 20:00:00+00:00,15278.54,15623.84,15268.54,15614.47,85896,0,0
2022-01-11 00:00:00+00:00,15623.24,15643.24,15574.61,15585.49,23126,22,0
2022-01-11 04:00:00+00:00,15585.24,15640.11,15581.24,15601.74,21997,23,0
2022-01-11 08:00:00+00:00,15601.49,15726.84,15565.71,15711.46,36686,21,0
2022-01-11 12:00:00+00:00,15711.46,15734.71,15598.71,15599.59,32327,21,0
2022-01-11 16:00:00+00:00,15599.84,15830.31,15476.81,15771.69,127412,20,0
2022-01-11 20:00:00+00:00,15771.69,15840.24,15731.69,15826.61,65251,20,0
2022-01-12 00:00:00+00:00,15828.3,15847.05,15806.92,15819.17,13691,23,0
2022-01-12 04:00:00+00:00,15819.17,15889.17,15818.42,15888.05,14143,22,0
2022-01-12 08:00:00+00:00,15888.17,15898.67,15763.77,15859.15,33319,21,0
2022-01-12 12:00:00+00:00,15859.4,15975.52,15835.27,15971.52,38152,21,0
2022-01-12 16:00:00+00:00,15971.52,16010.37,15799.0,15946.5,121023,20,0
2022-01-12 20:00:00+00:00,15946.5,15949.62,15858.12,15895.17,76793,20,0
2022-01-13 00:00:00+00:00,15898.7,15899.39,15821.39,15824.51,14207,22,0
2022-01-13 04:00:00+00:00,15824.39,15856.39,15822.66,15835.39,15252,23,0
2022-01-13 08:00:00+00:00,15835.51,15918.86,15832.76,15894.49,26603,22,0
2022-01-13 12:00:00+00:00,15894.49,15954.74,15876.74,15942.36,27037,21,0
2022-01-13 16:00:00+00:00,15942.24,15980.46,15596.21,15638.21,122538,20,0
2022-01-13 20:00:00+00:00,15638.46,15714.96,15460.09,15501.66,91648,20,0
2022-01-14 00:00:00+00:00,15505.62,15516.74,15453.62,15467.12,26028,22,0
2022-01-14 04:00:00+00:00,15467.24,15515.49,15416.24,15514.37,22729,22,0
2022-01-14 08:00:00+00:00,15514.74,15555.97,15474.47,15518.59,40553,21,0
2022-01-14 12:00:00+00:00,15518.59,15519.59,15314.22,15356.97,50326,21,0
2022-01-14 16:00:00+00:00,15356.72,15601.57,15341.84,15441.44,130957,0,0
2022-01-14 20:00:00+00:00,15441.19,15619.37,15405.97,15619.12,90210,20,0
2022-01-17 00:00:00+00:00,15621.24,15654.99,15516.99,15537.74,24501,21,0
2022-01-17 04:00:00+00:00,15538.61,15559.11,15510.11,15526.24,19807,22,0
2022-01-17 08:00:00+00:00,15526.24,15629.96,15520.24,15613.84,25649,0,0
2022-01-17 12:00:00+00:00,15613.71,15638.59,15603.71,15610.59,20123,21,0
2022-01-17 16:00:00+00:00,15610.59,15616.46,15546.31,15561.06,24156,20,0
2022-01-17 20:00:00+00:00,15561.56,15561.56,15559.92,15559.92,2,60,0
2022-01-18 00:00:00+00:00,15565.01,15605.45,15551.45,15592.7,17711,23,0
2022-01-18 04:00:00+00:00,15592.7,15593.7,15410.08,15430.08,32000,23,0
2022-01-18 08:00:00+00:00,15430.08,15461.93,15273.43,15312.3,46858,21,0
2022-01-18 12:00:00+00:00,15312.18,15386.93,15294.68,15375.93,45512,21,0
2022-01-18 16:00:00+00:00,15376.05,15437.65,15251.65,15256.65,122178,20,0
2022-01-18 20:00:00+00:00,15256.65,15331.78,15173.9,15241.08,87725,20,0
2022-01-19 00:00:00+00:00,15239.9,15250.5,15160.5,15171.75,24307,22,0
2022-01-19 04:00:00+00:00,15171.75,15211.13,15054.63,15081.38,35651,22,0
2022-01-19 08:00:00+00:00,15081.0,15270.1,15058.98,15264.85,45572,21,0
2022-01-19 12:00:00+00:00,15264.85,15325.15,15225.73,15316.73,37958,21,0
2022-01-19 16:00:00+00:00,15316.73,15374.08,15107.83,15314.58,129340,20,0
2022-01-19 20:00:00+00:00,15315.08,15319.08,15014.63,15037.63,87638,20,0
2022-01-20 00:00:00+00:00,15044.83,15075.33,14997.35,15057.95,25364,22,0
2022-01-20 04:00:00+00:00,15057.95,15135.2,15057.2,15108.2,23155,22,0
2022-01-20 08:00:00+00:00,15108.08,15166.43,15048.8,15134.43,40134,21,0
2022-01-20 12:00:00+00:00,15134.18,15208.93,15115.3,15191.55,34484,21,0
2022-01-20 16:00:00+00:00,15191.3,15343.15,15163.68,15248.78,101482,20,0
2022-01-20 20:00:00+00:00,15248.78,15248.78,14650.08,14723.33,108003,0,0
2022-01-21 00:00:00+00:00,14722.87,14761.0,14639.62,14725.0,31497,22,0
2022-01-21 04:00:00+00:00,14725.0,14746.5,14607.12,14702.87,32660,22,0
2022-01-21 08:00:00+00:00,14702.5,14795.72,14674.62,14785.22,43643,21,0
2022-01-21 12:00:00+00:00,14785.1,14818.97,14683.35,14718.47,47557,21,0
2022-01-21 16:00:00+00:00,14718.6,14861.32,14536.07,14646.7,144163,0,0
2022-01-21 20:00:00+00:00,14645.7,14703.7,14412.0,14416.0,101233,20,0
2022-01-24 00:00:00+00:00,14413.43,14584.03,14383.16,14565.66,34385,21,0
2022-01-24 04:00:00+00:00,14566.66,14578.91,14532.16,14553.28,25259,22,0
2022-01-24 08:00:00+00:00,14553.16,14578.76,14430.76,14459.63,45031,21,0
2022-01-24 12:00:00+00:00,14459.26,14459.63,14170.76,14172.38,65224,0,0
2022-01-24 16:00:00+00:00,14172.38,14267.23,13710.73,13927.36,148717,0,0
2022-01-24 20:00:00+00:00,13926.61,14528.53,13903.36,14517.53,124983,17,0
2022-01-25 00:00:00+00:00,14491.01,14503.83,14299.64,14351.83,32502,22,0
2022-01-25 04:00:00+00:00,14351.83,14356.83,14208.45,14317.7,34419,21,0
2022-01-25 08:00:00+00:00,14317.95,14383.05,14156.43,14352.93,49369,21,0
2022-01-25 12:00:00+00:00,14356.3,14376.55,14135.68,14215.8,49470,21,0
2022-01-25 16:00:00+00:00,14215.8,14308.53,14020.68,14097.65,139473,20,0
2022-01-25 20:00:00+00:00,14097.9,14404.03,13895.58,13926.2,110029,20,0
2022-01-26 00:00:00+00:00,13950.07,14257.17,13950.07,14206.05,30841,22,0
2022-01-26 04:00:00+00:00,14205.92,14251.8,14186.3,14225.92,25249,22,0
2022-01-26 08:00:00+00:00,14225.42,14447.4,14157.02,14408.15,45231,21,0
2022-01-26 12:00:00+00:00,14408.77,14511.27,14372.4,14471.15,49637,21,0
2022-01-26 16:00:00+00:00,14471.15,14553.5,14331.37,14540.37,121830,20,0
2022-01-26 20:00:00+00:00,14540.37,14644.37,13982.87,14159.55,103212,0,0
2022-01-27 00:00:00+00:00,14195.13,14287.01,13983.88,13997.26,37102,22,0
2022-01-27 04:00:00+00:00,13997.63,13997.63,13851.26,13940.26,40336,22,0
2022-01-27 08:00:00+00:00,13939.38,14236.36,13888.36,14216.48,57148,21,0
2022-01-27 12:00:00+00:00,14216.61,14310.36,14080.73,14302.36,62129,21,0
2022-01-27 16:00:00+00:00,14302.36,14414.71,14082.33,14153.08,142984,20,0
2022-01-27 20:00:00+00:00,14153.08,14178.83,13953.71,14114.38,114018,2,0
2022-01-28 00:00:00+00:00,14170.52,14186.65,14055.67,14112.4,23936,22,0
2022-01-28 04:00:00+00:00,14112.4,14185.9,14089.9,14153.27,30909,22,0
2022-01-28 08:00:00+00:00,14152.52,14173.62,14016.0,14062.87,53399,21,0
2022-01-28 12:00:00+00:00,14062.75,14064.25,13836.12,14016.12,69327,21,0
2022-01-28 16:00:00+00:00,14016.25,14315.1,13865.67,14199.72,138937,0,0
2022-01-28 20:00:00+00:00,14199.72,14446.4,14063.72,14434.52,102857,20,0
2022-01-31 00:00:00+00:00,14457.52,14475.27,14358.65,14412.77,25183,22,0
2022-01-31 04:00:00+00:00,14412.77,14505.02,14406.15,14492.77,20845,22,0
2022-01-31 08:00:00+00:00,14493.15,14551.37,14429.75,14526.87,40908,21,0
2022-01-31 12:00:00+00:00,14526.87,14531.12,14404.75,14476.25,48268,20,0
2022-01-31 16:00:00+00:00,14476.62,14788.47,14421.72,14780.72,114756,20,0
2022-01-31 20:00:00+00:00,14780.72,14919.02,14719.85,14868.15,78254,20,0
2022-02-01 00:00:00+00:00,14873.45,14890.07,14827.45,14834.32,15158,22,0
2022-02-01 04:00:00+00:00,14834.32,14888.32,14824.2,14884.95,17336,22,0
2022-02-01 08:00:00+00:00,14884.95,14969.92,14852.92,14888.42,31321,21,0
2022-02-01 12:00:00+00:00,14888.3,14964.8,14865.8,14955.3,29863,21,0
2022-02-01 16:00:00+00:00,14955.55,14964.67,14734.65,14909.52,114971,0,0
2022-02-01 20:00:00+00:00,14909.02,15141.57,14827.15,15121.22,77761,20,0
2022-02-02 00:00:00+00:00,15132.61,15153.72,15109.84,15144.09,13518,21,0
2022-02-02 04:00:00+00:00,15144.09,15189.34,15135.34,15173.97,10414,22,0
2022-02-02 08:00:00+00:00,15174.22,15258.07,15161.44,15250.94,31633,21,0
2022-02-02 12:00:00+00:00,15251.32,15265.07,15173.32,15177.94,35265,20,0
2022-02-02 16:00:00+00:00,15177.94,15186.57,14947.04,15124.17,121372,20,0
2022-02-02 20:00:00+00:00,15124.17,15156.42,14832.47,14868.09,87022,20,0
2022-02-03 00:00:00+00:00,14855.76,14870.49,14762.61,14773.99,19238,22,0
2022-02-03 04:00:00+00:00,14773.74,14803.99,14758.49,14789.86,14785,22,0
2022-02-03 08:00:00+00:00,14790.11,14875.09,14778.49,14792.46,32092,22,0
2022-02-03 12:00:00+00:00,14792.34,14832.96,14698.59,14706.09,43660,21,0
2022-02-03 16:00:00+00:00,14706.46,14847.31,14636.56,14673.94,127140,20,0
2022-02-03 20:00:00+00:00,14673.94,14818.86,14462.56,14809.61,99992,20,0
2022-02-04 00:00:00+00:00,14772.86,14790.86,14703.99,14716.11,21851,22,0
2022-02-04 04:00:00+00:00,14716.11,14812.61,14716.11,14808.11,18773,23,0
2022-02-04 08:00:00+00:00,14808.11,14829.34,14684.71,14689.59,41269,21,0
2022-02-04 12:00:00+00:00,14689.71,14701.71,14418.34,14421.34,63091,21,0
2022-02-04 16:00:00+00:00,14422.09,14669.31,14367.59,14655.06,136978,20,0
2022-02-04 20:00:00+00:00,14656.06,14823.06,14631.49,14645.11,93934,0,0
2022-02-07 00:00:00+00:00,14696.06,14721.81,14625.94,14644.31,23341,20,0
2022-02-07 04:00:00+00:00,14644.31,14718.56,14605.56,14706.69,26543,22,0
2022-02-07 08:00:00+00:00,14706.69,14748.41,14621.91,14659.41,47912,21,0
2022-02-07 12:00:00+00:00,14658.54,14763.29,14647.79,14732.91,44738,21,0
2022-02-07 16:00:00+00:00,14732.91,14810.64,14560.51,14598.89,119405,20,0
2022-02-07 20:00:00+00:00,14598.89,14731.51,14516.51,14606.69,79986,20,0
2022-02-08 00:00:00+00:00,14604.34,14626.19,14569.44,14577.69,15327,22,0
2022-02-08 04:00:00+00:00,14577.69,14605.69,14541.94,14559.69,20218,23,0
2022-02-08 08:00:00+00:00,14559.69,14622.29,14544.17,14574.04,37827,21,0
2022-02-08 12:00:00+00:00,14574.04,14590.67,14488.67,14532.17,40692,22,0
2022-02-08 16:00:00+00:00,14532.67,14763.02,14473.02,14729.77,112590,20,0
2022-02-08 20:00:00+00:00,14729.52,14780.39,14620.64,14749.44,83903,20,0
2022-02-09 00:00:00+00:00,14747.09,14790.35,14745.97,14770.85,15225,23,0
2022-02-09 04:00:00+00:00,14770.97,14823.47,14757.85,14804.72,16265,22,0
2022-02-09 08:00:00+00:00,14804.97,14868.57,14762.7,14847.2,25453,21,0
2022-02-09 12:00:00+00:00,14847.2,14950.57,14842.7,14922.95,25280,22,0
2022-02-09 16:00:00+00:00,14922.95,14991.67,14858.67,14989.42,102744,20,0
2022-02-09 20:00:00+00:00,14989.42,15071.97,14952.3,15057.97,64484,20,0
2022-02-10 00:00:00+00:00,15058.65,15064.59,14989.79,14999.79,16689,52,0
2022-02-10 04:00:00+00:00,15000.17,15014.17,14972.29,15013.92,16666,123,0
2022-02-10 08:00:00+00:00,15013.54,15043.64,14970.77,14987.14,28784,122,0
2022-02-10 12:00:00+00:00,14987.14,15056.27,14801.52,14807.52,34468,121,0
2022-02-10 16:00:00+00:00,14806.89,15032.99,14725.27,14877.12,130676,120,0
2022-02-10 20:00:00+00:00,14876.37,14908.62,14626.37,14701.42,109057,120,0
2022-02-11 00:00:00+00:00,14698.52,14713.39,14618.77,14670.52,21311,122,0
2022-02-11 04:00:00+00:00,14670.64,14673.89,14529.14,14545.52,23958,122,0
2022-02-11 08:00:00+00:00,14545.52,14665.62,14535.27,14586.24,37439,121,0
2022-02-11 12:00:00+00:00,14586.37,14739.87,14574.24,14721.12,38989,121,0
2022-02-11 16:00:00+00:00,14720.99,14767.59,14507.84,14512.34,127306,120,0
2022-02-11 20:00:00+00:00,14512.47,14549.84,14182.95,14258.02,116399,120,0
2022-02-14 00:00:00+00:00,14249.67,14277.77,14184.14,14228.02,30896,122,0
2022-02-14 04:00:00+00:00,14228.14,14294.14,14205.52,14244.02,25710,127,0
2022-02-14 08:00:00+00:00,14244.02,14294.24,14045.99,14076.74,61634,121,0
2022-02-14 12:00:00+00:00,14076.62,14264.37,14030.49,14181.87,67730,121,0
2022-02-14 16:00:00+00:00,14181.74,14393.47,14169.24,14348.22,127210,120,0
2022-02-14 20:00:00+00:00,14348.22,14372.47,14102.22,14257.27,106190,120,0
2022-02-15 00:00:00+00:00,14255.94,14310.69,14251.06,14293.06,19707,122,0
2022-02-15 04:00:00+00:00,14293.19,14332.56,14223.19,14245.81,24714,122,0
2022-02-15 08:00:00+00:00,14245.56,14533.16,14239.16,14506.54,49922,121,0
2022-02-15 12:00:00+00:00,14506.79,14573.41,14462.41,14471.91,47574,120,0
2022-02-15 16:00:00+00:00,14472.04,14563.51,14428.39,14467.64,105912,120,0
2022-02-15 20:00:00+00:00,14467.64,14614.14,14461.89,14585.56,72207,120,0
2022-02-16 00:00:00+00:00,14584.28,14586.9,14545.65,14559.4,16702,127,0
2022-02-16 04:00:00+00:00,14559.4,14577.03,14543.78,14568.65,17315,123,0
2022-02-16 08:00:00+00:00,14568.65,14664.5,14552.5,14601.5,41980,121,0
2022-02-16 12:00:00+00:00,14601.25,14618.88,14513.13,14522.38,42527,121,0
2022-02-16 16:00:00+00:00,14522.38,14527.75,14377.85,14410.6,109599,120,0
2022-02-16 20:00:00+00:00,14410.35,14640.98,14389.1,14589.38,90101,120,0
2022-02-17 00:00:00+00:00,14583.48,14615.73,14557.98,14572.98,18490,122,0
2022-02-17 04:00:00+00:00,14572.98,14596.23,14438.61,14517.11,33726,122,0
2022-02-17 08:00:00+00:00,14517.11,14580.33,14465.58,14494.71,48537,121,0
2022-02-17 12:00:00+00:00,14494.71,14561.08,14443.08,14455.33,39837,121,0
2022-02-17 16:00:00+00:00,14455.71,14499.46,14309.93,14345.18,108951,120,0
2022-02-17 20:00:00+00:00,14345.06,14348.43,14131.11,14151.98,79202,120,0
2022-02-18 00:00:00+00:00,14152.12,14287.24,14125.74,14269.24,28490,122,0
2022-02-18 04:00:00+00:00,14269.62,14294.99,14242.99,14259.37,27209,122,0
2022-02-18 08:00:00+00:00,14259.24,14284.22,14220.22,14267.59,40624,121,0
2022-02-18 12:00:00+00:00,14267.59,14275.72,14126.97,14179.47,43339,121,0
2022-02-18 16:00:00+00:00,14179.22,14217.57,13937.19,13941.19,132284,120,0
2022-02-18 20:00:00+00:00,13940.94,14140.32,13903.32,13988.12,105446,120,0
2022-02-21 00:00:00+00:00,13949.19,14083.31,13808.06,14056.31,34434,122,0
2022-02-21 04:00:00+00:00,14056.31,14074.81,14002.69,14059.19,24553,122,0
2022-02-21 08:00:00+00:00,14059.31,14155.41,13964.66,13975.41,40979,121,0
2022-02-21 12:00:00+00:00,13975.41,13991.41,13773.16,13832.54,44606,121,0
2022-02-21 16:00:00+00:00,13832.54,13888.04,13715.01,13734.01,49899,120,0
2022-02-21 20:00:00+00:00,13733.14,13733.14,13733.14,13733.14,1,160,0
2022-02-22 00:00:00+00:00,13670.2,13736.64,13579.76,13688.64,45267,122,0
2022-02-22 04:00:00+00:00,13688.51,13720.51,13637.51,13696.01,35526,122,0
2022-02-22 08:00:00+00:00,13695.64,13763.74,13612.74,13723.49,67325,121,0
2022-02-22 12:00:00+00:00,13723.61,13964.74,13719.11,13935.99,64071,121,0
2022-02-22 16:00:00+00:00,13935.61,14107.09,13812.46,13830.21,136044,120,0
2022-02-22 20:00:00+00:00,13830.21,14011.34,13709.71,13919.51,118357,120,0
2022-02-23 00:00:00+00:00,13926.3,13988.28,13912.53,13938.78,18889,122,0
2022-02-23 04:00:00+00:00,13939.65,13986.9,13911.65,13956.03,20387,122,0
2022-02-23 08:00:00+00:00,13956.03,14067.38,13924.63,14027.13,42282,121,0
2022-02-23 12:00:00+00:00,14027.25,14039.38,13951.38,14019.63,42893,121,0
2022-02-23 16:00:00+00:00,14019.63,14029.6,13713.85,13763.48,128733,120,0
2022-02-23 20:00:00+00:00,13763.35,13764.1,13470.9,13481.65,109292,120,0
2022-02-24 00:00:00+00:00,13480.63,13516.38,13357.88,13429.5,37074,120,0
2022-02-24 04:00:00+00:00,13430.38,13443.13,13104.75,13166.75,68698,121,0
2022-02-24 08:00:00+00:00,13166.5,13248.1,13024.98,13158.73,76482,121,0
2022-02-24 12:00:00+00:00,13158.85,13217.73,13027.23,13097.23,77162,121,0
2022-02-24 16:00:00+00:00,13097.1,13561.2,13058.83,13453.7,160032,120,0
2022-02-24 20:00:00+00:00,13453.58,13980.7,13438.08,13912.0,123072,120,0
2022-02-25 00:00:00+00:00,13907.38,13939.25,13815.63,13852.25,33961,122,0
2022-02-25 04:00:00+00:00,13851.38,13917.63,13805.5,13854.0,34202,122,0
2022-02-25 08:00:00+00:00,13854.13,13885.73,13759.6,13864.35,68895,121,0
2022-02-25 12:00:00+00:00,13864.35,14105.73,13830.35,14038.1,66106,121,0
2022-02-25 16:00:00+00:00,14037.98,14174.58,13830.95,14078.33,129975,120,0
2022-02-25 20:00:00+00:00,14078.33,14194.5,14035.83,14183.65,92715,120,0
2022-02-28 00:00:00+00:00,13898.59,13952.84,13684.84,13835.46,37035,122,0
2022-02-28 04:00:00+00:00,13835.46,13879.59,13753.36,13858.84,34327,122,0
2022-02-28 08:00:00+00:00,13858.59,14047.31,13843.59,13978.69,59578,121,0
2022-02-28 12:00:00+00:00,13977.94,14066.56,13944.69,13997.69,48700,121,0
2022-02-28 16:00:00+00:00,13997.69,14288.79,13986.31,14108.54,125840,120,0
2022-02-28 20:00:00+00:00,14108.16,14237.59,13994.54,14216.46,102888,120,0
2022-03-01 00:00:00+00:00,14216.48,14268.71,14185.21,14200.59,18402,122,0
2022-03-01 04:00:00+00:00,14200.71,14221.21,14171.96,14209.09,18940,122,0
2022-03-01 08:00:00+00:00,14209.09,14325.19,14105.56,14113.31,53998,121,0
2022-03-01 12:00:00+00:00,14113.31,14208.31,14069.06,14180.56,57794,121,0
2022-03-01 16:00:00+00:00,14179.94,14271.04,13997.29,14088.79,124764,120,0
2022-03-01 20:00:00+00:00,14088.41,14116.54,13899.16,14023.71,97485,120,0
2022-03-02 00:00:00+00:00,14022.32,14064.95,14004.95,14014.82,21653,122,0
2022-03-02 04:00:00+00:00,14014.82,14093.45,13971.07,14066.57,24359,122,0
2022-03-02 08:00:00+00:00,14066.57,14115.55,13910.42,14089.55,62176,121,0
2022-03-02 12:00:00+00:00,14090.05,14141.8,14003.55,14032.05,50371,121,0
2022-03-02 16:00:00+00:00,14032.05,14221.15,13949.9,14190.27,124733,120,0
2022-03-02 20:00:00+00:00,14190.27,14288.27,14170.7,14193.7,77584,120,0
2022-03-03 00:00:00+00:00,14194.15,14222.02,14180.9,14184.02,15636,122,0
2022-03-03 04:00:00+00:00,14184.15,14246.15,14182.02,14236.65,17015,122,0
2022-03-03 08:00:00+00:00,14236.77,14253.02,14158.62,14197.12,42415,121,0
2022-03-03 12:00:00+00:00,14197.12,14331.25,14166.75,14329.62,39761,121,0
2022-03-03 16:00:00+00:00,14329.62,14389.37,14030.6,14140.1,126867,120,0
2022-03-03 20:00:00+00:00,14139.22,14192.6,13956.47,14061.4,86903,120,0
2022-03-04 00:00:00+00:00,14064.27,14084.65,13745.15,13931.27,39100,122,0
2022-03-04 04:00:00+00:00,13931.27,13950.4,13873.27,13947.15,32018,122,0
2022-03-04 08:00:00+00:00,13947.02,14058.37,13884.25,13911.0,44639,120,0
2022-03-04 12:00:00+00:00,13911.0,14008.12,13872.33,13910.62,49774,121,0
2022-03-04 16:00:00+00:00,13910.87,13993.6,13732.97,13866.1,132885,120,0
2022-03-04 20:00:00+00:00,13866.1,13932.97,13740.85,13799.65,98462,120,0
2022-03-07 00:00:00+00:00,13760.88,13760.88,13540.13,13551.51,29892,120,0
2022-03-07 04:00:00+00:00,13551.13,13670.26,13528.63,13601.26,27571,120,0
2022-03-07 08:00:00+00:00,13600.88,13651.98,13545.36,13605.23,56021,121,0
2022-03-07 12:00:00+00:00,13605.61,13798.11,13567.61,13787.23,60635,121,0
2022-03-07 16:00:00+00:00,13787.11,13879.21,13496.33,13520.21,130764,120,0
2022-03-07 20:00:00+00:00,13520.21,13563.08,13265.26,13276.26,100573,120,0
2022-03-08 00:00:00+00:00,13272.89,13380.27,13254.64,13350.14,24867,120,0
2022-03-08 04:00:00+00:00,13349.52,13359.39,13202.77,13204.89,28846,122,0
2022-03-08 08:00:00+00:00,13204.89,13378.99,13104.89,13352.12,57326,121,0
2022-03-08 12:00:00+00:00,13351.87,13422.99,13232.87,13291.87,55694,121,0
2022-03-08 16:00:00+00:00,13290.37,13619.47,13119.87,13590.47,140479,120,0
2022-03-08 20:00:00+00:00,13590.47,13666.22,13184.77,13201.77,118432,120,0
2022-03-09 00:00:00+00:00,13200.54,13346.76,13195.14,13312.76,23807,122,0
2022-03-09 04:00:00+00:00,13313.39,13344.51,13223.51,13287.89,31106,122,0
2022-03-09 08:00:00+00:00,13287.39,13557.49,13285.89,13551.36,61666,121,0
2022-03-09 12:00:00+00:00,13551.36,13610.49,13489.07,13555.11,58781,121,0
2022-03-09 16:00:00+00:00,13555.24,13748.71,13498.09,13723.34,124279,120,0
2022-03-09 20:00:00+00:00,13723.84,13822.26,13660.34,13778.39,88826,120,0
2022-03-10 00:00:00+00:00,13776.89,13777.08,13704.08,13726.21,22086,122,0
2022-03-10 04:00:00+00:00,13726.21,13764.71,13670.58,13709.96,25148,122,0
2022-03-10 08:00:00+00:00,13710.33,13722.56,13589.43,13621.56,52686,121,0
2022-03-10 12:00:00+00:00,13622.06,13647.31,13510.18,13521.18,60711,121,0
2022-03-10 16:00:00+00:00,13521.06,13611.91,13397.91,13433.53,113891,120,0
2022-03-10 20:00:00+00:00,13433.53,13636.16,13421.91,13573.78,88110,120,0
2022-03-11 00:00:00+00:00,13574.43,13616.81,13501.31,13510.06,16747,120,0
2022-03-11 04:00:00+00:00,13510.06,13568.06,13455.93,13557.81,17183,120,0
2022-03-11 08:00:00+00:00,13557.81,13662.58,13541.63,13641.83,36495,121,0
2022-03-11 12:00:00+00:00,13641.96,13861.58,13621.08,13736.08,46139,121,0
2022-03-11 16:00:00+00:00,13735.96,13755.08,13404.56,13449.56,96219,120,0
2022-03-11 20:00:00+00:00,13449.43,13518.43,13283.81,13306.98,62977,120,0
2022-03-14 00:00:00+00:00,13362.64,13412.62,13338.35,13391.37,17996,122,0
2022-03-14 04:00:00+00:00,13391.62,13401.49,13289.37,13342.87,17115,127,0
2022-03-14 08:00:00+00:00,13342.87,13404.72,13303.72,13338.97,29376,121,0
2022-03-14 12:00:00+00:00,13338.84,13446.22,13227.09,13314.84,38908,121,0
2022-03-14 16:00:00+00:00,13315.22,13393.07,13078.57,13080.57,105092,120,0
2022-03-14 20:00:00+00:00,13080.57,13122.07,13017.94,13082.49,71898,120,0
2022-03-15 00:00:00+00:00,13078.94,13118.19,13068.81,13094.44,13065,127,0
2022-03-15 04:00:00+00:00,13094.69,13142.81,13051.44,13122.56,29148,122,0
2022-03-15 08:00:00+00:00,13122.56,13124.56,12959.54,12971.16,44401,121,0
2022-03-15 12:00:00+00:00,12971.16,13185.79,12945.29,13146.91,43721,121,0
2022-03-15 16:00:00+00:00,13148.54,13406.76,13090.39,13349.89,118757,120,0
2022-03-15 20:00:00+00:00,13349.64,13488.64,13263.01,13444.44,79362,120,0
2022-03-16 00:00:00+00:00,13442.59,13477.24,13417.86,13432.99,12761,122,0
2022-03-16 04:00:00+00:00,13433.24,13475.36,13421.36,13464.61,27111,122,0
2022-03-16 08:00:00+00:00,13464.61,13680.46,13459.11,13664.34,49158,121,0
2022-03-16 12:00:00+00:00,13664.59,13720.59,13643.59,13648.84,43446,121,0
2022-03-16 16:00:00+00:00,13649.46,13866.94,13614.19,13727.44,110427,120,0
2022-03-16 20:00:00+00:00,13727.44,14026.49,13464.44,13999.11,106126,120,0
2022-03-17 00:00:00+00:00,13990.42,13994.27,13946.27,13989.4,15083,122,0
2022-03-17 04:00:00+00:00,13989.52,13992.4,13900.27,13966.02,31720,122,0
2022-03-17 08:00:00+00:00,13965.9,14021.37,13916.87,13929.0,37153,121,0
2022-03-17 12:00:00+00:00,13929.71,13940.0,13832.75,13854.62,47154,121,0
2022-03-17 16:00:00+00:00,13855.0,14012.1,13818.72,13981.6,112025,120,0
2022-03-17 20:00:00+00:00,13981.47,14131.77,13942.35,14051.52,77800,120,0
2022-03-18 00:00:00+00:00,14050.01,14069.89,13977.66,13983.76,15967,122,0
2022-03-18 04:00:00+00:00,13983.76,13996.76,13964.89,13986.51,24107,122,0
2022-03-18 08:00:00+00:00,13986.51,14059.49,13977.64,14028.36,35353,121,0
2022-03-18 12:00:00+00:00,14028.36,14038.11,13975.11,14002.49,42579,121,0
2022-03-18 16:00:00+00:00,14002.49,14308.71,13988.99,14294.46,120050,120,0
2022-03-18 20:00:00+00:00,14294.59,14436.64,14280.34,14432.39,71075,120,0
2022-03-21 00:00:00+00:00,14405.7,14432.45,14369.58,14389.08,15480,123,0
2022-03-21 04:00:00+00:00,14389.08,14392.08,14338.83,14356.95,23768,123,0
2022-03-21 08:00:00+00:00,14357.08,14374.3,14304.95,14346.68,32675,121,0
2022-03-21 12:00:00+00:00,14346.68,14425.55,14323.55,14365.05,31551,121,0
2022-03-21 16:00:00+00:00,14365.05,14464.15,14226.28,14250.78,125870,120,0
2022-03-21 20:00:00+00:00,14251.15,14395.95,14181.78,14389.7,97060,120,0
2022-03-22 00:00:00+00:00,14382.19,14388.17,14308.54,14308.92,12832,122,0
2022-03-22 04:00:00+00:00,14308.92,14344.67,14290.79,14312.04,30478,122,0
2022-03-22 08:00:00+00:00,14312.04,14439.02,14298.67,14425.64,31730,122,0
2022-03-22 12:00:00+00:00,14425.52,14445.39,14359.77,14393.39,31259,125,0
2022-03-22 16:00:00+00:00,14393.39,14681.49,14372.1,14609.87,114021,120,0
2022-03-22 20:00:00+00:00,14610.24,14687.74,14580.62,14652.04,82208,120,0
2022-03-23 00:00:00+00:00,14648.97,14672.94,14626.69,14633.69,14398,135,0
2022-03-23 04:00:00+00:00,14633.69,14669.57,14621.94,14658.69,24066,123,0
2022-03-23 08:00:00+00:00,14658.69,14672.17,14610.92,14629.04,24635,122,0
2022-03-23 12:00:00+00:00,14629.04,14634.67,14516.54,14525.04,33478,121,0
2022-03-23 16:00:00+00:00,14525.04,14678.39,14457.39,14596.02,121076,120,0
2022-03-23 20:00:00+00:00,14595.89,14603.89,14438.07,14458.32,89764,120,0
2022-03-24 00:00:00+00:00,14453.3,14494.65,14449.77,14465.9,11142,122,0
2022-03-24 04:00:00+00:00,14465.9,14519.02,14443.77,14509.9,21012,123,0
2022-03-24 08:00:00+00:00,14509.9,14565.0,14498.62,14552.12,29995,121,0
2022-03-24 12:00:00+00:00,14552.25,14566.25,14499.75,14527.37,37039,121,0
2022-03-24 16:00:00+00:00,14527.37,14658.97,14429.22,14627.85,122140,120,0
2022-03-24 20:00:00+00:00,14627.97,14764.9,14608.72,14757.52,76145,120,0
2022-03-25 00:00:00+00:00,14757.21,14769.01,14714.13,14722.88,13633,122,0
2022-03-25 04:00:00+00:00,14722.88,14808.76,14717.13,14798.01,26873,122,0
2022-03-25 08:00:00+00:00,14797.88,14797.88,14689.61,14725.48,29686,122,0
2022-03-25 12:00:00+00:00,14725.36,14834.73,14702.73,14808.86,31040,121,0
2022-03-25 16:00:00+00:00,14808.73,14808.73,14567.83,14639.58,121735,120,0
2022-03-25 20:00:00+00:00,14639.33,14754.01,14616.21,14744.38,82416,120,0
2022-03-28 00:00:00+00:00,14748.19,14772.61,14701.23,14706.86,17058,123,0
2022-03-28 04:00:00+00:00,14706.73,14714.48,14677.86,14691.73,27933,122,0
2022-03-28 08:00:00+00:00,14691.73,14733.33,14654.71,14729.46,39487,121,0
2022-03-28 12:00:00+00:00,14728.83,14807.96,14677.21,14753.21,36605,121,0
2022-03-28 16:00:00+00:00,14753.21,14906.56,14697.56,14780.93,126900,120,0
2022-03-28 20:00:00+00:00,14781.06,14992.36,14777.43,14977.73,73426,120,0
2022-03-29 00:00:00+00:00,14975.96,14982.46,14951.96,14955.46,11754,123,0
2022-03-29 04:00:00+00:00,14955.46,14986.84,14953.34,14969.09,20110,122,0
2022-03-29 08:00:00+00:00,14969.21,15036.06,14957.96,15016.56,33637,121,0
2022-03-29 12:00:00+00:00,15016.56,15162.31,15008.56,15157.44,48937,121,0
2022-03-29 16:00:00+00:00,15157.44,15213.04,15028.04,15120.04,123399,120,0
2022-03-29 20:00:00+00:00,15120.04,15264.16,15085.66,15221.71,74608,120,0
2022-03-30 00:00:00+00:00,15219.5,15229.12,15196.5,15215.37,14570,123,0
2022-03-30 04:00:00+00:00,15215.37,15256.37,15199.37,15208.5,28599,123,0
2022-03-30 08:00:00+00:00,15208.5,15240.97,15141.85,15157.6,38971,122,0
2022-03-30 12:00:00+00:00,15157.6,15189.1,15121.85,15153.47,36006,121,0
2022-03-30 16:00:00+00:00,15153.72,15229.07,15091.57,15187.32,111399,120,0
2022-03-30 20:00:00+00:00,15187.32,15189.82,15007.07,15102.62,80258,120,0
2022-03-31 00:00:00+00:00,15093.35,15161.6,15091.85,15153.1,14039,127,0
2022-03-31 04:00:00+00:00,15153.22,15157.72,15130.62,15137.47,22094,135,0
2022-03-31 08:00:00+00:00,15137.72,15175.32,15113.95,15138.82,36284,121,0
2022-03-31 12:00:00+00:00,15138.7,15140.7,15074.7,15101.7,34990,121,0
2022-03-31 16:00:00+00:00,15101.82,15108.82,14962.3,14975.17,113899,120,0
2022-03-31 20:00:00+00:00,14975.37,15059.67,14850.6,14911.85,86817,120,0
2022-04-01 00:00:00+00:00,14914.55,14918.05,14870.8,14893.67,15981,135,0
2022-04-01 04:00:00+00:00,14893.8,14931.42,14885.67,14905.8,25812,123,0
2022-04-01 08:00:00+00:00,14905.92,14947.4,14896.4,14924.15,35823,122,0
2022-04-01 12:00:00+00:00,14924.02,14953.9,14890.9,14892.65,33773,121,0
2022-04-01 16:00:00+00:00,14892.52,14926.87,14727.87,14739.5,122642,120,0
2022-04-01 20:00:00+00:00,14739.37,14865.05,14720.62,14846.17,90499,120,0
2022-04-04 00:00:00+00:00,14841.5,14856.62,14797.37,14815.5,13470,144,0
2022-04-04 04:00:00+00:00,14815.37,14858.75,14806.0,14856.5,21568,169,0
2022-04-04 08:00:00+00:00,14856.25,14892.72,14821.6,14873.1,35221,121,0
2022-04-04 12:00:00+00:00,14872.97,14934.72,14872.35,14879.6,32018,125,0
2022-04-04 16:00:00+00:00,14879.6,15126.07,14877.85,15094.07,100423,120,0
2022-04-04 20:00:00+00:00,15093.95,15170.12,15063.82,15155.87,60434,124,0
2022-04-05 00:00:00+00:00,15149.94,15154.69,15137.06,15149.19,10774,122,0
2022-04-05 04:00:00+00:00,15149.44,15151.56,15136.56,15145.44,14813,172,0
2022-04-05 08:00:00+00:00,15145.44,15190.29,15130.29,15155.54,29052,125,0
2022-04-05 12:00:00+00:00,15155.54,15158.66,15092.79,15096.66,32795,122,0
2022-04-05 16:00:00+00:00,15096.66,15127.26,14842.51,14885.01,118286,120,0
2022-04-05 20:00:00+00:00,14885.01,14933.01,14773.39,14853.31,80570,124,0
2022-04-06 00:00:00+00:00,14852.23,14852.86,14776.36,14778.36,14369,169,0
2022-04-06 04:00:00+00:00,14778.36,14803.98,14767.23,14789.48,26547,122,0
2022-04-06 08:00:00+00:00,14789.61,14835.21,14701.33,14732.33,42568,121,0
2022-04-06 12:00:00+00:00,14732.33,14739.96,14573.96,14595.58,48447,121,0
2022-04-06 16:00:00+00:00,14595.58,14635.93,14413.68,14440.18,123522,120,0
2022-04-06 20:00:00+00:00,14440.18,14644.43,14388.43,14488.61,111095,120,0
2022-04-07 00:00:00+00:00,14487.57,14512.92,14430.92,14455.55,16053,127,0
2022-04-07 04:00:00+00:00,14455.67,14489.8,14426.42,14444.42,27792,147,0
2022-04-07 08:00:00+00:00,14444.42,14570.9,14432.8,14569.15,45830,122,0
2022-04-07 12:00:00+00:00,14569.15,14596.4,14467.77,14473.52,42712,122,0
2022-04-07 16:00:00+00:00,14474.52,14600.25,14313.0,14351.75,131409,120,0
2022-04-07 20:00:00+00:00,14351.37,14626.62,14347.23,14528.17,100147,120,0
2022-04-08 00:00:00+00:00,14526.48,14567.6,14516.6,14527.23,13860,123,0
2022-04-08 04:00:00+00:00,14527.23,14546.73,14509.85,14524.98,22182,152,0
2022-04-08 08:00:00+00:00,14525.1,14634.2,14518.98,14578.33,37443,125,0
2022-04-08 12:00:00+00:00,14578.08,14591.58,14502.58,14508.58,36299,122,0
2022-04-08 16:00:00+00:00,14508.45,14508.45,14305.05,14472.55,128695,120,0
2022-04-08 20:00:00+00:00,14472.43,14472.8,14302.85,14321.98,89048,120,0
2022-04-11 00:00:00+00:00,14340.53,14363.78,14249.78,14290.91,18290,132,0
2022-04-11 04:00:00+00:00,14290.91,14303.41,14189.91,14197.41,30620,123,0
2022-04-11 08:00:00+00:00,14197.41,14298.26,14149.38,14169.63,49089,122,0
2022-04-11 12:00:00+00:00,14169.88,14237.13,14121.26,14150.63,45566,122,0
2022-04-11 16:00:00+00:00,14150.63,14189.73,14027.48,14085.36,120989,120,0
2022-04-11 20:00:00+00:00,14085.11,14124.23,13978.23,13996.41,87988,120,0
2022-04-12 00:00:00+00:00,13999.15,14011.52,13926.65,13933.77,17666,122,0
2022-04-12 04:00:00+00:00,13933.65,13942.65,13897.15,13901.52,28634,139,0
2022-04-12 08:00:00+00:00,13901.4,14015.37,13896.4,14002.62,49674,121,0
2022-04-12 12:00:00+00:00,14002.5,14277.5,13980.37,14253.37,47631,121,0
2022-04-12 16:00:00+00:00,14253.62,14270.97,14055.85,14097.47,131634,120,0
2022-04-12 20:00:00+00:00,14096.1,14127.1,13874.97,13947.9,100508,120,0
2022-04-13 00:00:00+00:00,13950.29,14008.79,13934.92,14006.92,16344,122,0
2022-04-13 04:00:00+00:00,14007.17,14042.92,13997.29,14024.04,25357,148,0
2022-04-13 08:00:00+00:00,14024.04,14091.92,14011.27,14060.52,44942,121,0
2022-04-13 12:00:00+00:00,14060.52,14069.77,13919.39,13944.77,49026,121,0
2022-04-13 16:00:00+00:00,13945.39,14194.99,13916.24,14180.87,117266,120,0
2022-04-13 20:00:00+00:00,14180.99,14259.99,14126.37,14205.67,75209,120,0
2022-04-14 00:00:00+00:00,14209.12,14245.0,14204.25,14225.12,13820,160,0
2022-04-14 04:00:00+00:00,14225.12,14284.12,14208.62,14276.37,24929,147,0
2022-04-14 08:00:00+00:00,14276.37,14288.37,14212.1,14232.97,35434,121,0
2022-04-14 12:00:00+00:00,14231.97,14241.47,14174.47,14181.1,44201,121,0
2022-04-14 16:00:00+00:00,14181.22,14239.07,13953.07,13976.32,116504,120,0
2022-04-14 20:00:00+00:00,13976.2,14040.45,13869.37,13884.75,79146,124,0
2022-04-18 00:00:00+00:00,13885.89,13892.64,13724.26,13737.51,23071,122,0
2022-04-18 04:00:00+00:00,13737.51,13767.76,13736.51,13745.76,20163,143,0
2022-04-18 08:00:00+00:00,13746.14,13831.99,13745.64,13808.74,19879,129,0
2022-04-18 12:00:00+00:00,13808.61,13863.36,13772.74,13838.99,26024,121,0
2022-04-18 16:00:00+00:00,13839.24,13996.96,13780.96,13811.59,115197,120,0
2022-04-18 20:00:00+00:00,13811.59,13990.34,13799.96,13959.26,92567,120,0
2022-04-19 00:00:00+00:00,13956.07,14013.3,13937.67,13948.55,16540,123,0
2022-04-19 04:00:00+00:00,13948.42,13994.17,13927.8,13991.05,26728,120,0
2022-04-19 08:00:00+00:00,13990.92,14001.65,13854.4,13860.9,46211,121,0
2022-04-19 12:00:00+00:00,13860.77,13941.4,13822.9,13891.02,47113,122,0
2022-04-19 16:00:00+00:00,13890.9,14190.75,13829.0,14150.75,106058,120,0
2022-04-19 20:00:00+00:00,14150.87,14234.87,14059.87,14087.75,85334,124,0
2022-04-20 00:00:00+00:00,14096.96,14111.46,14060.33,14083.21,18300,124,0
2022-04-20 04:00:00+00:00,14083.33,14119.96,14039.21,14100.38,31349,122,0
2022-04-20 08:00:00+00:00,14100.38,14147.86,14060.86,14140.36,42805,125,0
2022-04-20 12:00:00+00:00,14139.86,14291.61,14137.61,14284.61,43906,121,0
2022-04-20 16:00:00+00:00,14284.61,14286.61,13973.96,14048.46,117564,120,0
2022-04-20 20:00:00+00:00,14048.71,14110.33,13952.83,14064.76,91089,120,0
2022-04-21 00:00:00+00:00,14064.51,14098.26,14057.89,14085.51,12021,122,0
2022-04-21 04:00:00+00:00,14085.51,14119.51,14071.51,14089.39,20309,135,0
2022-04-21 08:00:00+00:00,14089.39,14169.36,14049.61,14168.36,39557,121,0
2022-04-21 12:00:00+00:00,14167.86,14188.11,14121.99,14178.49,32745,134,0
2022-04-21 16:00:00+00:00,14178.49,14276.96,13900.71,13908.09,123784,120,0
2022-04-21 20:00:00+00:00,13907.59,13945.46,13662.76,13707.26,107737,120,0
2022-04-22 00:00:00+00:00,13706.92,13721.8,13607.05,13631.3,18050,135,0
2022-04-22 04:00:00+00:00,13631.17,13706.05,13624.92,13703.92,27490,127,0
2022-04-22 08:00:00+00:00,13703.92,13755.02,13658.77,13701.77,45824,122,0
2022-04-22 12:00:00+00:00,13701.52,13773.52,13647.15,13716.77,43808,125,0
2022-04-22 16:00:00+00:00,13716.77,13771.75,13480.37,13486.12,117104,120,0
2022-04-22 20:00:00+00:00,13486.12,13502.25,13291.67,13308.8,96460,120,0
2022-04-25 00:00:00+00:00,13330.97,13354.97,13254.35,13288.6,25003,120,0
2022-04-25 04:00:00+00:00,13288.72,13316.97,13231.35,13272.35,35539,123,0
2022-04-25 08:00:00+00:00,13272.85,13332.07,13196.07,13237.32,59407,121,0
2022-04-25 12:00:00+00:00,13237.32,13317.7,13179.57,13312.57,56487,121,0
2022-04-25 16:00:00+00:00,13312.7,13462.05,13232.3,13338.3,151845,120,0
2022-04-25 20:00:00+00:00,13338.17,13545.1,13302.05,13523.22,115554,120,0
2022-04-26 00:00:00+00:00,13522.15,13532.53,13502.78,13530.15,12029,132,0
2022-04-26 04:00:00+00:00,13529.9,13578.4,13516.9,13566.15,21347,152,0
2022-04-26 08:00:00+00:00,13566.15,13568.9,13427.75,13517.5,44803,125,0
2022-04-26 12:00:00+00:00,13517.13,13524.63,13443.75,13471.0,38921,125,0
2022-04-26 16:00:00+00:00,13471.75,13471.88,13091.85,13212.73,133720,120,0
2022-04-26 20:00:00+00:00,13212.85,13214.1,12798.28,12805.28,118625,120,0
2022-04-27 00:00:00+00:00,12878.77,13038.15,12874.52,12957.02,25752,123,0
2022-04-27 04:00:00+00:00,12957.02,13076.65,12952.02,13051.9,33938,135,0
2022-04-27 08:00:00+00:00,13052.27,13180.0,12975.12,13123.62,55161,121,0
2022-04-27 12:00:00+00:00,13122.83,13157.25,13012.12,13037.12,54134,0,0
2022-04-27 16:00:00+00:00,13037.12,13251.35,12927.35,13185.22,163013,120,0
2022-04-27 20:00:00+00:00,13185.6,13202.35,12973.72,13159.15,137166,120,0
2022-04-28 00:00:00+00:00,13182.11,13191.73,13136.48,13159.61,16558,122,0
2022-04-28 04:00:00+00:00,13159.61,13194.48,13128.98,13193.11,27649,127,0
2022-04-28 08:00:00+00:00,13193.11,13335.58,13162.61,13334.96,48596,121,0
2022-04-28 12:00:00+00:00,13334.96,13343.21,13165.08,13191.71,52936,121,0
2022-04-28 16:00:00+00:00,13191.46,13368.06,13030.31,13353.31,150530,120,0
2022-04-28 20:00:00+00:00,13353.18,13537.81,13267.73,13306.61,119082,120,0
2022-04-29 00:00:00+00:00,13195.55,13283.55,13172.05,13280.3,19776,127,0
2022-04-29 04:00:00+00:00,13280.3,13347.18,13270.55,13342.43,29040,122,0
2022-04-29 08:00:00+00:00,13342.68,13414.78,13315.9,13343.9,53523,122,0
2022-04-29 12:00:00+00:00,13343.78,13350.65,13243.7,13277.15,54068,121,0
2022-04-29 16:00:00+00:00,13277.03,13427.13,13053.88,13068.63,146256,120,0
2022-04-29 20:00:00+00:00,13068.13,13131.0,12826.18,12884.55,113143,120,0
2022-05-02 00:00:00+00:00,12899.81,12920.44,12802.44,12893.44,34364,123,0
2022-05-02 04:00:00+00:00,12893.94,12964.81,12835.94,12943.06,32482,122,0
2022-05-02 08:00:00+00:00,12942.94,12975.79,12868.79,12885.41,49543,121,0
2022-05-02 12:00:00+00:00,12885.41,12934.29,12765.29,12791.66,47433,122,0
2022-05-02 16:00:00+00:00,12791.66,13039.51,12738.89,12807.01,166701,120,0
2022-05-02 20:00:00+00:00,12806.64,13080.14,12705.89,13046.44,129273,120,0
2022-05-03 00:00:00+00:00,13043.97,13114.72,13023.35,13099.97,14468,123,0
2022-05-03 04:00:00+00:00,13099.85,13165.85,13067.1,13116.47,27644,135,0
2022-05-03 08:00:00+00:00,13116.35,13139.97,13040.07,13068.82,47749,121,0
2022-05-03 12:00:00+00:00,13068.95,13116.45,12997.82,13102.32,49382,122,0
2022-05-03 16:00:00+00:00,13102.57,13146.55,12964.17,13078.3,145015,120,0
2022-05-03 20:00:00+00:00,13078.92,13178.42,12990.67,13114.1,118734,120,0
2022-05-04 00:00:00+00:00,13104.58,13128.96,13099.83,13117.83,10307,140,0
2022-05-04 04:00:00+00:00,13118.08,13139.46,13083.33,13103.33,18095,122,0
2022-05-04 08:00:00+00:00,13102.83,13131.06,13077.56,13108.06,32492,121,0
2022-05-04 12:00:00+00:00,13107.93,13148.81,13087.56,13098.06,31629,121,0
2022-05-04 16:00:00+00:00,13097.93,13113.68,12878.53,13096.41,127277,120,0
2022-05-04 20:00:00+00:00,13096.66,13549.91,12934.41,13490.83,123419,120,0
2022-05-05 00:00:00+00:00,13499.03,13533.9,13494.28,13519.4,12614,144,0
2022-05-05 04:00:00+00:00,13519.03,13534.4,13500.15,13532.53,16632,172,0
2022-05-05 08:00:00+00:00,13532.53,13540.4,13370.23,13395.6,43306,122,0
2022-05-05 12:00:00+00:00,13394.85,13444.73,13386.48,13392.35,43590,211,0
2022-05-05 16:00:00+00:00,13394.48,13394.48,12788.83,12897.7,160887,210,0
2022-05-05 20:00:00+00:00,12895.58,12957.33,12697.33,12889.75,133566,210,0
2022-05-06 00:00:00+00:00,12874.95,12879.7,12810.95,12814.33,19966,217,0
2022-05-06 04:00:00+00:00,12813.7,12868.2,12772.2,12831.95,30584,217,0
2022-05-06 08:00:00+00:00,12832.08,12871.18,12740.3,12781.05,56653,211,0
2022-05-06 12:00:00+00:00,12781.05,12884.43,12707.55,12713.8,60849,211,0
2022-05-06 16:00:00+00:00,12713.93,12918.9,12510.65,12852.78,176257,210,0
2022-05-06 20:00:00+00:00,12852.78,12866.28,12557.78,12657.45,129178,210,0
2022-05-09 00:00:00+00:00,12587.42,12628.04,12518.92,12522.92,19490,212,0
2022-05-09 04:00:00+00:00,12522.92,12594.04,12501.17,12565.29,26741,212,0
2022-05-09 08:00:00+00:00,12564.67,12615.89,12451.39,12487.52,52569,211,0
2022-05-09 12:00:00+00:00,12486.77,12510.77,12336.02,12435.02,68238,211,0
2022-05-09 16:00:00+00:00,12436.52,12547.74,12230.74,12279.49,153525,210,0
2022-05-09 20:00:00+00:00,12279.49,12330.62,12127.87,12197.29,119891,210,0
2022-05-10 00:00:00+00:00,12206.19,12244.06,12095.81,12148.69,21120,212,0
2022-05-10 04:00:00+00:00,12148.69,12303.94,12138.94,12293.19,35823,212,0
2022-05-10 08:00:00+00:00,12293.06,12404.16,12287.19,12381.91,48659,212,0
2022-05-10 12:00:00+00:00,12381.91,12467.54,12287.04,12461.04,52519,211,0
2022-05-10 16:00:00+00:00,12461.04,12540.26,12164.39,12224.14,166515,210,0
2022-05-10 20:00:00+00:00,12224.14,12512.51,12211.51,12322.31,126461,210,0
2022-05-11 00:00:00+00:00,12321.27,12395.65,12313.9,12366.02,14465,212,0
2022-05-11 04:00:00+00:00,12366.02,12456.9,12346.15,12443.4,24486,237,0
2022-05-11 08:00:00+00:00,12443.27,12510.87,12378.87,12497.87,45104,211,0
2022-05-11 12:00:00+00:00,12497.87,12546.5,12095.37,12133.62,52319,211,0
2022-05-11 16:00:00+00:00,12132.87,12471.35,12119.85,12131.1,161854,210,0
2022-05-11 20:00:00+00:00,12128.85,12159.85,11932.6,12000.77,129928,210,0
2022-05-12 00:00:00+00:00,11990.56,12045.31,11918.18,12033.18,23823,210,0
2022-05-12 04:00:00+00:00,12033.18,12064.56,11953.93,11966.06,29994,213,0
2022-05-12 08:00:00+00:00,11965.93,11987.68,11806.53,11827.66,61011,212,0
2022-05-12 12:00:00+00:00,11827.28,11910.66,11749.66,11786.53,60183,211,0
2022-05-12 16:00:00+00:00,11786.53,12123.88,11686.38,11902.76,167782,210,0
2022-05-12 20:00:00+00:00,11902.63,11948.68,11682.76,11866.43,133490,210,0
2022-05-13 00:00:00+00:00,11896.02,12067.77,11894.9,12053.52,19308,212,0
2022-05-13 04:00:00+00:00,12053.4,12140.02,12039.4,12113.9,26593,213,0
2022-05-13 08:00:00+00:00,12114.02,12172.37,12061.62,12139.25,50661,212,0
2022-05-13 12:00:00+00:00,12139.25,12199.5,12106.25,12167.75,40774,212,0
2022-05-13 16:00:00+00:00,12167.5,12422.97,12057.35,12376.72,128268,210,0
2022-05-13 20:00:00+00:00,12376.72,12424.47,12211.72,12356.27,107186,210,0
2022-05-16 00:00:00+00:00,12401.97,12491.09,12381.72,12451.34,21873,212,0
2022-05-16 04:00:00+00:00,12451.59,12463.09,12230.09,12305.84,36830,212,0
2022-05-16 08:00:00+00:00,12305.97,12339.69,12223.57,12339.44,46791,215,0
2022-05-16 12:00:00+00:00,12339.82,12406.07,12280.69,12348.19,42267,211,0
2022-05-16 16:00:00+00:00,12348.44,12366.92,12183.54,12231.17,143188,210,0
2022-05-16 20:00:00+00:00,12231.17,12392.92,12205.04,12229.59,101210,210,0
2022-05-17 00:00:00+00:00,12227.86,12303.48,12227.86,12283.36,13847,225,0
2022-05-17 04:00:00+00:00,12283.36,12330.23,12273.36,12316.48,23851,212,0
2022-05-17 08:00:00+00:00,12316.48,12521.08,12308.11,12489.71,36772,211,0
2022-05-17 12:00:00+00:00,12489.71,12536.71,12430.21,12469.08,44265,211,0
2022-05-17 16:00:00+00:00,12469.08,12528.31,12325.31,12458.93,123792,210,0
2022-05-17 20:00:00+00:00,12458.93,12570.93,12365.43,12566.73,103278,210,0
2022-05-18 00:00:00+00:00,12563.63,12583.85,12533.1,12538.35,14181,212,0
2022-05-18 04:00:00+00:00,12538.73,12541.73,12464.35,12484.23,24354,212,0
2022-05-18 08:00:00+00:00,12484.35,12529.83,12450.08,12469.7,37115,212,0
2022-05-18 12:00:00+00:00,12469.7,12513.83,12354.2,12356.58,39789,212,0
2022-05-18 16:00:00+00:00,12356.58,12388.8,12048.3,12122.55,127763,210,0
2022-05-18 20:00:00+00:00,12123.3,12123.55,11853.35,11887.85,110399,210,0
2022-05-19 00:00:00+00:00,11889.37,11911.47,11797.72,11845.22,22012,213,0
2022-05-19 04:00:00+00:00,11845.35,11942.72,11812.1,11921.85,33419,212,0
2022-05-19 08:00:00+00:00,11921.72,11934.47,11725.95,11731.2,56007,210,0
2022-05-19 12:00:00+00:00,11731.32,11849.2,11694.45,11808.45,59130,211,0
2022-05-19 16:00:00+00:00,11808.45,12066.8,11785.8,11922.17,154087,210,0
2022-05-19 20:00:00+00:00,11922.05,12041.3,11838.85,11891.97,122001,210,0
2022-05-20 00:00:00+00:00,11892.53,11970.9,11886.15,11946.65,15882,225,0
2022-05-20 04:00:00+00:00,11946.53,12006.53,11942.15,12002.4,26303,213,0
2022-05-20 08:00:00+00:00,12002.28,12078.25,11955.38,12056.0,41444,212,0
2022-05-20 12:00:00+00:00,12056.13,12087.0,11998.63,12021.0,40432,211,0
2022-05-20 16:00:00+00:00,12021.0,12043.35,11524.85,11567.85,146236,210,0
2022-05-20 20:00:00+00:00,11567.23,11844.78,11481.98,11825.53,119998,210,0
2022-05-23 00:00:00+00:00,11875.72,11994.22,11851.84,11980.09,21813,213,0
2022-05-23 04:00:00+00:00,11980.09,11999.47,11920.22,11956.59,26745,217,0
2022-05-23 08:00:00+00:00,11956.59,12036.94,11857.94,11889.44,49990,212,0
2022-05-23 12:00:00+00:00,11890.19,11965.44,11869.94,11888.32,48648,211,0
2022-05-23 16:00:00+00:00,11888.32,12044.29,11776.24,11976.04,143114,210,0
2022-05-23 20:00:00+00:00,11976.04,12067.34,11909.42,12047.47,97564,210,0
2022-05-24 00:00:00+00:00,11906.76,11906.76,11813.51,11868.63,24606,213,0
2022-05-24 04:00:00+00:00,11868.38,11883.26,11835.13,11838.63,23373,225,0
2022-05-24 08:00:00+00:00,11838.63,11846.01,11746.11,11776.61,47397,211,0
2022-05-24 12:00:00+00:00,11776.61,11868.73,11774.11,11832.11,41701,219,0
2022-05-24 16:00:00+00:00,11831.98,11843.23,11569.21,11692.96,139495,210,0
2022-05-24 20:00:00+00:00,11692.96,11823.83,11635.71,11802.13,110882,210,0
2022-05-25 00:00:00+00:00,11802.92,11862.42,11780.92,11808.42,18338,213,0
2022-05-25 04:00:00+00:00,11808.54,11885.04,11806.67,11861.92,25307,213,0
2022-05-25 08:00:00+00:00,11861.04,11878.29,11754.89,11778.27,42763,212,0
2022-05-25 12:00:00+00:00,11778.14,11799.27,11666.02,11711.27,48723,211,0
2022-05-25 16:00:00+00:00,11711.64,11922.37,11700.52,11832.12,131568,210,0
2022-05-25 20:00:00+00:00,11831.99,12026.12,11763.74,11878.54,111731,210,0
2022-05-26 00:00:00+00:00,11888.1,11983.85,11880.98,11977.48,18670,213,0
2022-05-26 04:00:00+00:00,11976.6,11985.85,11852.48,11866.35,30251,234,0
2022-05-26 08:00:00+00:00,11866.48,11970.83,11840.7,11885.95,38014,215,0
2022-05-26 12:00:00+00:00,11885.83,12012.33,11870.45,11967.83,44746,211,0
2022-05-26 16:00:00+00:00,11967.83,12311.8,11892.55,12310.55,114675,210,0
2022-05-26 20:00:00+00:00,12310.05,12335.05,12226.8,12248.98,82670,214,0
2022-05-27 00:00:00+00:00,12242.97,12291.6,12214.47,12237.72,17896,213,0
2022-05-27 04:00:00+00:00,12237.6,12268.85,12230.97,12257.97,23252,212,0
2022-05-27 08:00:00+00:00,12257.97,12338.82,12225.82,12329.7,36402,212,0
2022-05-27 12:00:00+00:00,12329.57,12428.7,12280.45,12409.2,43932,211,0
2022-05-27 16:00:00+00:00,12409.32,12603.42,12373.7,12577.8,105186,210,0
2022-05-27 20:00:00+00:00,12577.92,12711.72,12559.67,12709.97,64565,214,0
2022-05-30 00:00:00+00:00,12701.45,12750.45,12666.45,12741.83,17815,225,0
2022-05-30 04:00:00+00:00,12741.7,12810.08,12731.95,12807.95,26278,213,0
2022-05-30 08:00:00+00:00,12807.83,12862.45,12799.58,12844.05,32757,212,0
2022-05-30 12:00:00+00:00,12843.8,12875.18,12780.43,12809.43,27944,212,0
2022-05-30 16:00:00+00:00,12809.18,12828.9,12731.03,12806.9,34576,214,0
2022-05-31 00:00:00+00:00,12806.96,12817.65,12675.9,12705.78,24849,211,0
2022-05-31 04:00:00+00:00,12705.28,12760.78,12669.15,12743.28,34079,212,0
2022-05-31 08:00:00+00:00,12743.65,12756.9,12624.25,12711.13,46295,211,0
2022-05-31 12:00:00+00:00,12711.13,12711.63,12587.38,12598.88,50028,211,0
2022-05-31 16:00:00+00:00,12598.88,12747.6,12472.98,12724.23,128388,210,0
2022-05-31 20:00:00+00:00,12724.23,12760.23,12593.98,12648.15,102611,210,0
2022-06-01 00:00:00+00:00,12654.75,12709.63,12649.13,12690.38,15339,237,0
2022-06-01 04:00:00+00:00,12690.63,12717.38,12638.63,12671.0,24734,225,0
2022-06-01 08:00:00+00:00,12671.0,12687.25,12574.1,12612.23,42866,211,0
2022-06-01 12:00:00+00:00,12612.35,12709.23,12597.48,12681.6,35496,215,0
2022-06-01 16:00:00+00:00,12681.48,12814.83,12446.95,12489.33,136614,210,0
2022-06-01 20:00:00+00:00,12489.58,12656.08,12481.2,12538.75,101728,210,0
2022-06-02 00:00:00+00:00,12541.81,12578.43,12486.81,12568.93,20438,217,0
2022-06-02 04:00:00+00:00,12568.93,12582.06,12529.93,12557.31,26778,225,0
2022-06-02 08:00:00+00:00,12557.18,12638.41,12520.93,12609.41,33502,215,0
2022-06-02 12:00:00+00:00,12609.28,12647.41,12577.16,12580.28,35189,211,0
2022-06-02 16:00:00+00:00,12580.41,12792.88,12435.13,12778.63,137342,210,0
2022-06-02 20:00:00+00:00,12778.88,12895.06,12756.01,12889.43,84153,210,0
2022-06-03 00:00:00+00:00,12889.35,12937.35,12881.1,12883.97,17618,217,0
2022-06-03 04:00:00+00:00,12884.22,12905.72,12878.35,12883.97,17753,213,0
2022-06-03 08:00:00+00:00,12883.97,12900.35,12802.07,12831.32,27281,211,0
2022-06-03 12:00:00+00:00,12831.45,12834.95,12678.57,12707.82,44974,211,0
2022-06-03 16:00:00+00:00,12707.82,12733.82,12495.92,12599.05,136931,210,0
2022-06-03 20:00:00+00:00,12599.17,12638.92,12504.17,12542.1,92773,210,0
2022-06-06 00:00:00+00:00,12544.39,12582.87,12521.62,12573.12,18536,242,0
2022-06-06 04:00:00+00:00,12573.12,12644.24,12564.49,12640.24,26367,225,0
2022-06-06 08:00:00+00:00,12639.99,12745.47,12612.59,12741.09,32884,211,0
2022-06-06 12:00:00+00:00,12741.09,12760.34,12698.97,12735.47,28471,211,0
2022-06-06 16:00:00+00:00,12735.47,12804.57,12527.94,12600.32,131719,210,0
2022-06-06 20:00:00+00:00,12600.07,12676.44,12535.57,12600.74,96933,210,0
2022-06-07 00:00:00+00:00,12599.69,12609.06,12539.06,12552.69,17473,225,0
2022-06-07 04:00:00+00:00,12552.44,12567.31,12484.19,12509.31,33324,213,0
2022-06-07 08:00:00+00:00,12509.31,12561.04,12465.69,12547.54,37357,211,0
2022-06-07 12:00:00+00:00,12547.41,12552.41,12423.91,12429.54,39181,211,0
2022-06-07 16:00:00+00:00,12429.54,12701.01,12407.76,12620.51,124379,210,0
2022-06-07 20:00:00+00:00,12620.51,12735.01,12607.26,12675.56,69570,210,0
2022-06-08 00:00:00+00:00,12676.86,12698.11,12658.61,12684.74,16330,237,0
2022-06-08 04:00:00+00:00,12684.49,12706.24,12633.24,12634.61,27697,221,0
2022-06-08 08:00:00+00:00,12634.86,12688.46,12620.71,12676.59,36239,212,0
2022-06-08 12:00:00+00:00,12676.59,12716.59,12627.09,12650.71,35515,212,0
2022-06-08 16:00:00+00:00,12650.71,12778.81,12602.19,12642.56,118823,210,0
2022-06-08 20:00:00+00:00,12642.56,12653.56,12575.06,12616.99,82101,210,0
2022-06-09 00:00:00+00:00,12615.5,12632.13,12580.15,12589.88,14073,222,0
2022-06-09 04:00:00+00:00,12589.88,12601.5,12562.75,12592.5,25402,217,0
2022-06-09 08:00:00+00:00,12592.38,12674.98,12565.98,12674.48,36228,215,0
2022-06-09 12:00:00+00:00,12674.48,12721.73,12533.6,12553.35,47131,211,0
2022-06-09 16:00:00+00:00,12553.35,12668.7,12502.33,12583.95,123834,210,0
2022-06-09 20:00:00+00:00,12583.95,12603.95,12251.38,12293.25,82583,210,0
2022-06-10 00:00:00+00:00,12298.07,12302.94,12259.19,12273.19,12807,221,0
2022-06-10 04:00:00+00:00,12273.19,12328.32,12267.94,12285.44,19242,213,0
2022-06-10 08:00:00+00:00,12285.44,12335.54,12255.42,12286.67,33557,211,0
2022-06-10 12:00:00+00:00,12286.67,12328.29,12030.54,12031.92,35526,212,0
2022-06-10 16:00:00+00:00,12031.92,12087.54,11819.89,11857.64,108824,210,0
2022-06-10 20:00:00+00:00,11857.77,11970.02,11832.52,11859.19,72183,210,0
2022-06-13 00:00:00+00:00,11765.05,11766.43,11607.8,11610.55,15263,225,0
2022-06-13 04:00:00+00:00,11610.55,11642.55,11568.8,11597.93,23284,212,0
2022-06-13 08:00:00+00:00,11597.93,11630.18,11433.03,11475.03,48421,211,0
2022-06-13 12:00:00+00:00,11474.9,11536.15,11457.78,11492.03,35896,215,0
2022-06-13 16:00:00+00:00,11491.28,11573.63,11316.5,11416.0,135713,210,0
2022-06-13 20:00:00+00:00,11416.63,11463.38,11253.5,11329.18,94720,210,0
2022-06-14 00:00:00+00:00,11335.8,11393.18,11311.55,11376.43,16838,221,0
2022-06-14 04:00:00+00:00,11377.05,11450.93,11334.55,11434.3,27320,212,0
2022-06-14 08:00:00+00:00,11434.3,11502.4,11375.03,11386.9,41277,211,0
2022-06-14 12:00:00+00:00,11387.28,11443.53,11323.28,11384.78,50630,211,0
2022-06-14 16:00:00+00:00,11385.03,11421.9,11237.63,11323.13,127238,210,0
2022-06-14 20:00:00+00:00,11323.38,11420.38,11202.13,11325.43,89346,210,0
2022-06-15 00:00:00+00:00,11332.37,11414.87,11327.75,11370.87,17504,213,0
2022-06-15 04:00:00+00:00,11370.75,11413.5,11341.87,11348.12,27491,217,0
2022-06-15 08:00:00+00:00,11348.25,11426.1,11324.37,11393.22,48354,211,0
2022-06-15 12:00:00+00:00,11393.22,11481.85,11364.47,11460.1,45023,211,0
2022-06-15 16:00:00+00:00,11460.22,11539.45,11425.82,11457.95,113259,210,0
2022-06-15 20:00:00+00:00,11457.82,11759.7,11338.7,11590.87,107170,210,0
2022-06-16 00:00:00+00:00,11613.5,11697.35,11607.98,11689.85,17866,221,0
2022-06-16 04:00:00+00:00,11689.73,11731.6,11599.1,11601.1,33549,217,0
2022-06-16 08:00:00+00:00,11600.6,11607.1,11255.7,11255.7,61548,211,0
2022-06-16 12:00:00+00:00,11255.7,11382.58,11227.08,11316.33,60101,211,0
2022-06-16 16:00:00+00:00,11318.95,11333.45,11087.8,11152.93,128359,210,0
2022-06-16 20:00:00+00:00,11152.43,11193.18,11027.8,11161.48,102466,210,0
2022-06-17 00:00:00+00:00,11164.08,11189.81,11122.56,11161.81,23246,213,0
2022-06-17 04:00:00+00:00,11161.81,11246.81,11154.93,11240.06,37387,217,0
2022-06-17 08:00:00+00:00,11239.93,11263.03,11156.03,11226.03,53117,212,0
2022-06-17 12:00:00+00:00,11226.03,11281.03,11190.78,11201.16,46492,211,0
2022-06-17 16:00:00+00:00,11201.16,11308.51,11081.13,11252.01,139018,210,0
2022-06-17 20:00:00+00:00,11252.13,11355.76,11229.88,11267.31,102442,210,0
2022-06-20 00:00:00+00:00,11291.46,11398.46,11280.96,11311.46,24208,213,0
2022-06-20 04:00:00+00:00,11310.96,11349.84,11235.96,11306.21,38764,225,0
2022-06-20 08:00:00+00:00,11306.34,11359.81,11290.09,11349.69,37121,215,0
2022-06-20 12:00:00+00:00,11349.69,11363.44,11324.94,11329.06,26038,215,0
2022-06-20 16:00:00+00:00,11329.31,11392.16,11295.04,11385.54,34087,214,0
2022-06-21 00:00:00+00:00,11387.13,11419.13,11359.51,11408.38,17743,213,0
2022-06-21 04:00:00+00:00,11408.51,11466.88,11386.38,11452.01,26736,213,0
2022-06-21 08:00:00+00:00,11452.13,11507.48,11393.61,11494.61,35756,211,0
2022-06-21 12:00:00+00:00,11494.73,11499.98,11402.98,11418.73,33573,212,0
2022-06-21 16:00:00+00:00,11418.61,11638.96,11417.23,11590.08,104408,210,0
2022-06-21 20:00:00+00:00,11590.58,11603.83,11522.71,11541.88,70986,210,0
2022-06-22 00:00:00+00:00,11534.43,11538.06,11482.18,11492.43,15935,217,0
2022-06-22 04:00:00+00:00,11492.31,11503.43,11408.68,11431.43,28909,213,0
2022-06-22 08:00:00+00:00,11431.56,11445.43,11280.16,11313.66,44510,212,0
2022-06-22 12:00:00+00:00,11313.53,11388.03,11310.78,11376.28,37863,212,0
2022-06-22 16:00:00+00:00,11376.53,11705.01,11348.66,11612.26,123258,210,0
2022-06-22 20:00:00+00:00,11612.26,11677.63,11499.38,11502.68,81692,210,0
2022-06-23 00:00:00+00:00,11503.37,11563.37,11419.74,11544.74,22791,212,0
2022-06-23 04:00:00+00:00,11544.74,11552.87,11449.24,11515.62,36996,212,0
2022-06-23 08:00:00+00:00,11515.62,11584.34,11445.47,11548.09,43134,211,0
2022-06-23 12:00:00+00:00,11547.84,11663.97,11545.34,11602.84,43538,211,0
2022-06-23 16:00:00+00:00,11602.84,11702.44,11502.32,11539.07,128415,210,0
2022-06-23 20:00:00+00:00,11538.82,11725.69,11506.57,11645.87,80596,210,0
2022-06-24 00:00:00+00:00,11648.47,11694.22,11643.97,11689.35,17635,217,0
2022-06-24 04:00:00+00:00,11689.1,11824.22,11682.35,11811.72,30195,213,0
2022-06-24 08:00:00+00:00,11811.47,11832.85,11764.7,11799.45,36692,212,0
2022-06-24 12:00:00+00:00,11799.45,11823.45,11771.57,11783.7,30527,215,0
2022-06-24 16:00:00+00:00,11783.7,12041.17,11780.07,11985.67,105345,210,0
2022-06-24 20:00:00+00:00,11985.55,12106.97,11957.17,12086.85,57439,214,0
2022-06-27 00:00:00+00:00,12099.07,12123.32,12031.95,12040.45,22781,225,0
2022-06-27 04:00:00+00:00,12040.32,12189.57,12039.07,12166.07,30103,213,0
2022-06-27 08:00:00+00:00,12166.2,12221.17,12087.8,12177.92,40705,212,0
2022-06-27 12:00:00+00:00,12178.05,12187.92,12107.55,12119.05,34681,219,0
2022-06-27 16:00:00+00:00,12119.05,12171.15,11980.15,12053.4,120166,210,0
2022-06-27 20:00:00+00:00,12053.4,12058.02,11954.15,12033.45,83415,210,0
2022-06-28 00:00:00+00:00,12036.39,12055.51,12013.64,12040.39,12865,225,0
2022-06-28 04:00:00+00:00,12040.07,12047.26,11931.39,11983.76,30496,213,0
2022-06-28 08:00:00+00:00,11984.14,12085.49,11981.74,12069.99,37627,215,0
2022-06-28 12:00:00+00:00,12069.99,12086.11,12003.11,12030.36,29207,211,0
2022-06-28 16:00:00+00:00,12030.36,12133.96,11719.21,11777.46,119751,210,0
2022-06-28 20:00:00+00:00,11777.59,11777.71,11622.26,11642.01,78655,214,0
2022-06-29 00:00:00+00:00,11641.94,11666.81,11620.06,11626.94,13524,247,0
2022-06-29 04:00:00+00:00,11626.94,11680.31,11623.19,11671.19,22313,225,0
2022-06-29 08:00:00+00:00,11671.31,11684.69,11589.16,11643.66,35722,212,0
2022-06-29 12:00:00+00:00,11643.66,11683.54,11578.79,11621.04,36139,211,0
2022-06-29 16:00:00+00:00,11620.91,11710.26,11526.26,11613.64,117556,210,0
2022-06-29 20:00:00+00:00,11613.76,11689.26,11583.01,11652.94,67462,214,0
2022-06-30 00:00:00+00:00,11652.15,11657.52,11613.27,11635.27,10001,225,0
2022-06-30 04:00:00+00:00,11635.4,11635.77,11591.77,11609.77,21382,221,0
2022-06-30 08:00:00+00:00,11609.77,11615.02,11453.0,11486.12,44364,211,0
2022-06-30 12:00:00+00:00,11486.25,11541.12,11423.12,11474.5,39457,211,0
2022-06-30 16:00:00+00:00,11474.5,11645.97,11312.47,11596.22,118304,210,0
2022-06-30 20:00:00+00:00,11596.47,11628.85,11432.47,11474.65,89154,210,0
2022-07-01 00:00:00+00:00,11470.82,11517.67,11443.17,11488.92,17739,217,0
2022-07-01 04:00:00+00:00,11488.54,11497.79,11343.67,11364.42,38819,217,0
2022-07-01 08:00:00+00:00,11364.54,11460.52,11345.29,11449.89,48281,211,0
2022-07-01 12:00:00+00:00,11449.89,11488.39,11391.39,11457.64,42827,211,0
2022-07-01 16:00:00+00:00,11457.77,11578.37,11364.49,11398.37,128673,210,0
2022-07-01 20:00:00+00:00,11398.24,11588.49,11394.12,11578.54,77339,214,0
2022-07-04 00:00:00+00:00,11571.39,11581.89,11490.14,11498.39,18317,213,0
2022-07-04 04:00:00+00:00,11498.26,11513.39,11464.76,11488.39,31562,225,0
2022-07-04 08:00:00+00:00,11488.76,11539.86,11477.11,11496.11,30627,215,0
2022-07-04 12:00:00+00:00,11495.86,11543.49,11485.99,11528.11,21676,224,0
2022-07-04 16:00:00+00:00,11528.24,11542.24,11494.84,11519.34,22071,210,0
2022-07-04 20:00:00+00:00,11519.09,11519.09,11519.09,11519.09,1,250,0
2022-07-05 00:00:00+00:00,11519.67,11709.79,11519.67,11659.42,21502,225,0
2022-07-05 04:00:00+00:00,11659.29,11665.92,11611.42,11636.17,29312,213,0
2022-07-05 08:00:00+00:00,11636.04,11665.02,11484.77,11489.02,39306,215,0
2022-07-05 12:00:00+00:00,11489.02,11522.27,11393.77,11401.39,42959,212,0
2022-07-05 16:00:00+00:00,11401.39,11608.49,11350.87,11545.24,128880,210,0
2022-07-05 20:00:00+00:00,11545.24,11777.04,11541.99,11773.29,79622,210,0
2022-07-06 00:00:00+00:00,11782.84,11822.09,11736.59,11812.34,19496,225,0
2022-07-06 04:00:00+00:00,11812.47,11834.84,11739.34,11759.72,32645,213,0
2022-07-06 08:00:00+00:00,11759.72,11824.07,11693.19,11731.82,45100,211,0
2022-07-06 12:00:00+00:00,11731.82,11784.57,11689.94,11770.07,38813,215,0
2022-07-06 16:00:00+00:00,11770.07,11843.67,11715.54,11783.92,118023,210,0
2022-07-06 20:00:00+00:00,11783.67,11935.67,11753.92,11864.34,85140,210,0
2022-07-07 00:00:00+00:00,11860.91,11871.54,11823.41,11845.16,15206,229,0
2022-07-07 04:00:00+00:00,11845.29,11877.04,11797.66,11875.91,31952,217,0
2022-07-07 08:00:00+00:00,11876.04,11923.01,11855.51,11897.51,36046,211,0
2022-07-07 12:00:00+00:00,11895.14,11910.51,11851.14,11889.76,33496,215,0
2022-07-07 16:00:00+00:00,11890.26,12068.11,11873.76,12062.61,93160,210,0
2022-07-07 20:00:00+00:00,12062.74,12128.61,12039.99,12080.16,50634,210,0
2022-07-08 00:00:00+00:00,12075.33,12082.71,12051.83,12079.21,15953,250,0
2022-07-08 04:00:00+00:00,12079.33,12089.83,12025.46,12054.71,35679,212,0
2022-07-08 08:00:00+00:00,12054.58,12074.06,12021.31,12034.81,32087,211,0
2022-07-08 12:00:00+00:00,12034.93,12084.18,11912.31,11970.93,41997,211,0
2022-07-08 16:00:00+00:00,11970.93,12170.53,11938.41,12019.16,106203,210,0
2022-07-08 20:00:00+00:00,12019.16,12149.28,11999.03,12117.58,63804,210,0
2022-07-11 00:00:00+00:00,12108.49,12108.49,12054.49,12078.62,19791,212,0
2022-07-11 04:00:00+00:00,12078.87,12078.87,11985.62,11997.74,34386,212,0
2022-07-11 08:00:00+00:00,11997.37,12036.72,11958.34,12018.59,37933,212,0
2022-07-11 12:00:00+00:00,12018.59,12045.97,11998.47,12029.84,29770,211,0
2022-07-11 16:00:00+00:00,12029.59,12036.84,11814.32,11891.19,102624,210,0
2022-07-11 20:00:00+00:00,11891.57,11965.69,11819.69,11861.87,60655,213,0
2022-07-12 00:00:00+00:00,11862.13,11871.23,11771.61,11776.11,17633,217,0
2022-07-12 04:00:00+00:00,11776.11,11796.98,11750.86,11769.61,32249,212,0
2022-07-12 08:00:00+00:00,11769.48,11787.46,11722.21,11780.21,38929,211,0
2022-07-12 12:00:00+00:00,11780.08,11887.96,11758.58,11869.96,40246,211,0
2022-07-12 16:00:00+00:00,11869.96,11987.31,11767.93,11876.93,119934,210,0
2022-07-12 20:00:00+00:00,11876.93,11904.18,11674.68,11739.48,71281,210,0
2022-07-13 00:00:00+00:00,11743.61,11766.11,11724.49,11759.99,18121,217,0
2022-07-13 04:00:00+00:00,11759.86,11781.86,11737.49,11768.61,29490,221,0
2022-07-13 08:00:00+00:00,11768.99,11805.71,11733.09,11796.71,39126,211,0
2022-07-13 12:00:00+00:00,11796.46,11929.96,11443.46,11524.46,42427,212,0
2022-07-13 16:00:00+00:00,11523.71,11795.56,11486.19,11782.06,131952,210,0
2022-07-13 20:00:00+00:00,11782.06,11816.44,11690.61,11695.49,86158,210,0
2022-07-14 00:00:00+00:00,11691.93,11696.43,11626.93,11658.31,20600,212,0
2022-07-14 04:00:00+00:00,11658.31,11728.43,11653.18,11713.93,31138,225,0
2022-07-14 08:00:00+00:00,11713.93,11724.81,11564.91,11593.28,46771,211,0
2022-07-14 12:00:00+00:00,11593.91,11649.16,11573.28,11620.53,52482,210,0
2022-07-14 16:00:00+00:00,11620.41,11678.88,11475.13,11614.38,123475,210,0
2022-07-14 20:00:00+00:00,11614.63,11798.13,11593.88,11769.93,78733,213,0
2022-07-15 00:00:00+00:00,11774.75,11828.75,11770.38,11774.63,19633,225,0
2022-07-15 04:00:00+00:00,11774.75,11820.25,11764.25,11800.13,30860,212,0
2022-07-15 08:00:00+00:00,11800.13,11813.1,11725.23,11793.48,41565,211,0
2022-07-15 12:00:00+00:00,11793.48,11867.85,11702.35,11853.98,42325,211,0
2022-07-15 16:00:00+00:00,11853.98,11960.83,11815.7,11914.95,107980,210,0
2022-07-15 20:00:00+00:00,11915.95,11982.25,11910.45,11979.5,51305,213,0
2022-07-18 00:00:00+00:00,12004.98,12040.48,11989.98,11998.86,15132,250,0
2022-07-18 04:00:00+00:00,11998.73,12069.11,11998.61,12064.36,24632,217,0
2022-07-18 08:00:00+00:00,12064.36,12141.58,12050.98,12132.96,35746,212,0
2022-07-18 12:00:00+00:00,12132.96,12134.71,12065.21,12087.58,29732,211,0
2022-07-18 16:00:00+00:00,12087.58,12147.56,12051.93,12105.43,95311,210,0
2022-07-18 20:00:00+00:00,12105.43,12110.93,11821.43,11876.48,77046,210,0
2022-07-19 00:00:00+00:00,11877.76,11908.88,11865.63,11891.13,15957,213,0
2022-07-19 04:00:00+00:00,11891.13,11917.51,11872.51,11875.88,24259,212,0
2022-07-19 08:00:00+00:00,11876.26,11933.86,11854.98,11920.98,37638,211,0
2022-07-19 12:00:00+00:00,11920.98,11996.86,11918.11,11987.61,34184,211,0
2022-07-19 16:00:00+00:00,11987.36,12173.83,11957.83,12172.46,93173,210,0
2022-07-19 20:00:00+00:00,12172.58,12292.51,12150.21,12282.76,61804,212,0
2022-07-20 00:00:00+00:00,12295.41,12313.79,12262.29,12299.29,15412,213,0
2022-07-20 04:00:00+00:00,12299.16,12322.16,12281.54,12305.79,23139,229,0
2022-07-20 08:00:00+00:00,12305.41,12305.89,12240.39,12264.01,39282,211,0
2022-07-20 12:00:00+00:00,12263.89,12287.51,12200.01,12231.39,41662,215,0
2022-07-20 16:00:00+00:00,12231.64,12481.36,12221.86,12422.86,100995,213,0
2022-07-20 20:00:00+00:00,12422.86,12464.61,12322.36,12392.04,85665,210,0
2022-07-21 00:00:00+00:00,12400.24,12411.99,12374.62,12404.87,15775,221,0
2022-07-21 04:00:00+00:00,12404.74,12420.87,12359.37,12407.62,27910,213,0
2022-07-21 08:00:00+00:00,12407.74,12453.84,12369.34,12400.59,42323,211,0
2022-07-21 12:00:00+00:00,12400.59,12521.22,12393.09,12489.72,45742,211,0
2022-07-21 16:00:00+00:00,12489.84,12584.07,12337.44,12570.44,119834,210,0
2022-07-21 20:00:00+00:00,12570.57,12618.62,12509.24,12534.87,73481,210,0
2022-07-22 00:00:00+00:00,12522.48,12527.48,12492.48,12516.23,14392,217,0
2022-07-22 04:00:00+00:00,12516.23,12533.1,12494.48,12501.48,22986,225,0
2022-07-22 08:00:00+00:00,12501.6,12540.45,12486.6,12531.45,36439,215,0
2022-07-22 12:00:00+00:00,12531.45,12579.95,12526.08,12559.95,33557,211,0
2022-07-22 16:00:00+00:00,12559.7,12658.55,12369.8,12391.3,112007,210,0
2022-07-22 20:00:00+00:00,12391.3,12393.8,12308.43,12388.35,70477,214,0
2022-07-25 00:00:00+00:00,12413.04,12421.16,12357.91,12359.91,18400,212,0
2022-07-25 04:00:00+00:00,12359.91,12393.41,12351.66,12382.79,24894,234,0
2022-07-25 08:00:00+00:00,12382.79,12435.64,12355.76,12422.89,30992,211,0
2022-07-25 12:00:00+00:00,12422.76,12465.01,12406.14,12418.26,30291,211,0
2022-07-25 16:00:00+00:00,12418.01,12425.14,12256.36,12345.86,110277,210,0
2022-07-25 20:00:00+00:00,12346.49,12362.11,12233.49,12291.41,67707,210,0
2022-07-26 00:00:00+00:00,12279.63,12284.0,12245.75,12257.63,13865,230,0
2022-07-26 04:00:00+00:00,12257.88,12287.25,12255.13,12277.0,21833,234,0
2022-07-26 08:00:00+00:00,12277.0,12300.23,12263.98,12280.6,25939,211,0
2022-07-26 12:00:00+00:00,12280.6,12301.73,12233.48,12248.98,33741,215,0
2022-07-26 16:00:00+00:00,12249.1,12264.6,12074.95,12108.2,98355,210,0
2022-07-26 20:00:00+00:00,12108.2,12163.13,12040.63,12163.0,66672,210,0
2022-07-27 00:00:00+00:00,12162.33,12275.9,12162.33,12247.52,21968,225,0
2022-07-27 04:00:00+00:00,12247.52,12273.67,12227.02,12267.65,19127,212,0
2022-07-27 08:00:00+00:00,12267.52,12300.75,12238.0,12281.0,27743,224,0
2022-07-27 12:00:00+00:00,12281.0,12288.5,12233.87,12266.62,26384,215,0
2022-07-27 16:00:00+00:00,12266.5,12443.6,12246.47,12398.47,82618,210,0
2022-07-27 20:00:00+00:00,12398.47,12659.47,12373.6,12549.0,92362,210,0
2022-07-28 00:00:00+00:00,12547.76,12560.26,12520.26,12531.39,14807,234,0
2022-07-28 04:00:00+00:00,12531.64,12552.89,12522.14,12535.01,22301,237,0
2022-07-28 08:00:00+00:00,12535.01,12550.49,12465.24,12471.36,33021,215,0
2022-07-28 12:00:00+00:00,12471.24,12593.49,12450.11,12547.49,38009,215,0
2022-07-28 16:00:00+00:00,12547.74,12663.09,12417.59,12611.96,115503,210,0
2022-07-28 20:00:00+00:00,12611.96,12915.64,12591.84,12890.51,76787,210,0
2022-07-29 00:00:00+00:00,12882.46,12882.46,12839.09,12851.71,16902,234,0
2022-07-29 04:00:00+00:00,12851.59,12890.84,12848.09,12866.96,23310,221,0
2022-07-29 08:00:00+00:00,12866.71,12906.69,12821.19,12840.31,35498,215,0
2022-07-29 12:00:00+00:00,12840.19,12865.06,12770.69,12802.56,34519,211,0
2022-07-29 16:00:00+00:00,12802.69,12897.66,12711.79,12863.66,104724,210,0
2022-07-29 20:00:00+00:00,12863.66,12977.54,12849.41,12942.84,55232,217,0
2022-08-01 00:00:00+00:00,12951.96,12968.08,12877.83,12886.71,19487,212,0
2022-08-01 04:00:00+00:00,12886.83,12906.46,12875.83,12897.46,22475,212,0
2022-08-01 08:00:00+00:00,12897.21,12937.18,12873.46,12890.56,26715,211,0
2022-08-01 12:00:00+00:00,12890.68,12957.68,12871.68,12871.68,29609,211,0
2022-08-01 16:00:00+00:00,12871.81,13078.78,12822.16,12980.78,107847,210,0
2022-08-01 20:00:00+00:00,12980.66,12980.91,12868.06,12950.96,75852,212,0
2022-08-02 00:00:00+00:00,12944.56,12946.31,12893.18,12894.81,15952,212,0
2022-08-02 04:00:00+00:00,12894.81,12900.68,12855.06,12876.68,28652,225,0
2022-08-02 08:00:00+00:00,12876.68,12889.93,12815.03,12830.03,37491,212,0
2022-08-02 12:00:00+00:00,12829.91,12852.16,12787.41,12823.03,34461,212,0
2022-08-02 16:00:00+00:00,12823.28,13067.88,12791.51,13045.38,113669,210,0
2022-08-02 20:00:00+00:00,13045.13,13047.88,12857.81,12888.31,85307,210,0
2022-08-03 00:00:00+00:00,12894.22,12906.47,12839.47,12859.35,17796,237,0
2022-08-03 04:00:00+00:00,12859.6,12918.47,12857.6,12895.6,27278,213,0
2022-08-03 08:00:00+00:00,12895.47,12926.32,12864.95,12905.95,33033,211,0
2022-08-03 12:00:00+00:00,12905.95,12988.32,12900.95,12971.95,32895,215,0
2022-08-03 16:00:00+00:00,12971.95,13248.55,12961.55,13229.92,102373,210,0
2022-08-03 20:00:00+00:00,13229.92,13281.8,13214.6,13220.85,62317,210,0
2022-08-04 00:00:00+00:00,13214.52,13238.02,13199.14,13236.64,12212,221,0
2022-08-04 04:00:00+00:00,13236.77,13243.02,13201.52,13215.77,20998,229,0
2022-08-04 08:00:00+00:00,13215.77,13244.74,13200.49,13227.24,28731,211,0
2022-08-04 12:00:00+00:00,13227.37,13326.99,13216.99,13289.37,39302,212,0
2022-08-04 16:00:00+00:00,13289.12,13310.34,13156.47,13220.47,116909,210,0
2022-08-04 20:00:00+00:00,13220.97,13318.34,13220.09,13297.77,58071,210,0
2022-08-05 00:00:00+00:00,13294.93,13320.55,13284.8,13313.3,11500,238,0
2022-08-05 04:00:00+00:00,13313.43,13351.55,13310.68,13339.55,19816,262,0
2022-08-05 08:00:00+00:00,13339.93,13340.55,13281.03,13292.4,25381,215,0
2022-08-05 12:00:00+00:00,13292.4,13318.15,13087.15,13105.03,39148,211,0
2022-08-05 16:00:00+00:00,13105.15,13277.63,13053.38,13167.5,114233,210,0
2022-08-05 20:00:00+00:00,13167.75,13209.63,13113.25,13184.3,65773,210,0
2022-08-08 00:00:00+00:00,13223.53,13223.53,13139.18,13163.78,20441,290,0
2022-08-08 04:00:00+00:00,13163.53,13203.81,13151.81,13201.81,27043,290,0
2022-08-08 08:00:00+00:00,13201.81,13277.48,13199.68,13256.28,36710,270,0
2022-08-08 12:00:00+00:00,13256.28,13320.28,13235.53,13318.73,51535,270,0
2022-08-08 16:00:00+00:00,13319.16,13390.68,13129.43,13167.43,264755,250,0
2022-08-08 20:00:00+00:00,13167.43,13203.43,13092.18,13183.93,147836,250,0
2022-08-09 00:00:00+00:00,13183.93,13204.82,13162.04,13173.57,16337,290,0
2022-08-09 04:00:00+00:00,13173.54,13196.44,13139.07,13188.32,28985,290,0
2022-08-09 08:00:00+00:00,13188.29,13194.49,13139.74,13166.49,31453,270,0
2022-08-09 12:00:00+00:00,13166.49,13173.49,13047.92,13072.24,48206,270,0
2022-08-09 16:00:00+00:00,13072.24,13083.67,12935.02,12955.69,250753,250,0
2022-08-09 20:00:00+00:00,12955.69,13031.19,12944.52,13026.94,125343,250,0
2022-08-10 00:00:00+00:00,13028.79,13028.79,12986.74,12990.24,14077,290,0
2022-08-10 04:00:00+00:00,12990.11,13012.96,12977.86,12994.11,24835,290,0
2022-08-10 08:00:00+00:00,12994.11,13065.86,12953.99,13060.21,43868,270,0
2022-08-10 12:00:00+00:00,13060.24,13345.46,13019.24,13298.99,68270,290,0
2022-08-10 16:00:00+00:00,13298.36,13360.11,13209.36,13313.11,298597,290,0
2022-08-10 20:00:00+00:00,13313.11,13379.36,13291.36,13352.36,126607,290,0
2022-08-11 00:00:00+00:00,13348.01,13423.41,13340.78,13420.13,15256,290,0
2022-08-11 04:00:00+00:00,13420.16,13428.03,13399.03,13406.41,23034,290,0
2022-08-11 08:00:00+00:00,13406.41,13452.83,13357.58,13379.58,38073,270,0
2022-08-11 12:00:00+00:00,13380.08,13480.83,13371.83,13475.08,54340,270,0
2022-08-11 16:00:00+00:00,13475.13,13545.61,13332.28,13392.28,260147,250,0
2022-08-11 20:00:00+00:00,13392.28,13413.11,13257.28,13317.28,151511,250,0
2022-08-12 00:00:00+00:00,13317.28,13330.88,13283.75,13287.13,18792,290,0
2022-08-12 04:00:00+00:00,13287.35,13320.38,13286.1,13312.13,25572,290,0
2022-08-12 08:00:00+00:00,13312.35,13379.55,13307.23,13356.8,31331,270,0
2022-08-12 12:00:00+00:00,13356.55,13376.85,13314.3,13363.8,37961,270,0
2022-08-12 16:00:00+00:00,13363.55,13471.25,13331.0,13452.75,223455,250,0
2022-08-12 20:00:00+00:00,13452.75,13555.0,13448.0,13552.1,94788,250,0
2022-08-15 00:00:00+00:00,13540.88,13547.13,13513.03,13522.41,16873,290,0
2022-08-15 04:00:00+00:00,13522.41,13534.13,13503.78,13520.16,27937,290,0
2022-08-15 08:00:00+00:00,13520.16,13532.08,13476.33,13490.58,30859,270,0
2022-08-15 12:00:00+00:00,13490.33,13525.83,13470.01,13480.38,43075,270,0
2022-08-15 16:00:00+00:00,13480.83,13645.03,13478.76,13640.36,192284,250,0
2022-08-15 20:00:00+00:00,13640.36,13680.36,13615.78,13652.78,99253,250,0
2022-08-16 00:00:00+00:00,13652.78,13659.68,13631.68,13634.43,14313,290,0
2022-08-16 04:00:00+00:00,13634.43,13655.43,13620.65,13644.15,27301,290,0
2022-08-16 08:00:00+00:00,13643.93,13661.85,13600.6,13649.6,33979,270,0
2022-08-16 12:00:00+00:00,13649.35,13655.78,13602.85,13621.65,40659,270,0
2022-08-16 16:00:00+00:00,13621.35,13657.9,13496.8,13623.65,221360,250,0
2022-08-16 20:00:00+00:00,13624.15,13714.28,13555.28,13637.1,147460,270,0
2022-08-17 00:00:00+00:00,13637.1,13643.08,13611.38,13626.88,12233,270,0
2022-08-17 04:00:00+00:00,13626.88,13630.33,13609.51,13626.83,20670,270,0
2022-08-17 08:00:00+00:00,13626.83,13644.01,13548.83,13554.83,34927,270,0
2022-08-17 12:00:00+00:00,13555.33,13572.08,13478.33,13492.58,58075,270,0
2022-08-17 16:00:00+00:00,13492.58,13537.53,13378.53,13449.78,232131,250,0
2022-08-17 20:00:00+00:00,13450.03,13587.86,13428.53,13482.78,165157,250,0
2022-08-18 00:00:00+00:00,13469.24,13469.74,13412.52,13427.77,17974,290,0
2022-08-18 04:00:00+00:00,13427.77,13454.24,13425.99,13435.99,25207,290,0
2022-08-18 08:00:00+00:00,13435.77,13452.27,13383.49,13449.94,39505,270,0
2022-08-18 12:00:00+00:00,13449.94,13530.94,13446.44,13491.19,48186,270,0
2022-08-18 16:00:00+00:00,13491.19,13547.64,13394.89,13483.89,216940,250,0
2022-08-18 20:00:00+00:00,13483.89,13544.89,13473.72,13511.77,120583,250,0
2022-08-19 00:00:00+00:00,13511.77,13511.77,13467.97,13474.72,13076,290,0
2022-08-19 04:00:00+00:00,13474.69,13493.09,13461.84,13465.47,25366,290,0
2022-08-19 08:00:00+00:00,13465.94,13467.94,13344.39,13370.14,47069,270,0
2022-08-19 12:00:00+00:00,13370.14,13394.69,13331.39,13354.19,57592,270,0
2022-08-19 16:00:00+00:00,13354.14,13396.44,13219.67,13269.09,214033,250,0
2022-08-19 20:00:00+00:00,13269.42,13282.67,13202.17,13223.09,123232,250,0
2022-08-22 00:00:00+00:00,13184.82,13190.07,13154.19,13163.07,20949,290,0
2022-08-22 04:00:00+00:00,13162.82,13199.57,13159.82,13167.32,29591,290,0
2022-08-22 08:00:00+00:00,13167.32,13174.19,13030.92,13048.17,67527,270,0
2022-08-22 12:00:00+00:00,13048.42,13070.29,13024.17,13042.54,62098,270,0
2022-08-22 16:00:00+00:00,13042.54,13068.64,12922.52,12954.39,229428,250,0
2022-08-22 20:00:00+00:00,12954.39,12957.27,12852.77,12910.44,116791,250,0
2022-08-23 00:00:00+00:00,12910.44,12935.86,12901.23,12905.98,16695,290,0
2022-08-23 04:00:00+00:00,12905.86,12926.98,12893.23,12896.86,29576,290,0
2022-08-23 08:00:00+00:00,12895.98,12943.21,12802.21,12918.71,70911,270,0
2022-08-23 12:00:00+00:00,12918.83,12932.21,12876.83,12879.08,58511,270,0
2022-08-23 16:00:00+00:00,12879.08,12997.06,12845.06,12912.93,287357,250,0
2022-08-23 20:00:00+00:00,12912.93,12939.93,12860.68,12867.23,131753,250,0
2022-08-24 00:00:00+00:00,12867.23,12887.9,12859.03,12864.15,15416,290,0
2022-08-24 04:00:00+00:00,12863.9,12866.65,12811.28,12853.15,36445,290,0
2022-08-24 08:00:00+00:00,12853.03,12898.25,12805.38,12889.0,60732,270,0
2022-08-24 12:00:00+00:00,12889.0,12917.25,12851.38,12885.63,55994,270,0
2022-08-24 16:00:00+00:00,12885.63,12990.6,12831.98,12924.6,232779,250,0
2022-08-24 20:00:00+00:00,12924.6,12950.6,12889.85,12934.65,102390,250,0
2022-08-25 00:00:00+00:00,12934.65,12946.57,12904.44,12943.19,15106,290,0
2022-08-25 04:00:00+00:00,12943.32,12965.44,12938.44,12960.82,26990,290,0
2022-08-25 08:00:00+00:00,12960.82,13064.54,12953.07,13038.54,56281,270,0
2022-08-25 12:00:00+00:00,13038.42,13043.42,12964.79,12986.54,63166,270,0
2022-08-25 16:00:00+00:00,12986.17,13097.27,12941.64,13008.39,248553,250,0
2022-08-25 20:00:00+00:00,13008.39,13140.77,13000.14,13123.69,112785,250,0
2022-08-26 00:00:00+00:00,13123.69,13140.51,13108.76,13129.63,17128,290,0
2022-08-26 04:00:00+00:00,13129.51,13137.88,13115.88,13118.26,26302,290,0
2022-08-26 08:00:00+00:00,13118.26,13125.48,13066.98,13077.86,48409,270,0
2022-08-26 12:00:00+00:00,13078.11,13145.98,13048.86,13137.11,64604,270,0
2022-08-26 16:00:00+00:00,13137.11,13199.36,12739.08,12783.58,364713,250,0
2022-08-26 20:00:00+00:00,12783.58,12799.08,12537.63,12539.13,172814,250,0
2022-08-29 00:00:00+00:00,12468.37,12496.0,12390.5,12400.37,42701,290,0
2022-08-29 04:00:00+00:00,12400.25,12475.62,12385.5,12451.0,47398,290,0
2022-08-29 08:00:00+00:00,12451.0,12517.72,12417.12,12436.6,70541,270,0
2022-08-29 12:00:00+00:00,12436.6,12502.97,12431.6,12478.47,66210,270,0
2022-08-29 16:00:00+00:00,12478.6,12594.07,12432.32,12545.57,338456,250,0
2022-08-29 20:00:00+00:00,12545.32,12589.82,12464.87,12489.25,167924,250,0
2022-08-30 00:00:00+00:00,12489.25,12522.22,12468.35,12492.72,19524,290,0
2022-08-30 04:00:00+00:00,12492.47,12550.1,12469.47,12534.85,39150,290,0
2022-08-30 08:00:00+00:00,12534.85,12643.07,12513.82,12617.2,67911,270,0
2022-08-30 12:00:00+00:00,12617.2,12636.2,12544.2,12547.2,62978,270,0
2022-08-30 16:00:00+00:00,12546.95,12571.42,12254.42,12300.17,411211,250,0
2022-08-30 20:00:00+00:00,12300.17,12370.55,12232.67,12344.72,215818,250,0
2022-08-31 00:00:00+00:00,12344.85,12398.2,12332.33,12390.2,16988,290,0
2022-08-31 04:00:00+00:00,12390.08,12475.08,12381.7,12437.95,28948,290,0
2022-08-31 08:00:00+00:00,12437.95,12459.7,12353.05,12378.8,59304,270,0
2022-08-31 12:00:00+00:00,12378.68,12458.8,12345.55,12441.3,79821,270,0
2022-08-31 16:00:00+00:00,12441.3,12498.03,12286.4,12330.15,383040,250,0
2022-08-31 20:00:00+00:00,12330.15,12372.03,12261.65,12290.7,202121,250,0
2022-09-01 00:00:00+00:00,12290.7,12290.83,12108.25,12134.63,36944,290,0
2022-09-01 04:00:00+00:00,12134.63,12173.75,12118.25,12145.63,39513,290,0
2022-09-01 08:00:00+00:00,12145.75,12171.35,12097.73,12124.98,78606,270,0
2022-09-01 12:00:00+00:00,12124.73,12221.6,12100.85,12162.73,84998,270,0
2022-09-01 16:00:00+00:00,12162.85,12208.2,12002.83,12023.33,369928,250,0
2022-09-01 20:00:00+00:00,12023.45,12283.7,12015.95,12275.88,235176,250,0
2022-09-02 00:00:00+00:00,12275.88,12303.42,12259.8,12277.42,20405,290,0
2022-09-02 04:00:00+00:00,12277.3,12296.8,12240.8,12286.55,30899,290,0
2022-09-02 08:00:00+00:00,12286.55,12300.4,12229.77,12289.02,68913,270,0
2022-09-02 12:00:00+00:00,12289.02,12389.15,12217.27,12350.15,94062,270,0
2022-09-02 16:00:00+00:00,12350.27,12447.25,12184.5,12220.5,384554,250,0
2022-09-02 20:00:00+00:00,12221.12,12221.37,12026.12,12115.92,297976,250,0
2022-09-05 00:00:00+00:00,12096.59,12137.84,12044.09,12098.34,26740,290,0
2022-09-05 04:00:00+00:00,12098.21,12125.09,12074.09,12104.46,37933,290,0
2022-09-05 08:00:00+00:00,12104.59,12129.94,12056.06,12090.19,59131,270,0
2022-09-05 12:00:00+00:00,12090.31,12111.19,12043.81,12084.06,48446,270,0
2022-09-05 16:00:00+00:00,12084.31,12156.04,12083.19,12126.16,46573,250,0
2022-09-05 20:00:00+00:00,12126.16,12126.16,12126.04,12126.04,2,250,0
2022-09-06 00:00:00+00:00,12124.49,12218.61,12102.11,12206.36,25191,290,0
2022-09-06 04:00:00+00:00,12206.49,12223.49,12144.74,12148.61,37568,290,0
2022-09-06 08:00:00+00:00,12148.86,12234.34,12138.24,12200.59,60351,270,0
2022-09-06 12:00:00+00:00,12200.96,12225.71,12133.46,12158.71,65126,270,0
2022-09-06 16:00:00+00:00,12158.71,12178.46,11920.21,12048.21,429388,250,0
2022-09-06 20:00:00+00:00,12048.34,12057.21,11954.09,12009.96,266445,270,0
2022-09-07 00:00:00+00:00,12009.96,12024.94,11913.69,11943.44,25722,270,0
2022-09-07 04:00:00+00:00,11943.32,11978.69,11924.57,11972.94,39646,290,0
2022-09-07 08:00:00+00:00,11973.07,12068.79,11961.92,12052.79,66083,270,0
2022-09-07 12:00:00+00:00,12053.04,12053.92,11968.42,12003.17,71809,270,0
2022-09-07 16:00:00+00:00,12003.29,12164.77,11996.42,12149.02,351508,250,0
2022-09-07 20:00:00+00:00,12148.89,12296.89,12139.39,12254.57,166908,250,0
2022-09-08 00:00:00+00:00,12254.57,12279.07,12241.07,12269.7,17208,290,0
2022-09-08 04:00:00+00:00,12269.7,12285.95,12250.82,12279.45,28723,290,0
2022-09-08 08:00:00+00:00,12279.7,12323.8,12216.55,12259.05,62439,270,0
2022-09-08 12:00:00+00:00,12259.05,12284.8,12167.8,12174.17,80946,270,0
2022-09-08 16:00:00+00:00,12174.17,12370.9,12108.65,12220.27,408555,250,0
2022-09-08 20:00:00+00:00,12220.27,12340.32,12185.4,12337.95,238096,250,0
2022-09-09 00:00:00+00:00,12337.95,12390.91,12321.91,12380.66,11602,290,0
2022-09-09 04:00:00+00:00,12380.66,12407.16,12352.78,12399.66,18447,290,0
2022-09-09 08:00:00+00:00,12399.53,12447.26,12348.51,12443.38,47280,270,0
2022-09-09 12:00:00+00:00,12443.38,12473.88,12419.88,12437.51,43728,270,0
2022-09-09 16:00:00+00:00,12437.63,12572.98,12398.76,12566.73,271050,250,0
2022-09-09 20:00:00+00:00,12566.73,12606.11,12549.48,12584.41,102880,250,0
2022-09-12 00:00:00+00:00,12641.63,12674.38,12595.88,12607.75,12987,290,0
2022-09-12 04:00:00+00:00,12607.75,12613.88,12569.13,12578.13,18153,290,0
2022-09-12 08:00:00+00:00,12578.25,12682.73,12577.25,12680.6,43617,270,0
2022-09-12 12:00:00+00:00,12680.6,12692.73,12606.48,12638.98,34606,270,0
2022-09-12 16:00:00+00:00,12639.23,12751.7,12625.1,12709.7,142632,250,0
2022-09-12 20:00:00+00:00,12709.95,12769.38,12677.2,12767.63,84446,250,0
2022-09-13 00:00:00+00:00,12769.42,12771.29,12747.17,12754.67,9254,290,0
2022-09-13 04:00:00+00:00,12754.54,12763.04,12733.42,12745.67,15893,290,0
2022-09-13 08:00:00+00:00,12745.67,12807.14,12739.54,12791.27,30700,270,0
2022-09-13 12:00:00+00:00,12791.27,12880.39,12373.02,12373.02,55465,270,0
2022-09-13 16:00:00+00:00,12372.64,12422.99,12178.87,12209.37,184951,250,0
2022-09-13 20:00:00+00:00,12209.37,12252.49,12000.49,12044.29,112569,250,0
2022-09-14 00:00:00+00:00,12047.82,12069.7,12007.32,12025.2,19443,290,0
2022-09-14 04:00:00+00:00,12025.07,12072.45,12022.45,12056.82,26959,290,0
2022-09-14 08:00:00+00:00,12057.2,12136.92,12014.8,12115.17,50388,270,0
2022-09-14 12:00:00+00:00,12114.42,12122.55,12000.05,12079.55,57684,270,0
2022-09-14 16:00:00+00:00,12079.42,12170.02,12011.27,12144.52,189830,250,0
2022-09-14 20:00:00+00:00,12144.65,12168.95,12010.52,12167.32,118151,250,0
2022-09-15 00:00:00+00:00,12153.47,12180.85,12139.35,12153.47,13013,290,0
2022-09-15 04:00:00+00:00,12153.1,12173.22,12125.85,12136.6,22783,290,0
2022-09-15 08:00:00+00:00,12136.72,12165.82,12116.7,12131.7,30731,270,0
2022-09-15 12:00:00+00:00,12131.7,12151.07,12055.45,12095.2,46454,270,0
2022-09-15 16:00:00+00:00,12095.2,12147.3,11901.8,11983.92,178156,250,0
2022-09-15 20:00:00+00:00,11983.92,12064.17,11851.3,11886.1,115225,250,0
2022-09-16 00:00:00+00:00,11863.05,11863.05,11805.18,11820.55,17008,290,0
2022-09-16 04:00:00+00:00,11820.68,11837.55,11807.8,11818.05,22998,290,0
2022-09-16 08:00:00+00:00,11818.05,11824.68,11764.53,11779.78,38112,270,0
2022-09-16 12:00:00+00:00,11779.65,11831.4,11747.53,11751.4,42582,270,0
2022-09-16 16:00:00+00:00,11751.03,11828.13,11692.0,11756.13,182456,250,0
2022-09-16 20:00:00+00:00,11756.0,11873.93,11716.38,11872.68,110525,250,0
2022-09-19 00:00:00+00:00,11834.94,11867.69,11798.94,11856.94,14693,290,0
2022-09-19 04:00:00+00:00,11856.94,11863.31,11773.69,11797.94,21496,290,0
2022-09-19 08:00:00+00:00,11797.94,11808.69,11728.41,11732.79,32830,270,0
2022-09-19 12:00:00+00:00,11732.91,11784.54,11709.91,11766.16,38302,270,0
2022-09-19 16:00:00+00:00,11766.16,11896.39,11732.41,11860.51,151026,250,0
2022-09-19 20:00:00+00:00,11860.26,11983.81,11815.51,11963.31,87785,250,0
2022-09-20 00:00:00+00:00,11963.31,12009.82,11958.94,11978.57,14151,290,0
2022-09-20 04:00:00+00:00,11978.32,11979.32,11950.82,11972.69,19371,290,0
2022-09-20 08:00:00+00:00,11972.57,12005.92,11892.42,11908.92,39282,270,0
2022-09-20 12:00:00+00:00,11909.04,11913.17,11832.42,11856.54,48025,270,0
2022-09-20 16:00:00+00:00,11855.92,11940.64,11804.64,11867.77,143991,250,0
2022-09-20 20:00:00+00:00,11867.64,11886.14,11746.02,11866.19,97884,250,0
2022-09-21 00:00:00+00:00,11866.07,11870.23,11828.23,11860.23,13246,290,0
2022-09-21 04:00:00+00:00,11860.23,11865.85,11827.73,11848.35,18796,290,0
2022-09-21 08:00:00+00:00,11848.23,11869.35,11780.33,11843.2,50358,270,0
2022-09-21 12:00:00+00:00,11843.2,11906.58,11821.7,11893.7,36909,270,0
2022-09-21 16:00:00+00:00,11893.7,11927.3,11855.8,11898.8,110288,250,0
2022-09-21 20:00:00+00:00,11898.93,12055.68,11564.73,11584.23,164531,250,0
2022-09-22 00:00:00+00:00,11583.24,11597.99,11493.36,11501.24,21968,290,0
2022-09-22 04:00:00+00:00,11501.36,11551.24,11470.24,11537.49,33304,290,0
2022-09-22 08:00:00+00:00,11537.24,11715.84,11517.09,11674.59,59383,270,0
2022-09-22 12:00:00+00:00,11673.84,11677.34,11560.09,11637.09,66982,270,0
2022-09-22 16:00:00+00:00,11636.84,11641.34,11430.31,11498.56,184204,250,0
2022-09-22 20:00:00+00:00,11498.56,11604.06,11441.56,11485.74,120009,250,0
2022-09-23 00:00:00+00:00,11498.0,11521.12,11479.12,11502.37,12359,290,0
2022-09-23 04:00:00+00:00,11501.87,11505.87,11421.37,11433.12,25673,290,0
2022-09-23 08:00:00+00:00,11433.12,11479.35,11392.22,11393.72,45138,270,0
2022-09-23 12:00:00+00:00,11393.47,11398.35,11300.72,11331.85,70875,270,0
2022-09-23 16:00:00+00:00,11331.6,11402.72,11218.7,11276.82,161659,250,0
2022-09-23 20:00:00+00:00,11276.82,11314.37,11150.57,11309.75,111008,250,0
2022-09-26 00:00:00+00:00,11300.88,11322.63,11226.13,11232.13,30203,290,0
2022-09-26 04:00:00+00:00,11232.13,11291.26,11211.01,11222.13,46790,290,0
2022-09-26 08:00:00+00:00,11221.38,11348.73,11183.61,11307.98,68154,270,0
2022-09-26 12:00:00+00:00,11307.98,11317.48,11206.36,11311.11,67375,270,0
2022-09-26 16:00:00+00:00,11311.11,11464.83,11236.96,11299.33,173620,250,0
2022-09-26 20:00:00+00:00,11299.58,11334.08,11217.88,11242.13,122258,250,0
2022-09-27 00:00:00+00:00,11243.07,11345.57,11226.07,11336.82,20515,290,0
2022-09-27 04:00:00+00:00,11336.32,11350.32,11302.44,11327.44,30846,290,0
2022-09-27 08:00:00+00:00,11327.44,11438.54,11314.19,11382.92,51491,270,0
2022-09-27 12:00:00+00:00,11383.04,11452.42,11342.92,11402.29,58631,270,0
2022-09-27 16:00:00+00:00,11402.29,11495.39,11162.14,11229.64,175687,250,0
2022-09-27 20:00:00+00:00,11229.14,11291.89,11170.39,11282.07,114099,250,0
2022-09-28 00:00:00+00:00,11289.49,11320.99,11271.12,11289.74,21340,290,0
2022-09-28 04:00:00+00:00,11289.37,11304.37,11113.24,11162.24,56863,290,0
2022-09-28 08:00:00+00:00,11162.12,11210.59,11098.34,11144.22,72409,270,0
2022-09-28 12:00:00+00:00,11144.47,11283.97,11070.84,11250.22,104145,270,0
2022-09-28 16:00:00+00:00,11250.22,11441.19,11195.07,11405.94,168964,250,0
2022-09-28 20:00:00+00:00,11405.94,11540.94,11388.19,11467.87,93209,250,0
2022-09-29 00:00:00+00:00,11468.12,11491.95,11449.45,11468.33,19817,290,0
2022-09-29 04:00:00+00:00,11468.45,11485.08,11428.33,11473.7,31700,290,0
2022-09-29 08:00:00+00:00,11473.83,11478.08,11287.8,11323.93,72720,270,0
2022-09-29 12:00:00+00:00,11323.55,11396.18,11261.93,11297.43,82145,270,0
2022-09-29 16:00:00+00:00,11297.18,11343.8,11087.03,11109.9,171083,250,0
2022-09-29 20:00:00+00:00,11109.9,11181.58,11019.53,11160.7,109345,250,0
2022-09-30 00:00:00+00:00,11160.7,11205.02,11138.27,11164.65,24665,290,0
2022-09-30 04:00:00+00:00,11165.15,11201.9,11111.65,11145.65,43132,290,0
2022-09-30 08:00:00+00:00,11145.27,11281.37,11142.52,11273.0,68660,270,0
2022-09-30 12:00:00+00:00,11273.5,11275.62,11096.87,11171.25,83307,270,0
2022-09-30 16:00:00+00:00,11171.12,11287.87,11074.72,11158.12,175515,250,0
2022-09-30 20:00:00+00:00,11158.12,11168.62,10955.62,10989.52,111396,270,0
2022-10-03 00:00:00+00:00,10949.43,10985.3,10826.05,10842.55,31319,290,0
2022-10-03 04:00:00+00:00,10842.8,10959.43,10841.68,10911.05,40437,290,0
2022-10-03 08:00:00+00:00,10910.55,10995.78,10887.68,10916.28,67269,270,0
2022-10-03 12:00:00+00:00,10915.78,11061.65,10879.15,11040.53,59285,270,0
2022-10-03 16:00:00+00:00,11040.65,11171.88,10975.5,11141.75,149461,250,0
2022-10-03 20:00:00+00:00,11141.75,11293.13,11139.0,11244.3,88088,250,0
2022-10-04 00:00:00+00:00,11244.3,11333.76,11214.39,11316.64,24996,290,0
2022-10-04 04:00:00+00:00,11316.64,11358.64,11267.89,11344.64,31697,290,0
2022-10-04 08:00:00+00:00,11344.64,11430.24,11339.14,11425.24,57302,270,0
2022-10-04 12:00:00+00:00,11425.24,11483.86,11398.61,11445.61,61027,270,0
2022-10-04 16:00:00+00:00,11445.74,11605.84,11428.11,11531.96,138029,250,0
2022-10-04 20:00:00+00:00,11531.96,11597.01,11455.96,11576.39,100913,250,0
2022-10-05 00:00:00+00:00,11576.39,11576.39,11502.36,11516.24,19744,290,0
2022-10-05 04:00:00+00:00,11516.11,11542.61,11493.24,11503.99,34341,290,0
2022-10-05 08:00:00+00:00,11503.99,11525.84,11438.84,11480.71,52667,270,0
2022-10-05 12:00:00+00:00,11480.59,11497.71,11433.21,11442.59,54995,270,0
2022-10-05 16:00:00+00:00,11442.71,11497.56,11298.19,11472.19,152024,250,0
2022-10-05 20:00:00+00:00,11472.19,11640.44,11468.06,11557.86,99110,250,0
2022-10-06 00:00:00+00:00,11556.13,11659.25,11546.0,11636.13,22163,290,0
2022-10-06 04:00:00+00:00,11636.5,11643.25,11597.88,11630.38,35157,290,0
2022-10-06 08:00:00+00:00,11630.5,11646.75,11497.13,11514.13,57593,270,0
2022-10-06 12:00:00+00:00,11514.13,11590.75,11453.63,11551.38,58254,290,0
2022-10-06 16:00:00+00:00,11551.38,11651.45,11456.45,11545.08,164846,250,0
2022-10-06 20:00:00+00:00,11545.08,11569.45,11435.25,11435.25,99388,250,0
2022-10-07 00:00:00+00:00,11435.25,11459.08,11407.7,11444.33,19800,290,0
2022-10-07 04:00:00+00:00,11444.58,11494.2,11435.83,11438.08,28107,290,0
2022-10-07 08:00:00+00:00,11438.58,11457.7,11383.55,11430.8,50519,270,0
2022-10-07 12:00:00+00:00,11430.68,11473.3,11231.18,11283.43,58552,270,0
2022-10-07 16:00:00+00:00,11283.43,11306.8,11052.9,11067.4,157949,250,0
2022-10-07 20:00:00+00:00,11067.4,11084.03,10973.53,11026.7,98999,250,0
2022-10-10 00:00:00+00:00,10997.96,11008.08,10923.46,10990.58,27661,290,0
2022-10-10 04:00:00+00:00,10990.58,11018.08,10971.83,10993.83,27139,290,0
2022-10-10 08:00:00+00:00,10993.96,11028.18,10932.56,10957.56,51659,270,0
2022-10-10 12:00:00+00:00,10957.68,11065.93,10957.68,11064.18,46300,270,0
2022-10-10 16:00:00+00:00,11063.81,11071.81,10843.53,10844.16,150778,250,0
2022-10-10 20:00:00+00:00,10844.16,11004.53,10814.28,10930.58,103807,250,0
2022-10-11 00:00:00+00:00,10930.58,10969.99,10908.11,10953.61,20447,290,0
2022-10-11 04:00:00+00:00,10953.74,10967.99,10852.24,10865.24,43257,290,0
2022-10-11 08:00:00+00:00,10865.61,10902.34,10792.84,10827.84,63903,270,0
2022-10-11 12:00:00+00:00,10828.09,10929.46,10797.71,10882.21,63759,270,0
2022-10-11 16:00:00+00:00,10881.71,10978.44,10727.44,10935.56,164899,250,0
2022-10-11 20:00:00+00:00,10935.56,10947.94,10707.06,10820.11,121334,250,0
2022-10-12 00:00:00+00:00,10820.11,10848.27,10777.27,10831.89,20622,290,0
2022-10-12 04:00:00+00:00,10831.89,10868.64,10781.14,10845.02,42262,290,0
2022-10-12 08:00:00+00:00,10845.02,10916.12,10816.62,10860.37,70833,270,0
2022-10-12 12:00:00+00:00,10860.12,10913.99,10792.74,10828.12,65268,270,0
2022-10-12 16:00:00+00:00,10828.12,10885.84,10745.84,10822.34,159819,250,0
2022-10-12 20:00:00+00:00,10822.34,10859.34,10770.84,10793.39,104681,250,0
2022-10-13 00:00:00+00:00,10793.39,10817.35,10791.35,10813.23,11874,290,0
2022-10-13 04:00:00+00:00,10813.1,10818.85,10775.48,10782.48,25376,290,0
2022-10-13 08:00:00+00:00,10782.23,10803.45,10744.33,10798.58,38160,270,0
2022-10-13 12:00:00+00:00,10797.7,10936.08,10443.08,10484.08,64406,270,0
2022-10-13 16:00:00+00:00,10483.2,11054.3,10426.05,10913.43,220566,250,0
2022-10-13 20:00:00+00:00,10913.43,11083.05,10913.43,11005.6,119361,250,0
2022-10-14 00:00:00+00:00,11005.6,11025.24,10961.37,10999.62,20552,290,0
2022-10-14 04:00:00+00:00,10999.49,11124.37,10993.12,11086.87,39648,290,0
2022-10-14 08:00:00+00:00,11086.62,11122.09,10945.84,10950.59,56929,270,0
2022-10-14 12:00:00+00:00,10950.59,11192.84,10928.09,11159.97,69756,270,0
2022-10-14 16:00:00+00:00,11159.72,11165.84,10723.07,10759.19,199808,250,0
2022-10-14 20:00:00+00:00,10759.19,10792.19,10666.69,10685.99,101900,250,0
2022-10-17 00:00:00+00:00,10677.54,10746.16,10677.54,10731.41,24893,290,0
2022-10-17 04:00:00+00:00,10731.66,10748.16,10716.66,10732.91,35797,290,0
2022-10-17 08:00:00+00:00,10732.16,10843.01,10731.16,10808.01,50804,270,0
2022-10-17 12:00:00+00:00,10808.14,10894.01,10800.51,10888.64,43449,270,0
2022-10-17 16:00:00+00:00,10888.51,11080.36,10888.51,11039.86,148221,250,0
2022-10-17 20:00:00+00:00,11039.86,11090.16,11021.86,11078.91,88332,250,0
2022-10-18 00:00:00+00:00,11079.04,11160.95,11078.41,11147.7,19760,290,0
2022-10-18 04:00:00+00:00,11147.7,11305.82,11123.07,11274.45,37894,290,0
2022-10-18 08:00:00+00:00,11274.57,11294.8,11200.92,11202.67,50069,270,0
2022-10-18 12:00:00+00:00,11202.67,11341.05,11180.8,11334.3,55866,270,0
2022-10-18 16:00:00+00:00,11333.92,11374.4,11027.27,11137.77,164960,250,0
2022-10-18 20:00:00+00:00,11137.02,11281.2,11025.02,11266.7,124375,250,0
2022-10-19 00:00:00+00:00,11273.7,11325.7,11251.33,11293.2,22897,290,0
2022-10-19 04:00:00+00:00,11293.08,11321.08,11254.2,11258.45,30954,290,0
2022-10-19 08:00:00+00:00,11258.2,11266.83,11118.3,11155.43,51739,270,0
2022-10-19 12:00:00+00:00,11155.3,11235.55,11048.68,11074.05,61271,270,0
2022-10-19 16:00:00+00:00,11074.05,11227.65,11050.55,11064.15,153757,250,0
2022-10-19 20:00:00+00:00,11064.15,11155.7,10994.53,11093.95,100437,250,0
2022-10-20 00:00:00+00:00,11092.08,11092.08,10981.77,11003.02,20852,290,0
2022-10-20 04:00:00+00:00,11002.39,11046.52,10952.89,11026.27,43425,290,0
2022-10-20 08:00:00+00:00,11026.02,11099.64,10973.74,10999.37,57601,270,0
2022-10-20 12:00:00+00:00,10999.37,11163.37,10995.24,11027.99,58731,270,0
2022-10-20 16:00:00+00:00,11027.87,11273.22,11027.12,11120.59,154883,250,0
2022-10-20 20:00:00+00:00,11120.47,11127.34,10986.59,11004.39,102140,250,0
2022-10-21 00:00:00+00:00,11004.52,11004.52,10931.86,10972.86,19944,290,0
2022-10-21 04:00:00+00:00,10973.36,11007.61,10952.36,10965.61,31269,290,0
2022-10-21 08:00:00+00:00,10965.36,11031.46,10921.96,10932.96,44641,270,0
2022-10-21 12:00:00+00:00,10933.46,10972.58,10882.83,10927.21,53574,270,0
2022-10-21 16:00:00+00:00,10927.71,11202.18,10926.46,11178.18,216058,250,0
2022-10-21 20:00:00+00:00,11178.31,11331.61,11168.56,11322.86,85021,250,0
2022-10-24 00:00:00+00:00,11352.33,11478.08,11352.33,11393.33,38569,290,0
2022-10-24 04:00:00+00:00,11393.46,11396.96,11310.96,11365.71,50443,290,0
2022-10-24 08:00:00+00:00,11365.08,11370.83,11208.68,11245.81,75951,270,0
2022-10-24 12:00:00+00:00,11245.43,11397.81,11222.06,11351.68,79280,270,0
2022-10-24 16:00:00+00:00,11352.06,11402.03,11156.03,11376.16,184140,250,0
2022-10-24 20:00:00+00:00,11376.28,11463.16,11321.53,11407.08,87804,250,0
2022-10-25 00:00:00+00:00,11407.08,11452.05,11400.05,11438.8,19268,290,0
2022-10-25 04:00:00+00:00,11439.18,11444.18,11378.93,11433.8,49936,290,0
2022-10-25 08:00:00+00:00,11433.93,11461.53,11412.55,11421.53,53618,270,0
2022-10-25 12:00:00+00:00,11421.53,11441.53,11388.9,11426.28,49368,270,0
2022-10-25 16:00:00+00:00,11426.15,11654.25,11425.65,11602.75,131945,250,0
2022-10-25 20:00:00+00:00,11603.13,11679.88,11488.68,11533.8,89426,250,0
2022-10-26 00:00:00+00:00,11533.68,11534.68,11390.57,11397.07,27576,290,0
2022-10-26 04:00:00+00:00,11397.07,11454.94,11384.82,11439.82,34562,290,0
2022-10-26 08:00:00+00:00,11439.69,11516.79,11423.94,11507.29,52794,270,0
2022-10-26 12:00:00+00:00,11507.17,11507.29,11427.54,11454.54,57793,270,0
2022-10-26 16:00:00+00:00,11455.04,11651.52,11381.54,11504.89,153302,250,0
2022-10-26 20:00:00+00:00,11504.64,11504.89,11363.94,11421.94,106687,250,0
2022-10-27 00:00:00+00:00,11421.82,11487.67,11368.79,11441.79,21729,290,0
2022-10-27 04:00:00+00:00,11441.67,11467.67,11412.17,11452.04,33692,290,0
2022-10-27 08:00:00+00:00,11452.29,11467.54,11378.77,11389.39,49947,270,0
2022-10-27 12:00:00+00:00,11389.77,11408.14,11306.27,11387.89,69111,270,0
2022-10-27 16:00:00+00:00,11387.89,11414.24,11198.12,11238.99,184215,250,0
2022-10-27 20:00:00+00:00,11239.12,11287.87,10876.79,11046.04,107609,250,0
2022-10-28 00:00:00+00:00,11046.04,11139.84,11046.04,11095.72,24317,290,0
2022-10-28 04:00:00+00:00,11095.97,11140.59,11086.47,11096.97,37723,290,0
2022-10-28 08:00:00+00:00,11097.22,11098.22,11013.57,11060.57,55125,270,0
2022-10-28 12:00:00+00:00,11060.57,11170.69,11019.69,11102.07,60599,270,0
2022-10-28 16:00:00+00:00,11102.32,11482.29,11090.69,11470.04,159453,250,0
2022-10-28 20:00:00+00:00,11470.54,11577.09,11464.04,11576.59,74987,250,0
2022-10-31 00:00:00+00:00,11540.29,11541.29,11472.66,11485.29,16971,290,0
2022-10-31 04:00:00+00:00,11485.29,11535.04,11470.16,11511.04,28160,290,0
2022-10-31 08:00:00+00:00,11511.29,11526.16,11438.14,11453.01,34285,270,0
2022-10-31 12:00:00+00:00,11452.89,11498.64,11442.76,11457.76,39212,270,0
2022-10-31 16:00:00+00:00,11457.76,11475.76,11321.24,11399.11,142966,250,0
2022-10-31 20:00:00+00:00,11399.36,11452.24,11370.36,11406.79,87542,250,0
2022-11-01 00:00:00+00:00,11406.54,11449.26,11402.26,11437.76,14108,290,0
2022-11-01 04:00:00+00:00,11437.64,11455.14,11433.64,11440.01,27059,290,0
2022-11-01 08:00:00+00:00,11440.01,11529.49,11438.76,11510.24,42743,270,0
2022-11-01 12:00:00+00:00,11510.24,11569.36,11491.24,11557.61,45000,270,0
2022-11-01 16:00:00+00:00,11557.86,11574.11,11270.96,11310.96,162788,250,0
2022-11-01 20:00:00+00:00,11311.21,11335.46,11244.14,11276.01,80375,250,0
2022-11-02 00:00:00+00:00,11276.26,11326.56,11275.81,11322.06,15476,290,0
2022-11-02 04:00:00+00:00,11322.18,11340.56,11308.81,11327.31,26082,290,0
2022-11-02 08:00:00+00:00,11327.43,11346.41,11292.66,11328.66,32813,270,0
2022-11-02 12:00:00+00:00,11328.78,11337.28,11253.03,11288.91,44582,270,0
2022-11-02 16:00:00+00:00,11288.91,11297.28,11148.01,11192.26,119762,250,0
2022-11-02 20:00:00+00:00,11192.26,11416.01,10865.68,10898.81,165786,250,0
2022-11-03 00:00:00+00:00,10898.31,10905.32,10860.95,10903.2,18379,290,0
2022-11-03 04:00:00+00:00,10903.2,10946.57,10898.7,10935.45,27195,290,0
2022-11-03 08:00:00+00:00,10935.7,10955.45,10856.17,10877.8,45290,270,0
2022-11-03 12:00:00+00:00,10877.55,10893.42,10762.42,10764.42,63341,270,0
2022-11-03 16:00:00+00:00,10764.67,10847.52,10668.15,10811.27,167178,250,0
2022-11-03 20:00:00+00:00,10811.27,10817.65,10677.57,10688.07,82576,250,0
2022-11-04 00:00:00+00:00,10687.95,10692.2,10650.95,10690.33,14485,290,0
2022-11-04 04:00:00+00:00,10690.33,10739.2,10674.08,10733.08,26820,290,0
2022-11-04 08:00:00+00:00,10732.95,10785.93,10707.55,10745.68,47384,270,0
2022-11-04 12:00:00+00:00,10745.93,10835.05,10599.3,10830.93,68746,0,0
2022-11-04 16:00:00+00:00,10830.68,10931.9,10636.9,10672.4,197105,250,0
2022-11-04 20:00:00+00:00,10672.4,10874.08,10620.9,10832.45,108948,250,0
2022-11-07 00:00:00+00:00,10740.87,10812.99,10740.87,10803.74,31028,290,0
2022-11-07 04:00:00+00:00,10803.74,10852.12,10794.37,10818.87,31738,290,0
2022-11-07 08:00:00+00:00,10818.24,10904.97,10774.09,10861.84,49924,270,0
2022-11-07 12:00:00+00:00,10861.97,10932.59,10861.84,10886.84,50325,270,0
2022-11-07 16:00:00+00:00,10886.84,10929.34,10808.57,10859.69,149194,250,0
2022-11-07 20:00:00+00:00,10859.69,10999.19,10857.94,10974.99,73090,250,0
2022-11-08 00:00:00+00:00,10975.99,11024.54,10966.17,11003.17,20808,290,0
2022-11-08 04:00:00+00:00,11003.42,11003.42,10945.92,10954.42,22056,290,0
2022-11-08 08:00:00+00:00,10953.92,11019.89,10916.64,11019.64,43134,270,0
2022-11-08 12:00:00+00:00,11019.89,11054.64,10995.14,11042.64,51728,270,0
2022-11-08 16:00:00+00:00,11042.14,11192.49,10968.49,11162.12,129664,250,0
2022-11-08 20:00:00+00:00,11161.99,11180.74,10890.74,11050.54,113997,250,0
2022-11-09 00:00:00+00:00,11050.42,11125.64,11046.51,11085.64,26479,290,0
2022-11-09 04:00:00+00:00,11085.64,11109.76,11037.76,11061.64,36497,290,0
2022-11-09 08:00:00+00:00,11061.89,11116.49,10995.99,11009.49,46834,270,0
2022-11-09 12:00:00+00:00,11009.99,11069.49,10972.36,10984.99,57986,270,0
2022-11-09 16:00:00+00:00,10984.86,11014.24,10889.71,10920.96,145741,250,0
2022-11-09 20:00:00+00:00,10921.21,10936.46,10784.46,10804.89,94392,250,0
2022-11-10 00:00:00+00:00,10804.76,10846.92,10798.67,10830.55,20975,290,0
2022-11-10 04:00:00+00:00,10830.55,10854.8,10811.42,10842.55,25027,290,0
2022-11-10 08:00:00+00:00,10842.42,10851.15,10803.9,10827.9,37138,270,0
2022-11-10 12:00:00+00:00,10827.65,11278.4,10795.65,11269.15,66213,270,0
2022-11-10 16:00:00+00:00,11269.15,11462.25,11233.12,11389.62,171334,250,0
2022-11-10 20:00:00+00:00,11389.62,11640.55,11388.62,11639.3,94714,250,0
2022-11-11 00:00:00+00:00,11639.3,11645.75,11588.25,11591.75,29008,290,0
2022-11-11 04:00:00+00:00,11591.25,11682.87,11582.25,11680.0,35801,290,0
2022-11-11 08:00:00+00:00,11679.62,11738.97,11666.1,11688.72,57932,270,0
2022-11-11 12:00:00+00:00,11688.85,11704.6,11633.35,11663.22,52826,270,0
2022-11-11 16:00:00+00:00,11663.47,11742.07,11531.32,11724.57,161589,250,0
2022-11-11 20:00:00+00:00,11724.82,11838.07,11722.07,11797.25,87310,250,0
2022-11-14 00:00:00+00:00,11748.48,11790.23,11732.36,11759.11,32317,270,0
2022-11-14 04:00:00+00:00,11759.36,11774.36,11723.73,11723.86,26957,270,0
2022-11-14 08:00:00+00:00,11723.86,11776.23,11717.11,11721.11,36470,270,0
2022-11-14 12:00:00+00:00,11720.98,11768.61,11710.61,11737.86,32143,270,0
2022-11-14 16:00:00+00:00,11738.11,11817.46,11666.73,11791.58,136024,250,0
2022-11-14 20:00:00+00:00,11791.83,11862.83,11693.71,11733.13,84047,250,0
2022-11-15 00:00:00+00:00,11732.88,11760.31,11727.56,11754.31,20517,290,0
2022-11-15 04:00:00+00:00,11754.56,11793.18,11749.31,11783.56,27343,290,0
2022-11-15 08:00:00+00:00,11783.56,11827.66,11781.31,11821.16,44248,270,0
2022-11-15 12:00:00+00:00,11821.03,12084.66,11819.53,12040.78,63860,270,0
2022-11-15 16:00:00+00:00,12040.78,12044.03,11909.63,11955.63,149296,250,0
2022-11-15 20:00:00+00:00,11955.63,11966.88,11730.88,11859.56,147806,250,0
2022-11-16 00:00:00+00:00,11858.18,11865.15,11800.78,11836.78,33677,290,0
2022-11-16 04:00:00+00:00,11836.9,11891.03,11820.4,11885.15,42654,290,0
2022-11-16 08:00:00+00:00,11884.53,11923.75,11864.53,11886.13,42620,270,0
2022-11-16 12:00:00+00:00,11886.13,11915.0,11788.25,11793.5,50501,270,0
2022-11-16 16:00:00+00:00,11793.25,11821.13,11668.73,11755.85,135595,250,0
2022-11-16 20:00:00+00:00,11756.1,11771.1,11674.6,11734.28,82373,250,0
2022-11-17 00:00:00+00:00,11732.9,11753.31,11717.06,11723.18,18019,290,0
2022-11-17 04:00:00+00:00,11723.18,11739.68,11706.06,11725.68,21484,290,0
2022-11-17 08:00:00+00:00,11725.31,11790.66,11677.16,11688.53,42333,270,0
2022-11-17 12:00:00+00:00,11689.16,11712.28,11519.41,11523.78,64790,270,0
2022-11-17 16:00:00+00:00,11523.78,11729.13,11491.28,11711.26,132624,250,0
2022-11-17 20:00:00+00:00,11711.26,11737.88,11589.01,11709.18,84839,250,0
2022-11-18 00:00:00+00:00,11709.43,11722.61,11679.99,11695.36,20115,290,0
2022-11-18 04:00:00+00:00,11695.49,11712.99,11671.11,11679.49,25230,290,0
2022-11-18 08:00:00+00:00,11679.74,11742.21,11637.09,11716.09,40192,270,0
2022-11-18 12:00:00+00:00,11716.09,11807.09,11706.21,11797.71,42494,270,0
2022-11-18 16:00:00+00:00,11797.71,11807.21,11571.31,11597.81,129762,250,0
2022-11-18 20:00:00+00:00,11597.56,11705.56,11591.06,11674.74,77783,250,0
2022-11-21 00:00:00+00:00,11698.12,11723.75,11632.5,11638.25,25721,290,0
2022-11-21 04:00:00+00:00,11638.5,11656.75,11627.25,11649.75,26664,290,0
2022-11-21 08:00:00+00:00,11649.87,11654.0,11587.22,11600.1,38602,270,0
2022-11-21 12:00:00+00:00,11601.1,11624.97,11564.85,11622.35,33664,270,0
2022-11-21 16:00:00+00:00,11622.47,11668.07,11522.32,11528.82,119694,250,0
2022-11-21 20:00:00+00:00,11528.82,11603.32,11526.82,11557.87,75922,250,0
2022-11-22 00:00:00+00:00,11558.0,11595.71,11554.21,11576.46,18945,290,0
2022-11-22 04:00:00+00:00,11576.46,11589.08,11551.96,11553.46,23618,290,0
2022-11-22 08:00:00+00:00,11553.71,11594.06,11497.18,11585.43,28637,270,0
2022-11-22 12:00:00+00:00,11585.31,11611.43,11536.43,11607.18,16562,270,0
2022-11-22 16:00:00+00:00,11608.18,11639.16,11498.66,11624.28,32930,250,0
2022-11-22 20:00:00+00:00,11624.28,11729.41,11614.78,11709.96,23630,250,0
2022-11-23 00:00:00+00:00,11709.71,11726.56,11694.69,11700.69,7803,290,0
2022-11-23 04:00:00+00:00,11700.31,11713.31,11691.19,11712.31,9048,290,0
2022-11-23 08:00:00+00:00,11712.44,11752.16,11699.06,11743.54,13539,270,0
2022-11-23 12:00:00+00:00,11743.91,11764.04,11709.16,11729.66,15738,270,0
2022-11-23 16:00:00+00:00,11729.79,11856.76,11713.01,11731.76,34000,250,0
2022-11-23 20:00:00+00:00,11732.14,11863.64,11723.26,11848.06,27253,250,0
2022-11-24 00:00:00+00:00,11848.44,11876.04,11846.92,11869.17,8164,290,0
2022-11-24 04:00:00+00:00,11869.17,11873.29,11858.04,11858.54,8359,290,0
2022-11-24 08:00:00+00:00,11858.54,11896.02,11846.14,11887.14,12644,270,0
2022-11-24 12:00:00+00:00,11887.14,11904.39,11873.27,11891.52,11063,270,0
2022-11-24 16:00:00+00:00,11892.02,11896.87,11870.99,11884.49,10227,250,0
2022-11-24 20:00:00+00:00,11884.49,11884.49,11884.49,11884.49,1,250,0
2022-11-25 00:00:00+00:00,11888.06,11896.56,11874.31,11881.19,6505,290,0
2022-11-25 04:00:00+00:00,11880.94,11890.81,11875.56,11878.19,7903,290,0
2022-11-25 08:00:00+00:00,11878.06,11889.29,11819.16,11830.16,12439,270,0
2022-11-25 12:00:00+00:00,11830.29,11847.29,11787.41,11791.91,13861,270,0
2022-11-25 16:00:00+00:00,11791.79,11800.39,11739.26,11758.01,29113,250,0
2022-11-25 20:00:00+00:00,11758.89,11761.76,11747.26,11757.76,1247,250,0
2022-11-28 00:00:00+00:00,11712.55,11724.3,11644.18,11658.8,11433,290,0
2022-11-28 04:00:00+00:00,11658.8,11674.3,11635.55,11647.18,10843,290,0
2022-11-28 08:00:00+00:00,11647.8,11706.78,11624.53,11629.53,17674,270,0
2022-11-28 12:00:00+00:00,11629.03,11692.4,11620.28,11691.9,17880,270,0
2022-11-28 16:00:00+00:00,11691.9,11765.5,11641.0,11645.0,35261,250,0
2022-11-28 20:00:00+00:00,11643.88,11663.75,11552.88,11601.05,25861,250,0
2022-11-29 00:00:00+00:00,11601.18,11616.7,11590.7,11615.08,8984,290,0
2022-11-29 04:00:00+00:00,11614.33,11655.33,11611.33,11654.08,10852,290,0
2022-11-29 08:00:00+00:00,11654.2,11683.43,11627.05,11636.93,18862,270,0
2022-11-29 12:00:00+00:00,11636.93,11661.55,11596.05,11614.05,18759,270,0
2022-11-29 16:00:00+00:00,11614.18,11627.93,11445.03,11516.15,35787,250,0
2022-11-29 20:00:00+00:00,11516.15,11532.9,11456.65,11498.2,26001,250,0
2022-11-30 00:00:00+00:00,11498.33,11522.66,11477.78,11513.66,9221,290,0
2022-11-30 04:00:00+00:00,11513.16,11527.03,11506.78,11512.91,10571,290,0
2022-11-30 08:00:00+00:00,11513.41,11566.01,11508.66,11541.76,17129,270,0
2022-11-30 12:00:00+00:00,11541.76,11575.01,11497.26,11500.26,18422,270,0
2022-11-30 16:00:00+00:00,11499.63,11558.98,11478.48,11510.73,34703,250,0
2022-11-30 20:00:00+00:00,11510.36,12056.91,11508.73,12055.03,35373,250,0
2022-12-01 00:00:00+00:00,12055.03,12063.46,12025.46,12026.96,11887,290,0
2022-12-01 04:00:00+00:00,12026.84,12059.09,12004.71,12050.46,13492,290,0
2022-12-01 08:00:00+00:00,12051.09,12054.21,11971.19,11993.56,19095,270,0
2022-12-01 12:00:00+00:00,11994.19,12110.44,11977.94,12056.19,20223,270,0
2022-12-01 16:00:00+00:00,12056.19,12118.16,11922.91,12025.66,37966,250,0
2022-12-01 20:00:00+00:00,12025.41,12076.66,11995.91,12014.71,27588,250,0
2022-12-02 00:00:00+00:00,12014.71,12027.48,11977.6,11983.85,9120,290,0
2022-12-02 04:00:00+00:00,11983.73,12007.1,11982.1,12001.73,10945,290,0
2022-12-02 08:00:00+00:00,12002.23,12037.7,11996.33,12036.58,16453,270,0
2022-12-02 12:00:00+00:00,12035.45,12047.08,11720.45,11803.83,20138,270,0
2022-12-02 16:00:00+00:00,11803.7,11959.05,11769.45,11900.93,36446,250,0
2022-12-02 20:00:00+00:00,11902.05,12026.18,11876.68,11958.73,26167,250,0
2022-12-05 00:00:00+00:00,11989.66,11995.78,11965.53,11968.03,11898,290,0
2022-12-05 04:00:00+00:00,11968.03,11982.66,11967.28,11979.78,9488,290,0
2022-12-05 08:00:00+00:00,11979.78,11980.78,11927.26,11964.26,18608,270,0
2022-12-05 12:00:00+00:00,11964.26,11982.63,11905.13,11911.63,20581,270,0
2022-12-05 16:00:00+00:00,11911.51,11956.48,11799.98,11803.73,37955,250,0
2022-12-05 20:00:00+00:00,11804.23,11832.61,11730.23,11797.53,31417,250,0
2022-12-06 00:00:00+00:00,11797.53,11829.44,11787.82,11818.07,11049,290,0
2022-12-06 04:00:00+00:00,11818.07,11826.57,11780.94,11788.82,14820,290,0
2022-12-06 08:00:00+00:00,11788.57,11824.67,11767.17,11801.17,20175,270,0
2022-12-06 12:00:00+00:00,11801.42,11831.29,11775.29,11806.29,20990,270,0
2022-12-06 16:00:00+00:00,11807.67,11815.29,11561.39,11572.89,39333,250,0
2022-12-06 20:00:00+00:00,11572.14,11587.14,11488.02,11552.19,32863,250,0
2022-12-07 00:00:00+00:00,11552.44,11583.23,11551.69,11578.48,10549,290,0
2022-12-07 04:00:00+00:00,11578.48,11582.86,11560.73,11564.48,12955,290,0
2022-12-07 08:00:00+00:00,11564.36,11573.46,11500.08,11513.96,22628,270,0
2022-12-07 12:00:00+00:00,11513.96,11529.08,11411.21,11492.33,23215,270,0
2022-12-07 16:00:00+00:00,11492.58,11583.56,11428.56,11510.68,40993,250,0
2022-12-07 20:00:00+00:00,11510.43,11544.68,11462.56,11485.98,30061,250,0
2022-12-08 00:00:00+00:00,11485.98,11505.8,11423.55,11446.18,11021,290,0
2022-12-08 04:00:00+00:00,11446.18,11486.05,11442.93,11482.43,11962,290,0
2022-12-08 08:00:00+00:00,11482.43,11536.9,11475.8,11520.65,17914,270,0
2022-12-08 12:00:00+00:00,11520.78,11586.4,11506.9,11563.65,20346,270,0
2022-12-08 16:00:00+00:00,11563.9,11659.5,11466.5,11616.38,39011,250,0
2022-12-08 20:00:00+00:00,11617.0,11674.0,11567.0,11625.55,31115,250,0
2022-12-09 00:00:00+00:00,11625.43,11651.41,11614.16,11649.91,7860,290,0
2022-12-09 04:00:00+00:00,11649.91,11677.54,11649.91,11671.66,9950,290,0
2022-12-09 08:00:00+00:00,11671.54,11706.14,11656.26,11662.01,15541,270,0
2022-12-09 12:00:00+00:00,11662.51,11725.14,11508.89,11607.76,19376,270,0
2022-12-09 16:00:00+00:00,11608.26,11708.11,11540.36,11674.61,40997,250,0
2022-12-09 20:00:00+00:00,11673.99,11673.99,11540.79,11542.04,28744,250,0
2022-12-12 00:00:00+00:00,11565.26,11566.63,11517.76,11530.26,9134,290,0
2022-12-12 04:00:00+00:00,11530.26,11558.13,11520.63,11552.01,7939,290,0
2022-12-12 08:00:00+00:00,11552.01,11592.73,11542.26,11589.11,13730,270,0
2022-12-12 12:00:00+00:00,11589.48,11610.23,11582.48,11588.23,13208,270,0
2022-12-12 16:00:00+00:00,11587.73,11602.83,11526.33,11591.83,36977,250,0
2022-12-12 20:00:00+00:00,11591.46,11710.21,11567.71,11692.13,29139,250,0
2022-12-13 00:00:00+00:00,11692.13,11716.39,11685.89,11688.64,6335,290,0
2022-12-13 04:00:00+00:00,11688.64,11724.14,11676.39,11720.39,8876,290,0
2022-12-13 08:00:00+00:00,11720.39,11757.99,11702.14,11736.99,14407,270,0
2022-12-13 12:00:00+00:00,11737.49,12204.24,11723.49,12160.49,20709,270,0
2022-12-13 16:00:00+00:00,12159.49,12202.49,11724.34,11775.46,46503,250,0
2022-12-13 20:00:00+00:00,11776.21,11885.84,11753.71,11827.64,35881,250,0
2022-12-14 00:00:00+00:00,11827.26,11872.77,11827.26,11869.39,7054,290,0
2022-12-14 04:00:00+00:00,11870.02,11891.77,11855.64,11875.02,6739,290,0
2022-12-14 08:00:00+00:00,11875.02,11883.52,11812.12,11831.12,14265,270,0
2022-12-14 12:00:00+00:00,11831.24,11853.37,11797.12,11822.24,15923,270,0
2022-12-14 16:00:00+00:00,11822.24,11938.09,11799.49,11869.72,36701,250,0
2022-12-14 20:00:00+00:00,11869.84,11944.34,11609.97,11765.14,34524,250,0
2022-12-15 00:00:00+00:00,11765.52,11774.57,11733.95,11738.95,8188,290,0
2022-12-15 04:00:00+00:00,11739.2,11745.32,11712.45,11741.95,9399,290,0
2022-12-15 08:00:00+00:00,11741.95,11744.82,11569.17,11598.05,18655,270,0
2022-12-15 12:00:00+00:00,11597.42,11615.42,11522.55,11559.42,21546,270,0
2022-12-15 16:00:00+00:00,11558.92,11590.77,11315.15,11324.15,39812,250,0
2022-12-15 20:00:00+00:00,11325.02,11372.65,11282.27,11327.32,30860,250,0
2022-12-16 00:00:00+00:00,11327.32,11356.23,11327.32,11343.86,8442,290,0
2022-12-16 04:00:00+00:00,11343.48,11373.48,11316.11,11346.61,10166,290,0
2022-12-16 08:00:00+00:00,11347.48,11360.98,11199.21,11238.96,18801,270,0
2022-12-16 12:00:00+00:00,11238.71,11307.46,11208.71,11285.96,21717,270,0
2022-12-16 16:00:00+00:00,11286.08,11376.56,11172.56,11177.93,40350,250,0
2022-12-16 20:00:00+00:00,11177.93,11280.06,11161.93,11204.98,31724,250,0
2022-12-19 00:00:00+00:00,11218.26,11273.01,11215.76,11263.01,8705,290,0
2022-12-19 04:00:00+00:00,11262.64,11269.26,11222.51,11237.26,7827,290,0
2022-12-19 08:00:00+00:00,11236.64,11295.74,11235.39,11266.61,12182,270,0
2022-12-19 12:00:00+00:00,11267.24,11300.86,11239.86,11245.99,12220,270,0
2022-12-19 16:00:00+00:00,11246.36,11263.11,11071.34,11121.84,26687,250,0
2022-12-19 20:00:00+00:00,11122.09,11145.21,11022.21,11074.76,22197,250,0
2022-12-20 00:00:00+00:00,11082.24,11120.87,11082.24,11116.99,7100,290,0
2022-12-20 04:00:00+00:00,11116.87,11120.24,10937.87,10966.99,16838,290,0
2022-12-20 08:00:00+00:00,10966.62,11073.09,10959.87,11059.47,17198,270,0
2022-12-20 12:00:00+00:00,11059.22,11080.72,11015.09,11031.34,15441,257,0
2022-12-20 16:00:00+00:00,11031.34,11139.94,10960.44,11087.44,27022,250,0
2022-12-20 20:00:00+00:00,11087.44,11121.19,11052.44,11086.49,21070,250,0
2022-12-21 00:00:00+00:00,11105.48,11156.98,11098.23,11145.48,9052,290,0
2022-12-21 04:00:00+00:00,11145.61,11151.11,11100.86,11119.48,9358,290,0
2022-12-21 08:00:00+00:00,11119.48,11152.21,11093.83,11144.21,12735,270,0
2022-12-21 12:00:00+00:00,11144.08,11145.96,11081.71,11131.33,14224,270,0
2022-12-21 16:00:00+00:00,11131.33,11271.43,11075.81,11248.43,26905,100,0
2022-12-21 20:00:00+00:00,11248.43,11284.31,11202.18,11249.86,22082,250,0
2022-12-22 00:00:00+00:00,11250.96,11267.71,11232.46,11261.46,7032,290,0
2022-12-22 04:00:00+00:00,11261.46,11274.83,11257.83,11266.46,6929,290,0
2022-12-22 08:00:00+00:00,11266.96,11278.56,11230.06,11232.93,10194,270,0
2022-12-22 12:00:00+00:00,11232.81,11232.93,11085.93,11097.31,14224,270,0
2022-12-22 16:00:00+00:00,11097.18,11101.68,10800.91,10821.91,27464,237,0
2022-12-22 20:00:00+00:00,10821.91,10973.96,10764.78,10938.71,24145,250,0
2022-12-23 00:00:00+00:00,10954.33,10962.46,10909.46,10957.33,8007,290,0
2022-12-23 04:00:00+00:00,10956.96,10976.96,10947.58,10951.46,8400,290,0
2022-12-23 08:00:00+00:00,10951.46,10968.81,10925.31,10940.81,11597,270,0
2022-12-23 12:00:00+00:00,10940.81,11040.93,10878.31,10949.18,14578,270,0
2022-12-23 16:00:00+00:00,10948.18,11000.78,10815.78,10941.53,27473,175,0
2022-12-23 20:00:00+00:00,10942.03,10986.53,10917.53,10965.58,19099,250,0
2022-12-27 00:00:00+00:00,11040.56,11086.31,11022.31,11084.18,7486,290,0
2022-12-27 04:00:00+00:00,11084.18,11087.31,11058.43,11064.81,6033,290,0
2022-12-27 08:00:00+00:00,11064.81,11080.78,11022.16,11048.03,9573,270,0
2022-12-27 12:00:00+00:00,11048.03,11057.16,10944.66,10959.66,12350,270,0
2022-12-27 16:00:00+00:00,10959.66,10980.78,10800.63,10854.88,26569,250,0
2022-12-27 20:00:00+00:00,10855.01,10872.51,10804.13,10815.93,20905,250,0
2022-12-28 00:00:00+00:00,10818.42,10844.17,10798.79,10842.92,7318,290,0
2022-12-28 04:00:00+00:00,10843.54,10844.42,10817.29,10821.42,7335,290,0
2022-12-28 08:00:00+00:00,10822.04,10860.89,10798.89,10817.27,10645,270,0
2022-12-28 12:00:00+00:00,10817.27,10858.89,10805.39,10823.14,12156,270,0
2022-12-28 16:00:00+00:00,10823.14,10901.37,10679.74,10762.12,27228,250,0
2022-12-28 20:00:00+00:00,10763.62,10797.87,10665.62,10690.54,22466,250,0
2022-12-29 00:00:00+00:00,10699.07,10714.07,10686.07,10701.32,6916,290,0
2022-12-29 04:00:00+00:00,10701.19,10714.44,10690.94,10709.19,6526,290,0
2022-12-29 08:00:00+00:00,10709.44,10754.79,10706.94,10747.42,9787,270,0
2022-12-29 12:00:00+00:00,10747.04,10812.04,10739.79,10799.04,11742,270,0
2022-12-29 16:00:00+00:00,10798.67,10979.77,10766.77,10945.89,26245,250,0
2022-12-29 20:00:00+00:00,10946.14,10977.52,10919.27,10938.19,20659,250,0
2022-12-30 00:00:00+00:00,10941.74,10942.87,10912.12,10920.87,5363,290,0
2022-12-30 04:00:00+00:00,10920.87,10936.74,10900.74,10912.62,6377,290,0
2022-12-30 08:00:00+00:00,10911.74,10912.49,10850.72,10899.22,11208,270,0
2022-12-30 12:00:00+00:00,10899.47,10917.34,10811.59,10831.09,12611,270,0
2022-12-30 16:00:00+00:00,10831.22,10877.69,10762.94,10859.94,24721,250,0
2022-12-30 20:00:00+00:00,10861.69,10958.24,10782.32,10948.12,21573,250,0
2023-01-03 00:00:00+00:00,11038.59,11038.59,10864.47,10897.72,10946,290,0
2023-01-03 04:00:00+00:00,10897.72,10968.97,10888.22,10962.34,10660,290,0
2023-01-03 08:00:00+00:00,10962.34,11079.32,10946.59,11079.32,16635,270,0
2023-01-03 12:00:00+00:00,11079.44,11082.69,10965.07,11028.32,17575,270,0
2023-01-03 16:00:00+00:00,11028.82,11093.29,10758.54,10783.29,26916,200,0
2023-01-03 20:00:00+00:00,10783.04,10884.29,10764.79,10853.84,22983,250,0
2023-01-04 00:00:00+00:00,10842.92,10897.29,10842.92,10889.92,6693,290,0
2023-01-04 04:00:00+00:00,10889.92,10899.67,10865.29,10890.17,7039,290,0
2023-01-04 08:00:00+00:00,10890.17,10963.39,10877.67,10916.14,12497,270,0
2023-01-04 12:00:00+00:00,10916.14,10959.89,10885.14,10937.27,15350,270,0
2023-01-04 16:00:00+00:00,10937.14,10979.74,10776.74,10915.87,27575,250,0
2023-01-04 20:00:00+00:00,10915.99,10973.87,10814.37,10895.29,23735,250,0
2023-01-05 00:00:00+00:00,10909.84,10917.84,10889.34,10893.09,6610,290,0
2023-01-05 04:00:00+00:00,10892.84,10902.71,10847.59,10895.59,8272,290,0
2023-01-05 08:00:00+00:00,10895.59,10905.46,10844.69,10896.69,12817,270,0
2023-01-05 12:00:00+00:00,10896.94,10958.94,10826.56,10842.81,15541,270,0
2023-01-05 16:00:00+00:00,10842.06,10842.56,10728.66,10748.66,27449,250,0
2023-01-05 20:00:00+00:00,10749.04,10825.66,10718.29,10750.21,22837,250,0
2023-01-06 00:00:00+00:00,10755.85,10783.35,10745.85,10779.35,5479,290,0
2023-01-06 04:00:00+00:00,10779.35,10800.1,10758.97,10765.1,6854,290,0
2023-01-06 08:00:00+00:00,10764.6,10779.57,10694.2,10718.95,11562,270,0
2023-01-06 12:00:00+00:00,10719.32,10884.32,10666.95,10858.95,15529,270,0
2023-01-06 16:00:00+00:00,10857.57,10958.8,10683.3,10928.67,28301,250,0
2023-01-06 20:00:00+00:00,10929.42,11080.42,10924.42,11023.85,21501,250,0
2023-01-09 00:00:00+00:00,11051.99,11076.61,11040.36,11055.11,7586,290,0
2023-01-09 04:00:00+00:00,11054.86,11094.36,11054.86,11083.99,6533,290,0
2023-01-09 08:00:00+00:00,11083.99,11102.84,11037.84,11082.21,12363,270,0
2023-01-09 12:00:00+00:00,11082.09,11112.71,11057.96,11091.46,13137,232,0
2023-01-09 16:00:00+00:00,11091.71,11302.06,11087.46,11271.44,26838,250,0
2023-01-09 20:00:00+00:00,11271.69,11283.81,11078.81,11100.99,22691,250,0
2023-01-10 00:00:00+00:00,11101.4,11104.27,11060.77,11092.65,6982,290,0
2023-01-10 04:00:00+00:00,11092.77,11095.65,11043.4,11078.27,8771,290,0
2023-01-10 08:00:00+00:00,11078.4,11113.75,11070.5,11106.75,12183,270,0
2023-01-10 12:00:00+00:00,11106.5,11123.75,11012.75,11046.12,14212,270,0
2023-01-10 16:00:00+00:00,11044.62,11200.72,11036.0,11137.47,27187,250,0
2023-01-10 20:00:00+00:00,11137.72,11206.85,11125.97,11199.52,19365,250,0
2023-01-11 00:00:00+00:00,11200.6,11220.22,11188.35,11202.6,6239,290,0
2023-01-11 04:00:00+00:00,11202.6,11210.22,11189.47,11197.35,6887,290,0
2023-01-11 08:00:00+00:00,11197.85,11235.07,11158.82,11223.45,12399,270,0
2023-01-11 12:00:00+00:00,11223.82,11247.07,11195.07,11243.07,13650,270,0
2023-01-11 16:00:00+00:00,11243.32,11337.8,11210.92,11320.55,25312,250,0
2023-01-11 20:00:00+00:00,11320.67,11398.05,11305.92,11394.22,19297,250,0
2023-01-12 00:00:00+00:00,11394.4,11396.15,11382.02,11389.15,6518,290,0
2023-01-12 04:00:00+00:00,11389.15,11410.15,11380.9,11401.02,6573,290,0
2023-01-12 08:00:00+00:00,11401.27,11406.87,11369.87,11402.0,11100,270,0
2023-01-12 12:00:00+00:00,11402.0,11480.5,11215.37,11464.25,15019,270,0
2023-01-12 16:00:00+00:00,11465.87,11497.0,11230.22,11455.72,29142,250,0
2023-01-12 20:00:00+00:00,11455.85,11493.22,11371.47,11440.77,21848,250,0
2023-01-13 00:00:00+00:00,11443.57,11455.44,11406.69,11414.32,7561,290,0
2023-01-13 04:00:00+00:00,11413.82,11416.07,11391.19,11410.69,8275,290,0
2023-01-13 08:00:00+00:00,11411.19,11447.29,11408.44,11438.42,12488,270,0
2023-01-13 12:00:00+00:00,11438.92,11452.92,11314.42,11324.29,16682,270,0
2023-01-13 16:00:00+00:00,11325.54,11457.64,11309.42,11444.64,25816,250,0
2023-01-13 20:00:00+00:00,11446.64,11538.89,11424.64,11520.57,18857,250,0
2023-01-16 00:00:00+00:00,11531.31,11562.18,11507.06,11557.06,7961,290,0
2023-01-16 04:00:00+00:00,11557.06,11559.81,11527.68,11529.31,6893,290,0
2023-01-16 08:00:00+00:00,11529.18,11531.18,11435.41,11439.16,10978,270,0
2023-01-16 12:00:00+00:00,11439.16,11520.28,11439.03,11511.91,9749,270,0
2023-01-16 16:00:00+00:00,11512.03,11534.88,11485.88,11488.01,10528,250,0
2023-01-16 20:00:00+00:00,11488.38,11488.38,11488.38,11488.38,1,250,0
2023-01-17 00:00:00+00:00,11498.31,11527.19,11478.81,11483.69,7462,290,0
2023-01-17 04:00:00+00:00,11481.69,11496.44,11460.56,11469.06,8019,290,0
2023-01-17 08:00:00+00:00,11469.06,11502.29,11456.54,11481.79,11590,270,0
2023-01-17 12:00:00+00:00,11481.41,11514.54,11468.66,11490.16,13658,270,0
2023-01-17 16:00:00+00:00,11491.41,11610.64,11475.76,11552.01,25778,250,0
2023-01-17 20:00:00+00:00,11552.01,11575.89,11529.26,11548.56,18993,250,0
2023-01-18 00:00:00+00:00,11540.8,11540.8,11509.3,11530.43,6436,290,0
2023-01-18 04:00:00+00:00,11530.18,11618.93,11518.8,11567.8,10993,290,0
2023-01-18 08:00:00+00:00,11567.68,11589.43,11541.78,11558.28,11988,270,0
2023-01-18 12:00:00+00:00,11557.9,11647.65,11541.65,11617.65,12981,270,0
2023-01-18 16:00:00+00:00,11618.28,11686.25,11434.38,11440.75,26810,250,0
2023-01-18 20:00:00+00:00,11442.25,11472.25,11395.55,11409.8,19741,250,0
2023-01-19 00:00:00+00:00,11400.15,11416.53,11378.53,11385.53,7066,290,0
2023-01-19 04:00:00+00:00,11385.78,11406.28,11377.03,11391.15,7344,290,0
2023-01-19 08:00:00+00:00,11391.03,11416.5,11352.25,11355.5,12552,270,0
2023-01-19 12:00:00+00:00,11355.88,11365.5,11276.88,11318.5,15971,245,0
2023-01-19 16:00:00+00:00,11317.75,11376.35,11239.35,11284.85,25751,250,0
2023-01-19 20:00:00+00:00,11285.35,11382.85,11282.1,11323.28,21128,250,0
2023-01-20 00:00:00+00:00,11335.72,11339.47,11314.84,11335.84,5696,290,0
2023-01-20 04:00:00+00:00,11335.84,11338.72,11321.09,11336.72,5939,290,0
2023-01-20 08:00:00+00:00,11336.97,11364.94,11300.69,11314.82,11085,258,0
2023-01-20 12:00:00+00:00,11315.07,11380.19,11297.94,11341.44,13337,270,0
2023-01-20 16:00:00+00:00,11341.69,11484.79,11315.92,11465.54,25178,250,0
2023-01-20 20:00:00+00:00,11465.42,11617.04,11439.29,11609.34,20277,250,0
2023-01-23 00:00:00+00:00,11616.73,11619.98,11585.48,11597.73,5784,290,0
2023-01-23 04:00:00+00:00,11597.73,11612.73,11593.35,11602.73,4545,290,0
2023-01-23 08:00:00+00:00,11602.73,11640.33,11588.08,11613.58,9793,270,0
2023-01-23 12:00:00+00:00,11613.83,11657.7,11587.45,11631.33,11710,270,0
2023-01-23 16:00:00+00:00,11631.58,11890.95,11607.7,11877.45,21760,270,0
2023-01-23 20:00:00+00:00,11876.95,11917.33,11796.7,11870.2,19704,270,0
2023-01-24 00:00:00+00:00,11868.03,11870.28,11847.03,11860.78,4535,290,0
2023-01-24 04:00:00+00:00,11860.78,11878.53,11855.66,11865.41,4558,290,0
2023-01-24 08:00:00+00:00,11865.41,11870.76,11835.38,11838.51,9233,270,0
2023-01-24 12:00:00+00:00,11838.63,11842.88,11770.63,11783.13,11031,270,0
2023-01-24 16:00:00+00:00,11784.38,11885.73,11773.98,11834.48,21432,250,0
2023-01-24 20:00:00+00:00,11833.73,11944.03,11794.48,11905.91,18181,250,0
2023-01-25 00:00:00+00:00,11909.52,11910.65,11735.4,11741.52,8596,290,0
2023-01-25 04:00:00+00:00,11741.65,11769.4,11740.15,11757.77,6117,290,0
2023-01-25 08:00:00+00:00,11757.77,11793.75,11719.37,11720.75,9500,270,0
2023-01-25 12:00:00+00:00,11720.75,11725.37,11639.87,11646.37,13116,270,0
2023-01-25 16:00:00+00:00,11646.12,11724.47,11541.47,11690.47,21996,250,0
2023-01-25 20:00:00+00:00,11691.47,11852.02,11688.97,11810.4,18840,250,0
2023-01-26 00:00:00+00:00,11808.74,11859.49,11805.74,11839.61,6431,290,0
2023-01-26 04:00:00+00:00,11839.24,11875.36,11837.24,11873.49,5948,290,0
2023-01-26 08:00:00+00:00,11873.49,11900.96,11854.09,11856.59,10783,270,0
2023-01-26 12:00:00+00:00,11856.84,11946.59,11855.46,11935.34,12223,270,0
2023-01-26 16:00:00+00:00,11935.09,12013.19,11843.56,11936.81,22375,250,0
2023-01-26 20:00:00+00:00,11936.56,12050.31,11909.06,11997.11,17583,250,0
2023-01-27 00:00:00+00:00,11984.33,11997.08,11972.2,11974.08,5638,290,0
2023-01-27 04:00:00+00:00,11975.08,11986.7,11963.7,11980.33,5129,290,0
2023-01-27 08:00:00+00:00,11980.45,11983.3,11954.2,11978.55,9336,258,0
2023-01-27 12:00:00+00:00,11978.55,12011.43,11966.3,11980.55,11626,270,0
2023-01-27 16:00:00+00:00,11981.3,12178.9,11970.55,12162.53,21552,250,0
2023-01-27 20:00:00+00:00,12162.4,12244.78,12139.03,12159.33,17771,250,0
2023-01-30 00:00:00+00:00,12144.7,12192.45,12125.37,12131.87,7771,240,0
2023-01-30 04:00:00+00:00,12132.25,12134.62,12095.62,12111.25,7596,240,0
2023-01-30 08:00:00+00:00,12110.87,12119.62,11997.1,12015.6,12653,220,0
2023-01-30 12:00:00+00:00,12015.6,12039.47,11981.1,12027.22,12939,220,0
2023-01-30 16:00:00+00:00,12027.22,12084.07,11924.57,11962.32,21978,200,0
2023-01-30 20:00:00+00:00,11962.07,11998.57,11902.57,11930.25,18339,200,0
2023-01-31 00:00:00+00:00,11934.0,11949.0,11922.0,11935.5,6247,240,0
2023-01-31 04:00:00+00:00,11935.5,11941.25,11866.5,11873.38,8472,240,0
2023-01-31 08:00:00+00:00,11874.13,11926.35,11851.73,11861.23,11579,220,0
2023-01-31 12:00:00+00:00,11861.1,11960.85,11815.85,11945.35,14313,220,0
2023-01-31 16:00:00+00:00,11946.1,12039.95,11914.6,12030.83,21844,200,0
2023-01-31 20:00:00+00:00,12030.83,12100.2,12004.83,12063.88,18180,200,0
2023-02-01 00:00:00+00:00,12059.47,12067.22,12029.72,12039.22,6002,240,0
2023-02-01 04:00:00+00:00,12038.72,12063.84,12030.09,12054.34,6250,240,0
2023-02-01 08:00:00+00:00,12053.34,12092.69,12047.72,12062.07,9632,220,0
2023-02-01 12:00:00+00:00,12068.07,12113.44,12049.07,12080.07,12057,220,0
2023-02-01 16:00:00+00:00,12080.57,12102.29,12022.17,12068.17,20503,200,0
2023-02-01 20:00:00+00:00,12067.54,12467.59,12001.54,12450.59,21365,200,0
2023-02-02 00:00:00+00:00,12472.68,12504.06,12452.81,12467.93,8373,240,0
2023-02-02 04:00:00+00:00,12467.93,12489.18,12446.18,12474.81,7329,240,0
2023-02-02 08:00:00+00:00,12474.43,12550.66,12453.16,12535.41,12160,195,0
2023-02-02 12:00:00+00:00,12536.41,12611.78,12498.03,12605.53,15027,220,0
2023-02-02 16:00:00+00:00,12606.28,12785.63,12591.41,12780.63,22785,200,0
2023-02-02 20:00:00+00:00,12779.38,12892.43,12563.93,12618.06,22472,200,0
2023-02-03 00:00:00+00:00,12682.46,12690.21,12598.71,12602.46,7469,240,0
2023-02-03 04:00:00+00:00,12602.71,12619.96,12563.46,12604.96,7274,215,0
2023-02-03 08:00:00+00:00,12605.71,12617.46,12525.68,12597.18,12533,220,0
2023-02-03 12:00:00+00:00,12597.18,12704.81,12513.81,12534.18,15555,220,0
2023-02-03 16:00:00+00:00,12532.56,12821.78,12495.81,12671.91,29366,200,0
2023-02-03 20:00:00+00:00,12672.53,12679.28,12523.03,12559.58,23412,200,0
2023-02-06 00:00:00+00:00,12521.57,12553.82,12499.82,12544.2,9115,215,0
2023-02-06 04:00:00+00:00,12544.2,12551.95,12490.95,12521.07,8650,240,0
2023-02-06 08:00:00+00:00,12520.95,12528.45,12436.55,12436.8,14130,220,0
2023-02-06 12:00:00+00:00,12437.67,12487.67,12407.05,12450.05,16130,220,0
2023-02-06 16:00:00+00:00,12450.05,12557.02,12407.02,12493.52,26365,200,0
2023-02-06 20:00:00+00:00,12492.27,12522.02,12417.52,12461.2,20861,200,0
2023-02-07 00:00:00+00:00,12468.33,12516.95,12461.33,12513.7,6485,240,0
2023-02-07 04:00:00+00:00,12513.95,12515.08,12480.2,12489.08,7498,240,0
2023-02-07 08:00:00+00:00,12489.08,12524.18,12426.93,12511.68,12426,220,0
2023-02-07 12:00:00+00:00,12511.68,12519.8,12455.55,12470.43,14194,220,0
2023-02-07 16:00:00+00:00,12470.93,12728.15,12429.15,12692.15,26152,200,0
2023-02-07 20:00:00+00:00,12693.9,12769.4,12411.4,12691.2,25359,62,0
2023-02-08 00:00:00+00:00,12703.45,12726.82,12690.45,12711.7,7367,240,0
2023-02-08 04:00:00+00:00,12711.82,12758.95,12708.57,12754.57,7710,240,0
2023-02-08 08:00:00+00:00,12754.7,12757.2,12668.55,12705.55,13355,220,0
2023-02-08 12:00:00+00:00,12705.8,12733.67,12662.3,12671.67,14733,220,0
2023-02-08 16:00:00+00:00,12671.55,12702.77,12468.9,12543.77,25763,200,0
2023-02-08 20:00:00+00:00,12543.27,12574.02,12465.02,12509.7,20188,200,0
2023-02-09 00:00:00+00:00,12504.08,12537.7,12494.58,12534.2,6535,240,0
2023-02-09 04:00:00+00:00,12533.95,12564.58,12514.83,12544.2,8180,240,0
2023-02-09 08:00:00+00:00,12542.83,12656.18,12539.33,12655.68,13024,220,0
2023-02-09 12:00:00+00:00,12655.93,12673.43,12613.68,12665.93,14200,208,0
2023-02-09 16:00:00+00:00,12667.3,12680.3,12452.9,12494.9,24818,200,0
2023-02-09 20:00:00+00:00,12492.53,12514.4,12319.9,12402.2,21055,200,0
2023-02-10 00:00:00+00:00,12390.03,12403.28,12355.78,12375.41,7244,240,0
2023-02-10 04:00:00+00:00,12375.28,12378.16,12330.78,12358.28,8225,240,0
2023-02-10 08:00:00+00:00,12357.91,12398.26,12283.51,12286.51,14050,220,0
2023-02-10 12:00:00+00:00,12286.01,12302.51,12223.51,12283.63,16974,220,0
2023-02-10 16:00:00+00:00,12284.26,12372.73,12196.11,12255.48,25221,87,0
2023-02-10 20:00:00+00:00,12255.73,12321.48,12233.11,12292.91,18846,200,0
2023-02-13 00:00:00+00:00,12312.7,12314.45,12223.7,12242.95,7944,177,0
2023-02-13 04:00:00+00:00,12242.95,12272.45,12234.2,12260.95,7540,240,0
2023-02-13 08:00:00+00:00,12260.7,12342.17,12257.7,12325.67,11486,195,0
2023-02-13 12:00:00+00:00,12325.8,12391.05,12320.05,12341.8,12145,220,0
2023-02-13 16:00:00+00:00,12341.92,12511.02,12310.27,12494.52,22685,200,0
2023-02-13 20:00:00+00:00,12494.52,12524.52,12440.65,12502.57,18075,200,0
2023-02-14 00:00:00+00:00,12501.16,12504.78,12473.91,12481.91,5216,240,0
2023-02-14 04:00:00+00:00,12481.78,12489.78,12461.91,12475.78,5770,240,0
2023-02-14 08:00:00+00:00,12475.91,12532.51,12472.28,12517.63,10518,220,0
2023-02-14 12:00:00+00:00,12518.51,12638.26,12420.51,12475.63,13784,220,0
2023-02-14 16:00:00+00:00,12475.01,12629.11,12348.86,12478.86,27105,200,0
2023-02-14 20:00:00+00:00,12479.23,12621.48,12476.36,12575.91,20763,200,0
2023-02-15 00:00:00+00:00,12573.2,12573.2,12530.45,12531.45,6390,240,0
2023-02-15 04:00:00+00:00,12531.45,12532.95,12498.45,12514.57,7922,240,0
2023-02-15 08:00:00+00:00,12514.82,12547.17,12486.32,12530.3,11941,220,0
2023-02-15 12:00:00+00:00,12530.17,12574.8,12493.3,12541.17,12366,220,0
2023-02-15 16:00:00+00:00,12541.05,12626.77,12490.27,12586.77,11066,200,0
2023-02-15 20:00:00+00:00,12590.65,12711.07,12570.27,12703.95,17830,200,0
2023-02-16 00:00:00+00:00,12694.83,12737.83,12687.58,12729.33,6966,240,0
2023-02-16 04:00:00+00:00,12729.71,12747.96,12723.96,12730.58,6490,240,0
2023-02-16 08:00:00+00:00,12730.46,12739.06,12683.81,12684.06,10484,220,0
2023-02-16 12:00:00+00:00,12683.93,12694.81,12489.81,12514.81,12790,220,0
2023-02-16 16:00:00+00:00,12514.68,12649.78,12453.16,12608.78,22804,200,0
2023-02-16 20:00:00+00:00,12608.78,12633.03,12411.08,12421.33,18894,200,0
2023-02-17 00:00:00+00:00,12411.21,12414.46,12377.71,12386.33,7305,240,0
2023-02-17 04:00:00+00:00,12386.08,12386.46,12352.46,12357.46,7416,240,0
2023-02-17 08:00:00+00:00,12357.58,12374.06,12296.18,12337.31,12595,220,0
2023-02-17 12:00:00+00:00,12337.31,12359.18,12301.43,12348.68,14196,220,0
2023-02-17 16:00:00+00:00,12346.81,12380.78,12224.03,12240.41,22114,200,0
2023-02-17 20:00:00+00:00,12241.78,12365.03,12233.41,12342.33,17161,150,0
2023-02-20 00:00:00+00:00,12339.96,12347.09,12310.21,12333.21,6208,240,0
2023-02-20 04:00:00+00:00,12332.84,12369.21,12330.09,12360.84,6537,240,0
2023-02-20 08:00:00+00:00,12360.59,12366.21,12317.94,12327.69,8436,220,0
2023-02-20 12:00:00+00:00,12327.69,12380.44,12323.69,12364.81,8876,220,0
2023-02-20 16:00:00+00:00,12365.56,12367.31,12330.04,12330.16,8542,200,0
2023-02-20 20:00:00+00:00,12329.66,12329.66,12329.66,12329.66,1,200,0
2023-02-21 00:00:00+00:00,12331.28,12344.4,12299.9,12316.78,5819,240,0
2023-02-21 04:00:00+00:00,12316.53,12326.15,12305.28,12315.65,5981,240,0
2023-02-21 08:00:00+00:00,12315.78,12322.9,12194.0,12259.13,12683,220,0
2023-02-21 12:00:00+00:00,12259.13,12264.88,12204.75,12205.38,13438,220,0
2023-02-21 16:00:00+00:00,12205.5,12253.98,12106.73,12137.35,21467,200,0
2023-02-21 20:00:00+00:00,12136.6,12139.35,12057.6,12076.53,17097,200,0
2023-02-22 00:00:00+00:00,12078.37,12097.24,12066.74,12090.12,6377,240,0
2023-02-22 04:00:00+00:00,12090.12,12110.37,12086.12,12089.24,6160,240,0
2023-02-22 08:00:00+00:00,12089.74,12112.22,12031.97,12077.84,11839,220,0
2023-02-22 12:00:00+00:00,12077.47,12129.72,12031.59,12098.09,12368,220,0
2023-02-22 16:00:00+00:00,12097.84,12141.69,12002.19,12101.94,15561,200,0
2023-02-22 20:00:00+00:00,12101.32,12157.94,12016.19,12133.49,14040,200,0
2023-02-23 00:00:00+00:00,12142.66,12165.66,12119.16,12165.28,6069,240,0
2023-02-23 04:00:00+00:00,12165.28,12179.53,12154.41,12158.03,6305,240,0
2023-02-23 08:00:00+00:00,12157.78,12193.01,12117.88,12150.01,10600,220,0
2023-02-23 12:00:00+00:00,12150.13,12200.76,12139.51,12187.88,12997,220,0
2023-02-23 16:00:00+00:00,12188.26,12227.63,11996.23,12046.23,22234,175,0
2023-02-23 20:00:00+00:00,12046.48,12215.36,12022.98,12159.91,17722,200,0
2023-02-24 00:00:00+00:00,12157.28,12182.53,12133.41,12153.03,7025,240,0
2023-02-24 04:00:00+00:00,12152.16,12162.66,12142.28,12145.66,6080,240,0
2023-02-24 08:00:00+00:00,12145.53,12151.91,12091.01,12094.38,10175,208,0
2023-02-24 12:00:00+00:00,12094.26,12101.76,11942.76,11966.88,13872,220,0
2023-02-24 16:00:00+00:00,11966.76,12010.73,11891.86,11913.48,22393,0,0
2023-02-24 20:00:00+00:00,11913.36,11989.36,11899.98,11968.53,17298,200,0
2023-02-27 00:00:00+00:00,11969.07,12019.45,11964.07,12014.32,6740,240,0
2023-02-27 04:00:00+00:00,12013.82,12018.7,11981.07,11985.7,6848,240,0
2023-02-27 08:00:00+00:00,11985.7,12051.55,11980.57,12032.17,11185,220,0
2023-02-27 12:00:00+00:00,12032.17,12126.17,12023.05,12111.67,11464,195,0
2023-02-27 16:00:00+00:00,12111.67,12162.77,12040.02,12092.4,21675,200,0
2023-02-27 20:00:00+00:00,12092.9,12118.4,12032.9,12068.57,17321,200,0
2023-02-28 00:00:00+00:00,12078.89,12102.77,12062.89,12094.39,5384,240,0
2023-02-28 04:00:00+00:00,12094.89,12100.14,12058.77,12060.02,6232,240,0
2023-02-28 08:00:00+00:00,12061.14,12075.39,12004.37,12034.87,11438,208,0
2023-02-28 12:00:00+00:00,12035.37,12120.24,12033.74,12070.74,12143,220,0
2023-02-28 16:00:00+00:00,12071.24,12125.84,12016.22,12118.22,22038,200,0
2023-02-28 20:00:00+00:00,12117.97,12146.84,12000.77,12014.89,18242,200,0
2023-03-01 00:00:00+00:00,12010.08,12019.33,11965.96,12018.08,7522,240,0
2023-03-01 04:00:00+00:00,12017.96,12054.58,12013.08,12047.96,7823,240,0
2023-03-01 08:00:00+00:00,12048.21,12103.18,12047.08,12093.68,12665,220,0
2023-03-01 12:00:00+00:00,12094.06,12117.18,12015.18,12015.68,12566,208,0
2023-03-01 16:00:00+00:00,12015.43,12055.16,11901.66,11982.16,22846,200,0
2023-03-01 20:00:00+00:00,11982.53,11982.91,11912.78,11960.58,18773,200,0
2023-03-02 00:00:00+00:00,11944.04,11967.79,11832.04,11863.04,8139,215,0
2023-03-02 04:00:00+00:00,11863.54,11895.04,11855.79,11863.54,8510,240,0
2023-03-02 08:00:00+00:00,11863.54,11880.29,11809.14,11841.02,12776,220,0
2023-03-02 12:00:00+00:00,11841.02,11894.77,11814.64,11819.64,14369,220,0
2023-03-02 16:00:00+00:00,11819.14,11914.12,11817.39,11902.12,22106,200,0
2023-03-02 20:00:00+00:00,11901.99,12072.24,11889.37,12027.67,19281,200,0
2023-03-03 00:00:00+00:00,12021.62,12034.74,11995.12,11996.74,7039,240,0
2023-03-03 04:00:00+00:00,11996.62,12019.99,11989.99,12015.12,7272,240,0
2023-03-03 08:00:00+00:00,12014.99,12067.59,11997.09,12056.84,10603,220,0
2023-03-03 12:00:00+00:00,12056.84,12119.59,12056.84,12117.09,11551,195,0
2023-03-03 16:00:00+00:00,12117.22,12245.44,12090.57,12242.82,21836,200,0
2023-03-03 20:00:00+00:00,12243.57,12306.12,12231.32,12303.87,17150,200,0
2023-03-06 00:00:00+00:00,12285.46,12302.34,12259.21,12295.21,6858,190,0
2023-03-06 04:00:00+00:00,12294.84,12361.21,12286.96,12325.84,7101,190,0
2023-03-06 08:00:00+00:00,12325.84,12341.94,12287.06,12292.44,10965,170,0
2023-03-06 12:00:00+00:00,12292.44,12365.06,12279.31,12350.81,12108,157,0
2023-03-06 16:00:00+00:00,12351.06,12468.66,12331.41,12380.54,21323,150,0
2023-03-06 20:00:00+00:00,12380.41,12389.66,12297.41,12303.59,17919,150,0
2023-03-07 00:00:00+00:00,12301.9,12345.65,12297.52,12345.15,5546,190,0
2023-03-07 04:00:00+00:00,12345.4,12357.4,12335.52,12340.9,6460,190,0
2023-03-07 08:00:00+00:00,12340.9,12365.62,12316.25,12333.87,10864,170,0
2023-03-07 12:00:00+00:00,12334.0,12355.75,12326.12,12329.87,10565,170,0
2023-03-07 16:00:00+00:00,12329.25,12347.22,12168.72,12244.22,22837,150,0
2023-03-07 20:00:00+00:00,12244.72,12247.47,12127.72,12160.52,18516,150,0
2023-03-08 00:00:00+00:00,12160.47,12170.84,12138.22,12156.84,7253,190,0
2023-03-08 04:00:00+00:00,12156.59,12163.22,12125.84,12143.84,8814,190,0
2023-03-08 08:00:00+00:00,12144.34,12180.94,12135.34,12170.19,12644,170,0
2023-03-08 12:00:00+00:00,12170.19,12203.19,12132.57,12165.19,13551,170,0
2023-03-08 16:00:00+00:00,12164.69,12240.67,12097.04,12178.92,22299,150,0
2023-03-08 20:00:00+00:00,12179.42,12232.17,12129.17,12224.59,17962,150,0
2023-03-09 00:00:00+00:00,12218.98,12222.48,12170.73,12172.48,7347,190,0
2023-03-09 04:00:00+00:00,12172.36,12205.61,12170.11,12199.23,7236,190,0
2023-03-09 08:00:00+00:00,12199.48,12205.23,12132.46,12134.96,12164,58,0
2023-03-09 12:00:00+00:00,12135.21,12245.21,12124.33,12242.96,13989,170,0
2023-03-09 16:00:00+00:00,12242.21,12341.18,12204.93,12220.43,22545,125,0
2023-03-09 20:00:00+00:00,12218.81,12231.56,11965.43,11997.11,20251,150,0
2023-03-10 00:00:00+00:00,11985.11,11987.61,11932.98,11954.73,7201,190,0
2023-03-10 04:00:00+00:00,11954.86,11961.11,11914.86,11939.61,9481,190,0
2023-03-10 08:00:00+00:00,11940.11,12011.58,11911.73,11988.33,13792,170,0
2023-03-10 12:00:00+00:00,11988.33,12096.83,11926.83,12058.33,15311,70,0
2023-03-10 16:00:00+00:00,12058.71,12075.83,11856.18,11887.81,24660,0,0
2023-03-10 20:00:00+00:00,11888.43,11907.81,11786.06,11882.48,20389,138,0
2023-03-13 00:00:00+00:00,11897.6,12038.1,11845.23,11980.35,11197,190,0
2023-03-13 04:00:00+00:00,11979.23,12068.98,11946.1,12041.98,10091,190,0
2023-03-13 08:00:00+00:00,12042.35,12089.58,11917.58,11923.45,11463,170,0
2023-03-13 12:00:00+00:00,11922.95,11997.33,11679.95,11774.2,20284,170,0
2023-03-13 16:00:00+00:00,11777.95,12070.05,11700.55,11970.43,25396,150,0
2023-03-13 20:00:00+00:00,11970.55,12079.93,11918.18,11944.6,20874,150,0
2023-03-14 00:00:00+00:00,11951.14,11985.27,11929.14,11962.02,6249,190,0
2023-03-14 04:00:00+00:00,11962.02,12007.89,11948.52,11985.02,8665,190,0
2023-03-14 08:00:00+00:00,11985.14,11997.87,11926.49,11993.49,13627,170,0
2023-03-14 12:00:00+00:00,11993.37,12070.99,11905.62,12057.74,17105,170,0
2023-03-14 16:00:00+00:00,12057.24,12227.72,12048.87,12188.09,22874,150,0
2023-03-14 20:00:00+00:00,12191.22,12216.22,12040.72,12207.39,20918,150,0
2023-03-15 00:00:00+00:00,12211.09,12214.47,12189.84,12201.47,6759,190,0
2023-03-15 04:00:00+00:00,12201.47,12252.59,12199.34,12224.72,9303,190,0
2023-03-15 08:00:00+00:00,12224.47,12246.32,12199.59,12207.94,13259,170,0
2023-03-15 12:00:00+00:00,12208.07,12211.07,11976.57,12030.44,21747,82,0
2023-03-15 16:00:00+00:00,12030.69,12190.29,12007.57,12079.42,24735,150,0
2023-03-15 20:00:00+00:00,12077.42,12284.92,12066.42,12276.47,21516,150,0
2023-03-16 00:00:00+00:00,12268.37,12331.62,12258.62,12326.62,8451,190,0
2023-03-16 04:00:00+00:00,12327.0,12336.25,12289.5,12322.62,11897,190,0
2023-03-16 08:00:00+00:00,12321.87,12330.85,12263.47,12292.72,14473,170,0
2023-03-16 12:00:00+00:00,12292.47,12303.97,12225.97,12248.72,17508,170,0
2023-03-16 16:00:00+00:00,12248.72,12557.45,12190.82,12552.07,24054,150,0
2023-03-16 20:00:00+00:00,12549.45,12607.07,12510.2,12586.25,19037,150,0
2023-03-17 00:00:00+00:00,12582.13,12607.01,12571.01,12584.51,6455,190,0
2023-03-17 04:00:00+00:00,12584.63,12616.13,12580.01,12614.51,8717,190,0
2023-03-17 08:00:00+00:00,12614.76,12644.86,12595.86,12603.61,12056,170,0
2023-03-17 12:00:00+00:00,12603.61,12619.86,12538.23,12555.36,16627,170,0
2023-03-17 16:00:00+00:00,12555.11,12686.71,12447.73,12514.48,23621,150,0
2023-03-17 20:00:00+00:00,12514.48,12576.48,12461.23,12526.63,19310,70,0
2023-03-20 00:00:00+00:00,12621.49,12621.49,12542.74,12590.37,9930,190,0
2023-03-20 04:00:00+00:00,12572.62,12581.62,12515.62,12535.87,11560,190,0
2023-03-20 08:00:00+00:00,12536.12,12546.49,12405.47,12496.72,16779,145,0
2023-03-20 12:00:00+00:00,12496.72,12567.09,12482.97,12551.34,17604,170,0
2023-03-20 16:00:00+00:00,12551.22,12576.82,12409.69,12515.94,23081,138,0
2023-03-20 20:00:00+00:00,12518.44,12586.69,12512.69,12580.12,18496,150,0
2023-03-21 00:00:00+00:00,12577.67,12615.92,12561.55,12583.3,5990,190,0
2023-03-21 04:00:00+00:00,12583.67,12589.8,12556.17,12576.42,7344,190,0
2023-03-21 08:00:00+00:00,12576.67,12621.4,12571.05,12590.4,10774,170,0
2023-03-21 12:00:00+00:00,12590.4,12671.15,12574.15,12643.4,13506,145,0
2023-03-21 16:00:00+00:00,12642.65,12717.12,12593.12,12659.5,21952,150,0
2023-03-21 20:00:00+00:00,12660.87,12776.0,12651.87,12755.67,17770,150,0
2023-03-22 00:00:00+00:00,12747.7,12754.2,12736.95,12746.2,4900,190,0
2023-03-22 04:00:00+00:00,12746.2,12765.07,12742.95,12760.45,6637,190,0
2023-03-22 08:00:00+00:00,12760.57,12761.82,12688.8,12696.05,9044,170,0
2023-03-22 12:00:00+00:00,12696.3,12746.05,12690.3,12732.92,10261,170,0
2023-03-22 16:00:00+00:00,12731.42,12824.4,12730.17,12771.02,20940,150,0
2023-03-22 20:00:00+00:00,12771.65,12960.4,12557.57,12578.82,21761,137,0
2023-03-23 00:00:00+00:00,12584.59,12613.84,12580.97,12603.84,6493,190,0
2023-03-23 04:00:00+00:00,12604.84,12656.72,12600.72,12652.97,8233,190,0
2023-03-23 08:00:00+00:00,12652.97,12735.57,12644.84,12722.32,10987,170,0
2023-03-23 12:00:00+00:00,12722.57,12724.69,12673.07,12703.69,12458,170,0
2023-03-23 16:00:00+00:00,12703.57,12912.04,12684.57,12840.79,22459,138,0
2023-03-23 20:00:00+00:00,12841.54,12858.79,12616.04,12752.59,21526,150,0
2023-03-24 00:00:00+00:00,12756.79,12761.41,12717.04,12736.04,5780,190,0
2023-03-24 04:00:00+00:00,12736.16,12750.66,12702.91,12737.79,8221,190,0
2023-03-24 08:00:00+00:00,12737.79,12800.76,12703.51,12738.39,11060,170,0
2023-03-24 12:00:00+00:00,12738.64,12756.76,12634.39,12689.51,18103,145,0
2023-03-24 16:00:00+00:00,12689.76,12734.86,12609.86,12682.11,23527,150,0
2023-03-24 20:00:00+00:00,12682.24,12804.79,12663.11,12802.04,19126,150,0
2023-03-27 00:00:00+00:00,12798.52,12845.65,12789.02,12807.02,7196,190,0
2023-03-27 04:00:00+00:00,12807.65,12846.9,12793.02,12827.77,7679,190,0
2023-03-27 08:00:00+00:00,12827.65,12860.65,12735.5,12795.12,12265,170,0
2023-03-27 12:00:00+00:00,12795.25,12842.5,12783.37,12801.25,11044,170,0
2023-03-27 16:00:00+00:00,12801.25,12851.1,12652.22,12676.72,21770,150,0
2023-03-27 20:00:00+00:00,12676.97,12754.6,12654.35,12700.27,18040,150,0
2023-03-28 00:00:00+00:00,12698.97,12716.35,12692.6,12702.6,4243,190,0
2023-03-28 04:00:00+00:00,12702.47,12713.35,12682.1,12692.1,6997,190,0
2023-03-28 08:00:00+00:00,12691.6,12723.07,12642.7,12655.45,10414,170,0
2023-03-28 12:00:00+00:00,12655.7,12686.82,12643.45,12662.57,10375,170,0
2023-03-28 16:00:00+00:00,12662.32,12668.82,12541.05,12572.42,21436,150,0
2023-03-28 20:00:00+00:00,12573.17,12644.35,12525.42,12639.22,17761,150,0
2023-03-29 00:00:00+00:00,12639.11,12670.73,12632.98,12668.61,4507,190,0
2023-03-29 04:00:00+00:00,12668.86,12681.36,12652.98,12676.48,5851,190,0
2023-03-29 08:00:00+00:00,12677.23,12746.83,12674.11,12730.58,10313,170,0
2023-03-29 12:00:00+00:00,12730.46,12751.08,12721.08,12743.96,9421,158,0
2023-03-29 16:00:00+00:00,12744.58,12823.06,12743.08,12789.68,21244,150,0
2023-03-29 20:00:00+00:00,12789.06,12881.56,12781.06,12851.11,17396,150,0
2023-03-30 00:00:00+00:00,12850.81,12857.18,12820.18,12834.93,4673,190,0
2023-03-30 04:00:00+00:00,12834.93,12849.56,12823.68,12844.18,6972,190,0
2023-03-30 08:00:00+00:00,12844.18,12894.03,12841.68,12884.41,10910,170,0
2023-03-30 12:00:00+00:00,12884.28,12955.28,12883.78,12940.03,9993,170,0
2023-03-30 16:00:00+00:00,12939.91,13000.38,12917.51,12939.51,21603,113,0
2023-03-30 20:00:00+00:00,12939.38,12987.56,12900.38,12977.93,16746,150,0
2023-03-31 00:00:00+00:00,12968.55,13027.05,12961.17,13023.92,5257,190,0
2023-03-31 04:00:00+00:00,13023.92,13027.42,13003.17,13019.42,6554,190,0
2023-03-31 08:00:00+00:00,13019.17,13019.42,12964.77,12969.4,10311,95,0
2023-03-31 12:00:00+00:00,12970.65,13017.27,12949.15,12985.65,10356,157,0
2023-03-31 16:00:00+00:00,12985.65,13129.0,12972.02,13117.62,20586,150,0
2023-03-31 20:00:00+00:00,13117.75,13200.12,13099.12,13197.3,17187,100,0
2023-04-03 00:00:00+00:00,13163.98,13163.98,13091.86,13116.11,7442,190,0
2023-04-03 04:00:00+00:00,13115.73,13127.86,13092.73,13116.86,7808,190,0
2023-04-03 08:00:00+00:00,13116.61,13138.58,13095.33,13100.08,10491,170,0
2023-04-03 12:00:00+00:00,13100.46,13123.33,13071.83,13104.08,9893,170,0
2023-04-03 16:00:00+00:00,13104.21,13160.06,13046.31,13065.18,21400,150,0
2023-04-03 20:00:00+00:00,13065.31,13170.56,13050.68,13153.98,16923,138,0
2023-04-04 00:00:00+00:00,13144.04,13148.66,13128.16,13140.79,4161,190,0
2023-04-04 04:00:00+00:00,13140.79,13152.04,13117.66,13140.54,6615,190,0
2023-04-04 08:00:00+00:00,13140.66,13161.26,13124.26,13157.51,9141,170,0
2023-04-04 12:00:00+00:00,13157.26,13239.64,13157.01,13194.26,10851,170,0
2023-04-04 16:00:00+00:00,13194.76,13217.61,13076.24,13111.49,21909,137,0
2023-04-04 20:00:00+00:00,13112.49,13139.61,13059.99,13122.41,17323,150,0
2023-04-05 00:00:00+00:00,13123.63,13139.63,13117.88,13124.63,4214,190,0
2023-04-05 04:00:00+00:00,13125.13,13133.01,13105.26,13111.13,5795,190,0
2023-04-05 08:00:00+00:00,13110.88,13123.61,13069.48,13078.73,10665,170,0
2023-04-05 12:00:00+00:00,13078.48,13127.73,13076.48,13092.98,11196,170,0
2023-04-05 16:00:00+00:00,13092.98,13100.23,12898.83,12914.46,21383,150,0
2023-04-05 20:00:00+00:00,12914.58,12985.08,12906.46,12964.63,16873,150,0
2023-04-06 00:00:00+00:00,12962.9,12964.02,12932.27,12939.02,4659,190,0
2023-04-06 04:00:00+00:00,12938.9,12939.15,12914.4,12922.65,6376,190,0
2023-04-06 08:00:00+00:00,12922.65,12975.25,12914.52,12948.37,8726,170,0
2023-04-06 12:00:00+00:00,12948.62,12967.0,12881.37,12915.62,11553,170,0
2023-04-06 16:00:00+00:00,12915.87,13056.72,12851.35,13025.47,21703,150,0
2023-04-06 20:00:00+00:00,13025.47,13086.35,13017.22,13059.27,16812,150,0
2023-04-07 00:00:00+00:00,13049.56,13066.43,13047.81,13055.68,3577,190,0
2023-04-07 04:00:00+00:00,13055.68,13061.68,13048.81,13057.93,3221,190,0
2023-04-07 08:00:00+00:00,13057.93,13073.03,13050.91,13070.16,3849,170,0
2023-04-07 12:00:00+00:00,13070.28,13086.16,13025.03,13064.66,6454,145,0
2023-04-07 16:00:00+00:00,13064.66,13081.91,13064.03,13081.03,686,170,0
2023-04-10 00:00:00+00:00,13076.51,13104.26,13042.88,13046.13,5404,190,0
2023-04-10 04:00:00+00:00,13046.13,13051.51,13033.38,13038.63,5131,190,0
2023-04-10 08:00:00+00:00,13038.63,13044.73,13009.73,13043.98,5856,170,0
2023-04-10 12:00:00+00:00,13044.11,13067.61,12955.48,12962.11,8918,95,0
2023-04-10 16:00:00+00:00,12961.73,13021.08,12870.21,13015.83,21202,150,0
2023-04-10 20:00:00+00:00,13016.33,13075.26,13011.96,13068.38,17089,137,0
2023-04-11 00:00:00+00:00,13064.08,13088.95,13053.08,13064.45,4441,190,0
2023-04-11 04:00:00+00:00,13064.2,13076.45,13048.7,13048.95,7168,190,0
2023-04-11 08:00:00+00:00,13048.95,13093.3,13047.45,13092.68,9023,170,0
2023-04-11 12:00:00+00:00,13092.68,13111.05,13028.55,13039.3,10025,170,0
2023-04-11 16:00:00+00:00,13039.3,13066.05,12956.9,13000.28,21503,150,0
2023-04-11 20:00:00+00:00,13001.15,13036.15,12964.65,12984.2,16402,150,0
2023-04-12 00:00:00+00:00,12984.1,13001.35,12981.35,12988.73,3793,190,0
2023-04-12 04:00:00+00:00,12988.6,12994.98,12971.6,12979.85,5493,190,0
2023-04-12 08:00:00+00:00,12979.6,12995.83,12943.58,12981.7,8328,170,0
2023-04-12 12:00:00+00:00,12981.7,13145.58,12957.45,13078.58,10524,170,0
2023-04-12 16:00:00+00:00,13079.83,13094.83,12881.43,12990.55,22788,150,0
2023-04-12 20:00:00+00:00,12991.55,13013.8,12843.3,12862.35,18146,138,0
2023-04-13 00:00:00+00:00,12863.98,12865.98,12833.23,12864.98,4899,190,0
2023-04-13 04:00:00+00:00,12864.98,12884.73,12856.73,12880.73,6570,190,0
2023-04-13 08:00:00+00:00,12881.23,12916.21,12869.48,12881.71,9689,170,0
2023-04-13 12:00:00+00:00,12881.96,12943.21,12864.58,12931.71,11559,170,0
2023-04-13 16:00:00+00:00,12932.33,13064.68,12911.33,13054.81,21403,150,0
2023-04-13 20:00:00+00:00,13055.68,13134.81,13037.93,13087.23,16691,150,0
2023-04-14 00:00:00+00:00,13087.19,13121.56,13083.56,13113.69,4695,0,0
2023-04-14 04:00:00+00:00,13113.06,13113.81,13095.31,13101.44,5629,190,0
2023-04-14 08:00:00+00:00,13101.06,13123.29,13086.04,13088.41,8755,170,0
2023-04-14 12:00:00+00:00,13088.54,13090.41,13007.91,13028.66,12534,170,0
2023-04-14 16:00:00+00:00,13027.29,13161.01,12965.01,12976.51,22332,150,0
2023-04-14 20:00:00+00:00,12974.51,13118.31,12967.14,13106.06,18241,150,0
2023-04-17 00:00:00+00:00,13120.95,13121.57,13088.07,13089.2,4880,190,0
2023-04-17 04:00:00+00:00,13089.82,13103.32,13086.57,13092.82,6349,190,0
2023-04-17 08:00:00+00:00,13092.82,13130.3,13087.57,13099.92,9506,140,0
2023-04-17 12:00:00+00:00,13100.3,13114.17,13068.92,13088.17,11590,170,0
2023-04-17 16:00:00+00:00,13087.92,13118.27,12990.02,13022.52,22245,150,0
2023-04-17 20:00:00+00:00,13023.02,13108.2,13003.77,13093.45,16975,138,0
2023-04-18 00:00:00+00:00,13092.95,13098.32,13080.07,13082.07,3076,190,0
2023-04-18 04:00:00+00:00,13082.07,13096.07,13073.32,13077.32,5823,190,0
2023-04-18 08:00:00+00:00,13076.82,13163.05,13076.2,13155.17,8527,158,0
2023-04-18 12:00:00+00:00,13155.17,13211.67,13150.17,13201.17,10567,157,0
2023-04-18 16:00:00+00:00,13201.42,13210.65,13065.02,13089.65,21854,150,0
2023-04-18 20:00:00+00:00,13089.9,13113.15,13051.77,13100.45,17243,150,0
2023-04-19 00:00:00+00:00,13092.17,13098.67,13085.67,13093.67,3096,190,0
2023-04-19 04:00:00+00:00,13093.67,13100.92,13076.67,13078.92,4787,190,0
2023-04-19 08:00:00+00:00,13078.92,13081.42,13013.15,13029.02,9862,170,0
2023-04-19 12:00:00+00:00,13028.65,13030.65,12979.77,12993.27,11609,170,0
2023-04-19 16:00:00+00:00,12994.77,13121.12,12990.02,13106.25,21075,137,0
2023-04-19 20:00:00+00:00,13105.75,13141.12,13070.42,13082.42,17196,138,0
2023-04-20 00:00:00+00:00,13079.01,13081.76,13039.51,13057.63,4512,190,0
2023-04-20 04:00:00+00:00,13057.63,13069.13,13039.13,13049.63,6143,190,0
2023-04-20 08:00:00+00:00,13049.63,13053.23,12941.48,12951.48,10556,170,0
2023-04-20 12:00:00+00:00,12951.48,12991.48,12944.86,12984.98,10993,170,0
2023-04-20 16:00:00+00:00,12985.36,13091.96,12962.48,13090.71,21601,150,0
2023-04-20 20:00:00+00:00,13091.71,13115.71,12938.58,13006.26,18263,150,0
2023-04-21 00:00:00+00:00,13007.09,13024.21,12995.21,13024.21,4225,190,0
2023-04-21 04:00:00+00:00,13023.71,13026.21,12998.71,13000.71,6226,190,0
2023-04-21 08:00:00+00:00,13000.71,13009.21,12955.94,13002.44,9988,170,0
2023-04-21 12:00:00+00:00,13002.19,13009.44,12923.69,12973.31,11745,170,0
2023-04-21 16:00:00+00:00,12973.06,13014.41,12901.29,12991.29,21725,150,0
2023-04-21 20:00:00+00:00,12991.79,13040.16,12975.91,12994.96,16229,150,0
2023-04-24 00:00:00+00:00,12993.5,12998.12,12970.62,12980.62,4103,190,0
2023-04-24 04:00:00+00:00,12980.62,12988.5,12967.0,12969.12,6277,177,0
2023-04-24 08:00:00+00:00,12969.12,12970.6,12938.35,12958.35,9207,170,0
2023-04-24 12:00:00+00:00,12958.1,13023.22,12954.22,13017.72,10015,170,0
2023-04-24 16:00:00+00:00,13019.22,13057.82,12891.7,12936.95,21024,150,0
2023-04-24 20:00:00+00:00,12938.2,12991.57,12926.7,12973.87,16515,150,0
2023-04-25 00:00:00+00:00,12972.29,12985.16,12964.91,12966.91,3574,190,0
2023-04-25 04:00:00+00:00,12966.91,12973.66,12931.04,12935.41,6387,190,0
2023-04-25 08:00:00+00:00,12935.16,12953.01,12893.76,12919.26,11146,132,0
2023-04-25 12:00:00+00:00,12919.26,12943.76,12910.51,12924.76,10344,170,0
2023-04-25 16:00:00+00:00,12925.51,12941.11,12813.86,12832.36,20628,150,0
2023-04-25 20:00:00+00:00,12832.74,12867.79,12727.61,12844.79,19634,150,0
2023-04-26 00:00:00+00:00,12874.59,12921.84,12853.59,12910.84,7039,190,0
2023-04-26 04:00:00+00:00,12910.84,12925.09,12894.34,12900.97,7188,190,0
2023-04-26 08:00:00+00:00,12901.09,12921.59,12870.44,12901.57,10755,170,0
2023-04-26 12:00:00+00:00,12902.32,12905.94,12815.07,12877.44,13577,170,0
2023-04-26 16:00:00+00:00,12877.44,12941.67,12826.04,12884.54,21587,150,0
2023-04-26 20:00:00+00:00,12885.29,12900.22,12793.54,12889.59,19742,150,0
2023-04-27 00:00:00+00:00,12893.83,12899.58,12871.08,12876.95,4104,190,0
2023-04-27 04:00:00+00:00,12876.83,12903.58,12867.08,12902.95,5464,190,0
2023-04-27 08:00:00+00:00,12902.7,12946.55,12893.7,12922.8,9355,170,0
2023-04-27 12:00:00+00:00,12922.8,12974.05,12902.55,12952.18,11534,170,0
2023-04-27 16:00:00+00:00,12951.8,13105.03,12944.28,13103.03,21124,150,0
2023-04-27 20:00:00+00:00,13103.53,13261.33,13094.28,13192.33,18017,100,0
2023-04-28 00:00:00+00:00,13142.6,13155.23,13121.98,13137.23,5697,190,0
2023-04-28 04:00:00+00:00,13136.98,13159.98,13120.48,13137.1,7139,190,0
2023-04-28 08:00:00+00:00,13135.85,13164.1,13110.2,13118.95,11296,170,0
2023-04-28 12:00:00+00:00,13119.58,13153.2,13099.83,13138.45,11898,95,0
2023-04-28 16:00:00+00:00,13140.2,13223.05,13102.68,13214.93,22164,150,0
2023-04-28 20:00:00+00:00,13214.55,13265.8,13187.68,13254.85,17599,150,0
2023-05-01 00:00:00+00:00,13253.24,13257.37,13230.37,13248.12,5046,190,0
2023-05-01 04:00:00+00:00,13248.24,13277.12,13239.99,13266.24,5449,190,0
2023-05-01 08:00:00+00:00,13266.24,13300.47,13231.34,13247.47,5913,170,0
2023-05-01 12:00:00+00:00,13246.22,13267.72,13219.72,13237.34,6975,170,0
2023-05-01 16:00:00+00:00,13237.59,13284.57,13193.32,13280.57,20774,150,0
2023-05-01 20:00:00+00:00,13280.44,13296.82,13218.62,13222.49,17366,150,0
2023-05-02 00:00:00+00:00,13216.56,13233.69,13203.94,13212.56,3680,190,0
2023-05-02 04:00:00+00:00,13212.56,13241.94,13209.81,13234.56,6532,190,0
2023-05-02 08:00:00+00:00,13234.56,13270.29,13233.06,13237.54,9355,170,0
2023-05-02 12:00:00+00:00,13235.54,13260.29,13219.04,13232.41,9552,170,0
2023-05-02 16:00:00+00:00,13233.16,13249.01,13050.76,13108.76,21746,112,0
2023-05-02 20:00:00+00:00,13108.64,13157.14,13100.81,13104.06,18147,150,0
2023-05-03 00:00:00+00:00,13096.68,13133.05,13096.68,13128.3,3686,190,0
2023-05-03 04:00:00+00:00,13128.43,13131.18,13111.05,13124.68,4939,190,0
2023-05-03 08:00:00+00:00,13125.05,13150.65,13116.43,13143.9,8499,170,0
2023-05-03 12:00:00+00:00,13143.53,13169.03,13135.28,13140.03,9949,170,0
2023-05-03 16:00:00+00:00,13140.03,13180.13,13116.13,13165.25,20929,150,0
2023-05-03 20:00:00+00:00,13165.38,13245.5,13018.18,13027.55,20737,150,0
2023-05-04 00:00:00+00:00,13008.99,13056.36,12987.86,13046.49,6265,190,0
2023-05-04 04:00:00+00:00,13046.86,13107.61,13041.86,13099.36,6950,190,0
2023-05-04 08:00:00+00:00,13099.49,13111.59,13042.59,13073.46,11301,170,0
2023-05-04 12:00:00+00:00,13073.09,13083.59,13003.21,13019.21,12892,170,0
2023-05-04 16:00:00+00:00,13018.71,13047.44,12942.81,13031.19,21995,150,0
2023-05-04 20:00:00+00:00,13034.06,13071.94,12967.36,12985.24,19658,150,0
2023-05-05 00:00:00+00:00,13001.71,13051.96,12995.46,13047.96,4836,190,0
2023-05-05 04:00:00+00:00,13047.21,13052.71,13033.71,13046.84,5911,190,0
2023-05-05 08:00:00+00:00,13046.84,13052.06,13015.56,13046.69,8580,170,0
2023-05-05 12:00:00+00:00,13046.69,13089.44,13027.06,13053.06,10954,170,0
2023-05-05 16:00:00+00:00,13052.94,13215.54,13051.31,13209.41,21138,150,0
2023-05-05 20:00:00+00:00,13209.66,13297.54,13207.29,13250.09,16306,150,0
2023-05-08 00:00:00+00:00,13257.39,13275.77,13238.27,13249.39,4985,190,0
2023-05-08 04:00:00+00:00,13248.77,13272.77,13240.39,13256.14,5757,190,0
2023-05-08 08:00:00+00:00,13256.14,13278.74,13241.24,13245.49,9576,170,0
2023-05-08 12:00:00+00:00,13245.62,13267.49,13231.49,13237.99,9044,170,0
2023-05-08 16:00:00+00:00,13238.12,13272.22,13198.47,13270.22,32869,150,0
2023-05-08 20:00:00+00:00,13271.72,13311.47,13233.22,13279.64,25512,150,0
2023-05-09 00:00:00+00:00,13273.79,13283.92,13271.54,13273.92,3320,190,0
2023-05-09 04:00:00+00:00,13273.92,13291.04,13272.29,13285.29,4875,190,0
2023-05-09 08:00:00+00:00,13285.29,13289.04,13230.39,13239.64,9713,170,0
2023-05-09 12:00:00+00:00,13239.89,13247.89,13217.89,13220.14,11068,170,0
2023-05-09 16:00:00+00:00,13219.39,13261.49,13200.87,13229.87,33880,150,0
2023-05-09 20:00:00+00:00,13229.87,13238.37,13198.12,13205.17,23217,138,0
2023-05-10 00:00:00+00:00,13201.6,13228.47,13199.35,13223.97,2934,190,0
2023-05-10 04:00:00+00:00,13224.22,13229.72,13211.72,13219.72,5354,190,0
2023-05-10 08:00:00+00:00,13219.72,13231.07,13148.32,13178.7,11730,170,0
2023-05-10 12:00:00+00:00,13178.82,13338.07,13171.07,13329.7,14484,170,0
2023-05-10 16:00:00+00:00,13330.2,13379.3,13244.05,13278.17,38371,137,0
2023-05-10 20:00:00+00:00,13277.67,13391.3,13209.05,13354.35,30620,150,0
2023-05-11 00:00:00+00:00,13352.96,13386.33,13348.83,13379.33,4428,190,0
2023-05-11 04:00:00+00:00,13379.83,13391.21,13372.33,13378.83,6393,190,0
2023-05-11 08:00:00+00:00,13379.08,13407.18,13363.93,13393.68,12023,170,0
2023-05-11 12:00:00+00:00,13394.31,13411.93,13349.56,13378.93,16456,170,0
2023-05-11 16:00:00+00:00,13378.18,13404.91,13307.16,13396.03,37176,150,0
2023-05-11 20:00:00+00:00,13397.41,13415.16,13339.03,13392.08,27677,0,0
2023-05-12 00:00:00+00:00,13393.0,13429.0,13391.38,13426.25,4659,190,0
2023-05-12 04:00:00+00:00,13426.13,13439.75,13418.75,13436.25,7244,190,0
2023-05-12 08:00:00+00:00,13436.25,13436.75,13404.35,13428.98,11308,170,0
2023-05-12 12:00:00+00:00,13429.23,13439.85,13400.35,13410.1,10515,170,0
2023-05-12 16:00:00+00:00,13409.85,13433.33,13265.45,13273.95,35608,62,0
2023-05-12 20:00:00+00:00,13273.83,13348.7,13257.33,13317.13,26740,138,0
2023-05-15 00:00:00+00:00,13330.1,13330.1,13302.6,13310.85,4626,190,0
2023-05-15 04:00:00+00:00,13310.85,13351.1,13310.1,13349.6,7546,190,0
2023-05-15 08:00:00+00:00,13349.6,13394.83,13347.6,13383.7,11304,170,0
2023-05-15 12:00:00+00:00,13384.2,13399.83,13365.95,13376.45,10478,0,0
2023-05-15 16:00:00+00:00,13375.95,13405.93,13304.18,13405.55,33796,137,0
2023-05-15 20:00:00+00:00,13405.3,13431.3,13370.93,13416.35,25342,150,0
2023-05-16 00:00:00+00:00,13413.89,13420.52,13408.14,13418.39,3178,190,0
2023-05-16 04:00:00+00:00,13418.39,13418.89,13404.89,13409.64,5211,190,0
2023-05-16 08:00:00+00:00,13409.64,13444.99,13392.49,13427.87,10392,170,0
2023-05-16 12:00:00+00:00,13427.49,13435.74,13383.62,13386.99,11861,170,0
2023-05-16 16:00:00+00:00,13385.87,13507.47,13380.12,13502.22,35486,150,0
2023-05-16 20:00:00+00:00,13502.72,13507.72,13431.02,13456.27,26761,150,0
2023-05-17 00:00:00+00:00,13447.96,13455.71,13436.08,13453.83,4193,190,0
2023-05-17 04:00:00+00:00,13453.83,13473.21,13453.33,13465.83,5639,190,0
2023-05-17 08:00:00+00:00,13465.83,13471.33,13424.68,13457.56,11771,170,0
2023-05-17 12:00:00+00:00,13457.56,13471.93,13440.93,13471.81,10553,170,0
2023-05-17 16:00:00+00:00,13471.81,13564.66,13426.16,13556.16,34580,150,0
2023-05-17 20:00:00+00:00,13557.41,13619.16,13556.41,13591.33,26417,137,0
2023-05-18 00:00:00+00:00,13589.36,13596.98,13581.73,13581.98,4202,190,0
2023-05-18 04:00:00+00:00,13582.23,13604.48,13579.11,13595.23,7539,190,0
2023-05-18 08:00:00+00:00,13595.23,13626.33,13582.33,13615.08,10578,170,0
2023-05-18 12:00:00+00:00,13614.96,13633.58,13588.83,13589.08,10149,170,0
2023-05-18 16:00:00+00:00,13589.33,13805.81,13582.58,13741.81,37073,150,0
2023-05-18 20:00:00+00:00,13742.68,13863.48,13707.18,13862.48,29017,75,0
2023-05-19 00:00:00+00:00,13858.24,13911.24,13850.49,13883.24,7400,190,0
2023-05-19 04:00:00+00:00,13882.99,13893.74,13865.99,13876.12,8166,190,0
2023-05-19 08:00:00+00:00,13876.74,13882.97,13839.84,13878.34,12584,170,0
2023-05-19 12:00:00+00:00,13878.34,13879.59,13829.09,13864.47,13798,170,0
2023-05-19 16:00:00+00:00,13864.84,13880.07,13773.44,13803.19,38770,150,0
2023-05-19 20:00:00+00:00,13803.07,13826.82,13766.19,13792.12,27462,100,0
2023-05-22 00:00:00+00:00,13763.79,13819.16,13763.79,13814.41,6003,190,0
2023-05-22 04:00:00+00:00,13814.41,13835.66,13808.66,13831.41,8572,190,0
2023-05-22 08:00:00+00:00,13831.41,13832.51,13810.51,13819.64,10910,170,0
2023-05-22 12:00:00+00:00,13819.51,13825.76,13782.26,13812.26,11030,170,0
2023-05-22 16:00:00+00:00,13812.76,13903.86,13802.14,13854.61,34855,150,0
2023-05-22 20:00:00+00:00,13854.61,13899.74,13828.61,13872.54,24749,150,0
2023-05-23 00:00:00+00:00,13873.47,13912.09,13870.59,13903.84,5628,190,0
2023-05-23 04:00:00+00:00,13903.84,13935.97,13881.22,13885.59,9693,190,0
2023-05-23 08:00:00+00:00,13885.84,13894.84,13855.69,13866.07,11839,170,0
2023-05-23 12:00:00+00:00,13865.69,13870.94,13797.07,13799.44,13067,170,0
2023-05-23 16:00:00+00:00,13799.19,13835.92,13735.29,13753.79,35248,150,0
2023-05-23 20:00:00+00:00,13753.04,13778.17,13670.17,13691.97,28702,0,0
2023-05-24 00:00:00+00:00,13689.87,13716.62,13689.49,13711.99,4036,190,0
2023-05-24 04:00:00+00:00,13711.99,13713.74,13689.49,13709.74,7207,190,0
2023-05-24 08:00:00+00:00,13709.74,13713.24,13650.59,13681.72,15146,170,0
2023-05-24 12:00:00+00:00,13681.84,13692.09,13604.97,13607.09,15801,170,0
2023-05-24 16:00:00+00:00,13607.09,13635.82,13528.19,13563.69,36562,150,0
2023-05-24 20:00:00+00:00,13564.07,13805.87,13539.57,13802.49,33186,150,0
2023-05-25 00:00:00+00:00,13838.48,13846.23,13766.23,13813.35,10762,190,0
2023-05-25 04:00:00+00:00,13813.1,13823.6,13786.85,13795.6,9857,190,0
2023-05-25 08:00:00+00:00,13795.6,13848.2,13789.6,13847.7,15990,170,0
2023-05-25 12:00:00+00:00,13847.7,13932.33,13845.7,13926.45,17345,170,0
2023-05-25 16:00:00+00:00,13925.58,13965.68,13814.68,13937.55,38681,120,0
2023-05-25 20:00:00+00:00,13937.55,13993.8,13904.55,13944.6,29459,125,0
2023-05-26 00:00:00+00:00,13941.47,13949.72,13916.47,13931.34,5091,190,0
2023-05-26 04:00:00+00:00,13931.22,13934.34,13887.84,13916.47,7804,190,0
2023-05-26 08:00:00+00:00,13917.09,13958.82,13907.19,13952.57,13658,170,0
2023-05-26 12:00:00+00:00,13952.44,14006.94,13929.07,13985.44,15732,170,0
2023-05-26 16:00:00+00:00,13984.94,14290.17,13978.19,14283.29,36857,150,0
2023-05-26 20:00:00+00:00,14284.04,14331.59,14257.79,14329.47,27759,150,0
2023-05-29 00:00:00+00:00,14390.41,14413.29,14367.91,14373.66,8327,190,0
2023-05-29 04:00:00+00:00,14373.16,14384.66,14351.66,14362.66,9251,0,0
2023-05-29 08:00:00+00:00,14362.79,14399.76,14354.91,14366.51,9530,170,0
2023-05-29 12:00:00+00:00,14366.51,14386.76,14335.39,14342.01,8562,170,0
2023-05-29 16:00:00+00:00,14342.51,14378.86,14335.99,14374.24,8788,150,0
2023-05-30 00:00:00+00:00,14373.2,14378.32,14350.95,14357.07,5647,190,0
2023-05-30 04:00:00+00:00,14357.32,14367.95,14347.57,14362.82,7489,190,0
2023-05-30 08:00:00+00:00,14362.32,14454.05,14355.2,14441.67,14174,170,0
2023-05-30 12:00:00+00:00,14441.67,14538.92,14438.42,14495.17,17265,170,0
2023-05-30 16:00:00+00:00,14495.92,14527.77,14362.77,14416.02,38944,150,0
2023-05-30 20:00:00+00:00,14416.27,14416.9,14307.15,14371.57,30007,150,0
2023-05-31 00:00:00+00:00,14357.28,14398.78,14352.65,14384.9,5729,140,0
2023-05-31 04:00:00+00:00,14384.9,14385.78,14341.9,14341.9,11092,190,0
2023-05-31 08:00:00+00:00,14341.9,14341.9,14302.5,14334.38,17443,170,0
2023-05-31 12:00:00+00:00,14333.0,14356.13,14287.0,14290.38,14268,170,0
2023-05-31 16:00:00+00:00,14290.5,14381.85,14222.85,14249.6,37264,125,0
2023-05-31 20:00:00+00:00,14249.6,14334.98,14241.98,14258.9,31292,50,0
2023-06-01 00:00:00+00:00,14266.45,14289.32,14247.57,14253.7,6207,190,0
2023-06-01 04:00:00+00:00,14253.82,14305.57,14220.7,14256.7,12182,190,0
2023-06-01 08:00:00+00:00,14256.7,14297.55,14250.42,14281.92,13617,132,0
2023-06-01 12:00:00+00:00,14281.92,14308.42,14245.67,14269.05,14942,170,0
2023-06-01 16:00:00+00:00,14268.05,14437.77,14224.4,14434.27,37845,150,0
2023-06-01 20:00:00+00:00,14435.15,14499.9,14406.15,14469.07,29590,112,0
2023-06-02 00:00:00+00:00,14464.62,14468.25,14450.87,14452.12,4035,190,0
2023-06-02 04:00:00+00:00,14452.12,14485.87,14446.5,14479.5,7479,190,0
2023-06-02 08:00:00+00:00,14479.37,14500.97,14465.75,14500.97,11862,170,0
2023-06-02 12:00:00+00:00,14501.22,14536.22,14466.47,14483.22,16333,145,0
2023-06-02 16:00:00+00:00,14483.72,14599.95,14442.82,14564.32,36590,125,0
2023-06-02 20:00:00+00:00,14564.32,14577.07,14525.57,14559.5,28098,137,0
2023-06-05 00:00:00+00:00,14557.36,14557.36,14491.48,14505.98,7984,190,0
2023-06-05 04:00:00+00:00,14506.48,14524.61,14495.23,14502.48,10118,190,0
2023-06-05 08:00:00+00:00,14502.86,14552.96,14498.48,14519.83,12486,170,0
2023-06-05 12:00:00+00:00,14519.83,14546.83,14506.83,14539.08,10709,170,0
2023-06-05 16:00:00+00:00,14539.08,14670.93,14535.21,14669.68,37280,100,0
2023-06-05 20:00:00+00:00,14669.18,14673.43,14522.93,14562.23,30102,150,0
2023-06-06 00:00:00+00:00,14558.68,14564.56,14537.18,14554.68,5106,190,0
2023-06-06 04:00:00+00:00,14554.68,14581.18,14552.93,14568.68,9646,190,0
2023-06-06 08:00:00+00:00,14568.93,14594.41,14547.78,14562.16,13623,170,0
2023-06-06 12:00:00+00:00,14563.78,14574.78,14544.53,14552.28,11180,170,0
2023-06-06 16:00:00+00:00,14552.28,14604.26,14486.13,14513.63,37976,137,0
2023-06-06 20:00:00+00:00,14513.13,14583.51,14511.88,14575.31,27218,150,0
2023-06-07 00:00:00+00:00,14577.0,14584.0,14557.38,14574.75,4956,190,0
2023-06-07 04:00:00+00:00,14574.88,14576.63,14551.0,14563.38,8843,190,0
2023-06-07 08:00:00+00:00,14563.38,14568.25,14520.98,14539.1,11470,170,0
2023-06-07 12:00:00+00:00,14539.1,14596.6,14531.85,14580.6,10528,170,0
2023-06-07 16:00:00+00:00,14580.48,14657.45,14356.95,14372.45,39255,137,0
2023-06-07 20:00:00+00:00,14372.58,14392.45,14288.45,14299.25,30374,150,0
2023-06-08 00:00:00+00:00,14303.39,14321.39,14291.52,14318.89,5355,190,0
2023-06-08 04:00:00+00:00,14318.64,14322.27,14245.02,14256.77,10428,190,0
2023-06-08 08:00:00+00:00,14255.77,14318.74,14241.62,14307.74,14558,170,0
2023-06-08 12:00:00+00:00,14307.74,14355.49,14272.99,14343.99,14319,170,0
2023-06-08 16:00:00+00:00,14343.74,14507.84,14312.84,14466.34,38130,150,0
2023-06-08 20:00:00+00:00,14466.22,14510.89,14405.72,14505.39,28246,150,0
2023-06-09 00:00:00+00:00,14501.49,14501.49,14469.37,14474.24,4196,190,0
2023-06-09 04:00:00+00:00,14474.24,14491.74,14470.24,14475.12,6186,190,0
2023-06-09 08:00:00+00:00,14474.87,14494.24,14446.72,14488.34,10011,170,0
2023-06-09 12:00:00+00:00,14488.59,14542.84,14470.47,14538.97,13185,170,0
2023-06-09 16:00:00+00:00,14538.97,14672.82,14483.19,14539.32,37427,87,0
2023-06-09 20:00:00+00:00,14539.44,14601.44,14524.94,14551.37,25378,150,0
2023-06-12 00:00:00+00:00,14548.05,14600.42,14546.92,14587.17,4614,190,0
2023-06-12 04:00:00+00:00,14587.17,14593.8,14570.55,14577.92,4849,190,0
2023-06-12 08:00:00+00:00,14577.92,14634.52,14576.67,14631.77,8307,170,0
2023-06-12 12:00:00+00:00,14631.77,14646.02,14594.27,14627.4,10170,170,0
2023-06-12 16:00:00+00:00,14628.02,14672.0,14576.37,14665.12,33438,150,0
2023-06-12 20:00:00+00:00,14664.62,14819.17,14660.12,14819.17,24412,150,0
2023-06-13 00:00:00+00:00,14814.81,14832.93,14806.56,14808.81,4507,190,0
2023-06-13 04:00:00+00:00,14808.93,14865.06,14806.81,14859.56,6700,190,0
2023-06-13 08:00:00+00:00,14859.56,14896.28,14853.43,14881.28,11458,170,0
2023-06-13 12:00:00+00:00,14880.66,14922.41,14792.16,14922.41,14592,0,0
2023-06-13 16:00:00+00:00,14922.16,14962.16,14774.63,14911.88,39694,75,0
2023-06-13 20:00:00+00:00,14911.88,14924.76,14824.13,14917.18,28769,150,0
2023-06-14 00:00:00+00:00,14928.38,14928.38,14901.38,14901.63,4075,190,0
2023-06-14 04:00:00+00:00,14902.38,14921.38,14902.38,14912.75,5356,190,0
2023-06-14 08:00:00+00:00,14912.63,14962.1,14892.13,14944.98,8679,170,0
2023-06-14 12:00:00+00:00,14945.1,14954.23,14910.85,14914.6,10853,170,0
2023-06-14 16:00:00+00:00,14914.6,15024.7,14864.2,14986.45,34918,150,0
2023-06-14 20:00:00+00:00,14987.2,15053.88,14788.7,15044.0,33001,0,0
2023-06-15 00:00:00+00:00,15031.99,15039.36,15016.74,15020.86,5220,190,0
2023-06-15 04:00:00+00:00,15020.86,15024.99,14976.99,15004.11,10685,190,0
2023-06-15 08:00:00+00:00,15004.11,15017.86,14932.84,14935.09,14234,170,0
2023-06-15 12:00:00+00:00,14934.84,14947.09,14877.09,14933.34,18036,170,0
2023-06-15 16:00:00+00:00,14933.46,15135.06,14923.71,15110.06,38395,75,0
2023-06-15 20:00:00+00:00,15110.44,15251.31,15072.69,15179.24,32117,0,0
2023-06-16 00:00:00+00:00,15180.3,15183.8,15137.92,15143.92,5394,190,0
2023-06-16 04:00:00+00:00,15143.92,15164.67,15125.92,15154.92,9129,190,0
2023-06-16 08:00:00+00:00,15154.67,15219.77,15146.77,15208.27,14424,170,0
2023-06-16 12:00:00+00:00,15208.4,15252.52,15179.65,15243.52,15098,170,0
2023-06-16 16:00:00+00:00,15243.65,15285.52,15135.62,15213.62,37895,150,0
2023-06-16 20:00:00+00:00,15214.87,15218.62,15069.67,15111.8,29470,150,0
2023-06-19 00:00:00+00:00,15120.89,15138.39,15087.14,15096.01,6058,190,0
2023-06-19 04:00:00+00:00,15096.64,15114.26,15080.14,15086.26,8867,190,0
2023-06-19 08:00:00+00:00,15086.26,15122.86,15070.11,15085.74,11860,0,0
2023-06-19 12:00:00+00:00,15085.74,15098.74,15051.49,15072.36,9693,170,0
2023-06-19 16:00:00+00:00,15072.61,15081.61,15048.21,15056.96,10933,150,0
2023-06-20 00:00:00+00:00,15062.38,15077.38,15052.38,15069.63,4989,190,0
2023-06-20 04:00:00+00:00,15069.63,15075.63,15045.63,15051.01,7684,190,0
2023-06-20 08:00:00+00:00,15050.38,15070.73,14988.86,14997.86,13917,170,0
2023-06-20 12:00:00+00:00,14997.86,15072.48,14993.48,15072.36,14098,170,0
2023-06-20 16:00:00+00:00,15071.73,15129.96,14946.83,15078.08,36522,0,0
2023-06-20 20:00:00+00:00,15078.33,15107.08,15049.71,15064.63,26491,150,0
2023-06-21 00:00:00+00:00,15068.32,15093.07,15059.32,15086.95,4798,190,0
2023-06-21 04:00:00+00:00,15086.82,15089.32,15065.45,15080.57,6935,190,0
2023-06-21 08:00:00+00:00,15080.57,15085.57,15035.8,15066.92,13019,170,0
2023-06-21 12:00:00+00:00,15066.92,15079.67,15006.05,15020.67,13927,170,0
2023-06-21 16:00:00+00:00,15021.17,15038.67,14823.52,14881.77,38329,95,0
2023-06-21 20:00:00+00:00,14881.77,14969.4,14853.7,14858.95,30918,150,0
2023-06-22 00:00:00+00:00,14862.57,14880.19,14846.82,14859.19,5225,190,0
2023-06-22 04:00:00+00:00,14859.19,14864.32,14832.32,14836.44,6634,190,0
2023-06-22 08:00:00+00:00,14836.57,14839.17,14793.92,14815.67,15933,170,0
2023-06-22 12:00:00+00:00,14815.42,14846.42,14793.42,14813.04,14582,145,0
2023-06-22 16:00:00+00:00,14813.04,15003.14,14787.04,14949.39,37403,150,0
2023-06-22 20:00:00+00:00,14949.39,15060.44,14905.64,15056.32,29932,150,0
2023-06-23 00:00:00+00:00,15057.56,15058.44,15028.31,15029.81,4360,190,0
2023-06-23 04:00:00+00:00,15029.31,15032.56,14953.06,14961.31,11095,190,0
2023-06-23 08:00:00+00:00,14961.44,15000.79,14916.16,14924.41,15254,170,0
2023-06-23 12:00:00+00:00,14923.41,14969.91,14847.04,14865.79,14581,170,0
2023-06-23 16:00:00+00:00,14866.29,14950.51,14810.76,14945.01,37608,150,0
2023-06-23 20:00:00+00:00,14945.01,14979.64,14856.14,14879.81,30210,150,0
2023-06-26 00:00:00+00:00,14887.75,14935.37,14886.0,14924.0,7643,190,0
2023-06-26 04:00:00+00:00,14923.87,14944.87,14906.62,14926.37,9375,190,0
2023-06-26 08:00:00+00:00,14926.37,14927.12,14830.47,14840.35,15465,170,0
2023-06-26 12:00:00+00:00,14840.35,14899.85,14839.35,14889.85,13308,170,0
2023-06-26 16:00:00+00:00,14889.6,14982.95,14710.2,14746.57,39429,150,0
2023-06-26 20:00:00+00:00,14746.57,14780.2,14685.25,14704.37,29701,113,0
2023-06-27 00:00:00+00:00,14712.38,14729.13,14696.5,14710.0,5634,190,0
2023-06-27 04:00:00+00:00,14710.13,14725.0,14696.75,14715.0,9033,190,0
2023-06-27 08:00:00+00:00,14715.0,14758.6,14712.25,14741.85,13219,170,0
2023-06-27 12:00:00+00:00,14741.98,14770.23,14724.85,14747.98,13335,170,0
2023-06-27 16:00:00+00:00,14748.35,14902.2,14722.2,14888.45,36247,125,0
2023-06-27 20:00:00+00:00,14887.7,14972.7,14869.95,14922.0,26793,150,0
2023-06-28 00:00:00+00:00,14923.87,14928.87,14873.87,14881.25,7336,190,0
2023-06-28 04:00:00+00:00,14881.62,14904.62,14873.25,14890.87,9092,190,0
2023-06-28 08:00:00+00:00,14890.87,14913.47,14861.35,14870.1,13189,157,0
2023-06-28 12:00:00+00:00,14870.35,14924.6,14857.85,14880.47,13358,170,0
2023-06-28 16:00:00+00:00,14880.47,15054.82,14862.72,14923.32,38052,150,0
2023-06-28 20:00:00+00:00,14923.57,15014.62,14902.07,14992.75,29016,0,0
2023-06-29 00:00:00+00:00,14996.19,15022.07,14993.57,15013.57,5278,190,0
2023-06-29 04:00:00+00:00,15012.82,15019.44,14979.69,14985.32,8494,190,0
2023-06-29 08:00:00+00:00,14985.57,15002.04,14952.92,14995.92,12693,170,0
2023-06-29 12:00:00+00:00,14995.92,15039.67,14967.67,14976.17,14846,170,0
2023-06-29 16:00:00+00:00,14976.42,14983.42,14866.89,14927.64,37192,0,0
2023-06-29 20:00:00+00:00,14926.02,14954.82,14876.02,14946.07,26346,150,0
2023-06-30 00:00:00+00:00,14942.94,14965.19,14939.31,14949.56,5282,190,0
2023-06-30 04:00:00+00:00,14949.81,14983.06,14949.19,14968.19,9229,190,0
2023-06-30 08:00:00+00:00,14968.19,15008.91,14961.54,15005.04,11799,170,0
2023-06-30 12:00:00+00:00,15005.04,15099.41,15002.16,15075.29,13971,170,0
2023-06-30 16:00:00+00:00,15075.29,15216.64,15074.66,15196.01,34681,150,0
2023-06-30 20:00:00+00:00,15196.14,15208.01,15148.69,15156.69,26170,150,0
2023-07-03 00:00:00+00:00,15182.0,15207.75,15177.0,15181.25,5785,190,0
2023-07-03 04:00:00+00:00,15181.38,15202.5,15176.38,15199.0,6131,190,0
2023-07-03 08:00:00+00:00,15199.0,15236.98,15186.6,15226.48,10114,170,0
2023-07-03 12:00:00+00:00,15226.48,15226.6,15177.1,15196.85,11467,170,0
2023-07-03 16:00:00+00:00,15196.85,15235.58,15153.83,15210.58,32372,150,0
2023-07-03 20:00:00+00:00,15210.7,15211.45,15196.83,15202.7,1120,150,0
2023-07-04 00:00:00+00:00,15191.37,15199.62,15182.37,15191.12,3585,190,0
2023-07-04 04:00:00+00:00,15191.12,15203.75,15182.37,15197.5,5053,190,0
2023-07-04 08:00:00+00:00,15197.5,15208.85,15185.85,15193.6,6776,170,0
2023-07-04 12:00:00+00:00,15193.6,15206.85,15189.72,15206.22,5460,170,0
2023-07-04 16:00:00+00:00,15206.22,15216.57,15188.82,15191.57,7003,150,0
2023-07-04 20:00:00+00:00,15192.45,15192.45,15192.45,15192.45,1,150,0
2023-07-05 00:00:00+00:00,15195.9,15199.15,15179.78,15190.15,3514,190,0
2023-07-05 04:00:00+00:00,15190.15,15205.15,15188.03,15189.4,5194,190,0
2023-07-05 08:00:00+00:00,15189.65,15196.65,15136.38,15146.0,11077,170,0
2023-07-05 12:00:00+00:00,15146.0,15152.25,15104.25,15131.63,12220,170,0
2023-07-05 16:00:00+00:00,15131.0,15280.48,15126.5,15212.48,35529,100,0
2023-07-05 20:00:00+00:00,15212.85,15240.35,15172.98,15202.4,25593,150,0
2023-07-06 00:00:00+00:00,15204.38,15216.75,15183.75,15188.25,4283,190,0
2023-07-06 04:00:00+00:00,15188.25,15206.25,15119.38,15139.0,10347,190,0
2023-07-06 08:00:00+00:00,15139.0,15157.35,15115.85,15143.98,14269,170,0
2023-07-06 12:00:00+00:00,15144.1,15157.6,15017.1,15043.85,16792,170,0
2023-07-06 16:00:00+00:00,15043.35,15070.45,14963.45,15066.45,35501,113,0
2023-07-06 20:00:00+00:00,15069.33,15103.08,15042.7,15073.38,25471,150,0
2023-07-07 00:00:00+00:00,15067.17,15090.79,15067.04,15089.79,5062,190,0
2023-07-07 04:00:00+00:00,15089.92,15096.04,15069.54,15076.54,7639,190,0
2023-07-07 08:00:00+00:00,15077.04,15090.67,15029.77,15065.89,13235,170,0
2023-07-07 12:00:00+00:00,15065.89,15166.52,15051.14,15071.52,15216,170,0
2023-07-07 16:00:00+00:00,15070.89,15190.99,15033.12,15186.87,35805,150,0
2023-07-07 20:00:00+00:00,15187.49,15212.49,15025.49,15045.92,26384,150,0
2023-07-10 00:00:00+00:00,15056.29,15056.29,14998.66,15016.66,8220,190,0
2023-07-10 04:00:00+00:00,15016.79,15030.16,14980.66,15002.79,11462,190,0
2023-07-10 08:00:00+00:00,15002.16,15007.39,14937.91,14984.26,14999,170,0
2023-07-10 12:00:00+00:00,14984.26,15055.51,14976.01,15025.76,13348,170,0
2023-07-10 16:00:00+00:00,15026.01,15071.76,14923.99,15009.11,36634,112,0
2023-07-10 20:00:00+00:00,15008.86,15077.66,14994.49,15052.79,26308,150,0
2023-07-11 00:00:00+00:00,15055.94,15057.81,15038.44,15056.81,4740,190,0
2023-07-11 04:00:00+00:00,15056.81,15064.94,15043.31,15056.56,6619,190,0
2023-07-11 08:00:00+00:00,15056.81,15099.91,15041.66,15057.04,13201,170,0
2023-07-11 12:00:00+00:00,15056.79,15101.16,15050.41,15091.41,13139,170,0
2023-07-11 16:00:00+00:00,15091.41,15112.14,14972.01,15077.39,36124,0,0
2023-07-11 20:00:00+00:00,15076.76,15140.51,15019.14,15124.56,26855,0,0
2023-07-12 00:00:00+00:00,15121.34,15145.21,15119.96,15126.21,5372,190,0
2023-07-12 04:00:00+00:00,15125.96,15155.21,15119.71,15145.46,7075,190,0
2023-07-12 08:00:00+00:00,15145.46,15163.56,15134.06,15155.56,9779,170,0
2023-07-12 12:00:00+00:00,15155.31,15289.06,15149.81,15266.06,12954,170,0
2023-07-12 16:00:00+00:00,15265.94,15372.16,15209.41,15278.16,38173,37,0
2023-07-12 20:00:00+00:00,15277.91,15342.54,15267.29,15322.46,26710,0,0
2023-07-13 00:00:00+00:00,15329.35,15354.35,15323.35,15349.48,4915,190,0
2023-07-13 04:00:00+00:00,15349.23,15392.98,15338.85,15364.6,7718,190,0
2023-07-13 08:00:00+00:00,15364.73,15413.95,15355.35,15412.2,11748,170,0
2023-07-13 12:00:00+00:00,15412.45,15446.33,15396.83,15424.95,13021,170,0
2023-07-13 16:00:00+00:00,15426.45,15529.18,15417.45,15518.8,32811,150,0
2023-07-13 20:00:00+00:00,15518.55,15608.05,15504.3,15566.6,25484,150,0
2023-07-14 00:00:00+00:00,15567.13,15588.25,15550.75,15561.5,5916,190,0
2023-07-14 04:00:00+00:00,15561.5,15598.25,15560.0,15591.88,8238,190,0
2023-07-14 08:00:00+00:00,15592.0,15607.6,15567.85,15579.6,10841,170,0
2023-07-14 12:00:00+00:00,15579.35,15594.1,15555.48,15579.23,11410,170,0
2023-07-14 16:00:00+00:00,15579.35,15726.45,15571.6,15634.7,36711,100,0
2023-07-14 20:00:00+00:00,15635.2,15636.2,15535.45,15562.38,28615,150,0
2023-07-17 00:00:00+00:00,15565.58,15566.58,15538.95,15552.2,5553,190,0
2023-07-17 04:00:00+00:00,15552.45,15565.45,15545.83,15558.2,5287,190,0
2023-07-17 08:00:00+00:00,15558.2,15604.93,15553.3,15587.8,9636,170,0
2023-07-17 12:00:00+00:00,15587.55,15589.68,15555.3,15585.05,11757,170,0
2023-07-17 16:00:00+00:00,15585.55,15687.4,15579.8,15672.15,34618,0,0
2023-07-17 20:00:00+00:00,15671.9,15758.65,15656.65,15702.95,25762,150,0
2023-07-18 00:00:00+00:00,15711.23,15712.1,15688.48,15694.35,4921,190,0
2023-07-18 04:00:00+00:00,15694.1,15705.23,15678.73,15695.1,7054,190,0
2023-07-18 08:00:00+00:00,15694.85,15722.45,15692.6,15702.95,9507,170,0
2023-07-18 12:00:00+00:00,15702.95,15716.2,15675.33,15691.58,11229,170,0
2023-07-18 16:00:00+00:00,15691.58,15806.43,15612.68,15785.8,36277,75,0
2023-07-18 20:00:00+00:00,15785.93,15908.55,15784.55,15826.6,27206,150,0
2023-07-19 00:00:00+00:00,15827.38,15848.25,15827.38,15839.25,4579,190,0
2023-07-19 04:00:00+00:00,15839.25,15849.0,15834.5,15838.25,6331,190,0
2023-07-19 08:00:00+00:00,15838.5,15873.85,15838.25,15868.6,11402,170,0
2023-07-19 12:00:00+00:00,15868.1,15895.98,15861.1,15890.85,11202,170,0
2023-07-19 16:00:00+00:00,15890.85,15943.7,15829.45,15855.95,36880,150,0
2023-07-19 20:00:00+00:00,15856.58,15880.95,15792.95,15821.75,29617,0,0
2023-07-20 00:00:00+00:00,15804.38,15809.13,15726.01,15755.26,8481,190,0
2023-07-20 04:00:00+00:00,15755.38,15779.88,15754.38,15772.88,8040,190,0
2023-07-20 08:00:00+00:00,15772.88,15787.63,15705.61,15716.23,13661,170,0
2023-07-20 12:00:00+00:00,15715.73,15756.48,15701.48,15715.98,13992,170,0
2023-07-20 16:00:00+00:00,15716.11,15778.71,15568.96,15577.33,38705,150,0
2023-07-20 20:00:00+00:00,15575.58,15598.08,15431.33,15480.13,30632,150,0
2023-07-21 00:00:00+00:00,15477.03,15486.66,15440.78,15472.66,6506,190,0
2023-07-21 04:00:00+00:00,15472.53,15497.28,15457.03,15486.28,8663,190,0
2023-07-21 08:00:00+00:00,15486.28,15550.76,15476.53,15540.13,12570,170,0
2023-07-21 12:00:00+00:00,15540.26,15584.63,15515.51,15583.63,13296,170,0
2023-07-21 16:00:00+00:00,15583.63,15604.98,15435.98,15463.73,37518,0,0
2023-07-21 20:00:00+00:00,15464.23,15540.48,15408.98,15439.91,29124,150,0
2023-07-24 00:00:00+00:00,15451.63,15464.0,15433.0,15449.5,5922,190,0
2023-07-24 04:00:00+00:00,15449.5,15462.25,15425.88,15443.5,9943,190,0
2023-07-24 08:00:00+00:00,15443.5,15487.23,15420.6,15465.6,13374,170,0
2023-07-24 12:00:00+00:00,15465.48,15487.6,15456.23,15466.35,12015,170,0
2023-07-24 16:00:00+00:00,15466.35,15511.2,15378.45,15443.45,35647,150,0
2023-07-24 20:00:00+00:00,15443.7,15490.7,15418.7,15462.25,26231,150,0
2023-07-25 00:00:00+00:00,15464.45,15468.33,15445.2,15449.95,4106,190,0
2023-07-25 04:00:00+00:00,15449.95,15459.45,15445.7,15452.2,7008,190,0
2023-07-25 08:00:00+00:00,15452.45,15523.93,15450.83,15517.05,10844,170,0
2023-07-25 12:00:00+00:00,15517.05,15523.05,15488.3,15501.3,9811,170,0
2023-07-25 16:00:00+00:00,15500.8,15592.9,15477.55,15591.65,33940,150,0
2023-07-25 20:00:00+00:00,15591.9,15631.65,15508.08,15619.08,28973,150,0
2023-07-26 00:00:00+00:00,15621.65,15636.9,15518.28,15532.78,8999,190,0
2023-07-26 04:00:00+00:00,15532.65,15558.9,15528.15,15546.4,7370,190,0
2023-07-26 08:00:00+00:00,15546.4,15574.88,15538.03,15542.0,12460,170,0
2023-07-26 12:00:00+00:00,15541.5,15551.75,15504.25,15512.5,14770,170,0
2023-07-26 16:00:00+00:00,15513.13,15536.75,15413.23,15449.6,35083,150,0
2023-07-26 20:00:00+00:00,15449.6,15607.28,15418.98,15523.15,33076,150,0
2023-07-27 00:00:00+00:00,15540.48,15572.35,15532.23,15571.6,5169,190,0
2023-07-27 04:00:00+00:00,15571.35,15624.85,15571.1,15611.23,10007,190,0
2023-07-27 08:00:00+00:00,15611.23,15705.33,15598.6,15702.7,14050,170,0
2023-07-27 12:00:00+00:00,15702.58,15743.7,15684.7,15720.7,16158,170,0
2023-07-27 16:00:00+00:00,15720.7,15804.18,15663.05,15734.3,37302,150,0
2023-07-27 20:00:00+00:00,15734.3,15747.3,15413.43,15485.1,33602,0,0
2023-07-28 00:00:00+00:00,15487.13,15517.63,15470.01,15513.13,6765,190,0
2023-07-28 04:00:00+00:00,15513.88,15572.13,15449.26,15517.13,17399,190,0
2023-07-28 08:00:00+00:00,15517.01,15601.61,15517.01,15570.36,18893,170,0
2023-07-28 12:00:00+00:00,15570.36,15649.86,15560.48,15644.23,17742,170,0
2023-07-28 16:00:00+00:00,15644.23,15796.71,15618.23,15756.83,36715,0,0
2023-07-28 20:00:00+00:00,15756.08,15783.08,15678.71,15746.88,27833,150,0
2023-07-31 00:00:00+00:00,15756.44,15824.19,15749.19,15763.32,8547,190,0
2023-07-31 04:00:00+00:00,15762.69,15771.19,15700.19,15713.32,14172,190,0
2023-07-31 08:00:00+00:00,15713.32,15767.67,15706.07,15764.92,14065,170,0
2023-07-31 12:00:00+00:00,15764.42,15803.79,15742.04,15794.29,12438,170,0
2023-07-31 16:00:00+00:00,15794.29,15813.02,15715.14,15736.14,33809,0,0
2023-07-31 20:00:00+00:00,15735.89,15784.57,15709.14,15777.32,25408,150,0
2023-08-01 00:00:00+00:00,15782.35,15788.1,15762.97,15785.22,4776,190,0
2023-08-01 04:00:00+00:00,15785.35,15799.85,15773.72,15779.72,8745,0,0
2023-08-01 08:00:00+00:00,15779.47,15781.22,15705.07,15723.2,11909,170,0
2023-08-01 12:00:00+00:00,15723.2,15739.57,15667.32,15684.07,15688,170,0
2023-08-01 16:00:00+00:00,15683.7,15746.92,15639.92,15737.17,34415,113,0
2023-08-01 20:00:00+00:00,15737.17,15759.92,15706.17,15720.1,24797,150,0
2023-08-02 00:00:00+00:00,15626.3,15685.92,15597.8,15679.42,8856,190,0
2023-08-02 04:00:00+00:00,15679.8,15702.55,15624.42,15630.67,11288,190,0
2023-08-02 08:00:00+00:00,15630.42,15644.05,15505.27,15548.02,18798,170,0
2023-08-02 12:00:00+00:00,15548.02,15633.02,15531.65,15593.27,20471,170,0
2023-08-02 16:00:00+00:00,15592.77,15592.77,15327.5,15392.62,38534,150,0
2023-08-02 20:00:00+00:00,15393.12,15425.75,15345.5,15364.8,30038,150,0
2023-08-03 00:00:00+00:00,15372.26,15415.38,15370.51,15405.88,7738,190,0
2023-08-03 04:00:00+00:00,15405.26,15422.88,15365.26,15368.26,10877,190,0
2023-08-03 08:00:00+00:00,15368.38,15392.26,15255.36,15307.86,21218,170,0
2023-08-03 12:00:00+00:00,15307.98,15360.98,15278.61,15294.73,22143,170,0
2023-08-03 16:00:00+00:00,15294.23,15439.46,15266.73,15424.08,37581,150,0
2023-08-03 20:00:00+00:00,15424.08,15465.63,15328.13,15363.63,32117,102,0
2023-08-04 00:00:00+00:00,15356.43,15426.31,15349.06,15425.81,8623,102,0
2023-08-04 04:00:00+00:00,15425.93,15453.06,15416.06,15433.56,10860,190,0
2023-08-04 08:00:00+00:00,15433.56,15477.68,15404.03,15437.41,15152,170,0
2023-08-04 12:00:00+00:00,15437.91,15463.03,15319.41,15431.28,20033,170,0
2023-08-04 16:00:00+00:00,15431.16,15527.51,15310.88,15512.63,38221,0,0
2023-08-04 20:00:00+00:00,15513.13,15515.63,15255.38,15281.31,31138,75,0
2023-08-07 00:00:00+00:00,15295.35,15358.1,15292.22,15355.1,7483,190,0
2023-08-07 04:00:00+00:00,15354.6,15368.97,15335.97,15358.47,10294,190,0
2023-08-07 08:00:00+00:00,15358.47,15390.57,15328.82,15346.07,15372,170,0
2023-08-07 12:00:00+00:00,15345.45,15367.45,15318.82,15366.07,14976,170,0
2023-08-07 16:00:00+00:00,15366.2,15396.82,15260.17,15349.17,37411,75,0
2023-08-07 20:00:00+00:00,15349.17,15419.6,15335.05,15414.6,27499,150,0
2023-08-08 00:00:00+00:00,15422.06,15424.43,15401.18,15406.31,5289,190,0
2023-08-08 04:00:00+00:00,15406.18,15406.68,15347.43,15368.81,12656,190,0
2023-08-08 08:00:00+00:00,15369.31,15371.68,15328.78,15359.78,15639,170,0
2023-08-08 12:00:00+00:00,15360.03,15362.16,15246.03,15302.28,20371,170,0
2023-08-08 16:00:00+00:00,15301.91,15314.53,15147.88,15200.88,37588,150,0
2023-08-08 20:00:00+00:00,15201.38,15297.01,15189.88,15278.18,28616,150,0
2023-08-09 00:00:00+00:00,15281.5,15309.63,15272.75,15300.13,5814,190,0
2023-08-09 04:00:00+00:00,15301.13,15323.0,15297.38,15308.25,9949,190,0
2023-08-09 08:00:00+00:00,15308.13,15360.73,15306.98,15350.73,14100,170,0
2023-08-09 12:00:00+00:00,15350.6,15352.1,15292.1,15300.6,15569,170,0
2023-08-09 16:00:00+00:00,15300.6,15305.1,15076.95,15117.7,37126,0,0
2023-08-09 20:00:00+00:00,15117.95,15234.45,15095.83,15131.88,28928,150,0
2023-08-10 00:00:00+00:00,15131.09,15164.96,15130.09,15163.96,6024,190,0
2023-08-10 04:00:00+00:00,15163.96,15177.21,15138.84,15161.96,9506,190,0
2023-08-10 08:00:00+00:00,15162.59,15222.56,15149.46,15207.44,14384,170,0
2023-08-10 12:00:00+00:00,15206.69,15284.94,15173.81,15259.19,17571,0,0
2023-08-10 16:00:00+00:00,15258.69,15369.41,15125.66,15139.66,41178,50,0
2023-08-10 20:00:00+00:00,15141.29,15175.91,15065.66,15146.46,31733,100,0
2023-08-11 00:00:00+00:00,15147.82,15195.32,15147.82,15190.57,5254,190,0
2023-08-11 04:00:00+00:00,15190.57,15194.57,15128.45,15133.82,10633,190,0
2023-08-11 08:00:00+00:00,15133.82,15170.55,15085.17,15101.3,15619,170,0
2023-08-11 12:00:00+00:00,15101.55,15124.17,15013.3,15027.17,18553,0,0
2023-08-11 16:00:00+00:00,15026.17,15102.77,14966.52,14992.4,38655,0,0
2023-08-11 20:00:00+00:00,14992.65,15066.65,14981.9,15033.2,28678,150,0
2023-08-14 00:00:00+00:00,15037.78,15084.03,15036.78,15047.78,7741,190,0
2023-08-14 04:00:00+00:00,15046.78,15053.28,14958.28,14984.9,15484,190,0
2023-08-14 08:00:00+00:00,14985.78,15155.88,14985.4,15083.5,17763,170,0
2023-08-14 12:00:00+00:00,15084.63,15102.38,14993.63,15019.38,16392,170,0
2023-08-14 16:00:00+00:00,15018.88,15183.35,14972.75,15151.1,36652,75,0
2023-08-14 20:00:00+00:00,15151.85,15217.28,15124.35,15215.28,26670,150,0
2023-08-15 00:00:00+00:00,15217.61,15253.86,15212.36,15234.36,6633,190,0
2023-08-15 04:00:00+00:00,15234.99,15272.11,15229.61,15257.49,10899,190,0
2023-08-15 08:00:00+00:00,15257.49,15267.74,15125.71,15166.71,17203,170,0
2023-08-15 12:00:00+00:00,15166.59,15172.59,15090.84,15121.59,20836,170,0
2023-08-15 16:00:00+00:00,15120.84,15196.81,15047.06,15099.19,37508,150,0
2023-08-15 20:00:00+00:00,15100.31,15122.31,15014.56,15047.86,26791,150,0
2023-08-16 00:00:00+00:00,15053.69,15065.19,15019.82,15045.94,6776,190,0
2023-08-16 04:00:00+00:00,15045.82,15072.19,15035.94,15047.19,12837,190,0
2023-08-16 08:00:00+00:00,15047.32,15102.29,15028.92,15085.42,15788,170,0
2023-08-16 12:00:00+00:00,15085.42,15088.67,15001.04,15004.42,16324,170,0
2023-08-16 16:00:00+00:00,15004.29,15080.77,14944.02,14952.52,38299,150,0
2023-08-16 20:00:00+00:00,14952.39,15023.39,14858.94,14874.57,32426,0,0
2023-08-17 00:00:00+00:00,14879.34,14890.46,14837.96,14852.59,6649,190,0
2023-08-17 04:00:00+00:00,14852.71,14888.96,14826.84,14879.46,13611,190,0
2023-08-17 08:00:00+00:00,14880.21,14919.69,14843.46,14900.06,17021,170,0
2023-08-17 12:00:00+00:00,14899.81,14955.81,14891.31,14948.06,15944,170,0
2023-08-17 16:00:00+00:00,14948.31,14952.06,14795.16,14890.41,38515,150,0
2023-08-17 20:00:00+00:00,14891.16,14895.41,14676.71,14681.84,31667,87,0
2023-08-18 00:00:00+00:00,14689.34,14715.09,14671.46,14711.84,8486,177,0
2023-08-18 04:00:00+00:00,14711.84,14730.21,14688.46,14703.09,12619,190,0
2023-08-18 08:00:00+00:00,14703.71,14716.06,14664.44,14693.94,17328,170,0
2023-08-18 12:00:00+00:00,14693.94,14698.94,14570.19,14588.94,20442,170,0
2023-08-18 16:00:00+00:00,14588.56,14690.91,14549.91,14654.66,39124,150,0
2023-08-18 20:00:00+00:00,14654.04,14742.54,14607.66,14684.59,29685,150,0
2023-08-21 00:00:00+00:00,14703.52,14741.27,14703.52,14734.52,6903,190,0
2023-08-21 04:00:00+00:00,14734.39,14734.39,14682.02,14700.14,12735,190,0
2023-08-21 08:00:00+00:00,14700.14,14781.62,14667.74,14778.62,15145,170,0
2023-08-21 12:00:00+00:00,14778.37,14805.37,14760.99,14761.99,15049,170,0
2023-08-21 16:00:00+00:00,14762.49,14879.09,14736.09,14848.47,37437,150,0
2023-08-21 20:00:00+00:00,14848.22,14960.59,14832.59,14918.89,29070,150,0
2023-08-22 00:00:00+00:00,14924.48,14924.6,14892.6,14912.48,6242,190,0
2023-08-22 04:00:00+00:00,14912.48,14933.1,14896.85,14910.85,11123,190,0
2023-08-22 08:00:00+00:00,14911.1,15012.95,14902.6,15005.58,16509,170,0
2023-08-22 12:00:00+00:00,15006.95,15067.45,14992.45,15056.45,14152,170,0
2023-08-22 16:00:00+00:00,15029.3,15037.8,14883.43,14923.8,33830,150,0
2023-08-22 20:00:00+00:00,14923.3,14959.93,14882.05,14913.1,26345,150,0
2023-08-23 00:00:00+00:00,14915.61,14947.23,14909.73,14946.98,5029,190,0
2023-08-23 04:00:00+00:00,14946.73,14979.61,14941.98,14963.86,10044,190,0
2023-08-23 08:00:00+00:00,14963.61,15034.33,14960.36,15016.46,14568,170,0
2023-08-23 12:00:00+00:00,15017.08,15027.21,14910.58,14935.08,18038,170,0
2023-08-23 16:00:00+00:00,14934.33,15157.18,14932.33,15129.68,35240,150,0
2023-08-23 20:00:00+00:00,15129.18,15306.36,15124.68,15306.36,29699,0,0
2023-08-24 00:00:00+00:00,15288.49,15299.61,15248.99,15293.24,8779,190,0
2023-08-24 04:00:00+00:00,15293.11,15351.11,15280.49,15345.49,11812,177,0
2023-08-24 08:00:00+00:00,15345.86,15370.46,15320.84,15331.59,16623,170,0
2023-08-24 12:00:00+00:00,15331.84,15348.71,15276.46,15292.71,18199,170,0
2023-08-24 16:00:00+00:00,15292.34,15312.96,14898.06,14952.31,38407,100,0
2023-08-24 20:00:00+00:00,14953.19,14965.44,14770.49,14785.74,30176,150,0
2023-08-25 00:00:00+00:00,14794.82,14830.7,14789.82,14818.82,7308,190,0
2023-08-25 04:00:00+00:00,14818.82,14827.2,14783.07,14799.07,10887,190,0
2023-08-25 08:00:00+00:00,14799.82,14844.17,14742.17,14833.17,16344,170,0
2023-08-25 12:00:00+00:00,14833.3,14874.17,14804.67,14854.92,15916,170,0
2023-08-25 16:00:00+00:00,14854.92,15003.27,14710.27,14838.27,40403,150,0
2023-08-25 20:00:00+00:00,14838.52,14981.52,14793.52,14926.07,28889,125,0
2023-08-28 00:00:00+00:00,14956.93,14993.05,14937.3,14950.18,7410,190,0
2023-08-28 04:00:00+00:00,14950.18,14981.8,14941.05,14952.8,10761,190,0
2023-08-28 08:00:00+00:00,14952.3,14994.28,14939.05,14983.65,12213,170,0
2023-08-28 12:00:00+00:00,14983.65,15055.65,14957.78,15053.9,13149,170,0
2023-08-28 16:00:00+00:00,15053.4,15089.75,14947.25,15036.25,36216,150,0
2023-08-28 20:00:00+00:00,15036.5,15073.25,14962.5,15061.43,26172,150,0
2023-08-29 00:00:00+00:00,15067.18,15077.93,15045.31,15065.81,4614,190,0
2023-08-29 04:00:00+00:00,15065.68,15082.93,15053.43,15077.43,8320,190,0
2023-08-29 08:00:00+00:00,15077.43,15113.28,15036.28,15041.41,14041,170,0
2023-08-29 12:00:00+00:00,15041.91,15080.28,15016.78,15039.41,16102,170,0
2023-08-29 16:00:00+00:00,15039.91,15357.26,15026.53,15345.13,35386,0,0
2023-08-29 20:00:00+00:00,15345.13,15396.13,15324.63,15392.18,24979,150,0
2023-08-30 00:00:00+00:00,15393.82,15417.69,15390.57,15411.07,5205,190,0
2023-08-30 04:00:00+00:00,15411.44,15435.19,15404.69,15407.69,9066,190,0
2023-08-30 08:00:00+00:00,15407.44,15415.19,15345.04,15346.54,15065,170,0
2023-08-30 12:00:00+00:00,15345.92,15418.17,15329.04,15394.92,16889,170,0
2023-08-30 16:00:00+00:00,15394.92,15489.64,15342.64,15476.77,35044,100,0
2023-08-30 20:00:00+00:00,15476.52,15487.27,15418.27,15480.07,25002,150,0
2023-08-31 00:00:00+00:00,15479.48,15484.1,15468.23,15470.35,2674,190,0
2023-08-31 04:00:00+00:00,15470.6,15496.73,15468.6,15474.1,6006,190,0
2023-08-31 08:00:00+00:00,15473.85,15483.7,15450.83,15473.2,9342,170,0
2023-08-31 12:00:00+00:00,15473.2,15510.33,15427.33,15475.2,16561,0,0
2023-08-31 16:00:00+00:00,15475.2,15573.3,15448.2,15494.05,35608,150,0
2023-08-31 20:00:00+00:00,15494.68,15562.3,15486.3,15503.6,26372,150,0
2023-09-01 00:00:00+00:00,15499.46,15514.58,15491.33,15510.96,4772,190,0
2023-09-01 04:00:00+00:00,15511.21,15526.08,15508.83,15517.08,5791,190,0
2023-09-01 08:00:00+00:00,15517.08,15532.93,15470.43,15513.06,11926,157,0
2023-09-01 12:00:00+00:00,15512.93,15621.68,15510.18,15605.93,16152,0,0
2023-09-01 16:00:00+00:00,15606.06,15629.31,15423.03,15485.16,37993,62,0
2023-09-01 20:00:00+00:00,15483.91,15495.78,15428.28,15480.71,25051,150,0
2023-09-04 00:00:00+00:00,15497.55,15504.3,15476.67,15501.8,4374,190,0
2023-09-04 04:00:00+00:00,15501.92,15518.3,15491.67,15509.42,8125,190,0
2023-09-04 08:00:00+00:00,15509.42,15544.02,15504.92,15533.9,10876,170,0
2023-09-04 12:00:00+00:00,15534.02,15546.27,15521.77,15527.77,8622,170,0
2023-09-04 16:00:00+00:00,15527.77,15554.25,15488.25,15500.0,11814,150,0
2023-09-04 20:00:00+00:00,15499.75,15499.75,15499.75,15499.75,1,150,0
2023-09-05 00:00:00+00:00,15507.42,15512.04,15470.29,15472.67,5292,190,0
2023-09-05 04:00:00+00:00,15473.04,15488.79,15466.67,15485.54,8679,190,0
2023-09-05 08:00:00+00:00,15485.54,15490.79,15396.64,15429.02,15674,170,0
2023-09-05 12:00:00+00:00,15429.02,15477.14,15415.39,15468.52,16468,170,0
2023-09-05 16:00:00+00:00,15469.02,15554.74,15422.62,15530.49,35336,150,0
2023-09-05 20:00:00+00:00,15530.87,15564.24,15492.04,15495.42,24161,150,0
2023-09-06 00:00:00+00:00,15492.78,15512.9,15490.53,15505.9,3712,190,0
2023-09-06 04:00:00+00:00,15505.9,15508.4,15474.4,15487.15,7381,190,0
2023-09-06 08:00:00+00:00,15487.15,15497.65,15419.63,15463.75,14018,170,0
2023-09-06 12:00:00+00:00,15464.13,15490.75,15447.75,15479.25,14626,170,0
2023-09-06 16:00:00+00:00,15478.88,15494.48,15294.6,15308.1,36055,88,0
2023-09-06 20:00:00+00:00,15308.1,15384.53,15291.35,15367.4,26775,0,0
2023-09-07 00:00:00+00:00,15371.04,15377.41,15358.54,15360.91,4438,190,0
2023-09-07 04:00:00+00:00,15361.16,15372.66,15336.91,15340.16,8558,190,0
2023-09-07 08:00:00+00:00,15340.16,15341.79,15256.26,15279.76,15996,170,0
2023-09-07 12:00:00+00:00,15279.01,15314.89,15170.14,15183.01,17701,70,0
2023-09-07 16:00:00+00:00,15182.51,15263.49,15140.01,15222.86,37075,150,0
2023-09-07 20:00:00+00:00,15222.86,15287.24,15217.11,15267.91,26222,150,0
2023-09-08 00:00:00+00:00,15270.84,15273.47,15241.72,15253.22,4531,190,0
2023-09-08 04:00:00+00:00,15253.47,15272.59,15238.59,15263.09,6492,190,0
2023-09-08 08:00:00+00:00,15263.34,15328.19,15246.19,15247.82,15344,170,0
2023-09-08 12:00:00+00:00,15247.82,15275.44,15208.32,15257.07,18227,170,0
2023-09-08 16:00:00+00:00,15257.07,15375.04,15253.19,15313.54,34636,0,0
2023-09-08 20:00:00+00:00,15313.79,15327.04,15241.04,15297.47,26316,150,0
2023-09-11 00:00:00+00:00,15299.0,15327.0,15290.75,15303.87,5534,190,0
2023-09-11 04:00:00+00:00,15303.0,15332.5,15290.62,15331.5,8815,190,0
2023-09-11 08:00:00+00:00,15331.5,15393.97,15331.5,15362.6,13551,170,0
2023-09-11 12:00:00+00:00,15362.6,15416.85,15359.22,15415.22,13053,170,0
2023-09-11 16:00:00+00:00,15416.47,15440.32,15331.7,15388.32,34893,0,0
2023-09-11 20:00:00+00:00,15388.07,15489.7,15381.32,15463.75,22545,150,0
2023-09-12 00:00:00+00:00,15456.22,15462.97,15438.47,15442.72,5220,190,0
2023-09-12 04:00:00+00:00,15442.72,15469.97,15437.22,15455.72,9006,190,0
2023-09-12 08:00:00+00:00,15455.72,15475.45,15415.7,15421.95,13240,170,0
2023-09-12 12:00:00+00:00,15421.95,15448.57,15409.32,15413.57,14388,170,0
2023-09-12 16:00:00+00:00,15412.2,15454.67,15313.17,15355.8,36279,150,0
2023-09-12 20:00:00+00:00,15355.42,15409.8,15280.42,15301.6,29279,0,0
2023-09-13 00:00:00+00:00,15302.37,15308.74,15295.37,15302.99,4080,190,0
2023-09-13 04:00:00+00:00,15303.49,15312.12,15271.24,15302.49,9176,190,0
2023-09-13 08:00:00+00:00,15302.49,15328.34,15265.84,15278.59,16258,170,0
2023-09-13 12:00:00+00:00,15278.59,15314.84,15205.22,15293.59,19153,170,0
2023-09-13 16:00:00+00:00,15293.84,15405.19,15253.19,15390.07,39444,150,0
2023-09-13 20:00:00+00:00,15389.69,15418.07,15307.32,15371.49,28399,150,0
2023-09-14 00:00:00+00:00,15369.64,15397.89,15363.14,15396.14,4628,152,0
2023-09-14 04:00:00+00:00,15395.89,15424.39,15387.89,15412.64,8946,190,0
2023-09-14 08:00:00+00:00,15411.14,15433.14,15365.87,15396.74,14664,170,0
2023-09-14 12:00:00+00:00,15396.99,15436.62,15368.74,15415.62,18704,157,0
2023-09-14 16:00:00+00:00,15414.87,15508.59,15331.09,15504.72,37641,0,0
2023-09-14 20:00:00+00:00,15505.22,15513.97,15453.09,15476.27,25178,150,0
2023-09-15 00:00:00+00:00,15475.03,15496.28,15475.03,15488.78,4926,190,0
2023-09-15 04:00:00+00:00,15488.65,15521.4,15475.9,15516.15,9008,190,0
2023-09-15 08:00:00+00:00,15515.9,15520.65,15453.5,15456.88,16415,170,0
2023-09-15 12:00:00+00:00,15457.13,15474.5,15420.25,15423.13,14584,170,0
2023-09-15 16:00:00+00:00,15423.25,15435.25,15214.98,15264.35,37523,0,0
2023-09-15 20:00:00+00:00,15264.1,15265.6,15160.23,15185.4,29290,125,0
2023-09-18 00:00:00+00:00,15192.11,15228.98,15188.98,15225.48,4765,190,0
2023-09-18 04:00:00+00:00,15225.86,15227.73,15205.11,15218.73,8381,190,0
2023-09-18 08:00:00+00:00,15218.73,15237.83,15201.33,15222.21,13018,170,0
2023-09-18 12:00:00+00:00,15222.83,15235.08,15140.71,15172.96,15423,170,0
2023-09-18 16:00:00+00:00,15173.21,15269.81,15153.83,15245.18,35152,63,0
2023-09-18 20:00:00+00:00,15245.81,15265.43,15189.81,15234.36,24665,125,0
2023-09-19 00:00:00+00:00,15236.87,15249.12,15230.37,15236.62,4330,190,0
2023-09-19 04:00:00+00:00,15236.74,15238.99,15206.24,15210.12,7205,190,0
2023-09-19 08:00:00+00:00,15209.99,15249.34,15191.84,15240.59,12174,145,0
2023-09-19 12:00:00+00:00,15241.84,15254.34,15194.84,15196.22,12374,170,0
2023-09-19 16:00:00+00:00,15196.47,15201.09,15060.94,15115.32,34669,150,0
2023-09-19 20:00:00+00:00,15115.19,15219.19,15110.19,15194.74,25686,150,0
2023-09-20 00:00:00+00:00,15190.09,15198.47,15174.34,15178.22,4518,190,0
2023-09-20 04:00:00+00:00,15177.72,15186.84,15154.59,15160.09,8694,190,0
2023-09-20 08:00:00+00:00,15159.97,15218.19,15155.34,15214.94,14248,170,0
2023-09-20 12:00:00+00:00,15214.82,15243.82,15200.57,15242.69,11639,170,0
2023-09-20 16:00:00+00:00,15242.94,15248.19,15141.04,15194.54,32049,88,0
2023-09-20 20:00:00+00:00,15195.42,15202.42,14940.09,14945.47,32235,62,0
2023-09-21 00:00:00+00:00,14957.74,14962.49,14905.36,14913.36,7933,190,0
2023-09-21 04:00:00+00:00,14913.36,14924.36,14895.36,14906.36,9920,190,0
2023-09-21 08:00:00+00:00,14907.61,14926.21,14865.84,14873.21,16417,170,0
2023-09-21 12:00:00+00:00,14873.21,14886.84,14759.34,14776.21,20296,170,0
2023-09-21 16:00:00+00:00,14776.34,14834.69,14734.06,14762.69,37278,150,0
2023-09-21 20:00:00+00:00,14762.69,14814.69,14656.11,14664.11,27776,150,0
2023-09-22 00:00:00+00:00,14675.51,14688.38,14654.88,14674.38,7502,190,0
2023-09-22 04:00:00+00:00,14674.38,14722.13,14660.88,14718.63,12404,190,0
2023-09-22 08:00:00+00:00,14718.38,14744.48,14707.73,14733.61,17529,170,0
2023-09-22 12:00:00+00:00,14733.36,14789.48,14722.48,14771.86,14926,170,0
2023-09-22 16:00:00+00:00,14771.73,14844.33,14705.58,14825.96,34582,13,0
2023-09-22 20:00:00+00:00,14826.08,14827.96,14670.21,14692.88,29967,100,0
2023-09-25 00:00:00+00:00,14710.22,14739.47,14692.6,14712.97,7338,190,0
2023-09-25 04:00:00+00:00,14712.72,14752.22,14712.72,14746.72,10542,190,0
2023-09-25 08:00:00+00:00,14746.72,14770.57,14622.45,14663.95,16408,170,0
2023-09-25 12:00:00+00:00,14663.82,14699.07,14624.32,14645.7,18292,170,0
2023-09-25 16:00:00+00:00,14645.32,14759.92,14608.3,14707.67,35417,150,0
2023-09-25 20:00:00+00:00,14707.8,14780.1,14667.8,14775.85,28226,150,0
2023-09-26 00:00:00+00:00,14772.74,14774.99,14695.74,14704.99,6029,190,0
2023-09-26 04:00:00+00:00,14705.87,14712.49,14679.62,14705.37,11594,190,0
2023-09-26 08:00:00+00:00,14705.12,14714.59,14622.59,14685.22,18641,157,0
2023-09-26 12:00:00+00:00,14685.47,14719.84,14663.09,14672.09,18979,170,0
2023-09-26 16:00:00+00:00,14671.97,14673.19,14551.69,14590.44,36197,125,0
2023-09-26 20:00:00+00:00,14590.32,14610.69,14493.94,14552.62,28431,113,0
2023-09-27 00:00:00+00:00,14555.4,14579.52,14543.52,14560.9,7077,190,0
2023-09-27 04:00:00+00:00,14561.02,14582.77,14558.02,14581.77,11590,190,0
2023-09-27 08:00:00+00:00,14581.52,14625.75,14570.27,14610.62,14853,170,0
2023-09-27 12:00:00+00:00,14610.62,14613.62,14563.87,14601.62,16956,170,0
2023-09-27 16:00:00+00:00,14600.12,14635.85,14473.97,14486.97,36005,0,0
2023-09-27 20:00:00+00:00,14486.97,14650.97,14417.22,14597.65,32098,150,0
2023-09-28 00:00:00+00:00,14602.56,14625.06,14574.56,14619.31,7603,190,0
2023-09-28 04:00:00+00:00,14619.31,14622.43,14544.18,14572.31,12968,190,0
2023-09-28 08:00:00+00:00,14572.68,14607.18,14540.53,14550.16,18920,170,0
2023-09-28 12:00:00+00:00,14550.03,14608.16,14509.28,14525.16,23740,0,0
2023-09-28 16:00:00+00:00,14525.03,14778.63,14489.63,14722.38,38388,0,0
2023-09-28 20:00:00+00:00,14722.88,14744.63,14642.88,14707.68,28371,150,0
2023-09-29 00:00:00+00:00,14709.71,14728.21,14665.09,14666.46,6053,190,0
2023-09-29 04:00:00+00:00,14666.21,14724.96,14659.71,14702.84,10926,190,0
2023-09-29 08:00:00+00:00,14703.09,14798.19,14691.21,14771.44,17562,170,0
2023-09-29 12:00:00+00:00,14775.19,14843.31,14754.31,14836.56,19407,158,0
2023-09-29 16:00:00+00:00,14836.44,14894.41,14720.16,14729.66,38587,150,0
2023-09-29 20:00:00+00:00,14729.66,14761.91,14645.41,14725.46,30210,150,0
2023-10-02 00:00:00+00:00,14827.6,14846.1,14775.98,14806.6,14856,190,0
2023-10-02 04:00:00+00:00,14806.48,14834.85,14803.6,14808.6,14986,190,0
2023-10-02 08:00:00+00:00,14808.48,14851.7,14771.1,14806.95,27139,170,0
2023-10-02 12:00:00+00:00,14806.7,14806.95,14686.45,14694.58,32770,170,0
2023-10-02 16:00:00+00:00,14694.45,14887.05,14667.83,14731.18,65580,150,0
2023-10-02 20:00:00+00:00,14731.18,14846.23,14706.55,14834.1,50574,150,0
2023-10-03 00:00:00+00:00,14828.96,14844.83,14796.58,14831.46,12128,190,0
2023-10-03 04:00:00+00:00,14831.46,14837.58,14794.33,14794.71,20349,190,0
2023-10-03 08:00:00+00:00,14794.71,14870.93,14784.08,14846.56,29833,170,0
2023-10-03 12:00:00+00:00,14846.56,14849.56,14687.81,14693.18,37408,170,0
2023-10-03 16:00:00+00:00,14693.43,14814.03,14551.16,14603.28,63495,0,0
2023-10-03 20:00:00+00:00,14603.28,14625.41,14492.16,14554.83,45937,138,0
2023-10-04 00:00:00+00:00,14553.24,14575.49,14529.74,14539.99,14229,190,0
2023-10-04 04:00:00+00:00,14539.99,14544.74,14484.11,14526.61,26173,190,0
2023-10-04 08:00:00+00:00,14526.61,14529.71,14432.21,14516.46,37504,170,0
2023-10-04 12:00:00+00:00,14516.59,14642.21,14510.84,14619.09,38308,170,0
2023-10-04 16:00:00+00:00,14618.96,14741.81,14577.81,14718.81,63564,75,0
2023-10-04 20:00:00+00:00,14719.06,14798.31,14648.81,14745.36,46539,25,0
2023-10-05 00:00:00+00:00,14745.51,14764.76,14733.76,14761.64,12577,190,0
2023-10-05 04:00:00+00:00,14761.89,14790.51,14752.01,14778.64,20683,190,0
2023-10-05 08:00:00+00:00,14778.14,14779.14,14713.86,14714.99,30549,170,0
2023-10-05 12:00:00+00:00,14714.86,14803.61,14697.11,14735.74,37489,170,0
2023-10-05 16:00:00+00:00,14735.61,14771.09,14562.34,14648.96,62712,125,0
2023-10-05 20:00:00+00:00,14648.96,14751.59,14616.96,14705.26,44463,0,0
2023-10-06 00:00:00+00:00,14703.63,14720.38,14692.63,14718.63,9407,190,0
2023-10-06 04:00:00+00:00,14718.76,14725.76,14700.13,14705.01,17690,190,0
2023-10-06 08:00:00+00:00,14704.88,14741.11,14684.38,14714.23,26195,170,0
2023-10-06 12:00:00+00:00,14714.23,14769.36,14507.98,14531.48,34670,170,0
2023-10-06 16:00:00+00:00,14531.48,14916.83,14518.86,14895.71,67776,150,0
2023-10-06 20:00:00+00:00,14895.71,15007.71,14886.58,14986.63,42410,0,0
2023-10-09 00:00:00+00:00,14879.51,14894.01,14844.64,14872.64,16775,190,0
2023-10-09 04:00:00+00:00,14872.64,14873.01,14833.76,14848.89,13499,190,0
2023-10-09 08:00:00+00:00,14848.89,14887.99,14827.36,14871.24,32347,170,0
2023-10-09 12:00:00+00:00,14871.24,14883.24,14827.24,14842.11,28828,170,0
2023-10-09 16:00:00+00:00,14842.11,14950.59,14804.96,14918.34,56539,150,0
2023-10-09 20:00:00+00:00,14918.21,15067.84,14917.34,15050.26,41919,150,0
2023-10-10 00:00:00+00:00,15052.05,15079.3,15045.55,15072.05,9366,190,0
2023-10-10 04:00:00+00:00,15072.05,15095.05,15064.05,15068.93,17991,190,0
2023-10-10 08:00:00+00:00,15068.93,15096.65,15044.9,15086.9,32773,132,0
2023-10-10 12:00:00+00:00,15086.9,15095.15,15030.9,15053.65,32905,170,0
2023-10-10 16:00:00+00:00,15053.65,15241.13,15038.0,15218.63,57578,150,0
2023-10-10 20:00:00+00:00,15218.63,15219.5,15113.25,15139.8,44338,0,0
2023-10-11 00:00:00+00:00,15138.59,15161.84,15134.84,15145.47,8751,190,0
2023-10-11 04:00:00+00:00,15145.34,15164.34,15142.34,15152.84,16623,190,0
2023-10-11 08:00:00+00:00,15152.84,15176.44,15134.07,15162.19,30242,170,0
2023-10-11 12:00:00+00:00,15162.19,15205.94,15145.07,15196.69,32549,170,0
2023-10-11 16:00:00+00:00,15196.94,15247.54,15136.29,15163.92,56804,125,0
2023-10-11 20:00:00+00:00,15163.67,15276.34,15113.54,15270.59,41827,150,0
2023-10-12 00:00:00+00:00,15266.25,15293.62,15260.5,15287.12,8838,190,0
2023-10-12 04:00:00+00:00,15286.87,15292.25,15275.12,15291.37,14528,190,0
2023-10-12 08:00:00+00:00,15291.25,15310.47,15276.47,15299.97,22854,170,0
2023-10-12 12:00:00+00:00,15299.97,15309.6,15224.72,15253.47,27611,170,0
2023-10-12 16:00:00+00:00,15253.72,15331.2,15228.95,15298.32,58337,150,0
2023-10-12 20:00:00+00:00,15298.32,15301.07,15079.7,15186.37,47023,150,0
2023-10-13 00:00:00+00:00,15190.66,15206.29,15178.79,15197.41,10642,190,0
2023-10-13 04:00:00+00:00,15197.41,15210.41,15183.29,15185.29,16607,190,0
2023-10-13 08:00:00+00:00,15185.29,15205.51,15153.26,15160.39,27074,170,0
2023-10-13 12:00:00+00:00,15160.14,15198.01,15083.01,15193.76,38996,170,0
2023-10-13 16:00:00+00:00,15193.89,15231.64,14975.11,15029.86,61135,150,0
2023-10-13 20:00:00+00:00,15029.86,15033.86,14927.99,14972.91,46175,150,0
2023-10-16 00:00:00+00:00,14998.55,15059.93,14994.3,15042.05,13981,190,0
2023-10-16 04:00:00+00:00,15042.05,15060.3,15024.68,15037.8,17913,190,0
2023-10-16 08:00:00+00:00,15037.8,15057.9,14956.03,15003.9,32892,170,0
2023-10-16 12:00:00+00:00,15003.53,15052.53,14964.15,15044.15,32473,170,0
2023-10-16 16:00:00+00:00,15044.15,15198.13,15037.65,15154.88,56601,75,0
2023-10-16 20:00:00+00:00,15154.88,15209.13,15085.25,15177.18,42004,150,0
2023-10-17 00:00:00+00:00,15177.08,15181.08,15147.58,15159.83,9913,190,0
2023-10-17 04:00:00+00:00,15159.83,15163.33,15138.58,15140.71,15399,190,0
2023-10-17 08:00:00+00:00,15140.71,15176.68,15113.68,15123.56,26615,170,0
2023-10-17 12:00:00+00:00,15123.56,15155.68,15038.93,15041.68,34102,170,0
2023-10-17 16:00:00+00:00,15041.93,15184.41,14926.28,15149.28,61506,0,0
2023-10-17 20:00:00+00:00,15149.28,15159.91,15054.03,15117.71,46837,150,0
2023-10-18 00:00:00+00:00,15114.0,15114.5,15064.62,15068.62,9140,190,0
2023-10-18 04:00:00+00:00,15068.62,15106.37,15063.62,15089.12,17731,190,0
2023-10-18 08:00:00+00:00,15089.0,15101.25,15041.47,15082.35,30048,170,0
2023-10-18 12:00:00+00:00,15082.35,15091.97,15003.22,15006.47,33015,170,0
2023-10-18 16:00:00+00:00,15006.47,15101.45,14958.82,14966.45,63834,63,0
2023-10-18 20:00:00+00:00,14966.7,15050.7,14857.32,14939.12,53330,150,0
2023-10-19 00:00:00+00:00,14928.77,14934.27,14906.89,14927.89,12409,190,0
2023-10-19 04:00:00+00:00,14927.89,14937.77,14861.52,14892.39,18791,190,0
2023-10-19 08:00:00+00:00,14892.39,14914.37,14817.74,14870.12,33691,170,0
2023-10-19 12:00:00+00:00,14870.12,14970.24,14865.74,14963.74,34005,95,0
2023-10-19 16:00:00+00:00,14963.74,15018.59,14808.09,14935.84,70083,0,0
2023-10-19 20:00:00+00:00,14935.84,14998.09,14719.89,14730.39,56452,150,0
2023-10-20 00:00:00+00:00,14730.56,14737.68,14704.18,14730.93,12751,190,0
2023-10-20 04:00:00+00:00,14730.93,14739.06,14700.93,14732.68,18345,190,0
2023-10-20 08:00:00+00:00,14732.56,14770.28,14679.41,14749.91,31030,170,0
2023-10-20 12:00:00+00:00,14749.91,14753.28,14687.53,14709.78,34276,170,0
2023-10-20 16:00:00+00:00,14708.91,14768.63,14543.63,14656.13,65078,150,0
2023-10-20 20:00:00+00:00,14656.13,14686.26,14528.31,14532.06,49273,150,0
2023-10-23 00:00:00+00:00,14579.09,14603.34,14554.34,14595.97,10790,190,0
2023-10-23 04:00:00+00:00,14595.97,14605.97,14574.47,14589.84,12082,190,0
2023-10-23 08:00:00+00:00,14589.84,14598.32,14518.44,14522.69,27333,170,0
2023-10-23 12:00:00+00:00,14522.19,14522.32,14411.44,14496.82,37987,158,0
2023-10-23 16:00:00+00:00,14496.82,14741.29,14405.79,14741.29,63593,150,0
2023-10-23 20:00:00+00:00,14741.67,14743.42,14590.22,14639.34,47999,150,0
2023-10-24 00:00:00+00:00,14641.88,14656.26,14618.51,14631.88,10123,190,0
2023-10-24 04:00:00+00:00,14632.01,14662.76,14613.38,14662.13,22753,190,0
2023-10-24 08:00:00+00:00,14662.13,14715.48,14633.98,14670.11,29345,170,0
2023-10-24 12:00:00+00:00,14670.23,14711.23,14666.11,14695.48,29210,170,0
2023-10-24 16:00:00+00:00,14695.36,14769.96,14599.46,14616.21,64598,113,0
2023-10-24 20:00:00+00:00,14616.08,14841.26,14611.83,14722.88,52401,0,0
2023-10-25 00:00:00+00:00,14718.54,14749.54,14671.79,14695.41,13830,190,0
2023-10-25 04:00:00+00:00,14695.41,14710.66,14675.79,14683.54,14963,190,0
2023-10-25 08:00:00+00:00,14683.54,14687.41,14608.76,14653.64,28127,170,0
2023-10-25 12:00:00+00:00,14653.51,14685.26,14627.51,14643.01,27843,170,0
2023-10-25 16:00:00+00:00,14643.01,14653.51,14434.61,14448.11,65762,0,0
2023-10-25 20:00:00+00:00,14448.36,14455.86,14344.91,14362.41,55802,0,0
2023-10-26 00:00:00+00:00,14316.96,14327.71,14228.84,14235.21,18446,190,0
2023-10-26 04:00:00+00:00,14235.21,14246.84,14200.71,14213.96,20902,190,0
2023-10-26 08:00:00+00:00,14213.96,14239.94,14155.94,14229.81,33132,170,0
2023-10-26 12:00:00+00:00,14229.56,14311.56,14201.06,14302.56,36701,132,0
2023-10-26 16:00:00+00:00,14302.69,14357.16,14043.91,14049.66,71122,125,0
2023-10-26 20:00:00+00:00,14049.66,14230.41,14039.04,14108.71,56893,0,0
2023-10-27 00:00:00+00:00,14168.13,14218.25,14160.88,14181.38,13540,190,0
2023-10-27 04:00:00+00:00,14181.38,14223.38,14178.38,14220.25,17347,190,0
2023-10-27 08:00:00+00:00,14220.25,14242.35,14176.85,14239.85,28016,170,0
2023-10-27 12:00:00+00:00,14239.85,14243.85,14170.85,14214.6,32771,170,0
2023-10-27 16:00:00+00:00,14214.6,14307.45,14174.95,14204.58,65315,0,0
2023-10-27 20:00:00+00:00,14204.7,14212.7,14110.83,14171.0,50961,150,0
2023-10-30 00:00:00+00:00,14239.91,14252.03,14209.66,14245.78,11832,190,0
2023-10-30 04:00:00+00:00,14245.78,14257.78,14232.41,14240.78,12715,190,0
2023-10-30 08:00:00+00:00,14240.78,14290.88,14232.41,14266.88,17576,170,0
2023-10-30 12:00:00+00:00,14267.01,14298.13,14252.13,14267.01,21525,170,0
2023-10-30 16:00:00+00:00,14267.01,14382.61,14212.98,14236.48,60013,150,0
2023-10-30 20:00:00+00:00,14236.86,14378.48,14228.11,14318.78,42144,125,0
2023-10-31 00:00:00+00:00,14318.83,14325.46,14278.33,14291.83,8620,190,0
2023-10-31 04:00:00+00:00,14291.83,14296.83,14236.83,14248.21,21917,190,0
2023-10-31 08:00:00+00:00,14247.83,14326.68,14229.68,14324.93,22260,170,0
2023-10-31 12:00:00+00:00,14324.93,14363.18,14289.43,14322.18,28104,157,0
2023-10-31 16:00:00+00:00,14322.18,14349.78,14220.91,14345.03,64200,57,0
2023-10-31 20:00:00+00:00,14345.03,14412.28,14322.53,14360.71,44144,138,0
2023-11-01 00:00:00+00:00,14384.58,14384.95,14354.83,14364.2,7950,190,0
2023-11-01 04:00:00+00:00,14364.2,14387.83,14350.58,14383.95,13629,190,0
2023-11-01 08:00:00+00:00,14383.95,14403.68,14342.05,14350.43,17756,170,0
2023-11-01 12:00:00+00:00,14350.68,14424.55,14322.8,14410.05,24634,170,0
2023-11-01 16:00:00+00:00,14410.05,14560.65,14380.93,14498.15,58066,150,0
2023-11-01 20:00:00+00:00,14498.03,14673.03,14471.28,14672.45,51830,0,0
2023-11-02 00:00:00+00:00,14674.53,14721.15,14673.53,14711.65,9816,190,0
2023-11-02 04:00:00+00:00,14711.65,14730.53,14709.9,14718.15,12075,190,0
2023-11-02 08:00:00+00:00,14718.15,14759.0,14694.5,14751.75,16735,170,0
2023-11-02 12:00:00+00:00,14751.75,14865.75,14751.25,14859.38,25338,158,0
2023-11-02 16:00:00+00:00,14859.5,14885.1,14783.1,14866.23,57459,0,0
2023-11-02 20:00:00+00:00,14865.98,14927.65,14846.9,14883.65,39644,0,0
2023-11-03 00:00:00+00:00,14843.58,14877.33,14843.58,14867.7,7230,190,0
2023-11-03 04:00:00+00:00,14867.7,14881.95,14863.7,14872.45,9551,190,0
2023-11-03 08:00:00+00:00,14872.45,14883.2,14855.55,14859.93,13759,170,0
2023-11-03 12:00:00+00:00,14859.93,14980.8,14847.3,14961.55,23232,145,0
2023-11-03 16:00:00+00:00,14961.55,15109.53,14934.55,15102.65,58444,88,0
2023-11-03 20:00:00+00:00,15102.65,15144.28,15072.65,15100.7,37990,150,0
2023-11-06 00:00:00+00:00,15119.95,15124.95,15085.57,15100.95,11600,190,0
2023-11-06 04:00:00+00:00,15101.07,15112.45,15097.07,15103.07,9367,190,0
2023-11-06 08:00:00+00:00,15103.07,15140.17,15101.32,15134.92,15575,170,0
2023-11-06 12:00:00+00:00,15134.92,15147.92,15111.92,15127.67,16378,170,0
2023-11-06 16:00:00+00:00,15127.92,15179.9,15104.9,15128.4,50605,150,0
2023-11-06 20:00:00+00:00,15128.52,15158.82,15061.27,15145.32,38027,150,0
2023-11-07 00:00:00+00:00,15136.38,15148.01,15124.38,15140.38,8620,190,0
2023-11-07 04:00:00+00:00,15140.38,15142.76,15122.01,15132.88,9986,190,0
2023-11-07 08:00:00+00:00,15132.88,15152.36,15109.36,15118.48,15962,170,0
2023-11-07 12:00:00+00:00,15118.48,15178.23,15101.48,15177.73,19712,170,0
2023-11-07 16:00:00+00:00,15177.73,15327.83,15149.58,15297.46,54262,0,0
2023-11-07 20:00:00+00:00,15297.83,15337.46,15280.33,15301.01,35297,150,0
2023-11-08 00:00:00+00:00,15297.32,15303.82,15287.32,15293.44,9090,190,0
2023-11-08 04:00:00+00:00,15293.44,15302.69,15274.19,15276.44,11474,190,0
2023-11-08 08:00:00+00:00,15276.44,15296.04,15264.42,15287.04,16449,170,0
2023-11-08 12:00:00+00:00,15285.92,15316.29,15277.04,15301.79,16834,170,0
2023-11-08 16:00:00+00:00,15301.79,15345.14,15215.02,15256.89,55661,150,0
2023-11-08 20:00:00+00:00,15256.89,15322.27,15247.89,15287.07,35235,150,0
2023-11-09 00:00:00+00:00,15282.55,15304.92,15273.3,15296.92,8457,190,0
2023-11-09 04:00:00+00:00,15296.92,15309.17,15288.55,15296.67,8726,190,0
2023-11-09 08:00:00+00:00,15296.67,15325.65,15289.52,15301.52,16095,170,0
2023-11-09 12:00:00+00:00,15301.52,15332.02,15291.15,15331.27,17441,170,0
2023-11-09 16:00:00+00:00,15331.27,15380.87,15274.62,15343.5,56146,100,0
2023-11-09 20:00:00+00:00,15343.5,15346.12,15165.12,15183.17,47968,0,0
2023-11-10 00:00:00+00:00,15175.88,15177.25,15136.13,15169.88,11381,190,0
2023-11-10 04:00:00+00:00,15170.0,15181.5,15162.13,15174.75,9347,190,0
2023-11-10 08:00:00+00:00,15174.75,15200.6,15137.73,15168.6,18259,170,0
2023-11-10 12:00:00+00:00,15168.6,15249.1,15136.1,15246.98,22342,170,0
2023-11-10 16:00:00+00:00,15247.1,15466.33,15234.1,15450.95,56753,37,0
2023-11-10 20:00:00+00:00,15450.95,15540.88,15430.83,15510.5,39557,150,0
2023-11-13 00:00:00+00:00,15529.54,15536.04,15475.42,15477.67,10793,190,0
2023-11-13 04:00:00+00:00,15477.67,15480.67,15444.79,15454.29,9715,190,0
2023-11-13 08:00:00+00:00,15454.29,15491.14,15449.29,15486.14,16625,170,0
2023-11-13 12:00:00+00:00,15486.14,15509.14,15463.14,15471.39,17738,170,0
2023-11-13 16:00:00+00:00,15471.39,15524.62,15400.74,15492.74,52822,100,0
2023-11-13 20:00:00+00:00,15492.74,15523.62,15472.74,15491.92,34414,150,0
2023-11-14 00:00:00+00:00,15493.03,15505.41,15488.66,15502.28,7349,190,0
2023-11-14 04:00:00+00:00,15502.41,15514.03,15497.91,15505.28,7478,190,0
2023-11-14 08:00:00+00:00,15505.28,15544.01,15499.28,15529.88,13300,170,0
2023-11-14 12:00:00+00:00,15529.88,15776.01,15493.51,15756.76,21355,0,0
2023-11-14 16:00:00+00:00,15756.76,15838.86,15727.36,15812.86,56251,0,0
2023-11-14 20:00:00+00:00,15812.86,15855.36,15758.86,15829.78,36324,100,0
2023-11-15 00:00:00+00:00,15836.26,15847.89,15830.39,15846.51,9747,190,0
2023-11-15 04:00:00+00:00,15846.51,15872.76,15842.26,15861.89,10218,190,0
2023-11-15 08:00:00+00:00,15861.89,15898.86,15847.74,15867.61,17570,170,0
2023-11-15 12:00:00+00:00,15867.61,15982.24,15865.61,15900.11,22888,158,0
2023-11-15 16:00:00+00:00,15900.11,15912.09,15819.96,15825.96,60240,125,0
2023-11-15 20:00:00+00:00,15826.09,15863.71,15767.26,15780.51,40839,125,0
2023-11-16 00:00:00+00:00,15783.63,15816.5,15769.25,15769.75,10461,190,0
2023-11-16 04:00:00+00:00,15769.75,15800.5,15760.63,15796.5,12352,190,0
2023-11-16 08:00:00+00:00,15796.38,15809.1,15782.6,15789.48,18344,170,0
2023-11-16 12:00:00+00:00,15789.48,15818.98,15758.35,15817.85,21596,170,0
2023-11-16 16:00:00+00:00,15817.85,15841.58,15734.08,15819.45,58231,0,0
2023-11-16 20:00:00+00:00,15819.45,15842.7,15768.95,15834.88,38191,150,0
2023-11-17 00:00:00+00:00,15832.68,15835.93,15821.55,15831.05,9199,190,0
2023-11-17 04:00:00+00:00,15831.05,15840.8,15815.43,15824.55,10769,190,0
2023-11-17 08:00:00+00:00,15824.55,15857.4,15814.03,15835.65,15907,145,0
2023-11-17 12:00:00+00:00,15835.65,15858.28,15819.65,15828.53,20264,170,0
2023-11-17 16:00:00+00:00,15828.78,15836.13,15764.13,15831.5,56909,75,0
2023-11-17 20:00:00+00:00,15831.5,15878.63,15809.38,15812.8,36166,150,0
2023-11-20 00:00:00+00:00,15842.34,15849.59,15794.84,15806.09,12848,190,0
2023-11-20 04:00:00+00:00,15806.09,15810.84,15783.84,15784.84,11618,190,0
2023-11-20 08:00:00+00:00,15784.84,15875.07,15784.59,15874.44,17432,170,0
2023-11-20 12:00:00+00:00,15874.44,15877.69,15833.69,15859.07,17325,170,0
2023-11-20 16:00:00+00:00,15859.07,15977.92,15836.82,15957.79,53001,88,0
2023-11-20 20:00:00+00:00,15957.42,16062.67,15956.42,16035.47,34768,150,0
2023-11-21 00:00:00+00:00,16038.41,16061.66,16031.04,16053.91,9570,177,0
2023-11-21 04:00:00+00:00,16053.91,16070.54,16049.04,16051.91,10179,190,0
2023-11-21 08:00:00+00:00,16051.79,16053.54,16019.64,16023.01,14929,170,0
2023-11-21 12:00:00+00:00,16023.01,16042.14,15952.51,15955.89,18743,170,0
2023-11-21 16:00:00+00:00,15955.76,15968.74,15865.61,15935.36,52438,0,0
2023-11-21 20:00:00+00:00,15935.49,15965.04,15861.29,15917.29,39573,150,0
2023-11-22 00:00:00+00:00,15912.77,15923.02,15893.27,15918.39,8866,190,0
2023-11-22 04:00:00+00:00,15918.39,15934.14,15910.64,15911.77,8694,190,0
2023-11-22 08:00:00+00:00,15911.77,15938.99,15893.49,15935.24,15508,170,0
2023-11-22 12:00:00+00:00,15935.24,16020.24,15933.99,16015.74,22014,170,0
2023-11-22 16:00:00+00:00,16015.49,16122.97,15957.84,16022.84,56690,150,0
2023-11-22 20:00:00+00:00,16022.84,16054.97,15962.72,15995.52,35310,150,0
2023-11-23 00:00:00+00:00,15990.09,16013.84,15988.21,16013.21,6377,190,0
2023-11-23 04:00:00+00:00,16013.21,16017.84,15999.21,16017.21,6522,190,0
2023-11-23 08:00:00+00:00,16017.21,16039.06,16015.96,16034.81,13454,170,0
2023-11-23 12:00:00+00:00,16035.06,16039.56,16010.31,16020.56,9753,170,0
2023-11-23 16:00:00+00:00,16020.56,16027.66,16004.66,16015.66,12061,150,0
2023-11-23 20:00:00+00:00,16015.66,16015.66,16015.66,16015.66,1,150,0
2023-11-24 00:00:00+00:00,16025.28,16027.41,16014.03,16022.03,6851,190,0
2023-11-24 04:00:00+00:00,16022.03,16024.41,16012.66,16016.28,6086,190,0
2023-11-24 08:00:00+00:00,16016.28,16026.13,15982.13,16010.88,11707,170,0
2023-11-24 12:00:00+00:00,16011.13,16012.51,15980.51,16006.13,14673,170,0
2023-11-24 16:00:00+00:00,16006.13,16008.98,15937.86,15977.73,40915,125,0
2023-11-24 20:00:00+00:00,15978.48,15980.86,15965.86,15966.73,1017,150,0
2023-11-27 00:00:00+00:00,15962.19,15965.06,15929.69,15933.81,9469,190,0
2023-11-27 04:00:00+00:00,15933.81,15935.06,15902.31,15904.56,9207,190,0
2023-11-27 08:00:00+00:00,15904.56,15963.29,15904.44,15937.91,13670,170,0
2023-11-27 12:00:00+00:00,15938.04,15984.91,15937.16,15963.66,15299,170,0
2023-11-27 16:00:00+00:00,15963.66,16038.76,15933.89,16036.26,48274,125,0
2023-11-27 20:00:00+00:00,16036.26,16052.14,15962.14,15967.81,31212,150,0
2023-11-28 00:00:00+00:00,15973.43,15977.43,15952.3,15972.3,7904,190,0
2023-11-28 04:00:00+00:00,15972.3,15979.68,15957.05,15968.55,7354,190,0
2023-11-28 08:00:00+00:00,15968.68,15978.68,15915.65,15955.65,15470,170,0
2023-11-28 12:00:00+00:00,15955.65,15976.4,15911.28,15952.4,16850,170,0
2023-11-28 16:00:00+00:00,15952.53,16037.38,15925.0,15989.13,52475,150,0
2023-11-28 20:00:00+00:00,15989.13,16024.43,15934.75,16017.8,36904,25,0
2023-11-29 00:00:00+00:00,16014.33,16053.33,16007.58,16039.7,10410,190,0
2023-11-29 04:00:00+00:00,16039.7,16046.33,16026.08,16037.45,9456,190,0
2023-11-29 08:00:00+00:00,16037.45,16089.18,16023.55,16082.05,17571,145,0
2023-11-29 12:00:00+00:00,16082.05,16140.05,16079.55,16112.3,19581,170,0
2023-11-29 16:00:00+00:00,16112.3,16174.53,15999.78,16058.28,54198,113,0
2023-11-29 20:00:00+00:00,16058.28,16066.9,15980.9,16008.7,36705,150,0
2023-11-30 00:00:00+00:00,16007.27,16022.65,16001.02,16008.02,8700,190,0
2023-11-30 04:00:00+00:00,16008.02,16029.65,16005.02,16029.02,8799,190,0
2023-11-30 08:00:00+00:00,16029.02,16036.5,15997.0,16018.87,16242,170,0
2023-11-30 12:00:00+00:00,16018.87,16062.87,16012.87,16016.12,19183,170,0
2023-11-30 16:00:00+00:00,16016.12,16016.37,15827.35,15869.97,56652,0,0
2023-11-30 20:00:00+00:00,15869.97,15956.15,15822.22,15923.02,39133,100,0
2023-12-01 00:00:00+00:00,15919.29,15934.04,15917.79,15921.04,7475,190,0
2023-12-01 04:00:00+00:00,15921.17,15937.79,15913.92,15923.79,8626,190,0
2023-12-01 08:00:00+00:00,15923.67,15968.27,15913.77,15951.14,13910,170,0
2023-12-01 12:00:00+00:00,15951.14,15954.77,15886.89,15898.39,17432,170,0
2023-12-01 16:00:00+00:00,15898.02,16017.62,15832.37,16006.24,56708,100,0
2023-12-01 20:00:00+00:00,16006.24,16009.49,15953.74,15998.17,33854,150,0
2023-12-04 00:00:00+00:00,15996.32,16001.07,15948.69,15960.19,12712,190,0
2023-12-04 04:00:00+00:00,15960.19,15960.44,15938.82,15939.44,9319,190,0
2023-12-04 08:00:00+00:00,15939.44,15978.29,15919.04,15944.79,16534,170,0
2023-12-04 12:00:00+00:00,15944.79,15951.17,15878.79,15881.79,18672,170,0
2023-12-04 16:00:00+00:00,15881.42,15883.29,15696.77,15838.77,56933,0,0
2023-12-04 20:00:00+00:00,15838.77,15860.27,15771.52,15832.44,36375,100,0
2023-12-05 00:00:00+00:00,15836.21,15836.33,15809.58,15819.33,8086,190,0
2023-12-05 04:00:00+00:00,15819.46,15819.83,15799.08,15804.33,9391,190,0
2023-12-05 08:00:00+00:00,15804.33,15804.83,15738.93,15777.68,18060,170,0
2023-12-05 12:00:00+00:00,15777.68,15794.43,15739.43,15775.18,21220,170,0
2023-12-05 16:00:00+00:00,15775.18,15937.91,15746.68,15850.28,57806,0,0
2023-12-05 20:00:00+00:00,15850.16,15903.21,15832.91,15877.58,37395,150,0
2023-12-06 00:00:00+00:00,15876.03,15959.78,15871.28,15955.53,9485,190,0
2023-12-06 04:00:00+00:00,15955.53,15968.28,15946.53,15956.78,10111,190,0
2023-12-06 08:00:00+00:00,15956.78,15967.88,15923.13,15936.88,16755,170,0
2023-12-06 12:00:00+00:00,15936.26,15996.38,15902.13,15993.38,18617,170,0
2023-12-06 16:00:00+00:00,15993.51,16017.76,15844.48,15848.73,54893,113,0
2023-12-06 20:00:00+00:00,15848.73,15868.61,15782.48,15794.53,36993,150,0
2023-12-07 00:00:00+00:00,15788.75,15806.88,15782.0,15786.0,10966,190,0
2023-12-07 04:00:00+00:00,15786.0,15801.25,15775.13,15781.5,11436,190,0
2023-12-07 08:00:00+00:00,15781.5,15834.1,15773.25,15826.85,17970,170,0
2023-12-07 12:00:00+00:00,15826.85,15898.23,15816.98,15891.85,20369,170,0
2023-12-07 16:00:00+00:00,15891.6,16038.2,15870.95,16016.2,57243,0,0
2023-12-07 20:00:00+00:00,16015.83,16047.83,15988.0,15999.38,35132,150,0
2023-12-08 00:00:00+00:00,16004.31,16014.93,15991.56,15995.93,9454,190,0
2023-12-08 04:00:00+00:00,15995.93,16013.56,15994.68,16001.81,9222,190,0
2023-12-08 08:00:00+00:00,16001.93,16013.66,15973.41,16012.03,13155,170,0
2023-12-08 12:00:00+00:00,16012.03,16023.41,15876.28,15950.03,22976,0,0
2023-12-08 16:00:00+00:00,15950.03,16098.01,15923.53,16052.38,56494,0,0
2023-12-08 20:00:00+00:00,16052.38,16103.01,16044.76,16078.43,30348,150,0
2023-12-11 00:00:00+00:00,16082.57,16107.32,16055.82,16061.69,13525,190,0
2023-12-11 04:00:00+00:00,16061.69,16066.44,16042.69,16055.94,10579,190,0
2023-12-11 08:00:00+00:00,16056.19,16084.04,16045.67,16064.04,17323,170,0
2023-12-11 12:00:00+00:00,16064.17,16078.92,16038.79,16073.67,17017,170,0
2023-12-11 16:00:00+00:00,16073.67,16197.14,16062.92,16194.39,52230,125,0
2023-12-11 20:00:00+00:00,16194.39,16240.82,16181.27,16236.57,29993,150,0
2023-12-12 00:00:00+00:00,16231.09,16267.84,16224.46,16247.46,9415,190,0
2023-12-12 04:00:00+00:00,16247.46,16264.34,16245.46,16259.59,8630,190,0
2023-12-12 08:00:00+00:00,16259.59,16275.56,16246.06,16263.19,12511,170,0
2023-12-12 12:00:00+00:00,16263.31,16329.69,16226.31,16233.06,20440,0,0
2023-12-12 16:00:00+00:00,16233.31,16299.16,16179.66,16280.66,52758,0,0
2023-12-12 20:00:00+00:00,16280.66,16382.84,16274.29,16379.34,33665,138,0
2023-12-13 00:00:00+00:00,16377.79,16398.66,16375.91,16389.41,6842,190,0
2023-12-13 04:00:00+00:00,16389.41,16396.04,16384.41,16389.66,6789,190,0
2023-12-13 08:00:00+00:00,16389.79,16403.64,16378.54,16386.76,12042,170,0
2023-12-13 12:00:00+00:00,16386.76,16417.14,16380.14,16415.64,15714,158,0
2023-12-13 16:00:00+00:00,16415.64,16442.99,16374.49,16378.86,46463,150,0
2023-12-13 20:00:00+00:00,16378.86,16591.36,16361.99,16547.79,46235,0,0
2023-12-14 00:00:00+00:00,16566.72,16666.6,16564.6,16663.22,13467,190,0
2023-12-14 04:00:00+00:00,16663.22,16669.85,16635.47,16656.47,12336,190,0
2023-12-14 08:00:00+00:00,16656.47,16668.6,16605.32,16616.07,22641,170,0
2023-12-14 12:00:00+00:00,16616.07,16640.45,16592.32,16637.57,24382,170,0
2023-12-14 16:00:00+00:00,16638.07,16662.05,16519.3,16520.3,60853,138,0
2023-12-14 20:00:00+00:00,16519.92,16550.85,16413.3,16528.47,43384,137,0
2023-12-15 00:00:00+00:00,16526.42,16562.05,16520.17,16548.67,10518,190,0
2023-12-15 04:00:00+00:00,16548.67,16568.17,16547.17,16565.3,11559,190,0
2023-12-15 08:00:00+00:00,16564.42,16597.4,16555.67,16596.02,18472,170,0
2023-12-15 12:00:00+00:00,16596.02,16600.9,16544.9,16576.02,22935,170,0
2023-12-15 16:00:00+00:00,16576.02,16674.87,16545.4,16590.25,54785,150,0
2023-12-15 20:00:00+00:00,16590.5,16655.62,16551.75,16602.8,41966,0,0
2023-12-18 00:00:00+00:00,16623.44,16634.31,16598.56,16624.56,11395,190,0
2023-12-18 04:00:00+00:00,16624.56,16654.56,16622.81,16649.19,9574,190,0
2023-12-18 08:00:00+00:00,16649.19,16654.69,16604.66,16638.16,16077,170,0
2023-12-18 12:00:00+00:00,16638.16,16650.91,16613.16,16649.79,17779,170,0
2023-12-18 16:00:00+00:00,16649.79,16733.39,16628.91,16727.89,51144,88,0
2023-12-18 20:00:00+00:00,16728.14,16770.01,16709.06,16718.31,32516,125,0
2023-12-19 00:00:00+00:00,16712.98,16724.1,16707.1,16718.35,8066,190,0
2023-12-19 04:00:00+00:00,16718.35,16734.35,16716.48,16727.35,11472,190,0
2023-12-19 08:00:00+00:00,16727.35,16746.2,16714.1,16739.95,15525,170,0
2023-12-19 12:00:00+00:00,16739.95,16785.33,16734.7,16755.2,17585,170,0
2023-12-19 16:00:00+00:00,16755.2,16808.55,16740.95,16790.55,54140,150,0
2023-12-19 20:00:00+00:00,16790.43,16825.48,16762.18,16821.85,33837,150,0
2023-12-20 00:00:00+00:00,16821.9,16838.03,16819.53,16836.65,7223,190,0
2023-12-20 04:00:00+00:00,16836.65,16844.78,16829.28,16835.65,8485,190,0
2023-12-20 08:00:00+00:00,16835.65,16839.13,16761.13,16774.5,16864,170,0
2023-12-20 12:00:00+00:00,16774.5,16786.13,16762.38,16780.75,15038,170,0
2023-12-20 16:00:00+00:00,16780.88,16872.48,16770.25,16860.73,45671,150,0
2023-12-20 20:00:00+00:00,16860.85,16864.48,16557.78,16593.28,46425,0,0
2023-12-21 00:00:00+00:00,16595.84,16614.96,16595.71,16611.96,9125,190,0
2023-12-21 04:00:00+00:00,16611.96,16648.71,16611.34,16647.71,10123,190,0
2023-12-21 08:00:00+00:00,16647.71,16692.44,16639.46,16680.31,13904,170,0
2023-12-21 12:00:00+00:00,16680.31,16771.81,16661.31,16742.81,18584,0,0
2023-12-21 16:00:00+00:00,16742.81,16760.31,16627.66,16638.66,60289,0,0
2023-12-21 20:00:00+00:00,16638.66,16767.54,16617.16,16751.59,42930,150,0
2023-12-22 00:00:00+00:00,16753.14,16760.76,16712.26,16714.76,10442,190,0
2023-12-22 04:00:00+00:00,16714.76,16728.01,16701.26,16701.76,11705,190,0
2023-12-22 08:00:00+00:00,16701.76,16727.49,16696.51,16718.86,15022,170,0
2023-12-22 12:00:00+00:00,16718.86,16809.74,16715.74,16805.11,17633,170,0
2023-12-22 16:00:00+00:00,16805.11,16846.09,16773.09,16812.59,53526,125,0
2023-12-22 20:00:00+00:00,16812.59,16825.96,16700.96,16766.26,40696,150,0
2023-12-26 00:00:00+00:00,16804.0,16826.75,16799.63,16821.0,7915,190,0
2023-12-26 04:00:00+00:00,16821.0,16844.25,16815.0,16839.5,5402,190,0
2023-12-26 08:00:00+00:00,16839.5,16852.73,16819.1,16829.1,5335,170,0
2023-12-26 12:00:00+00:00,16829.1,16834.35,16800.85,16819.85,8169,170,0
2023-12-26 16:00:00+00:00,16819.85,16876.45,16819.6,16861.83,37397,112,0
2023-12-26 20:00:00+00:00,16861.95,16926.83,16860.08,16906.0,22096,150,0
2023-12-27 00:00:00+00:00,16897.28,16912.03,16883.66,16892.03,7645,190,0
2023-12-27 04:00:00+00:00,16892.28,16899.66,16883.53,16899.66,7686,190,0
2023-12-27 08:00:00+00:00,16899.66,16910.13,16882.26,16891.38,12299,170,0
2023-12-27 12:00:00+00:00,16891.38,16915.38,16883.13,16910.01,10975,170,0
2023-12-27 16:00:00+00:00,16910.13,16933.86,16865.61,16884.86,35717,150,0
2023-12-27 20:00:00+00:00,16884.86,16941.28,16872.23,16939.16,29618,100,0
2023-12-28 00:00:00+00:00,16936.79,16966.54,16929.54,16962.79,6819,190,0
2023-12-28 04:00:00+00:00,16962.79,16965.04,16950.54,16958.29,7882,190,0
2023-12-28 08:00:00+00:00,16958.29,16969.89,16955.92,16958.89,10569,170,0
2023-12-28 12:00:00+00:00,16958.89,16976.39,16953.77,16953.89,10960,158,0
2023-12-28 16:00:00+00:00,16954.14,16969.77,16914.37,16941.87,33831,150,0
2023-12-28 20:00:00+00:00,16942.62,16948.12,16889.74,16901.04,26784,125,0
2023-12-29 00:00:00+00:00,16902.66,16922.79,16899.91,16914.41,6997,190,0
2023-12-29 04:00:00+00:00,16914.41,16918.29,16901.66,16913.66,6605,190,0
2023-12-29 08:00:00+00:00,16914.04,16944.51,16913.41,16921.26,9937,170,0
2023-12-29 12:00:00+00:00,16921.26,16934.26,16881.01,16898.51,12011,170,0
2023-12-29 16:00:00+00:00,16898.51,16921.49,16752.61,16808.24,38788,150,0
2023-12-29 20:00:00+00:00,16808.36,16863.86,16802.11,16819.16,29441,150,0
2024-01-02 00:00:00+00:00,16844.83,16862.08,16834.71,16837.96,7039,190,0
2024-01-02 04:00:00+00:00,16837.96,16842.71,16824.58,16841.33,6732,190,0
2024-01-02 08:00:00+00:00,16841.33,16860.18,16811.56,16818.43,12799,108,0
2024-01-02 12:00:00+00:00,16818.43,16821.18,16640.93,16676.56,22653,170,0
2024-01-02 16:00:00+00:00,16676.43,16701.18,16509.03,16544.03,42229,150,0
2024-01-02 20:00:00+00:00,16543.91,16565.53,16446.78,16555.08,31874,0,0
2024-01-03 00:00:00+00:00,16560.53,16560.53,16531.78,16535.78,6882,153,0
2024-01-03 04:00:00+00:00,16535.78,16539.03,16513.28,16528.91,7666,165,0
2024-01-03 08:00:00+00:00,16528.91,16553.63,16465.88,16467.13,15461,170,0
2024-01-03 12:00:00+00:00,16466.76,16498.38,16422.38,16441.63,19259,170,0
2024-01-03 16:00:00+00:00,16441.51,16477.48,16368.61,16425.23,44212,150,0
2024-01-03 20:00:00+00:00,16424.48,16452.48,16347.23,16367.16,33550,0,0
2024-01-04 00:00:00+00:00,16379.98,16389.85,16360.35,16382.35,7775,190,0
2024-01-04 04:00:00+00:00,16382.35,16384.35,16369.48,16370.35,6390,190,0
2024-01-04 08:00:00+00:00,16369.85,16413.95,16366.85,16403.7,14160,170,0
2024-01-04 12:00:00+00:00,16403.7,16404.58,16278.7,16285.95,18678,157,0
2024-01-04 16:00:00+00:00,16285.95,16410.05,16270.2,16332.05,43020,150,0
2024-01-04 20:00:00+00:00,16332.3,16355.68,16262.93,16277.23,30403,150,0
2024-01-05 00:00:00+00:00,16285.79,16298.41,16280.66,16289.66,6793,140,0
2024-01-05 04:00:00+00:00,16289.66,16290.16,16255.41,16257.91,6870,153,0
2024-01-05 08:00:00+00:00,16257.91,16268.01,16220.76,16226.76,15731,78,0
2024-01-05 12:00:00+00:00,16226.39,16254.14,16164.26,16229.51,20686,0,0
2024-01-05 16:00:00+00:00,16229.51,16406.36,16229.14,16298.86,42073,87,0
2024-01-05 20:00:00+00:00,16298.74,16338.61,16234.11,16294.54,30630,113,0
2024-01-08 00:00:00+00:00,16298.73,16337.85,16298.73,16306.85,8876,190,0
2024-01-08 04:00:00+00:00,16306.98,16306.98,16274.6,16279.35,10107,190,0
2024-01-08 08:00:00+00:00,16279.35,16299.7,16216.33,16258.08,19329,170,0
2024-01-08 12:00:00+00:00,16258.33,16335.33,16248.83,16315.45,20661,170,0
2024-01-08 16:00:00+00:00,16315.45,16556.68,16310.2,16555.18,40854,100,0
2024-01-08 20:00:00+00:00,16555.05,16648.98,16544.18,16626.35,28235,150,0
2024-01-09 00:00:00+00:00,16627.45,16633.82,16620.82,16629.45,8110,190,0
2024-01-09 04:00:00+00:00,16629.45,16636.2,16613.45,16616.07,8751,165,0
2024-01-09 08:00:00+00:00,16616.07,16628.07,16560.42,16581.17,15102,170,0
2024-01-09 12:00:00+00:00,16581.17,16582.92,16499.17,16505.92,19203,157,0
2024-01-09 16:00:00+00:00,16506.17,16688.27,16501.4,16686.15,42454,150,0
2024-01-09 20:00:00+00:00,16686.27,16708.65,16620.15,16669.7,35438,138,0
2024-01-10 00:00:00+00:00,16668.01,16693.88,16660.13,16677.88,8814,190,0
2024-01-10 04:00:00+00:00,16677.88,16684.51,16663.38,16669.13,9354,190,0
2024-01-10 08:00:00+00:00,16669.13,16748.86,16650.13,16740.98,15391,107,0
2024-01-10 12:00:00+00:00,16740.98,16744.36,16658.36,16659.73,17618,170,0
2024-01-10 16:00:00+00:00,16659.73,16757.46,16645.21,16754.21,41429,150,0
2024-01-10 20:00:00+00:00,16754.71,16826.08,16730.33,16799.38,32203,150,0
2024-01-11 00:00:00+00:00,16798.93,16836.43,16791.43,16830.68,9608,190,0
2024-01-11 04:00:00+00:00,16830.68,16855.18,16829.31,16843.93,9302,140,0
2024-01-11 08:00:00+00:00,16843.93,16893.91,16838.56,16850.28,15539,170,0
2024-01-11 12:00:00+00:00,16850.28,16896.28,16738.41,16752.41,18432,45,0
2024-01-11 16:00:00+00:00,16753.03,16888.88,16599.63,16684.01,49802,12,0
2024-01-11 20:00:00+00:00,16683.88,16829.63,16681.13,16804.43,33851,150,0
2024-01-12 00:00:00+00:00,16800.1,16813.47,16770.47,16791.47,12123,190,0
2024-01-12 04:00:00+00:00,16791.47,16811.97,16785.97,16792.47,11400,190,0
2024-01-12 08:00:00+00:00,16792.22,16826.2,16764.45,16776.2,19579,170,0
2024-01-12 12:00:00+00:00,16776.2,16827.7,16715.57,16812.7,25641,170,0
2024-01-12 16:00:00+00:00,16812.7,16891.05,16762.42,16802.17,47305,150,0
2024-01-12 20:00:00+00:00,16802.17,16842.67,16781.17,16803.85,30788,150,0
2024-01-15 00:00:00+00:00,16812.66,16820.91,16796.16,16815.29,9354,190,0
2024-01-15 04:00:00+00:00,16815.29,16848.91,16813.41,16840.16,8270,178,0
2024-01-15 08:00:00+00:00,16840.16,16879.26,16811.64,16818.64,15541,170,0
2024-01-15 12:00:00+00:00,16818.89,16837.89,16804.39,16817.51,15271,170,0
2024-01-15 16:00:00+00:00,16817.51,16836.24,16793.86,16826.99,15885,150,0
2024-01-16 00:00:00+00:00,16821.6,16824.47,16741.97,16770.97,13648,90,0
2024-01-16 04:00:00+00:00,16770.97,16777.22,16734.85,16737.6,13638,190,0
2024-01-16 08:00:00+00:00,16737.72,16753.82,16672.32,16715.2,22006,170,0
2024-01-16 12:00:00+00:00,16715.2,16789.95,16686.07,16753.7,22945,170,0
2024-01-16 16:00:00+00:00,16753.07,16893.8,16715.3,16757.67,48430,50,0
2024-01-16 20:00:00+00:00,16758.42,16841.22,16722.55,16837.97,32659,0,0
2024-01-17 00:00:00+00:00,16839.77,16843.52,16808.52,16813.52,10039,153,0
2024-01-17 04:00:00+00:00,16813.52,16817.02,16755.15,16755.77,12843,165,0
2024-01-17 08:00:00+00:00,16755.52,16756.02,16679.25,16734.75,25831,170,0
2024-01-17 12:00:00+00:00,16734.62,16770.5,16669.37,16683.62,23395,157,0
2024-01-17 16:00:00+00:00,16683.5,16706.12,16552.1,16671.47,44338,0,0
2024-01-17 20:00:00+00:00,16671.22,16748.1,16596.22,16722.77,30772,137,0
2024-01-18 00:00:00+00:00,16720.33,16738.21,16699.96,16724.58,11895,190,0
2024-01-18 04:00:00+00:00,16724.46,16733.33,16705.33,16730.08,12999,190,0
2024-01-18 08:00:00+00:00,16729.46,16801.18,16729.08,16783.18,19556,170,0
2024-01-18 12:00:00+00:00,16783.18,16909.18,16774.31,16847.18,22775,20,0
2024-01-18 16:00:00+00:00,16847.68,16967.91,16847.68,16867.28,46686,112,0
2024-01-18 20:00:00+00:00,16867.41,16991.28,16809.28,16982.58,36374,137,0
2024-01-19 00:00:00+00:00,16982.01,17028.01,16976.26,17025.51,12041,190,0
2024-01-19 04:00:00+00:00,17025.01,17046.88,17016.38,17018.13,11382,190,0
2024-01-19 08:00:00+00:00,17017.76,17104.86,17017.63,17094.48,20061,128,0
2024-01-19 12:00:00+00:00,17094.48,17123.48,17078.98,17088.73,20187,170,0
2024-01-19 16:00:00+00:00,17088.73,17194.21,17034.98,17193.58,45786,100,0
2024-01-19 20:00:00+00:00,17193.33,17339.38,17175.21,17331.01,35432,125,0
2024-01-22 00:00:00+00:00,17352.72,17445.59,17350.59,17425.34,15506,190,0
2024-01-22 04:00:00+00:00,17425.34,17438.72,17407.09,17412.34,12172,190,0
2024-01-22 08:00:00+00:00,17412.59,17436.94,17395.44,17414.69,20899,170,0
2024-01-22 12:00:00+00:00,17414.69,17459.44,17394.44,17403.69,18803,170,0
2024-01-22 16:00:00+00:00,17402.94,17461.29,17316.04,17360.04,44493,63,0
2024-01-22 20:00:00+00:00,17360.29,17366.54,17311.79,17332.22,33219,150,0
2024-01-23 00:00:00+00:00,17333.65,17364.15,17330.03,17357.4,9292,190,0
2024-01-23 04:00:00+00:00,17357.4,17367.15,17345.03,17350.28,13902,190,0
2024-01-23 08:00:00+00:00,17350.53,17366.75,17301.63,17343.13,18426,170,0
2024-01-23 12:00:00+00:00,17342.63,17405.13,17316.0,17379.5,19555,170,0
2024-01-23 16:00:00+00:00,17379.5,17380.38,17290.23,17369.48,40938,150,0
2024-01-23 20:00:00+00:00,17369.85,17437.78,17340.1,17432.65,31240,150,0
2024-01-24 00:00:00+00:00,17439.7,17470.7,17439.45,17464.95,8956,140,0
2024-01-24 04:00:00+00:00,17464.95,17491.58,17457.95,17485.7,9732,190,0
2024-01-24 08:00:00+00:00,17485.7,17548.55,17483.45,17543.8,18595,145,0
2024-01-24 12:00:00+00:00,17543.8,17574.68,17524.05,17546.8,16312,0,0
2024-01-24 16:00:00+00:00,17546.8,17675.28,17520.4,17667.4,43041,112,0
2024-01-24 20:00:00+00:00,17667.78,17667.78,17452.95,17512.95,37259,150,0
2024-01-25 00:00:00+00:00,17500.01,17520.76,17476.01,17493.26,11470,190,0
2024-01-25 04:00:00+00:00,17492.76,17512.51,17474.51,17511.26,11679,190,0
2024-01-25 08:00:00+00:00,17511.26,17540.61,17488.61,17513.36,18568,170,0
2024-01-25 12:00:00+00:00,17512.74,17600.49,17495.74,17591.74,22029,170,0
2024-01-25 16:00:00+00:00,17591.99,17637.34,17518.71,17536.46,47479,150,0
2024-01-25 20:00:00+00:00,17536.96,17566.71,17427.46,17464.64,38178,150,0
2024-01-26 00:00:00+00:00,17448.56,17454.44,17396.94,17407.56,11852,190,0
2024-01-26 04:00:00+00:00,17407.56,17428.06,17371.81,17393.81,11425,190,0
2024-01-26 08:00:00+00:00,17394.56,17420.91,17354.41,17420.16,19613,170,0
2024-01-26 12:00:00+00:00,17420.16,17499.41,17407.04,17485.79,21406,120,0
2024-01-26 16:00:00+00:00,17485.79,17518.76,17392.76,17416.26,45808,0,0
2024-01-26 20:00:00+00:00,17416.39,17461.89,17384.81,17392.69,30851,150,0
2024-01-29 00:00:00+00:00,17401.4,17443.05,17361.4,17442.05,14949,70,0
2024-01-29 04:00:00+00:00,17442.05,17452.3,17429.05,17437.8,9665,70,0
2024-01-29 08:00:00+00:00,17437.8,17497.8,17435.05,17451.55,18065,70,0
2024-01-29 12:00:00+00:00,17451.3,17482.05,17442.55,17450.35,18531,70,0
2024-01-29 16:00:00+00:00,17450.35,17513.3,17424.67,17501.55,210611,70,0
2024-01-29 20:00:00+00:00,17501.67,17620.55,17482.67,17605.3,123738,70,0
2024-01-30 00:00:00+00:00,17612.5,17641.15,17604.75,17617.65,12803,70,0
2024-01-30 04:00:00+00:00,17617.65,17634.15,17611.15,17628.65,10903,70,0
2024-01-30 08:00:00+00:00,17628.65,17632.65,17571.15,17597.15,24771,70,0
2024-01-30 12:00:00+00:00,17597.4,17617.65,17558.65,17566.4,21176,70,0
2024-01-30 16:00:00+00:00,17566.4,17590.15,17466.65,17478.4,230331,70,0
2024-01-30 20:00:00+00:00,17478.4,17513.52,17374.25,17377.05,139147,70,0
2024-01-31 00:00:00+00:00,17319.9,17372.6,17315.1,17341.95,14916,70,0
2024-01-31 04:00:00+00:00,17341.95,17363.95,17333.7,17352.2,9418,70,0
2024-01-31 08:00:00+00:00,17352.2,17377.7,17252.05,17288.95,23590,70,0
2024-01-31 12:00:00+00:00,17288.7,17361.55,17242.95,17314.95,36603,70,0
2024-01-31 16:00:00+00:00,17314.95,17337.07,17193.37,17279.95,252392,70,0
2024-01-31 20:00:00+00:00,17280.07,17392.95,17129.6,17174.45,223717,70,0
2024-02-01 00:00:00+00:00,17183.6,17227.7,17178.2,17216.95,13959,70,0
2024-02-01 04:00:00+00:00,17216.7,17236.95,17199.2,17208.45,13040,70,0
2024-02-01 08:00:00+00:00,17208.7,17266.95,17174.2,17242.7,29852,70,0
2024-02-01 12:00:00+00:00,17242.45,17275.7,17214.45,17247.15,28427,70,0
2024-02-01 16:00:00+00:00,17247.15,17325.07,17173.12,17294.57,273216,70,0
2024-02-01 20:00:00+00:00,17294.45,17555.45,17240.57,17539.55,175788,70,0
2024-02-02 00:00:00+00:00,17489.9,17543.45,17489.2,17534.2,16797,70,0
2024-02-02 04:00:00+00:00,17534.2,17537.2,17512.45,17524.7,13711,70,0
2024-02-02 08:00:00+00:00,17524.7,17548.2,17491.95,17524.7,27459,70,0
2024-02-02 12:00:00+00:00,17524.7,17556.35,17397.19,17409.94,46570,70,0
2024-02-02 16:00:00+00:00,17409.94,17668.81,17379.44,17622.06,300521,72,0
2024-02-02 20:00:00+00:00,17621.94,17687.44,17593.19,17599.19,177359,72,0
2024-02-05 00:00:00+00:00,17614.7,17649.1,17585.6,17605.85,26655,70,0
2024-02-05 04:00:00+00:00,17605.6,17618.35,17590.35,17612.1,15964,70,0
2024-02-05 08:00:00+00:00,17612.1,17647.35,17596.35,17603.6,24719,70,0
2024-02-05 12:00:00+00:00,17603.35,17660.6,17603.35,17622.1,26993,70,0
2024-02-05 16:00:00+00:00,17621.85,17659.62,17475.6,17616.72,252566,70,0
2024-02-05 20:00:00+00:00,17616.85,17666.85,17595.1,17624.85,144354,70,0
2024-02-06 00:00:00+00:00,17621.2,17644.35,17616.85,17642.85,10782,70,0
2024-02-06 04:00:00+00:00,17642.85,17676.25,17639.85,17661.6,14694,70,0
2024-02-06 08:00:00+00:00,17661.6,17691.85,17648.6,17654.35,26397,70,0
2024-02-06 12:00:00+00:00,17654.35,17668.85,17595.1,17660.85,30730,70,0
2024-02-06 16:00:00+00:00,17660.6,17692.42,17483.72,17515.1,280473,70,0
2024-02-06 20:00:00+00:00,17515.1,17591.35,17486.35,17573.6,146545,70,0
2024-02-07 00:00:00+00:00,17573.15,17639.95,17571.8,17612.8,12636,70,0
2024-02-07 04:00:00+00:00,17612.55,17616.05,17579.3,17590.3,13600,70,0
2024-02-07 08:00:00+00:00,17590.05,17602.8,17556.05,17600.55,18320,70,0
2024-02-07 12:00:00+00:00,17600.3,17672.8,17579.05,17662.3,24216,70,0
2024-02-07 16:00:00+00:00,17662.3,17801.3,17644.42,17744.92,245272,70,0
2024-02-07 20:00:00+00:00,17744.92,17793.17,17714.8,17783.3,122351,70,0
2024-02-08 00:00:00+00:00,17779.4,17780.5,17763.15,17778.9,9018,70,0
2024-02-08 04:00:00+00:00,17778.9,17785.4,17770.4,17774.4,8612,70,0
2024-02-08 08:00:00+00:00,17774.4,17789.9,17750.9,17774.9,15477,70,0
2024-02-08 12:00:00+00:00,17775.4,17778.9,17720.75,17753.15,24180,70,0
2024-02-08 16:00:00+00:00,17752.9,17822.4,17734.97,17783.4,205706,70,0
2024-02-08 20:00:00+00:00,17783.4,17819.15,17754.4,17787.4,106158,70,0
2024-02-09 00:00:00+00:00,17782.5,17805.2,17780.2,17781.95,10223,70,0
2024-02-09 04:00:00+00:00,17781.95,17798.95,17781.2,17791.2,6934,70,0
2024-02-09 08:00:00+00:00,17791.2,17854.2,17787.7,17832.45,17617,70,0
2024-02-09 12:00:00+00:00,17832.2,17899.2,17827.7,17858.2,31134,70,0
2024-02-09 16:00:00+00:00,17858.45,17954.57,17803.2,17951.57,198065,70,0
2024-02-09 20:00:00+00:00,17951.7,17998.07,17948.2,17964.8,89624,70,0
2024-02-12 00:00:00+00:00,17974.45,17975.35,17937.85,17970.6,6588,70,0
2024-02-12 04:00:00+00:00,17970.6,17971.1,17949.85,17953.35,3634,70,0
2024-02-12 08:00:00+00:00,17953.35,17993.85,17952.85,17985.85,13241,70,0
2024-02-12 12:00:00+00:00,17985.85,17993.35,17961.1,17963.85,12453,70,0
2024-02-12 16:00:00+00:00,17964.1,18056.92,17940.77,18038.1,176022,70,0
2024-02-12 20:00:00+00:00,18038.22,18043.72,17846.1,17864.35,156224,70,0
2024-02-13 00:00:00+00:00,17862.0,17877.9,17854.65,17863.65,8928,70,0
2024-02-13 04:00:00+00:00,17863.65,17880.65,17859.4,17876.9,7409,70,0
2024-02-13 08:00:00+00:00,17877.15,17900.65,17799.15,17806.65,25573,70,0
2024-02-13 12:00:00+00:00,17806.65,17810.65,17575.6,17598.6,52296,70,0
2024-02-13 16:00:00+00:00,17598.85,17728.1,17522.5,17610.85,280723,70,0
2024-02-13 20:00:00+00:00,17610.72,17640.35,17485.17,17636.85,176054,70,0
2024-02-14 00:00:00+00:00,17637.7,17640.5,17607.15,17619.3,14272,70,0
2024-02-14 04:00:00+00:00,17619.3,17627.65,17607.3,17622.15,10435,70,0
2024-02-14 08:00:00+00:00,17622.15,17733.25,17621.15,17731.75,25269,70,0
2024-02-14 12:00:00+00:00,17731.75,17749.25,17694.9,17715.4,29240,70,0
2024-02-14 16:00:00+00:00,17715.65,17782.65,17626.77,17713.9,263837,70,0
2024-02-14 20:00:00+00:00,17713.9,17823.97,17667.15,17809.65,151993,70,0
2024-02-15 00:00:00+00:00,17807.0,17817.95,17780.7,17788.7,8764,70,0
2024-02-15 04:00:00+00:00,17788.7,17820.2,17783.2,17811.95,8788,70,0
2024-02-15 08:00:00+00:00,17811.95,17863.2,17803.95,17827.45,19898,70,0
2024-02-15 12:00:00+00:00,17827.45,17868.6,17819.2,17836.2,26939,70,0
2024-02-15 16:00:00+00:00,17836.45,17840.7,17717.45,17790.2,253264,70,0
2024-02-15 20:00:00+00:00,17790.2,17905.6,17787.45,17891.7,143230,70,0
2024-02-16 00:00:00+00:00,17892.9,17897.9,17850.15,17865.75,11184,70,0
2024-02-16 04:00:00+00:00,17865.75,17887.65,17859.0,17870.9,10301,70,0
2024-02-16 08:00:00+00:00,17870.9,17957.4,17870.65,17945.9,20085,70,0
2024-02-16 12:00:00+00:00,17945.9,17964.9,17839.8,17877.8,33233,70,0
2024-02-16 16:00:00+00:00,17878.05,17889.4,17655.15,17797.02,270254,70,0
2024-02-16 20:00:00+00:00,17797.27,17842.97,17655.0,17660.15,162898,70,0
2024-02-19 00:00:00+00:00,17676.25,17750.15,17676.25,17714.4,17116,70,0
2024-02-19 04:00:00+00:00,17714.65,17734.9,17706.9,17728.9,11467,70,0
2024-02-19 08:00:00+00:00,17728.9,17734.35,17683.85,17728.45,20631,70,0
2024-02-19 12:00:00+00:00,17728.45,17733.05,17702.15,17725.15,15776,70,0
2024-02-19 16:00:00+00:00,17725.15,17754.15,17717.9,17735.9,31567,70,0
2024-02-20 00:00:00+00:00,17737.4,17737.4,17628.1,17631.85,17706,70,0
2024-02-20 04:00:00+00:00,17631.85,17644.6,17615.95,17634.85,15291,70,0
2024-02-20 08:00:00+00:00,17634.85,17675.0,17586.1,17614.35,31984,70,0
2024-02-20 12:00:00+00:00,17614.35,17650.6,17563.85,17623.1,37125,70,0
2024-02-20 16:00:00+00:00,17623.35,17675.17,17401.35,17453.1,271331,70,0
2024-02-20 20:00:00+00:00,17453.1,17565.25,17425.97,17531.35,163468,70,0
2024-02-21 00:00:00+00:00,17523.9,17539.8,17488.55,17512.8,12788,75,0
2024-02-21 04:00:00+00:00,17512.8,17516.55,17495.8,17511.55,11022,170,0
2024-02-21 08:00:00+00:00,17511.55,17537.3,17464.55,17481.8,24992,170,0
2024-02-21 12:00:00+00:00,17482.05,17504.95,17431.8,17454.8,29636,170,0
2024-02-21 16:00:00+00:00,17454.8,17475.67,17385.3,17427.8,232054,170,0
2024-02-21 20:00:00+00:00,17428.17,17667.65,17323.17,17658.4,195918,170,0
2024-02-22 00:00:00+00:00,17651.2,17747.45,17627.45,17721.2,22784,170,0
2024-02-22 04:00:00+00:00,17721.2,17767.7,17710.95,17743.7,13642,170,0
2024-02-22 08:00:00+00:00,17743.7,17848.7,17737.95,17835.7,38265,170,0
2024-02-22 12:00:00+00:00,17835.7,17877.45,17820.7,17848.95,33554,170,0
2024-02-22 16:00:00+00:00,17848.95,17970.4,17815.87,17969.77,238377,170,0
2024-02-22 20:00:00+00:00,17969.9,18038.77,17954.15,17975.35,140062,170,0
2024-02-23 00:00:00+00:00,17974.6,18003.7,17969.7,17994.2,13639,170,0
2024-02-23 04:00:00+00:00,17994.7,18008.45,17990.2,18004.2,9057,170,0
2024-02-23 08:00:00+00:00,18004.2,18008.95,17953.7,17970.95,22459,170,0
2024-02-23 12:00:00+00:00,17970.7,18036.95,17956.95,18027.95,24536,170,0
2024-02-23 16:00:00+00:00,18027.95,18097.7,17900.32,17997.2,265142,170,0
2024-02-23 20:00:00+00:00,17996.95,18015.45,17910.05,17914.7,140212,170,0
2024-02-26 00:00:00+00:00,17929.05,17950.95,17884.7,17902.7,17435,170,0
2024-02-26 04:00:00+00:00,17902.7,17927.2,17898.45,17915.45,10814,170,0
2024-02-26 08:00:00+00:00,17915.45,17955.7,17892.2,17954.2,19241,170,0
2024-02-26 12:00:00+00:00,17954.2,17990.95,17934.95,17978.45,20057,170,0
2024-02-26 16:00:00+00:00,17978.45,18021.7,17929.32,17989.7,210912,170,0
2024-02-26 20:00:00+00:00,17989.7,18007.2,17908.2,17911.95,117379,170,0
2024-02-27 00:00:00+00:00,17915.3,17935.15,17903.9,17927.4,10850,170,0
2024-02-27 04:00:00+00:00,17927.4,17932.15,17893.15,17900.75,9988,170,0
2024-02-27 08:00:00+00:00,17900.75,17981.15,17896.5,17979.4,20115,170,0
2024-02-27 12:00:00+00:00,17979.4,18006.8,17952.4,17992.15,22999,170,0
2024-02-27 16:00:00+00:00,17992.15,17997.15,17886.6,17893.9,223762,170,0
2024-02-27 20:00:00+00:00,17893.9,17997.22,17873.77,17977.65,124785,170,0
2024-02-28 00:00:00+00:00,17980.8,17985.95,17959.3,17976.45,8235,170,0
2024-02-28 04:00:00+00:00,17976.45,17983.45,17960.95,17964.2,7622,170,0
2024-02-28 08:00:00+00:00,17964.45,17970.95,17858.3,17864.45,23919,170,0
2024-02-28 12:00:00+00:00,17864.45,17927.2,17862.2,17911.45,31790,170,0
2024-02-28 16:00:00+00:00,17911.45,17940.97,17841.65,17883.35,192371,170,0
2024-02-28 20:00:00+00:00,17883.47,17922.1,17813.6,17827.6,117960,170,0
2024-02-29 00:00:00+00:00,17832.0,17870.85,17831.35,17862.35,9559,170,0
2024-02-29 04:00:00+00:00,17862.35,17895.85,17862.2,17884.85,11078,170,0
2024-02-29 08:00:00+00:00,17884.85,17885.1,17792.35,17836.35,26976,170,0
2024-02-29 12:00:00+00:00,17836.35,17993.1,17823.6,17973.1,37945,170,0
2024-02-29 16:00:00+00:00,17973.35,18040.6,17863.47,17986.47,232870,170,0
2024-02-29 20:00:00+00:00,17986.47,18074.47,17972.8,18036.1,123800,170,0
2024-03-01 00:00:00+00:00,18039.9,18088.95,18012.05,18085.8,13084,170,0
2024-03-01 04:00:00+00:00,18085.55,18098.65,18079.05,18094.8,10494,170,0
2024-03-01 08:00:00+00:00,18094.8,18130.05,18083.8,18094.9,22576,170,0
2024-03-01 12:00:00+00:00,18094.9,18094.9,17995.4,18056.8,36625,170,0
2024-03-01 16:00:00+00:00,18056.8,18258.0,18048.8,18252.25,204282,110,0
2024-03-01 20:00:00+00:00,18252.25,18339.75,18247.0,18289.3,118014,170,0
2024-03-04 00:00:00+00:00,18316.9,18341.05,18302.05,18322.05,14529,170,0
2024-03-04 04:00:00+00:00,18322.05,18336.8,18318.05,18322.8,8625,170,0
2024-03-04 08:00:00+00:00,18322.8,18353.3,18305.8,18307.05,17388,170,0
2024-03-04 12:00:00+00:00,18307.05,18327.8,18285.65,18310.3,21120,170,0
2024-03-04 16:00:00+00:00,18310.3,18311.8,18255.67,18278.3,199037,170,0
2024-03-04 20:00:00+00:00,18278.3,18321.42,18209.8,18219.8,116925,170,0
2024-03-05 00:00:00+00:00,18215.2,18229.9,18170.15,18182.4,12565,170,0
2024-03-05 04:00:00+00:00,18182.4,18195.4,18161.15,18168.9,11183,170,0
2024-03-05 08:00:00+00:00,18168.9,18174.15,18102.4,18106.4,25343,140,0
2024-03-05 12:00:00+00:00,18106.4,18160.4,18085.15,18110.65,27596,170,0
2024-03-05 16:00:00+00:00,18110.65,18122.65,17887.9,17932.4,247093,170,0
2024-03-05 20:00:00+00:00,17932.4,17968.2,17813.45,17963.2,158368,170,0
2024-03-06 00:00:00+00:00,17961.2,17967.7,17926.85,17943.85,11990,170,0
2024-03-06 04:00:00+00:00,17944.1,17971.6,17942.1,17966.1,11238,170,0
2024-03-06 08:00:00+00:00,17966.1,18049.6,17952.1,18041.85,21691,170,0
2024-03-06 12:00:00+00:00,18042.1,18083.6,18019.6,18083.35,32008,170,0
2024-03-06 16:00:00+00:00,18083.35,18157.4,17946.47,18114.85,245887,170,0
2024-03-06 20:00:00+00:00,18114.85,18143.1,17967.22,18023.85,212016,170,0
2024-03-07 00:00:00+00:00,18028.6,18032.0,17936.1,17944.25,19148,170,0
2024-03-07 04:00:00+00:00,17944.25,17976.25,17917.5,17963.75,20226,170,0
2024-03-07 08:00:00+00:00,17963.75,18060.75,17901.0,18054.0,34517,170,0
2024-03-07 12:00:00+00:00,18054.0,18146.75,18053.75,18137.25,32899,170,0
2024-03-07 16:00:00+00:00,18137.25,18314.12,18104.12,18294.25,235271,170,0
2024-03-07 20:00:00+00:00,18294.37,18344.87,18144.0,18238.85,143505,170,0
2024-03-08 00:00:00+00:00,18268.2,18276.15,18235.3,18260.05,15025,170,0
2024-03-08 04:00:00+00:00,18260.05,18296.3,18247.55,18278.55,12978,170,0
2024-03-08 08:00:00+00:00,18278.55,18341.05,18258.55,18322.3,26682,170,0
2024-03-08 12:00:00+00:00,18322.3,18360.35,18200.95,18342.6,48004,100,0
2024-03-08 16:00:00+00:00,18342.6,18428.22,18048.4,18060.4,307636,125,0
2024-03-08 20:00:00+00:00,18060.4,18171.15,18006.4,18049.25,134025,170,0
2024-03-11 00:00:00+00:00,17981.15,18048.15,17975.65,18016.65,12430,0,0
2024-03-11 04:00:00+00:00,18016.65,18055.4,17976.9,17988.4,16466,170,0
2024-03-11 08:00:00+00:00,17988.4,18050.4,17943.65,18016.9,35788,170,0
2024-03-11 12:00:00+00:00,18016.15,18058.15,17925.15,17954.15,48404,170,0
2024-03-11 16:00:00+00:00,17953.9,18022.77,17892.27,17990.15,247190,170,0
2024-03-11 20:00:00+00:00,17990.4,18025.4,17941.4,17998.9,115585,170,0
2024-03-12 00:00:00+00:00,18005.75,18067.25,18005.75,18041.5,10728,170,0
2024-03-12 04:00:00+00:00,18041.25,18075.15,18038.65,18073.15,11022,170,0
2024-03-12 08:00:00+00:00,18073.15,18099.4,18032.15,18042.15,22145,170,0
2024-03-12 12:00:00+00:00,18041.9,18137.9,17956.2,18072.4,51613,170,0
2024-03-12 16:00:00+00:00,18072.4,18213.4,17930.02,18111.4,239389,170,0
2024-03-12 20:00:00+00:00,18111.4,18247.52,18080.15,18227.9,120111,170,0
2024-03-13 00:00:00+00:00,18225.0,18247.65,18217.65,18221.4,7292,170,0
2024-03-13 04:00:00+00:00,18221.4,18232.0,18204.15,18227.4,12926,170,0
2024-03-13 08:00:00+00:00,18227.4,18265.9,18196.4,18220.65,20901,170,0
2024-03-13 12:00:00+00:00,18220.65,18245.65,18173.4,18186.25,29280,170,0
2024-03-13 16:00:00+00:00,18186.25,18202.25,18043.5,18113.0,227655,130,0
2024-03-13 20:00:00+00:00,18113.0,18165.62,18050.37,18118.0,128726,170,0
2024-03-14 00:00:00+00:00,18103.8,18140.2,18102.05,18130.45,7087,170,0
2024-03-14 04:00:00+00:00,18130.7,18143.45,18123.95,18142.95,9166,170,0
2024-03-14 08:00:00+00:00,18142.7,18190.7,18137.7,18179.2,17211,170,0
2024-03-14 12:00:00+00:00,18179.45,18186.45,18112.7,18132.45,33250,170,0
2024-03-14 16:00:00+00:00,18132.7,18159.57,17967.45,18014.7,277646,170,0
2024-03-14 20:00:00+00:00,18014.7,18094.45,17924.97,18029.25,178782,170,0
2024-03-15 00:00:00+00:00,18015.9,18030.25,17990.0,18027.0,8683,170,0
2024-03-15 04:00:00+00:00,18027.0,18035.0,17986.25,17991.0,12409,170,0
2024-03-15 08:00:00+00:00,17991.0,18030.9,17971.75,18025.4,18614,170,0
2024-03-15 12:00:00+00:00,18025.15,18088.55,18000.05,18020.05,31171,170,0
2024-03-15 16:00:00+00:00,18020.05,18022.55,17772.35,17776.6,247284,170,0
2024-03-15 20:00:00+00:00,17776.85,17872.37,17774.6,17830.5,136141,170,0
2024-03-18 00:00:00+00:00,17853.2,17877.35,17837.1,17863.6,12294,170,0
2024-03-18 04:00:00+00:00,17863.6,17916.1,17859.85,17911.85,11698,170,0
2024-03-18 08:00:00+00:00,17911.85,17963.1,17909.85,17962.35,18225,170,0
2024-03-18 12:00:00+00:00,17962.35,18063.6,17942.35,18054.45,27949,170,0
2024-03-18 16:00:00+00:00,18054.45,18155.35,18020.6,18023.72,231671,170,0
2024-03-18 20:00:00+00:00,18023.72,18085.6,17982.85,18001.95,139594,170,0
2024-03-19 00:00:00+00:00,17990.9,18003.75,17936.1,17942.15,11389,57,0
2024-03-19 04:00:00+00:00,17942.15,17988.25,17929.25,17967.5,23263,170,0
2024-03-19 08:00:00+00:00,17967.5,18030.5,17937.5,18001.0,24507,170,0
2024-03-19 12:00:00+00:00,18001.0,18010.5,17857.0,17909.75,38612,170,0
2024-03-19 16:00:00+00:00,17909.75,18047.72,17832.97,18023.85,229274,170,0
2024-03-19 20:00:00+00:00,18023.85,18068.2,17995.7,18050.2,126886,170,0
2024-03-20 00:00:00+00:00,18048.1,18061.3,18024.3,18028.8,5676,170,0
2024-03-20 04:00:00+00:00,18028.8,18032.55,18004.8,18014.3,7418,170,0
2024-03-20 08:00:00+00:00,18014.05,18056.05,18011.55,18021.8,14825,170,0
2024-03-20 12:00:00+00:00,18021.55,18107.3,18013.4,18075.55,20873,170,0
2024-03-20 16:00:00+00:00,18076.05,18111.67,18022.17,18068.05,168040,170,0
2024-03-20 20:00:00+00:00,18067.92,18321.55,18022.3,18319.05,189860,170,0
2024-03-21 00:00:00+00:00,18312.75,18368.9,18305.9,18340.4,11652,170,0
2024-03-21 04:00:00+00:00,18340.15,18385.65,18338.15,18380.65,11515,170,0
2024-03-21 08:00:00+00:00,18380.65,18446.4,18376.65,18398.15,20670,170,0
2024-03-21 12:00:00+00:00,18398.15,18453.4,18368.65,18437.15,27909,170,0
2024-03-21 16:00:00+00:00,18437.15,18487.52,18397.15,18467.9,217447,170,0
2024-03-21 20:00:00+00:00,18468.02,18468.4,18331.77,18358.65,133229,170,0
2024-03-22 00:00:00+00:00,18358.5,18376.9,18351.0,18369.25,7989,170,0
2024-03-22 04:00:00+00:00,18369.25,18376.75,18313.75,18357.25,19357,170,0
2024-03-22 08:00:00+00:00,18357.25,18379.25,18319.0,18374.75,21717,170,0
2024-03-22 12:00:00+00:00,18374.75,18387.0,18273.5,18310.0,28202,170,0
2024-03-22 16:00:00+00:00,18310.0,18362.77,18282.4,18360.9,198450,170,0
2024-03-22 20:00:00+00:00,18360.9,18407.25,18327.25,18345.75,113602,170,0
2024-03-25 00:00:00+00:00,18355.8,18387.2,18342.7,18373.7,8924,170,0
2024-03-25 04:00:00+00:00,18373.7,18390.95,18355.45,18356.95,13217,170,0
2024-03-25 08:00:00+00:00,18356.95,18361.45,18321.95,18340.7,16443,170,0
2024-03-25 12:00:00+00:00,18340.7,18345.95,18246.85,18266.3,24990,170,0
2024-03-25 16:00:00+00:00,18266.3,18342.15,18204.27,18318.8,188270,170,0
2024-03-25 20:00:00+00:00,18318.97,18361.3,18297.47,18323.6,91914,170,0
2024-03-26 00:00:00+00:00,18324.35,18342.0,18319.25,18339.5,6061,170,0
2024-03-26 04:00:00+00:00,18339.5,18348.25,18309.5,18327.25,9844,170,0
2024-03-26 08:00:00+00:00,18327.0,18402.65,18324.75,18385.0,17381,170,0
2024-03-26 12:00:00+00:00,18385.0,18411.25,18349.5,18360.9,24492,170,0
2024-03-26 16:00:00+00:00,18360.9,18400.9,18326.62,18335.0,202473,170,0
2024-03-26 20:00:00+00:00,18334.75,18355.0,18231.87,18272.05,118356,170,0
2024-03-27 00:00:00+00:00,18273.15,18289.8,18262.55,18284.8,5956,170,0
2024-03-27 04:00:00+00:00,18284.8,18311.8,18276.3,18311.55,8877,170,0
2024-03-27 08:00:00+00:00,18311.55,18318.05,18265.05,18304.05,15102,170,0
2024-03-27 12:00:00+00:00,18304.05,18343.8,18295.05,18342.55,18063,170,0
2024-03-27 16:00:00+00:00,18342.55,18366.05,18173.05,18235.17,234696,170,0
2024-03-27 20:00:00+00:00,18235.3,18320.55,18191.42,18300.05,134859,170,0
2024-03-28 00:00:00+00:00,18287.85,18300.5,18272.5,18298.0,9931,170,0
2024-03-28 04:00:00+00:00,18298.25,18302.0,18281.25,18298.0,11349,170,0
2024-03-28 08:00:00+00:00,18298.0,18311.75,18275.5,18279.0,15002,170,0
2024-03-28 12:00:00+00:00,18279.0,18325.5,18256.5,18294.75,25496,170,0
2024-03-28 16:00:00+00:00,18294.75,18334.37,18253.37,18277.57,197984,170,0
2024-03-28 20:00:00+00:00,18277.57,18307.37,18244.75,18261.5,125651,170,0
2024-04-01 00:00:00+00:00,18319.85,18419.75,18311.85,18402.5,13575,170,0
2024-04-01 04:00:00+00:00,18402.5,18404.75,18371.25,18397.5,9767,170,0
2024-04-01 08:00:00+00:00,18397.5,18410.5,18366.35,18386.6,9481,170,0
2024-04-01 12:00:00+00:00,18386.35,18390.85,18301.35,18322.1,14550,170,0
2024-04-01 16:00:00+00:00,18322.35,18416.25,18222.75,18277.0,196322,170,0
2024-04-01 20:00:00+00:00,18277.25,18322.37,18233.37,18305.5,96971,170,0
2024-04-02 00:00:00+00:00,18305.2,18305.2,18267.6,18275.1,8983,170,0
2024-04-02 04:00:00+00:00,18275.1,18299.35,18266.85,18285.1,12230,170,0
2024-04-02 08:00:00+00:00,18284.85,18318.95,18255.7,18284.95,28038,170,0
2024-04-02 12:00:00+00:00,18284.95,18299.7,18137.2,18146.85,33807,170,0
2024-04-02 16:00:00+00:00,18146.85,18148.6,18011.6,18101.6,213189,170,0
2024-04-02 20:00:00+00:00,18101.6,18159.35,18079.85,18155.85,102314,170,0
2024-04-03 00:00:00+00:00,18152.7,18154.45,18112.85,18122.6,8390,170,0
2024-04-03 04:00:00+00:00,18122.6,18124.85,18104.1,18111.1,12396,170,0
2024-04-03 08:00:00+00:00,18111.1,18117.6,18075.35,18101.1,25959,170,0
2024-04-03 12:00:00+00:00,18101.1,18132.1,18060.6,18079.6,32800,170,0
2024-04-03 16:00:00+00:00,18079.6,18262.22,18045.1,18223.35,196455,170,0
2024-04-03 20:00:00+00:00,18223.35,18243.35,18114.97,18199.85,118497,170,0
2024-04-04 00:00:00+00:00,18205.15,18299.05,18192.8,18251.8,10249,170,0
2024-04-04 04:00:00+00:00,18251.55,18275.55,18245.8,18266.8,6318,170,0
2024-04-04 08:00:00+00:00,18266.8,18275.8,18225.3,18259.3,19011,170,0
2024-04-04 12:00:00+00:00,18259.3,18355.05,18254.8,18350.3,24184,170,0
2024-04-04 16:00:00+00:00,18350.55,18382.92,18295.17,18370.8,163443,170,0
2024-04-04 20:00:00+00:00,18370.8,18372.3,17868.55,17887.55,228831,170,0
2024-04-05 00:00:00+00:00,17913.7,17936.1,17872.6,17914.1,19952,170,0
2024-04-05 04:00:00+00:00,17914.1,17937.1,17879.85,17929.6,16688,170,0
2024-04-05 08:00:00+00:00,17929.35,17964.85,17914.85,17956.1,29580,170,0
2024-04-05 12:00:00+00:00,17956.1,18007.85,17868.95,17962.35,47803,170,0
2024-04-05 16:00:00+00:00,17962.85,18222.97,17919.72,18217.35,265020,170,0
2024-04-05 20:00:00+00:00,18217.22,18224.1,18069.1,18128.2,173083,170,0
2024-04-08 00:00:00+00:00,18178.7,18196.2,18108.85,18139.6,11589,170,0
2024-04-08 04:00:00+00:00,18139.35,18158.85,18095.7,18114.6,15430,170,0
2024-04-08 08:00:00+00:00,18114.85,18169.85,18071.35,18100.85,33766,170,0
2024-04-08 12:00:00+00:00,18101.1,18192.35,18090.6,18183.35,35605,170,0
2024-04-08 16:00:00+00:00,18183.6,18203.05,18062.85,18140.05,239733,170,0
2024-04-08 20:00:00+00:00,18140.17,18156.55,18104.3,18136.45,105831,170,0
2024-04-09 00:00:00+00:00,18141.85,18152.25,18119.5,18122.75,5723,170,0
2024-04-09 04:00:00+00:00,18122.5,18144.75,18112.75,18141.5,9249,170,0
2024-04-09 08:00:00+00:00,18142.0,18162.0,18094.0,18132.25,20168,170,0
2024-04-09 12:00:00+00:00,18132.0,18199.05,18081.25,18189.8,34203,170,0
2024-04-09 16:00:00+00:00,18189.8,18232.17,17987.85,18092.6,266376,170,0
2024-04-09 20:00:00+00:00,18092.72,18237.1,18044.85,18211.8,145214,170,0
2024-04-10 00:00:00+00:00,18209.45,18214.45,18197.6,18209.6,5338,170,0
2024-04-10 04:00:00+00:00,18209.85,18216.6,18198.6,18212.35,8227,170,0
2024-04-10 08:00:00+00:00,18212.35,18240.95,18200.6,18233.85,18518,170,0
2024-04-10 12:00:00+00:00,18233.85,18298.95,17886.6,17939.1,62020,170,0
2024-04-10 16:00:00+00:00,17939.35,18063.6,17893.35,18023.35,267501,170,0
2024-04-10 20:00:00+00:00,18023.6,18056.35,17946.1,18023.95,191686,170,0
2024-04-11 00:00:00+00:00,18015.4,18015.4,17976.3,17998.3,10621,170,0
2024-04-11 04:00:00+00:00,17998.3,18041.15,17989.15,18038.55,12387,170,0
2024-04-11 08:00:00+00:00,18038.55,18050.55,17992.05,17992.05,27324,170,0
2024-04-11 12:00:00+00:00,17992.3,18097.17,17923.77,18080.17,67427,96,0
2024-04-11 16:00:00+00:00,18080.17,18162.92,18003.54,18143.42,244690,96,0
2024-04-11 20:00:00+00:00,18142.92,18353.8,18127.42,18319.0,147176,96,0
2024-04-12 00:00:00+00:00,18320.15,18337.55,18310.3,18329.05,7725,170,0
2024-04-12 04:00:00+00:00,18329.3,18336.55,18319.8,18323.05,9224,170,0
2024-04-12 08:00:00+00:00,18323.05,18344.3,18278.8,18279.3,24194,170,0
2024-04-12 12:00:00+00:00,18279.3,18281.8,18146.65,18152.4,50459,170,0
2024-04-12 16:00:00+00:00,18152.65,18178.8,17983.42,17995.17,285564,170,0
2024-04-12 20:00:00+00:00,17995.3,18036.3,17958.17,18008.15,184281,170,0
2024-04-15 00:00:00+00:00,18010.85,18098.85,18008.35,18068.35,29953,170,0
2024-04-15 04:00:00+00:00,18068.35,18096.25,18039.5,18093.5,20320,170,0
2024-04-15 08:00:00+00:00,18093.5,18135.65,18087.5,18122.0,36330,170,0
2024-04-15 12:00:00+00:00,18122.0,18192.9,18103.75,18175.5,41485,170,0
2024-04-15 16:00:00+00:00,18175.5,18196.25,17928.75,17953.75,227464,170,0
2024-04-15 20:00:00+00:00,17953.87,17975.75,17686.75,17718.85,191468,170,0
2024-04-16 00:00:00+00:00,17726.45,17741.1,17694.35,17728.6,14754,170,0
2024-04-16 04:00:00+00:00,17728.6,17731.85,17642.7,17691.35,24047,170,0
2024-04-16 08:00:00+00:00,17691.35,17731.6,17676.85,17715.6,43673,170,0
2024-04-16 12:00:00+00:00,17715.35,17766.25,17640.85,17741.35,51541,170,0
2024-04-16 16:00:00+00:00,17740.6,17784.05,17670.47,17761.1,266299,170,0
2024-04-16 20:00:00+00:00,17761.35,17833.85,17668.35,17741.7,190892,170,0
2024-04-17 00:00:00+00:00,17748.7,17789.6,17739.85,17760.1,12257,170,0
2024-04-17 04:00:00+00:00,17760.35,17787.1,17753.85,17784.35,15360,170,0
2024-04-17 08:00:00+00:00,17784.35,17784.35,17626.5,17761.85,47737,170,0
2024-04-17 12:00:00+00:00,17762.1,17793.1,17732.35,17778.6,37362,170,0
2024-04-17 16:00:00+00:00,17778.6,17816.35,17465.6,17492.1,286766,170,0
2024-04-17 20:00:00+00:00,17492.35,17645.9,17485.97,17512.45,186494,170,0
2024-04-18 00:00:00+00:00,17524.65,17552.05,17522.9,17548.05,9542,170,0
2024-04-18 04:00:00+00:00,17548.05,17588.05,17543.8,17577.55,13606,170,0
2024-04-18 08:00:00+00:00,17578.05,17622.3,17561.3,17574.55,29884,170,0
2024-04-18 12:00:00+00:00,17574.55,17583.3,17515.92,17533.67,40302,96,0
2024-04-18 16:00:00+00:00,17533.67,17598.67,17403.54,17462.92,260201,96,0
2024-04-18 20:00:00+00:00,17462.92,17477.42,17357.8,17381.4,191272,96,0
2024-04-19 00:00:00+00:00,17381.6,17397.75,17275.5,17292.0,21717,170,0
2024-04-19 04:00:00+00:00,17292.0,17300.5,17039.4,17222.75,110810,170,0
2024-04-19 08:00:00+00:00,17223.0,17316.5,17203.1,17270.45,54908,170,0
2024-04-19 12:00:00+00:00,17270.45,17410.45,17266.95,17375.45,47699,170,0
2024-04-19 16:00:00+00:00,17375.45,17380.95,17062.07,17142.2,293244,170,0
2024-04-19 20:00:00+00:00,17142.32,17198.82,16972.65,17038.25,228007,170,0
2024-04-22 00:00:00+00:00,17102.35,17140.0,17063.75,17086.25,21542,170,0
2024-04-22 04:00:00+00:00,17086.25,17135.75,17081.25,17132.75,27201,170,0
2024-04-22 08:00:00+00:00,17132.5,17173.0,17101.75,17129.75,32622,170,0
2024-04-22 12:00:00+00:00,17129.5,17181.5,17115.5,17162.75,34986,170,0
2024-04-22 16:00:00+00:00,17163.0,17199.12,17015.2,17141.0,225328,170,0
2024-04-22 20:00:00+00:00,17140.87,17313.87,17134.25,17211.6,138917,170,0
2024-04-23 00:00:00+00:00,17234.5,17239.75,17154.75,17200.65,13817,170,0
2024-04-23 04:00:00+00:00,17200.4,17211.15,17160.5,17199.65,22187,170,0
2024-04-23 08:00:00+00:00,17199.65,17270.4,17186.65,17252.65,29436,170,0
2024-04-23 12:00:00+00:00,17252.4,17298.65,17229.65,17291.4,34211,170,0
2024-04-23 16:00:00+00:00,17291.4,17484.15,17281.65,17463.65,238737,170,0
2024-04-23 20:00:00+00:00,17463.4,17534.65,17440.9,17525.25,127042,170,0
2024-04-24 00:00:00+00:00,17566.35,17591.5,17535.25,17585.75,14525,170,0
2024-04-24 04:00:00+00:00,17585.5,17616.25,17579.5,17599.0,16663,170,0
2024-04-24 08:00:00+00:00,17599.0,17618.0,17562.0,17567.0,25164,170,0
2024-04-24 12:00:00+00:00,17567.0,17625.0,17537.6,17576.5,33885,170,0
2024-04-24 16:00:00+00:00,17576.25,17665.7,17438.37,17494.05,247433,170,0
2024-04-24 20:00:00+00:00,17494.05,17575.75,17353.25,17378.85,153358,170,0
2024-04-25 00:00:00+00:00,17321.8,17368.2,17318.05,17362.2,16237,170,0
2024-04-25 04:00:00+00:00,17362.45,17365.45,17322.2,17327.45,14614,170,0
2024-04-25 08:00:00+00:00,17327.45,17382.95,17281.7,17369.95,31361,170,0
2024-04-25 12:00:00+00:00,17369.95,17398.45,17242.8,17254.05,53790,170,0
2024-04-25 16:00:00+00:00,17254.3,17381.05,17179.8,17369.05,338380,170,0
2024-04-25 20:00:00+00:00,17369.42,17701.85,17338.0,17689.45,188981,170,0
2024-04-26 00:00:00+00:00,17689.9,17689.9,17618.65,17632.3,16505,170,0
2024-04-26 04:00:00+00:00,17632.3,17663.3,17625.05,17642.3,17973,170,0
2024-04-26 08:00:00+00:00,17642.3,17670.3,17604.3,17611.55,26578,170,0
2024-04-26 12:00:00+00:00,17611.8,17694.3,17569.9,17604.3,50907,170,0
2024-04-26 16:00:00+00:00,17604.3,17762.8,17544.5,17758.92,267251,170,0
2024-04-26 20:00:00+00:00,17759.05,17778.05,17707.3,17713.4,125137,170,0
2024-04-29 00:00:00+00:00,17755.15,17782.05,17740.8,17772.2,10818,170,0
2024-04-29 04:00:00+00:00,17772.2,17804.05,17765.65,17797.8,21332,170,0
2024-04-29 08:00:00+00:00,17797.8,17809.8,17769.15,17782.3,22351,170,0
2024-04-29 12:00:00+00:00,17782.3,17816.05,17752.65,17809.55,24845,170,0
2024-04-29 16:00:00+00:00,17809.3,17836.3,17717.55,17783.3,245373,170,0
2024-04-29 20:00:00+00:00,17783.3,17818.05,17678.05,17799.4,152855,170,0
2024-04-30 00:00:00+00:00,17805.1,17807.1,17787.25,17795.0,5444,170,0
2024-04-30 04:00:00+00:00,17795.0,17810.0,17792.5,17795.0,6716,170,0
2024-04-30 08:00:00+00:00,17795.0,17800.5,17760.75,17760.75,18990,170,0
2024-04-30 12:00:00+00:00,17761.0,17785.75,17681.25,17716.25,35012,170,0
2024-04-30 16:00:00+00:00,17716.25,17785.25,17572.5,17594.5,236835,170,0
2024-04-30 20:00:00+00:00,17594.5,17634.62,17365.95,17399.2,163592,170,0
2024-05-01 00:00:00+00:00,17367.65,17410.3,17360.9,17407.3,14038,170,0
2024-05-01 04:00:00+00:00,17407.05,17422.05,17392.55,17421.05,8067,170,0
2024-05-01 08:00:00+00:00,17420.8,17421.3,17348.55,17367.8,16724,170,0
2024-05-01 12:00:00+00:00,17368.05,17408.8,17305.55,17392.05,33155,170,0
2024-05-01 16:00:00+00:00,17392.05,17411.05,17293.05,17326.8,235520,170,0
2024-05-01 20:00:00+00:00,17326.8,17685.55,17307.05,17367.9,232343,170,0
2024-05-02 00:00:00+00:00,17394.9,17438.55,17382.15,17433.55,13096,170,0
2024-05-02 04:00:00+00:00,17433.8,17455.8,17421.05,17447.8,14049,170,0
2024-05-02 08:00:00+00:00,17447.8,17494.55,17415.05,17455.3,30520,170,0
2024-05-02 12:00:00+00:00,17455.3,17514.8,17453.9,17472.3,36221,170,0
2024-05-02 16:00:00+00:00,17472.55,17497.55,17281.55,17426.3,258055,170,0
2024-05-02 20:00:00+00:00,17426.55,17649.9,17426.55,17638.15,163776,170,0
2024-05-03 00:00:00+00:00,17636.35,17703.5,17619.75,17661.0,12543,170,0
2024-05-03 04:00:00+00:00,17661.0,17684.25,17645.75,17648.75,9585,170,0
2024-05-03 08:00:00+00:00,17648.75,17665.75,17617.0,17658.0,18322,170,0
2024-05-03 12:00:00+00:00,17658.0,17859.5,17638.0,17821.25,43724,170,0
2024-05-03 16:00:00+00:00,17820.75,17943.2,17789.75,17869.0,224700,170,0
2024-05-03 20:00:00+00:00,17869.25,17924.5,17864.0,17922.6,90035,170,0
2024-05-06 00:00:00+00:00,17962.65,17966.15,17899.55,17910.8,9770,170,0
2024-05-06 04:00:00+00:00,17910.55,17918.8,17893.9,17898.9,7738,170,0
2024-05-06 08:00:00+00:00,17898.65,17940.8,17888.3,17931.05,15773,170,0
2024-05-06 12:00:00+00:00,17931.05,17977.3,17927.3,17962.8,17696,170,0
2024-05-06 16:00:00+00:00,17962.8,18025.55,17947.17,18021.55,167761,170,0
2024-05-06 20:00:00+00:00,18021.8,18106.05,17997.8,18089.9,92724,170,0
2024-05-07 00:00:00+00:00,18082.7,18100.85,18076.1,18082.6,6132,170,0
2024-05-07 04:00:00+00:00,18082.6,18094.85,18073.2,18088.85,7528,170,0
2024-05-07 08:00:00+00:00,18089.1,18101.1,18059.85,18099.6,14396,170,0
2024-05-07 12:00:00+00:00,18099.6,18103.35,18056.35,18096.85,18326,170,0
2024-05-07 16:00:00+00:00,18096.85,18167.85,18086.97,18143.85,188545,170,0
2024-05-07 20:00:00+00:00,18143.85,18169.22,18070.72,18101.45,136447,170,0
2024-05-08 00:00:00+00:00,18098.25,18119.15,18087.9,18116.15,7104,170,0
2024-05-08 04:00:00+00:00,18115.9,18122.15,18092.15,18092.65,7943,170,0
2024-05-08 08:00:00+00:00,18092.4,18122.9,18087.65,18098.9,14982,170,0
2024-05-08 12:00:00+00:00,18098.9,18109.4,17979.65,17998.9,25322,170,0
2024-05-08 16:00:00+00:00,17999.15,18149.65,17986.15,18075.4,180017,170,0
2024-05-08 20:00:00+00:00,18075.52,18107.52,18045.15,18067.75,100864,170,0
2024-05-09 00:00:00+00:00,18064.5,18083.65,18061.25,18074.15,5023,170,0
2024-05-09 04:00:00+00:00,18074.15,18085.05,18057.3,18057.55,7328,170,0
2024-05-09 08:00:00+00:00,18057.55,18069.8,18028.05,18032.55,16405,170,0
2024-05-09 12:00:00+00:00,18032.55,18108.65,18012.3,18099.15,27536,170,0
2024-05-09 16:00:00+00:00,18099.15,18145.77,18017.02,18122.27,197701,170,0
2024-05-09 20:00:00+00:00,18122.4,18147.9,18096.1,18128.5,113637,170,0
2024-05-10 00:00:00+00:00,18123.8,18152.05,18123.8,18138.95,5772,170,0
2024-05-10 04:00:00+00:00,18138.7,18142.45,18122.6,18135.95,8787,170,0
2024-05-10 08:00:00+00:00,18135.95,18199.95,18129.95,18199.95,16937,170,0
2024-05-10 12:00:00+00:00,18199.95,18214.7,18158.7,18161.2,20019,170,0
2024-05-10 16:00:00+00:00,18161.2,18256.57,18097.32,18153.45,196404,170,0
2024-05-10 20:00:00+00:00,18153.45,18178.7,18115.7,18147.55,94704,170,0
2024-05-13 00:00:00+00:00,18158.75,18175.15,18145.4,18174.9,6893,170,0
2024-05-13 04:00:00+00:00,18174.65,18203.4,18169.4,18202.15,8963,170,0
2024-05-13 08:00:00+00:00,18202.15,18217.15,18190.4,18195.4,12969,170,0
2024-05-13 12:00:00+00:00,18195.4,18245.15,18192.65,18241.65,13643,170,0
2024-05-13 16:00:00+00:00,18241.65,18252.4,18168.77,18210.4,178075,170,0
2024-05-13 20:00:00+00:00,18210.27,18217.15,18151.27,18202.7,99902,170,0
2024-05-14 00:00:00+00:00,18201.8,18207.95,18191.55,18195.7,5079,170,0
2024-05-14 04:00:00+00:00,18195.7,18198.7,18181.45,18188.2,10732,170,0
2024-05-14 08:00:00+00:00,18188.2,18226.45,18187.95,18224.2,13792,170,0
2024-05-14 12:00:00+00:00,18224.2,18226.7,18088.55,18180.2,39186,170,0
2024-05-14 16:00:00+00:00,18180.2,18288.7,18168.05,18235.32,247951,170,0
2024-05-14 20:00:00+00:00,18235.32,18350.95,18216.57,18328.3,116936,170,0
2024-05-15 00:00:00+00:00,18320.7,18344.35,18318.1,18327.1,7456,170,0
2024-05-15 04:00:00+00:00,18327.1,18357.1,18326.35,18329.6,8952,70,0
2024-05-15 08:00:00+00:00,18329.6,18337.35,18311.6,18334.85,14848,70,0
2024-05-15 12:00:00+00:00,18335.1,18465.6,18312.1,18428.6,39167,70,0
2024-05-15 16:00:00+00:00,18428.35,18550.6,18366.1,18548.6,236271,70,0
2024-05-15 20:00:00+00:00,18548.6,18625.22,18547.97,18612.7,120319,70,0
2024-05-16 00:00:00+00:00,18612.1,18652.25,18605.75,18645.75,10519,70,0
2024-05-16 04:00:00+00:00,18645.5,18656.5,18632.0,18642.25,13897,70,0
2024-05-16 08:00:00+00:00,18642.5,18651.25,18624.25,18637.75,20772,70,0
2024-05-16 12:00:00+00:00,18637.75,18652.25,18604.75,18612.75,25865,70,0
2024-05-16 16:00:00+00:00,18613.0,18678.62,18590.12,18652.5,204100,70,0
2024-05-16 20:00:00+00:00,18652.62,18659.87,18552.0,18556.85,151599,70,0
2024-05-17 00:00:00+00:00,18567.45,18578.1,18562.6,18575.85,7252,70,0
2024-05-17 04:00:00+00:00,18575.85,18587.85,18565.85,18579.6,11565,70,0
2024-05-17 08:00:00+00:00,18579.6,18595.6,18537.6,18555.6,20352,70,0
2024-05-17 12:00:00+00:00,18555.6,18607.6,18555.35,18605.6,22686,70,0
2024-05-17 16:00:00+00:00,18605.6,18606.35,18528.97,18561.72,188307,70,0
2024-05-17 20:00:00+00:00,18561.6,18563.1,18465.97,18554.45,121947,70,0
2024-05-20 00:00:00+00:00,18566.55,18601.7,18565.55,18595.45,7084,70,0
2024-05-20 04:00:00+00:00,18595.45,18608.7,18588.7,18600.95,9328,70,0
2024-05-20 08:00:00+00:00,18600.95,18608.6,18584.7,18591.45,11622,70,0
2024-05-20 12:00:00+00:00,18591.2,18619.7,18573.7,18578.95,12138,70,0
2024-05-20 16:00:00+00:00,18579.7,18724.7,18565.57,18721.32,154460,70,0
2024-05-20 20:00:00+00:00,18721.57,18723.7,18636.82,18674.3,114602,70,0
2024-05-21 00:00:00+00:00,18678.05,18691.85,18674.05,18688.1,4332,70,0
2024-05-21 04:00:00+00:00,18688.1,18688.85,18672.92,18685.45,8300,70,0
2024-05-21 08:00:00+00:00,18685.45,18695.45,18668.45,18673.7,9869,70,0
2024-05-21 12:00:00+00:00,18673.95,18692.2,18648.2,18649.95,15552,70,0
2024-05-21 16:00:00+00:00,18649.95,18705.07,18610.82,18681.7,162509,70,0
2024-05-21 20:00:00+00:00,18681.57,18742.7,18668.45,18732.8,86143,70,0
2024-05-22 00:00:00+00:00,18732.45,18753.35,18731.95,18747.1,3935,70,0
2024-05-22 04:00:00+00:00,18747.1,18760.35,18743.1,18745.2,6487,70,0
2024-05-22 08:00:00+00:00,18745.2,18757.35,18721.6,18728.35,12901,70,0
2024-05-22 12:00:00+00:00,18728.35,18746.6,18690.35,18738.1,17040,70,0
2024-05-22 16:00:00+00:00,18737.85,18773.97,18724.1,18738.85,150309,70,0
2024-05-22 20:00:00+00:00,18738.6,18827.7,18620.22,18752.7,181375,70,0
2024-05-23 00:00:00+00:00,18809.95,18818.1,18784.6,18809.1,8383,70,0
2024-05-23 04:00:00+00:00,18809.1,18911.35,18804.6,18904.6,13978,70,0
2024-05-23 08:00:00+00:00,18904.6,18905.85,18869.6,18876.85,17533,0,0
2024-05-23 12:00:00+00:00,18876.85,18962.85,18870.85,18946.35,19806,0,0
2024-05-23 16:00:00+00:00,18946.35,18948.35,18742.97,18784.35,220584,0,0
2024-05-23 20:00:00+00:00,18784.6,18800.1,18562.85,18627.65,213578,70,0
2024-05-24 00:00:00+00:00,18618.1,18669.3,18617.6,18663.05,7214,0,0
2024-05-24 04:00:00+00:00,18663.05,18675.55,18651.55,18657.3,9732,70,0
2024-05-24 08:00:00+00:00,18657.3,18689.55,18627.05,18680.3,18311,0,0
2024-05-24 12:00:00+00:00,18680.3,18717.05,18667.8,18697.55,22079,70,0
2024-05-24 16:00:00+00:00,18697.55,18864.67,18675.3,18830.8,214575,0,0
2024-05-24 20:00:00+00:00,18830.8,18871.92,18780.92,18815.4,109950,0,0
2024-05-27 00:00:00+00:00,18826.55,18840.95,18788.2,18801.45,7953,70,0
2024-05-27 04:00:00+00:00,18801.45,18815.45,18790.95,18814.95,9685,70,0
2024-05-27 08:00:00+00:00,18815.2,18843.2,18813.95,18829.45,11567,70,0
2024-05-27 12:00:00+00:00,18829.45,18838.95,18821.2,18823.45,9115,70,0
2024-05-27 16:00:00+00:00,18823.45,18910.07,18822.45,18906.2,28294,70,0
2024-05-27 20:00:00+00:00,18906.2,18906.2,18906.2,18906.2,1,70,0
2024-05-28 00:00:00+00:00,18910.85,18911.35,18842.25,18854.5,9962,70,0
2024-05-28 04:00:00+00:00,18854.5,18888.75,18851.0,18877.35,9075,0,0
2024-05-28 08:00:00+00:00,18877.6,18936.25,18866.25,18934.5,18235,70,0
2024-05-28 12:00:00+00:00,18934.25,18937.6,18856.75,18873.0,23566,70,0
2024-05-28 16:00:00+00:00,18873.0,18902.5,18793.37,18880.37,203146,70,0
2024-05-28 20:00:00+00:00,18880.5,18925.6,18775.6,18910.3,166914,70,0
2024-05-29 00:00:00+00:00,18911.3,18912.05,18865.45,18871.45,6751,70,0
2024-05-29 04:00:00+00:00,18871.45,18880.7,18837.45,18859.95,13412,70,0
2024-05-29 08:00:00+00:00,18859.95,18863.2,18765.45,18786.2,28727,70,0
2024-05-29 12:00:00+00:00,18786.2,18799.1,18736.45,18743.45,29701,0,0
2024-05-29 16:00:00+00:00,18743.45,18843.7,18718.7,18835.95,200734,70,0
2024-05-29 20:00:00+00:00,18835.82,18838.45,18703.95,18710.8,134623,70,0
2024-05-30 00:00:00+00:00,18708.4,18729.65,18670.65,18679.9,11087,70,0
2024-05-30 04:00:00+00:00,18679.9,18687.15,18635.15,18645.9,14682,70,0
2024-05-30 08:00:00+00:00,18645.65,18703.4,18616.8,18700.4,22278,70,0
2024-05-30 12:00:00+00:00,18700.4,18753.75,18680.65,18732.25,26184,70,0
2024-05-30 16:00:00+00:00,18732.25,18740.25,18590.2,18663.25,213799,0,0
2024-05-30 20:00:00+00:00,18663.5,18695.75,18515.12,18561.85,140666,70,0
2024-05-31 00:00:00+00:00,18554.1,18556.35,18471.5,18494.0,14760,70,0
2024-05-31 04:00:00+00:00,18494.0,18536.0,18492.25,18522.25,19176,70,0
2024-05-31 08:00:00+00:00,18522.25,18541.25,18482.25,18512.5,24172,70,0
2024-05-31 12:00:00+00:00,18512.5,18636.25,18453.75,18615.1,42585,70,0
2024-05-31 16:00:00+00:00,18615.1,18624.75,18209.45,18261.25,256154,70,0
2024-05-31 20:00:00+00:00,18261.0,18596.35,18260.0,18539.35,154057,0,0
2024-06-03 00:00:00+00:00,18541.5,18622.15,18516.4,18610.4,18056,70,0
2024-06-03 04:00:00+00:00,18610.15,18630.65,18593.9,18625.4,13093,70,0
2024-06-03 08:00:00+00:00,18625.65,18655.0,18600.15,18644.4,30291,70,0
2024-06-03 12:00:00+00:00,18644.4,18679.0,18627.9,18661.9,29146,70,0
2024-06-03 16:00:00+00:00,18662.15,18733.15,18443.65,18459.4,256241,70,0
2024-06-03 20:00:00+00:00,18459.4,18651.15,18411.4,18639.25,136581,0,0
2024-06-04 00:00:00+00:00,18634.2,18655.85,18628.1,18650.1,8401,70,0
2024-06-04 04:00:00+00:00,18650.1,18652.85,18618.85,18625.6,11731,70,0
2024-06-04 08:00:00+00:00,18625.6,18630.35,18522.7,18534.35,35148,70,0
2024-06-04 12:00:00+00:00,18534.85,18592.6,18490.6,18588.35,42630,0,0
2024-06-04 16:00:00+00:00,18588.1,18642.6,18546.97,18607.85,205952,0,0
2024-06-04 20:00:00+00:00,18607.85,18732.1,18573.85,18684.45,158694,0,0
2024-06-05 00:00:00+00:00,18689.4,18728.3,18678.3,18710.8,9297,70,0
2024-06-05 04:00:00+00:00,18711.05,18747.4,18698.05,18739.55,12966,70,0
2024-06-05 08:00:00+00:00,18739.55,18745.55,18685.3,18738.05,20894,0,0
2024-06-05 12:00:00+00:00,18738.05,18810.05,18736.05,18807.8,24342,70,0
2024-06-05 16:00:00+00:00,18807.8,18990.3,18783.25,18986.42,183619,0,0
2024-06-05 20:00:00+00:00,18986.42,19072.8,18960.3,19069.65,114149,70,0
2024-06-06 00:00:00+00:00,19071.2,19091.7,19052.6,19071.85,8965,70,0
2024-06-06 04:00:00+00:00,19071.85,19095.6,19060.35,19083.85,11654,70,0
2024-06-06 08:00:00+00:00,19084.1,19093.1,19058.2,19075.35,19122,0,0
2024-06-06 12:00:00+00:00,19075.35,19107.1,19041.35,19077.85,28056,0,0
2024-06-06 16:00:00+00:00,19077.6,19099.85,19016.6,19041.1,211359,0,0
2024-06-06 20:00:00+00:00,19041.1,19074.47,19001.85,19052.95,148845,70,0
2024-06-07 00:00:00+00:00,19043.95,19065.85,19042.95,19063.1,6043,70,0
2024-06-07 04:00:00+00:00,19063.35,19078.6,19058.35,19074.1,8580,70,0
2024-06-07 08:00:00+00:00,19074.1,19087.1,19057.35,19061.85,16688,70,0
2024-06-07 12:00:00+00:00,19061.85,19110.7,18924.35,18967.35,46234,0,0
2024-06-07 16:00:00+00:00,18967.35,19130.97,18958.6,19126.85,215297,0,0
2024-06-07 20:00:00+00:00,19126.85,19140.1,18981.97,19015.95,178638,70,0
2024-06-10 00:00:00+00:00,18996.7,19052.5,18996.7,19026.0,12224,70,0
2024-06-10 04:00:00+00:00,19026.0,19043.75,19020.5,19039.5,7945,70,0
2024-06-10 08:00:00+00:00,19039.5,19044.25,18984.75,18990.0,31155,0,0
2024-06-10 12:00:00+00:00,18989.75,19032.5,18967.5,18986.5,24884,0,0
2024-06-10 16:00:00+00:00,18986.5,19114.75,18970.75,19099.75,204852,70,0
2024-06-10 20:00:00+00:00,19099.62,19123.05,19027.62,19100.7,156267,0,0
2024-06-11 00:00:00+00:00,19080.6,19101.65,19072.3,19077.05,7610,70,0
2024-06-11 04:00:00+00:00,19077.05,19092.8,19075.05,19085.05,11413,70,0
2024-06-11 08:00:00+00:00,19085.3,19109.8,19054.05,19060.8,19151,70,0
2024-06-11 12:00:00+00:00,19060.8,19072.55,19025.8,19053.55,34688,70,0
2024-06-11 16:00:00+00:00,19053.3,19133.35,18991.05,19094.05,247838,70,0
2024-06-11 20:00:00+00:00,19093.92,19253.55,19082.05,19244.15,135218,70,0
2024-06-12 00:00:00+00:00,19225.3,19268.7,19225.3,19244.2,7375,70,0
2024-06-12 04:00:00+00:00,19244.2,19266.7,19242.7,19255.95,9997,70,0
2024-06-12 08:00:00+00:00,19255.95,19274.7,19239.95,19258.45,17141,70,0
2024-06-12 12:00:00+00:00,19258.2,19453.8,19255.2,19421.7,37844,70,0
2024-06-12 16:00:00+00:00,19421.7,19545.82,19374.07,19508.7,236045,70,0
2024-06-12 20:00:00+00:00,19508.95,19611.45,19431.95,19608.05,194730,8,0
2024-06-13 00:00:00+00:00,19598.55,19625.7,19586.55,19618.2,6511,70,0
2024-06-13 04:00:00+00:00,19618.2,19643.1,19613.45,19641.35,9061,70,0
2024-06-13 08:00:00+00:00,19641.6,19674.2,19622.35,19642.2,18600,70,0
2024-06-13 12:00:00+00:00,19642.45,19688.3,19586.2,19631.2,35832,70,0
2024-06-13 16:00:00+00:00,19632.2,19665.7,19502.2,19545.7,253821,70,0
2024-06-13 20:00:00+00:00,19545.57,19641.45,19538.95,19609.8,128041,70,0
2024-06-14 00:00:00+00:00,19605.3,19626.95,19595.2,19618.2,6863,70,0
2024-06-14 04:00:00+00:00,19618.45,19645.95,19614.95,19639.2,7636,70,0
2024-06-14 08:00:00+00:00,19639.2,19660.7,19610.95,19617.95,29055,70,0
2024-06-14 12:00:00+00:00,19618.45,19626.95,19503.45,19563.2,59381,70,0
2024-06-14 16:00:00+00:00,19563.2,19650.7,19554.2,19634.7,258429,70,0
2024-06-14 20:00:00+00:00,19634.95,19699.9,19629.65,19697.25,104332,25,0
2024-06-17 00:00:00+00:00,19703.5,19735.4,19679.15,19708.8,20685,0,0
2024-06-17 04:00:00+00:00,19709.05,19716.4,19695.55,19702.9,20331,0,0
2024-06-17 08:00:00+00:00,19703.15,19762.15,19683.8,19720.15,55240,0,0
2024-06-17 12:00:00+00:00,19719.9,19737.4,19694.4,19706.4,27571,70,0
2024-06-17 16:00:00+00:00,19706.15,19866.02,19652.77,19844.52,222974,70,0
2024-06-17 20:00:00+00:00,19844.65,20020.4,19844.4,19936.25,169989,70,0
2024-06-18 00:00:00+00:00,19938.5,19970.15,19922.4,19937.9,9288,70,0
2024-06-18 04:00:00+00:00,19937.65,19946.9,19910.15,19930.15,11881,70,0
2024-06-18 08:00:00+00:00,19930.15,19985.4,19924.4,19975.65,22125,70,0
2024-06-18 12:00:00+00:00,19975.65,20019.5,19944.4,19962.4,30721,70,0
2024-06-18 16:00:00+00:00,19962.15,19970.77,19878.85,19957.77,222442,70,0
2024-06-18 20:00:00+00:00,19957.65,19981.15,19912.9,19962.0,127805,70,0
2024-06-19 00:00:00+00:00,19962.05,19988.45,19959.2,19967.45,5849,70,0
2024-06-19 04:00:00+00:00,19967.45,19983.2,19965.45,19973.45,6476,70,0
2024-06-19 08:00:00+00:00,19973.45,19996.2,19970.7,19984.95,13939,70,0
2024-06-19 12:00:00+00:00,19984.95,20002.95,19983.95,19997.2,11347,70,0
2024-06-19 16:00:00+00:00,19997.2,20007.32,19978.82,19998.07,21789,70,0
2024-06-20 00:00:00+00:00,19990.3,20016.6,19986.2,20012.6,5731,70,0
2024-06-20 04:00:00+00:00,20012.6,20072.1,20010.95,20066.2,11077,70,0
2024-06-20 08:00:00+00:00,20065.95,20129.7,20063.45,20086.2,23706,70,0
2024-06-20 12:00:00+00:00,20086.2,20093.45,20016.2,20025.2,27880,70,0
2024-06-20 16:00:00+00:00,20025.2,20029.8,19766.65,19837.95,288461,0,0
2024-06-20 20:00:00+00:00,19838.2,19840.07,19719.95,19813.8,234719,70,0
2024-06-21 00:00:00+00:00,19808.8,19839.7,19797.95,19799.2,7742,70,0
2024-06-21 04:00:00+00:00,19798.95,19832.95,19796.2,19831.2,9992,70,0
2024-06-21 08:00:00+00:00,19831.2,19849.2,19710.45,19737.7,25789,70,0
2024-06-21 12:00:00+00:00,19737.7,19807.2,19729.45,19796.2,32055,70,0
2024-06-21 16:00:00+00:00,19795.95,19836.45,19677.32,19760.82,231755,70,0
2024-06-21 20:00:00+00:00,19760.95,19777.95,19711.32,19772.8,128616,70,0
2024-06-24 00:00:00+00:00,19793.4,19799.3,19769.55,19777.8,7633,70,0
2024-06-24 04:00:00+00:00,19777.55,19780.05,19689.8,19739.55,20979,70,0
2024-06-24 08:00:00+00:00,19739.55,19797.4,19738.8,19773.15,20561,70,0
2024-06-24 12:00:00+00:00,19773.4,19777.4,19690.65,19700.9,25904,70,0
2024-06-24 16:00:00+00:00,19700.9,19761.92,19588.67,19618.55,275170,70,0
2024-06-24 20:00:00+00:00,19618.55,19633.42,19497.55,19521.9,170242,70,0
2024-06-25 00:00:00+00:00,19525.4,19547.55,19522.8,19525.05,6837,70,0
2024-06-25 04:00:00+00:00,19525.05,19574.3,19515.55,19573.3,12104,70,0
2024-06-25 08:00:00+00:00,19573.3,19590.3,19499.05,19589.3,26311,70,0
2024-06-25 12:00:00+00:00,19589.55,19623.05,19577.55,19604.3,27503,70,0
2024-06-25 16:00:00+00:00,19604.55,19739.92,19565.8,19646.8,244869,70,0
2024-06-25 20:00:00+00:00,19646.55,19753.05,19610.05,19740.4,131548,45,0
2024-06-26 00:00:00+00:00,19745.8,19764.05,19736.95,19762.55,7226,70,0
2024-06-26 04:00:00+00:00,19762.55,19781.45,19755.35,19765.6,13397,70,0
2024-06-26 08:00:00+00:00,19765.6,19843.45,19763.5,19820.45,20398,70,0
2024-06-26 12:00:00+00:00,19820.2,19822.2,19704.95,19708.7,31007,70,0
2024-06-26 16:00:00+00:00,19708.95,19802.2,19674.95,19748.45,247491,70,0
2024-06-26 20:00:00+00:00,19748.45,19800.82,19693.7,19725.05,159625,70,0
2024-06-27 00:00:00+00:00,19722.8,19738.2,19649.95,19669.2,12082,70,0
2024-06-27 04:00:00+00:00,19669.2,19719.2,19668.7,19717.95,13277,70,0
2024-06-27 08:00:00+00:00,19717.95,19749.1,19709.85,19735.85,20643,70,0
2024-06-27 12:00:00+00:00,19735.6,19780.7,19727.85,19779.45,28706,70,0
2024-06-27 16:00:00+00:00,19779.45,19891.25,19728.2,19803.95,258164,70,0
2024-06-27 20:00:00+00:00,19803.82,19854.7,19768.4,19842.8,134796,70,0
2024-06-28 00:00:00+00:00,19845.95,19880.35,19839.0,19860.85,6649,70,0
2024-06-28 04:00:00+00:00,19860.85,19917.1,19859.35,19885.85,13965,70,0
2024-06-28 08:00:00+00:00,19885.85,19908.6,19869.1,19891.85,18484,70,0
2024-06-28 12:00:00+00:00,19891.85,19948.45,19852.35,19856.35,30493,70,0
2024-06-28 16:00:00+00:00,19856.1,20047.65,19758.3,19810.35,268582,70,0
2024-06-28 20:00:00+00:00,19810.35,19846.72,19680.85,19740.45,172176,70,0
2024-07-01 00:00:00+00:00,19753.65,19767.8,19715.3,19766.05,16967,70,0
2024-07-01 04:00:00+00:00,19766.05,19788.3,19758.05,19763.55,12843,70,0
2024-07-01 08:00:00+00:00,19763.3,19803.3,19699.8,19709.8,32726,70,0
2024-07-01 12:00:00+00:00,19709.8,19773.3,19684.8,19761.8,29316,70,0
2024-07-01 16:00:00+00:00,19761.8,19809.8,19595.05,19797.05,288154,70,0
2024-07-01 20:00:00+00:00,19797.17,19858.3,19761.05,19825.65,168310,70,0
2024-07-02 00:00:00+00:00,19827.65,19840.55,19755.55,19772.3,10437,70,0
2024-07-02 04:00:00+00:00,19772.3,19785.8,19748.05,19769.05,14512,70,0
2024-07-02 08:00:00+00:00,19769.05,19802.3,19720.55,19745.3,29364,70,0
2024-07-02 12:00:00+00:00,19745.3,19755.8,19696.05,19732.05,27122,70,0
2024-07-02 16:00:00+00:00,19732.3,19942.55,19729.55,19913.3,266121,32,0
2024-07-02 20:00:00+00:00,19913.3,20044.92,19906.17,20026.15,142716,70,0
2024-07-03 00:00:00+00:00,20023.4,20039.8,20019.05,20031.8,7191,70,0
2024-07-03 04:00:00+00:00,20031.8,20034.05,20019.05,20031.55,9893,70,0
2024-07-03 08:00:00+00:00,20031.55,20069.55,20022.05,20053.8,18436,70,0
2024-07-03 12:00:00+00:00,20053.55,20065.55,19991.9,20006.05,24542,70,0
2024-07-03 16:00:00+00:00,20006.3,20211.17,19994.3,20202.05,248184,70,0
2024-07-03 20:00:00+00:00,20201.55,20223.42,20193.3,20207.3,6164,70,0
2024-07-04 00:00:00+00:00,20200.35,20203.25,20182.0,20196.0,6707,70,0
2024-07-04 04:00:00+00:00,20196.0,20208.75,20188.75,20193.75,8576,70,0
2024-07-04 08:00:00+00:00,20193.75,20201.25,20188.5,20190.75,10466,70,0
2024-07-04 12:00:00+00:00,20190.75,20200.0,20187.75,20197.25,6904,70,0
2024-07-04 16:00:00+00:00,20197.5,20201.25,20161.12,20171.45,26274,70,0
2024-07-04 20:00:00+00:00,20171.45,20171.45,20171.45,20171.45,1,70,0
2024-07-05 00:00:00+00:00,20159.25,20200.65,20151.25,20196.05,7107,70,0
2024-07-05 04:00:00+00:00,20196.05,20217.9,20192.15,20213.4,7991,70,0
2024-07-05 08:00:00+00:00,20213.65,20250.65,20208.4,20220.4,18039,70,0
2024-07-05 12:00:00+00:00,20220.4,20283.25,20164.0,20216.9,29262,70,0
2024-07-05 16:00:00+00:00,20216.9,20408.52,20202.15,20379.9,254154,70,0
2024-07-05 20:00:00+00:00,20380.02,20429.65,20366.9,20379.5,128330,70,0
2024-07-08 00:00:00+00:00,20383.35,20416.0,20379.35,20386.0,9825,70,0
2024-07-08 04:00:00+00:00,20386.25,20400.5,20377.5,20386.75,10543,70,0
2024-07-08 08:00:00+00:00,20386.5,20413.5,20381.25,20400.25,18306,70,0
2024-07-08 12:00:00+00:00,20400.25,20434.75,20399.25,20426.25,14991,70,0
2024-07-08 16:00:00+00:00,20426.25,20469.05,20385.62,20433.0,236338,70,0
2024-07-08 20:00:00+00:00,20433.0,20486.37,20408.0,20482.6,123114,70,0
2024-07-09 00:00:00+00:00,20481.35,20549.5,20474.1,20528.75,10067,70,0
2024-07-09 04:00:00+00:00,20528.75,20541.5,20505.75,20539.5,11061,70,0
2024-07-09 08:00:00+00:00,20539.5,20543.75,20513.75,20534.25,17058,70,0
2024-07-09 12:00:00+00:00,20534.25,20549.25,20505.0,20523.25,15741,70,0
2024-07-09 16:00:00+00:00,20523.25,20574.25,20446.25,20478.12,265061,70,0
2024-07-09 20:00:00+00:00,20478.25,20492.75,20418.55,20489.1,143970,70,0
2024-07-10 00:00:00+00:00,20490.45,20513.45,20489.1,20512.2,5023,70,0
2024-07-10 04:00:00+00:00,20512.2,20521.35,20505.6,20519.85,6294,70,0
2024-07-10 08:00:00+00:00,20519.6,20535.6,20500.6,20535.35,13705,70,0
2024-07-10 12:00:00+00:00,20535.1,20571.35,20525.35,20558.1,13251,70,0
2024-07-10 16:00:00+00:00,20558.1,20652.97,20502.6,20650.85,244039,70,0
2024-07-10 20:00:00+00:00,20650.85,20719.35,20644.1,20698.95,137410,70,0
2024-07-11 00:00:00+00:00,20700.45,20704.6,20665.6,20667.85,6103,70,0
2024-07-11 04:00:00+00:00,20667.85,20690.1,20659.35,20685.6,8034,70,0
2024-07-11 08:00:00+00:00,20685.6,20697.1,20673.1,20686.35,12856,70,0
2024-07-11 12:00:00+00:00,20686.35,20789.25,20670.6,20696.35,30717,70,0
2024-07-11 16:00:00+00:00,20696.35,20722.6,20243.35,20251.6,326608,70,0
2024-07-11 20:00:00+00:00,20251.6,20303.47,20187.97,20242.2,163856,70,0
2024-07-12 00:00:00+00:00,20233.65,20271.8,20216.3,20247.3,13801,70,0
2024-07-12 04:00:00+00:00,20247.05,20256.05,20200.05,20208.8,11515,70,0
2024-07-12 08:00:00+00:00,20209.05,20250.1,20182.65,20248.85,22913,70,0
2024-07-12 12:00:00+00:00,20248.85,20280.2,20142.2,20252.35,35445,70,0
2024-07-12 16:00:00+00:00,20252.35,20480.35,20233.9,20444.1,275283,70,0
2024-07-12 20:00:00+00:00,20444.1,20553.15,20322.32,20352.75,188884,70,0
2024-07-15 00:00:00+00:00,20411.5,20411.5,20330.65,20392.15,15065,70,0
2024-07-15 04:00:00+00:00,20392.4,20413.4,20382.65,20410.9,10826,70,0
2024-07-15 08:00:00+00:00,20410.9,20454.9,20408.9,20449.65,18206,70,0
2024-07-15 12:00:00+00:00,20449.4,20474.15,20416.75,20424.4,21060,70,0
2024-07-15 16:00:00+00:00,20424.65,20612.5,20402.77,20467.25,277968,70,0
2024-07-15 20:00:00+00:00,20467.25,20468.5,20323.2,20443.85,179546,70,0
2024-07-16 00:00:00+00:00,20449.6,20468.75,20441.0,20450.0,7540,70,0
2024-07-16 04:00:00+00:00,20450.0,20476.75,20442.25,20461.25,11320,70,0
2024-07-16 08:00:00+00:00,20461.25,20470.75,20363.75,20424.25,23583,70,0
2024-07-16 12:00:00+00:00,20424.25,20475.25,20398.0,20460.25,27848,70,0
2024-07-16 16:00:00+00:00,20460.0,20506.0,20286.75,20367.5,285613,70,0
2024-07-16 20:00:00+00:00,20367.37,20435.87,20307.75,20410.6,163338,70,0
2024-07-17 00:00:00+00:00,20407.35,20420.75,20382.6,20388.75,7882,70,0
2024-07-17 04:00:00+00:00,20389.0,20389.5,20342.4,20349.4,12133,70,0
2024-07-17 08:00:00+00:00,20349.4,20360.65,20134.75,20170.0,45711,45,0
2024-07-17 12:00:00+00:00,20170.0,20193.75,20086.0,20106.5,45289,70,0
2024-07-17 16:00:00+00:00,20106.5,20122.75,19833.0,19888.5,332957,70,0
2024-07-17 20:00:00+00:00,19888.25,19909.25,19791.25,19841.85,198240,70,0
2024-07-18 00:00:00+00:00,19859.25,19901.9,19858.0,19891.4,12942,70,0
2024-07-18 04:00:00+00:00,19891.4,19908.15,19853.55,19880.9,18308,70,0
2024-07-18 08:00:00+00:00,19880.9,19990.15,19864.4,19953.4,45445,70,0
2024-07-18 12:00:00+00:00,19953.4,19976.65,19846.65,19973.9,40139,70,0
2024-07-18 16:00:00+00:00,19973.65,19991.15,19600.15,19740.9,357609,70,0
2024-07-18 20:00:00+00:00,19740.9,19788.15,19586.65,19761.75,247528,70,0
2024-07-19 00:00:00+00:00,19786.05,19806.45,19765.7,19777.7,13739,70,0
2024-07-19 04:00:00+00:00,19777.95,19792.95,19766.2,19787.45,14449,70,0
2024-07-19 08:00:00+00:00,19787.2,19809.2,19585.3,19670.2,44196,70,0
2024-07-19 12:00:00+00:00,19671.2,19774.1,19637.7,19768.7,50712,70,0
2024-07-19 16:00:00+00:00,19768.7,19805.2,19515.82,19558.45,298703,0,0
2024-07-19 20:00:00+00:00,19558.45,19613.82,19483.32,19532.3,182408,70,0
2024-07-22 00:00:00+00:00,19579.35,19680.25,19567.0,19649.5,25246,70,0
2024-07-22 04:00:00+00:00,19649.5,19652.75,19558.75,19640.25,36013,70,0
2024-07-22 08:00:00+00:00,19640.5,19680.0,19597.5,19655.25,38958,70,0
2024-07-22 12:00:00+00:00,19655.0,19770.25,19648.5,19752.25,30032,70,0
2024-07-22 16:00:00+00:00,19752.0,19867.5,19651.25,19803.0,269752,70,0
2024-07-22 20:00:00+00:00,19802.75,19885.87,19799.12,19819.6,117277,70,0
2024-07-23 00:00:00+00:00,19821.0,19839.15,19766.5,19779.4,11067,70,0
2024-07-23 04:00:00+00:00,19779.65,19810.4,19753.25,19783.4,18214,70,0
2024-07-23 08:00:00+00:00,19783.65,19795.4,19710.4,19762.4,35362,70,0
2024-07-23 12:00:00+00:00,19762.4,19858.0,19761.9,19810.9,33587,70,0
2024-07-23 16:00:00+00:00,19810.9,19926.52,19768.9,19791.15,241442,70,0
2024-07-23 20:00:00+00:00,19791.15,19839.45,19743.5,19788.0,133096,70,0
2024-07-24 00:00:00+00:00,19675.35,19698.35,19631.25,19672.75,20250,70,0
2024-07-24 04:00:00+00:00,19673.25,19682.0,19568.65,19575.9,17078,70,0
2024-07-24 08:00:00+00:00,19576.15,19620.75,19528.25,19590.5,40748,70,0
2024-07-24 12:00:00+00:00,19590.75,19595.75,19452.75,19478.25,42667,70,0
2024-07-24 16:00:00+00:00,19478.25,19498.12,19157.0,19170.0,245777,45,0
2024-07-24 20:00:00+00:00,19170.0,19230.5,19018.75,19117.35,177766,70,0
2024-07-25 00:00:00+00:00,19114.65,19156.05,19109.3,19144.05,19040,70,0
2024-07-25 04:00:00+00:00,19143.55,19154.05,19067.55,19105.8,27697,70,0
2024-07-25 08:00:00+00:00,19105.8,19126.05,18913.55,19049.05,78923,70,0
2024-07-25 12:00:00+00:00,19049.05,19086.3,18932.9,19084.8,78144,70,0
2024-07-25 16:00:00+00:00,19084.55,19212.05,18734.8,19184.8,358016,70,0
2024-07-25 20:00:00+00:00,19185.8,19241.8,18793.3,18847.65,228170,70,0
2024-07-26 00:00:00+00:00,18859.45,18918.6,18850.6,18901.95,19024,70,0
2024-07-26 04:00:00+00:00,18901.95,18962.35,18899.25,18959.6,24649,70,0
2024-07-26 08:00:00+00:00,18959.6,19076.6,18920.85,19075.1,44378,70,0
2024-07-26 12:00:00+00:00,19075.35,19091.1,19010.1,19033.6,48806,70,0
2024-07-26 16:00:00+00:00,19033.85,19144.1,18896.6,19131.85,278845,0,0
2024-07-26 20:00:00+00:00,19131.85,19152.1,18959.6,19029.7,186767,70,0
2024-07-29 00:00:00+00:00,19037.1,19190.35,19033.35,19160.6,24589,70,0
2024-07-29 04:00:00+00:00,19160.85,19180.25,19142.75,19163.75,25739,70,0
2024-07-29 08:00:00+00:00,19163.75,19196.4,19082.75,19111.5,39391,70,0
2024-07-29 12:00:00+00:00,19111.5,19224.75,19098.0,19172.75,33123,70,0
2024-07-29 16:00:00+00:00,19172.75,19240.0,18976.5,19171.25,275313,70,0
2024-07-29 20:00:00+00:00,19171.5,19211.75,19049.12,19084.6,144760,70,0
2024-07-30 00:00:00+00:00,19080.45,19099.7,18988.45,19021.2,13928,70,0
2024-07-30 04:00:00+00:00,19021.2,19048.35,18942.2,19046.1,27812,70,0
2024-07-30 08:00:00+00:00,19046.35,19122.85,19034.35,19111.85,33980,70,0
2024-07-30 12:00:00+00:00,19111.85,19144.6,19072.85,19134.1,27301,70,0
2024-07-30 16:00:00+00:00,19133.85,19184.85,18679.85,18681.6,276150,70,0
2024-07-30 20:00:00+00:00,18681.72,18881.6,18590.7,18725.7,212253,0,0
2024-07-31 00:00:00+00:00,18741.4,18945.9,18728.4,18942.65,32304,70,0
2024-07-31 04:00:00+00:00,18942.9,19012.45,18922.9,18973.05,29315,45,0
2024-07-31 08:00:00+00:00,18973.05,19112.3,18962.55,19080.3,57108,70,0
2024-07-31 12:00:00+00:00,19080.3,19219.8,19059.05,19212.55,45943,70,0
2024-07-31 16:00:00+00:00,19212.55,19381.05,19176.05,19294.55,254813,70,0
2024-07-31 20:00:00+00:00,19294.55,19511.4,19209.3,19448.65,231443,70,0
2024-08-01 00:00:00+00:00,19461.1,19585.6,19451.1,19515.6,27374,70,0
2024-08-01 04:00:00+00:00,19515.85,19558.5,19488.75,19539.0,36085,70,0
2024-08-01 08:00:00+00:00,19539.0,19561.75,19375.6,19394.25,61926,70,0
2024-08-01 12:00:00+00:00,19394.75,19517.0,19386.75,19466.5,55450,45,0
2024-08-01 16:00:00+00:00,19466.5,19551.55,18943.25,18959.0,372481,50,0
2024-08-01 20:00:00+00:00,18959.25,18976.75,18724.4,18839.35,287829,70,0
2024-08-02 00:00:00+00:00,18828.35,18853.1,18715.85,18783.5,44653,70,0
2024-08-02 04:00:00+00:00,18783.6,18794.35,18559.85,18639.6,29283,70,0
2024-08-02 08:00:00+00:00,18639.6,18676.35,18517.35,18605.5,63427,70,0
2024-08-02 12:00:00+00:00,18604.75,18615.1,18392.85,18469.1,74615,70,0
2024-08-02 16:00:00+00:00,18469.1,18644.3,18271.35,18392.6,435500,15,0
2024-08-02 20:00:00+00:00,18392.6,18472.85,18329.55,18393.45,234926,70,0
2024-08-05 00:00:00+00:00,18256.0,18279.55,18059.3,18071.05,23867,0,0
2024-08-05 04:00:00+00:00,18071.05,18077.8,17784.17,17795.55,30304,0,0
2024-08-05 08:00:00+00:00,17795.55,17885.3,17246.8,17725.05,62203,0,0
2024-08-05 12:00:00+00:00,17725.3,17784.3,17258.05,17430.05,67249,70,0
2024-08-05 16:00:00+00:00,17426.05,18186.45,17406.55,17938.45,295365,35,0
2024-08-05 20:00:00+00:00,17938.7,18067.45,17790.3,18039.3,272030,70,0
2024-08-06 00:00:00+00:00,18070.3,18236.05,18066.3,18232.05,27269,10,0
2024-08-06 04:00:00+00:00,18232.05,18331.05,18208.05,18234.55,33879,70,0
2024-08-06 08:00:00+00:00,18234.6,18274.3,18026.8,18067.05,50200,70,0
2024-08-06 12:00:00+00:00,18067.05,18150.8,17915.8,17981.8,60400,70,0
2024-08-06 16:00:00+00:00,17981.8,18344.57,17864.95,18325.45,330862,25,0
2024-08-06 20:00:00+00:00,18325.45,18380.7,17967.67,17998.05,245572,0,0
2024-08-07 00:00:00+00:00,17934.9,18094.4,17934.9,18068.4,25085,70,0
2024-08-07 04:00:00+00:00,18068.15,18338.55,18044.15,18300.4,40948,70,0
2024-08-07 08:00:00+00:00,18300.4,18308.05,18119.5,18296.8,51048,70,0
2024-08-07 12:00:00+00:00,18296.05,18360.95,18272.05,18332.2,54450,70,0
2024-08-07 16:00:00+00:00,18332.45,18458.25,18160.55,18183.55,335780,0,0
2024-08-07 20:00:00+00:00,18183.3,18198.8,17737.8,17755.9,271781,60,0
2024-08-08 00:00:00+00:00,17794.0,17845.65,17649.25,17811.5,32509,70,0
2024-08-08 04:00:00+00:00,17811.5,17983.25,17798.75,17893.0,36811,70,0
2024-08-08 08:00:00+00:00,17893.25,17958.0,17781.8,17900.5,43436,70,0
2024-08-08 12:00:00+00:00,17900.25,18108.75,17816.0,18059.75,47718,70,0
2024-08-08 16:00:00+00:00,18060.5,18372.15,17968.82,18310.15,303717,0,0
2024-08-08 20:00:00+00:00,18310.15,18496.15,18261.4,18460.75,195274,0,0
2024-08-09 00:00:00+00:00,18445.65,18520.9,18394.15,18424.9,24625,70,0
2024-08-09 04:00:00+00:00,18424.65,18500.4,18334.9,18360.65,31166,70,0
2024-08-09 08:00:00+00:00,18360.65,18556.05,18340.4,18541.65,49840,70,0
2024-08-09 12:00:00+00:00,18541.65,18551.8,18288.65,18329.55,54685,70,0
2024-08-09 16:00:00+00:00,18329.05,18483.8,18310.3,18434.8,295198,70,0
2024-08-09 20:00:00+00:00,18434.8,18578.55,18427.05,18505.15,150397,70,0
2024-08-12 00:00:00+00:00,18497.2,18566.1,18422.95,18513.7,18183,70,0
2024-08-12 04:00:00+00:00,18511.95,18575.5,18488.4,18555.2,16287,70,0
2024-08-12 08:00:00+00:00,18555.2,18598.45,18511.45,18540.95,25513,70,0
2024-08-12 12:00:00+00:00,18540.95,18601.1,18535.1,18568.85,22652,70,0
2024-08-12 16:00:00+00:00,18568.85,18673.6,18432.85,18530.6,237173,70,0
2024-08-12 20:00:00+00:00,18530.6,18598.35,18491.85,18534.7,127828,70,0
2024-08-13 00:00:00+00:00,18557.1,18600.4,18541.0,18585.5,17110,70,0
2024-08-13 04:00:00+00:00,18585.75,18608.75,18551.5,18605.25,22818,70,0
2024-08-13 08:00:00+00:00,18605.0,18729.25,18598.25,18658.75,32681,70,0
2024-08-13 12:00:00+00:00,18658.5,18734.0,18560.1,18727.0,50217,70,0
2024-08-13 16:00:00+00:00,18727.0,18984.0,18704.25,18984.0,182358,70,0
2024-08-13 20:00:00+00:00,18984.0,19032.5,18917.87,19010.85,103212,70,0
2024-08-14 00:00:00+00:00,19015.6,19038.0,19001.1,19023.25,17125,70,0
2024-08-14 04:00:00+00:00,19023.25,19067.25,18996.85,19018.75,30526,70,0
2024-08-14 08:00:00+00:00,19018.75,19047.0,18978.25,19002.5,27401,70,0
2024-08-14 12:00:00+00:00,19003.0,19076.6,18914.6,19044.1,40033,70,0
2024-08-14 16:00:00+00:00,19044.25,19116.87,18838.45,18985.0,227178,70,0
2024-08-14 20:00:00+00:00,18983.75,19075.25,18953.25,19061.1,110757,70,0
2024-08-15 00:00:00+00:00,19056.1,19086.5,19014.75,19079.5,14991,70,0
2024-08-15 04:00:00+00:00,19079.75,19137.85,19059.75,19125.1,21462,70,0
2024-08-15 08:00:00+00:00,19125.1,19125.35,19037.6,19065.85,27204,70,0
2024-08-15 12:00:00+00:00,19065.6,19283.85,19018.85,19249.6,46499,70,0
2024-08-15 16:00:00+00:00,19249.6,19483.85,19231.25,19451.6,183642,70,0
2024-08-15 20:00:00+00:00,19451.35,19517.47,19434.1,19482.4,107469,70,0
2024-08-16 00:00:00+00:00,19478.55,19553.2,19474.05,19516.2,21746,70,0
2024-08-16 04:00:00+00:00,19516.2,19557.45,19502.3,19534.45,20167,70,0
2024-08-16 08:00:00+00:00,19534.45,19595.95,19518.45,19538.7,29513,70,0
2024-08-16 12:00:00+00:00,19538.7,19555.95,19359.8,19390.8,47127,70,0
2024-08-16 16:00:00+00:00,19391.05,19574.32,19376.45,19565.7,195843,70,0
2024-08-16 20:00:00+00:00,19565.95,19568.95,19485.95,19517.8,85994,70,0
2024-08-19 00:00:00+00:00,19556.7,19596.25,19536.95,19575.45,20204,70,0
2024-08-19 04:00:00+00:00,19575.45,19608.85,19515.45,19533.2,24383,70,0
2024-08-19 08:00:00+00:00,19533.75,19544.85,19448.35,19494.85,36017,70,0
2024-08-19 12:00:00+00:00,19494.85,19559.1,19464.7,19544.85,24929,70,0
2024-08-19 16:00:00+00:00,19544.6,19622.1,19451.3,19615.35,160348,70,0
2024-08-19 20:00:00+00:00,19615.35,19794.35,19597.35,19775.45,87357,70,0
2024-08-20 00:00:00+00:00,19790.25,19804.0,19783.4,19791.4,10073,70,0
2024-08-20 04:00:00+00:00,19791.15,19838.9,19770.9,19808.15,18476,70,0
2024-08-20 08:00:00+00:00,19808.15,19856.15,19774.0,19799.75,24419,70,0
2024-08-20 12:00:00+00:00,19799.75,19824.65,19767.25,19773.65,22038,70,0
2024-08-20 16:00:00+00:00,19773.65,19848.4,19668.4,19703.4,200612,70,0
2024-08-20 20:00:00+00:00,19703.4,19791.4,19673.9,19729.4,103620,70,0
2024-08-21 00:00:00+00:00,19726.25,19757.15,19714.9,19754.15,13237,70,0
2024-08-21 04:00:00+00:00,19754.15,19777.4,19736.65,19777.4,16166,70,0
2024-08-21 08:00:00+00:00,19777.4,19784.15,19723.15,19730.4,22067,70,0
2024-08-21 12:00:00+00:00,19730.15,19792.15,19719.15,19767.9,22933,70,0
2024-08-21 16:00:00+00:00,19767.9,19910.9,19699.9,19799.4,197854,70,0
2024-08-21 20:00:00+00:00,19799.4,19881.15,19762.02,19846.25,115512,70,0
2024-08-22 00:00:00+00:00,19850.6,19875.0,19843.6,19860.75,10162,70,0
2024-08-22 04:00:00+00:00,19860.75,19865.5,19798.25,19831.5,16777,70,0
2024-08-22 08:00:00+00:00,19831.75,19863.25,19818.75,19849.0,18394,70,0
2024-08-22 12:00:00+00:00,19849.0,19924.1,19844.65,19914.75,27006,70,0
2024-08-22 16:00:00+00:00,19915.25,19956.0,19595.25,19640.1,247969,70,0
2024-08-22 20:00:00+00:00,19639.85,19671.22,19474.8,19544.45,164899,70,0
2024-08-23 00:00:00+00:00,19548.6,19594.75,19547.1,19573.0,11949,70,0
2024-08-23 04:00:00+00:00,19572.75,19627.0,19570.6,19614.5,17110,70,0
2024-08-23 08:00:00+00:00,19614.75,19649.25,19607.75,19649.0,19748,70,0
2024-08-23 12:00:00+00:00,19648.75,19696.25,19621.35,19693.5,20671,70,0
2024-08-23 16:00:00+00:00,19693.0,19839.0,19528.5,19616.5,279971,70,0
2024-08-23 20:00:00+00:00,19616.75,19747.37,19602.0,19712.6,121205,70,0
2024-08-26 00:00:00+00:00,19729.15,19774.4,19659.9,19752.55,21513,70,0
2024-08-26 04:00:00+00:00,19752.55,19778.05,19699.4,19721.3,20834,70,0
2024-08-26 08:00:00+00:00,19721.3,19790.05,19708.55,19787.8,22421,70,0
2024-08-26 12:00:00+00:00,19787.55,19789.05,19688.9,19719.3,26830,70,0
2024-08-26 16:00:00+00:00,19719.3,19746.85,19451.3,19565.05,211470,70,0
2024-08-26 20:00:00+00:00,19565.05,19571.3,19458.67,19494.15,121993,70,0
2024-08-27 00:00:00+00:00,19503.9,19539.65,19470.15,19504.65,14352,70,0
2024-08-27 04:00:00+00:00,19504.9,19556.3,19490.65,19553.05,16674,70,0
2024-08-27 08:00:00+00:00,19553.05,19594.8,19532.55,19567.05,21826,70,0
2024-08-27 12:00:00+00:00,19567.3,19595.05,19451.3,19462.05,32306,70,0
2024-08-27 16:00:00+00:00,19461.8,19643.67,19390.42,19574.3,211628,70,0
2024-08-27 20:00:00+00:00,19574.05,19642.05,19567.8,19583.65,97327,70,0
2024-08-28 00:00:00+00:00,19590.45,19596.6,19512.35,19554.6,17127,70,0
2024-08-28 04:00:00+00:00,19554.35,19586.85,19535.35,19582.35,14344,70,0
2024-08-28 08:00:00+00:00,19582.1,19641.85,19569.85,19633.85,16926,70,0
2024-08-28 12:00:00+00:00,19634.1,19641.85,19556.75,19594.35,21419,70,0
2024-08-28 16:00:00+00:00,19594.35,19608.6,19292.35,19406.1,215083,70,0
2024-08-28 20:00:00+00:00,19405.85,19434.1,19179.7,19262.95,160470,70,0
2024-08-29 00:00:00+00:00,19158.95,19219.35,19095.95,19196.85,28358,70,0
2024-08-29 04:00:00+00:00,19196.6,19253.6,19171.1,19246.85,18866,70,0
2024-08-29 08:00:00+00:00,19246.85,19381.1,19233.45,19368.6,37471,70,0
2024-08-29 12:00:00+00:00,19368.6,19471.6,19364.6,19424.85,56018,70,0
2024-08-29 16:00:00+00:00,19424.6,19647.1,19419.6,19607.1,247103,70,0
2024-08-29 20:00:00+00:00,19607.1,19608.1,19291.6,19400.7,193874,70,0
2024-08-30 00:00:00+00:00,19403.2,19416.95,19350.35,19399.85,15014,70,0
2024-08-30 04:00:00+00:00,19399.7,19430.35,19379.85,19420.1,17887,70,0
2024-08-30 08:00:00+00:00,19420.1,19493.85,19407.85,19473.35,27175,70,0
2024-08-30 12:00:00+00:00,19473.35,19528.35,19454.6,19482.6,29507,70,0
2024-08-30 16:00:00+00:00,19482.6,19583.6,19325.6,19418.85,237995,70,0
2024-08-30 20:00:00+00:00,19418.85,19588.47,19389.35,19550.45,119987,70,0
2024-09-02 00:00:00+00:00,19565.85,19592.1,19536.0,19575.5,12487,70,0
2024-09-02 04:00:00+00:00,19575.5,19594.0,19532.0,19549.25,15951,70,0
2024-09-02 08:00:00+00:00,19549.25,19564.75,19478.0,19536.5,25217,70,0
2024-09-02 12:00:00+00:00,19536.75,19590.75,19532.0,19574.5,14526,70,0
2024-09-02 16:00:00+00:00,19574.5,19636.25,19554.37,19614.5,27425,70,0
2024-09-02 20:00:00+00:00,19612.85,19612.85,19612.85,19612.85,2,200,0
2024-09-03 00:00:00+00:00,19620.5,19651.65,19513.25,19560.9,20370,70,0
2024-09-03 04:00:00+00:00,19560.9,19577.15,19481.9,19522.4,21974,70,0
2024-09-03 08:00:00+00:00,19522.15,19613.15,19465.25,19465.75,35443,70,0
2024-09-03 12:00:00+00:00,19466.0,19490.65,19414.65,19447.9,50354,70,0
2024-09-03 16:00:00+00:00,19447.65,19478.4,19105.4,19111.4,246737,70,0
2024-09-03 20:00:00+00:00,19111.15,19151.52,18884.02,18965.25,153524,70,0
2024-09-04 00:00:00+00:00,18962.45,18980.72,18817.45,18824.95,37314,70,0
2024-09-04 04:00:00+00:00,18824.95,18909.25,18801.1,18841.1,54557,70,0
2024-09-04 08:00:00+00:00,18841.22,18904.35,18805.7,18882.45,70398,70,0
2024-09-04 12:00:00+00:00,18883.22,18917.22,18819.82,18885.6,58812,70,0
2024-09-04 16:00:00+00:00,18885.85,19090.6,18812.8,19041.85,348798,70,0
2024-09-04 20:00:00+00:00,19041.47,19043.6,18881.97,18937.7,206639,70,0
2024-09-05 00:00:00+00:00,18951.55,18981.7,18867.8,18967.2,22729,57,0
2024-09-05 04:00:00+00:00,18967.45,18981.95,18872.45,18887.55,31633,70,0
2024-09-05 08:00:00+00:00,18887.55,18978.45,18860.3,18946.2,44325,70,0
2024-09-05 12:00:00+00:00,18946.2,18947.7,18803.7,18865.95,55561,70,0
2024-09-05 16:00:00+00:00,18866.7,19127.45,18817.4,18907.95,249660,70,0
2024-09-05 20:00:00+00:00,18907.95,19013.85,18863.07,18898.2,133010,70,0
2024-09-06 00:00:00+00:00,18893.2,18907.35,18808.35,18810.6,19488,70,0
2024-09-06 04:00:00+00:00,18810.6,18880.1,18764.7,18868.45,28633,70,0
2024-09-06 08:00:00+00:00,18868.6,18869.1,18681.1,18700.35,52923,70,0
2024-09-06 12:00:00+00:00,18700.1,18931.35,18676.7,18908.35,64186,70,0
2024-09-06 16:00:00+00:00,18908.1,18946.25,18404.35,18424.35,318416,70,0
2024-09-06 20:00:00+00:00,18424.6,18519.35,18312.6,18351.45,165176,70,0
2024-09-09 00:00:00+00:00,18412.2,18484.95,18370.45,18460.45,29779,70,0
2024-09-09 04:00:00+00:00,18460.45,18567.45,18460.2,18550.45,30365,70,0
2024-09-09 08:00:00+00:00,18551.45,18605.6,18526.95,18593.85,40049,70,0
2024-09-09 12:00:00+00:00,18593.85,18629.35,18549.35,18588.35,35300,70,0
2024-09-09 16:00:00+00:00,18588.1,18703.97,18480.85,18694.35,213602,70,0
2024-09-09 20:00:00+00:00,18694.22,18718.1,18550.1,18705.95,141555,70,0
2024-09-10 00:00:00+00:00,18716.55,18726.7,18622.7,18665.45,20893,70,0
2024-09-10 04:00:00+00:00,18665.45,18680.05,18598.05,18603.7,29550,70,0
2024-09-10 08:00:00+00:00,18603.95,18678.95,18590.7,18629.7,35106,70,0
2024-09-10 12:00:00+00:00,18629.95,18754.45,18568.45,18745.2,41277,70,0
2024-09-10 16:00:00+00:00,18744.95,18807.95,18575.2,18674.95,237640,70,0
2024-09-10 20:00:00+00:00,18674.95,18864.2,18671.7,18821.05,114060,70,0
2024-09-11 00:00:00+00:00,18829.85,18846.0,18791.75,18800.5,13946,70,0
2024-09-11 04:00:00+00:00,18801.0,18814.5,18709.6,18721.75,38262,70,0
2024-09-11 08:00:00+00:00,18721.75,18814.25,18694.5,18763.5,47270,70,0
2024-09-11 12:00:00+00:00,18763.5,18863.75,18718.35,18849.75,52276,70,0
2024-09-11 16:00:00+00:00,18849.5,18929.5,18535.5,18901.75,287963,70,0
2024-09-11 20:00:00+00:00,18902.0,19283.5,18898.0,19237.1,174753,70,0
2024-09-12 00:00:00+00:00,19227.1,19275.0,19219.1,19243.25,12356,70,0
2024-09-12 04:00:00+00:00,19243.25,19316.5,19229.5,19305.75,26227,70,0
2024-09-12 08:00:00+00:00,19305.75,19334.5,19252.25,19291.75,42373,70,0
2024-09-12 12:00:00+00:00,19292.0,19323.75,19242.85,19252.75,45159,70,0
2024-09-12 16:00:00+00:00,19252.75,19382.5,19179.75,19375.5,263347,70,0
2024-09-12 20:00:00+00:00,19375.25,19477.62,19352.5,19407.85,135426,70,0
2024-09-13 00:00:00+00:00,19410.35,19469.0,19409.35,19451.0,12056,70,0
2024-09-13 04:00:00+00:00,19451.0,19454.5,19415.75,19444.75,14809,70,0
2024-09-13 08:00:00+00:00,19444.75,19484.0,19420.25,19448.0,30932,70,0
2024-09-13 12:00:00+00:00,19447.75,19473.0,19407.5,19443.25,30719,70,0
2024-09-13 16:00:00+00:00,19443.5,19556.12,19393.5,19537.5,205948,70,0
2024-09-13 20:00:00+00:00,19537.75,19572.55,19487.85,19497.2,109592,10,0
2024-09-16 00:00:00+00:00,19500.25,19549.9,19480.15,19522.4,12953,70,0
2024-09-16 04:00:00+00:00,19521.9,19535.4,19497.75,19530.9,11143,70,0
2024-09-16 08:00:00+00:00,19530.65,19547.15,19485.15,19531.15,21167,70,0
2024-09-16 12:00:00+00:00,19531.15,19542.4,19429.4,19439.15,29329,70,0
2024-09-16 16:00:00+00:00,19438.9,19462.9,19297.65,19387.27,138473,70,0
2024-09-16 20:00:00+00:00,19387.4,19450.15,19356.9,19416.0,85096,70,0
2024-09-17 00:00:00+00:00,19422.2,19463.85,19417.6,19421.1,12724,70,0
2024-09-17 04:00:00+00:00,19420.85,19438.85,19401.35,19437.85,15942,70,0
2024-09-17 08:00:00+00:00,19438.1,19519.6,19437.35,19509.6,27889,70,0
2024-09-17 12:00:00+00:00,19509.6,19583.95,19508.6,19564.6,36907,70,0
2024-09-17 16:00:00+00:00,19564.6,19619.1,19365.35,19403.35,233300,70,0
2024-09-17 20:00:00+00:00,19403.35,19470.6,19343.1,19453.2,138383,70,0
2024-09-18 00:00:00+00:00,19456.2,19480.85,19450.35,19474.1,8215,70,0
2024-09-18 04:00:00+00:00,19474.35,19486.85,19443.35,19451.85,11740,70,0
2024-09-18 08:00:00+00:00,19451.85,19497.85,19429.1,19457.35,26605,70,0
2024-09-18 12:00:00+00:00,19457.35,19503.6,19442.85,19498.35,22024,70,0
2024-09-18 16:00:00+00:00,19498.35,19507.1,19355.5,19478.0,160104,70,0
2024-09-18 20:00:00+00:00,19478.0,19675.5,19345.85,19415.7,216406,70,0
2024-09-19 00:00:00+00:00,19423.3,19627.05,19419.05,19499.8,32789,70,0
2024-09-19 04:00:00+00:00,19500.3,19648.8,19456.8,19641.05,43019,70,0
2024-09-19 08:00:00+00:00,19641.05,19722.05,19621.05,19714.8,45178,70,0
2024-09-19 12:00:00+00:00,19714.8,19797.55,19703.8,19780.2,37712,70,0
2024-09-19 16:00:00+00:00,19780.2,19952.32,19742.8,19936.15,215305,70,0
2024-09-19 20:00:00+00:00,19936.15,19982.57,19832.05,19843.55,128823,70,0
2024-09-20 00:00:00+00:00,19846.75,19856.9,19805.5,19818.9,12045,70,0
2024-09-20 04:00:00+00:00,19818.9,19853.4,19803.9,19841.15,15660,70,0
2024-09-20 08:00:00+00:00,19840.9,19852.4,19790.65,19804.4,26925,70,0
2024-09-20 12:00:00+00:00,19804.65,19857.55,19764.65,19847.05,29205,70,0
2024-09-20 16:00:00+00:00,19847.05,19864.55,19642.0,19802.15,188010,70,0
2024-09-20 20:00:00+00:00,19802.15,19866.9,19717.27,19797.75,113786,70,0
2024-09-23 00:00:00+00:00,19822.9,19925.55,19786.05,19921.55,13888,70,0
2024-09-23 04:00:00+00:00,19921.55,19953.05,19915.3,19931.55,15043,70,0
2024-09-23 08:00:00+00:00,19931.55,19933.05,19744.9,19835.8,38093,70,0
2024-09-23 12:00:00+00:00,19835.55,19886.15,19816.3,19877.15,29083,70,0
2024-09-23 16:00:00+00:00,19877.15,19916.05,19821.95,19837.15,181503,70,0
2024-09-23 20:00:00+00:00,19836.9,19879.52,19809.65,19854.25,91788,70,0
2024-09-24 00:00:00+00:00,19857.9,19871.3,19835.55,19851.55,10108,70,0
2024-09-24 04:00:00+00:00,19851.55,19889.3,19817.15,19867.3,19289,70,0
2024-09-24 08:00:00+00:00,19867.55,19972.8,19867.55,19958.3,27308,70,0
2024-09-24 12:00:00+00:00,19958.3,19959.05,19843.15,19906.55,32023,70,0
2024-09-24 16:00:00+00:00,19906.55,20008.42,19746.92,19956.05,191576,70,0
2024-09-24 20:00:00+00:00,19956.05,19987.05,19902.8,19978.9,99597,70,0
2024-09-25 00:00:00+00:00,19981.75,19988.4,19933.4,19938.9,8972,70,0
2024-09-25 04:00:00+00:00,19938.9,19952.15,19905.9,19925.65,16340,70,0
2024-09-25 08:00:00+00:00,19925.9,19935.9,19860.4,19893.15,29006,70,0
2024-09-25 12:00:00+00:00,19893.15,19952.65,19876.4,19945.65,20561,70,0
2024-09-25 16:00:00+00:00,19945.65,20068.45,19935.9,19975.02,182064,70,0
2024-09-25 20:00:00+00:00,19975.02,20041.15,19932.4,20038.0,116563,70,0
2024-09-26 00:00:00+00:00,20041.4,20114.3,20030.9,20095.8,11022,70,0
2024-09-26 04:00:00+00:00,20095.55,20179.3,20086.05,20177.8,14788,70,0
2024-09-26 08:00:00+00:00,20178.05,20298.55,20163.05,20266.05,33127,70,0
2024-09-26 12:00:00+00:00,20265.8,20319.8,20249.8,20316.05,27694,70,0
2024-09-26 16:00:00+00:00,20315.8,20336.55,19986.92,20051.05,221656,70,0
2024-09-26 20:00:00+00:00,20050.92,20161.05,19988.05,20142.2,111167,70,0
2024-09-27 00:00:00+00:00,20142.6,20180.75,20104.35,20135.0,13433,70,0
2024-09-27 04:00:00+00:00,20135.0,20149.0,20079.0,20145.5,20541,70,0
2024-09-27 08:00:00+00:00,20145.5,20156.25,20034.6,20091.75,43399,70,0
2024-09-27 12:00:00+00:00,20091.75,20194.25,20079.75,20176.0,36758,70,0
2024-09-27 16:00:00+00:00,20176.0,20191.0,20008.45,20060.2,197967,70,0
2024-09-27 20:00:00+00:00,20060.32,20091.2,19971.45,19991.55,124692,70,0
2024-09-30 00:00:00+00:00,20004.05,20092.3,19964.55,20053.7,17961,70,0
2024-09-30 04:00:00+00:00,20053.7,20054.2,19960.05,20002.45,31084,70,0
2024-09-30 08:00:00+00:00,20002.7,20052.95,19952.8,20003.45,37601,70,0
2024-09-30 12:00:00+00:00,20003.45,20023.7,19925.95,19976.2,31455,70,0
2024-09-30 16:00:00+00:00,19976.2,20068.35,19933.72,20018.85,190742,70,0
2024-09-30 20:00:00+00:00,20019.1,20092.6,19863.35,20038.95,155094,70,0
2024-10-01 00:00:00+00:00,20048.85,20087.25,20022.75,20078.25,13240,70,0
2024-10-01 04:00:00+00:00,20078.5,20140.0,20062.0,20065.1,17997,70,0
2024-10-01 08:00:00+00:00,20064.6,20100.5,20024.5,20079.5,34413,70,0
2024-10-01 12:00:00+00:00,20079.5,20133.5,20062.25,20084.5,25177,70,0
2024-10-01 16:00:00+00:00,20084.25,20089.0,19628.15,19743.9,275404,70,0
2024-10-01 20:00:00+00:00,19743.9,19889.9,19654.15,19771.25,164517,70,0
2024-10-02 00:00:00+00:00,19780.8,19792.8,19700.8,19758.8,20399,70,0
2024-10-02 04:00:00+00:00,19758.8,19804.45,19717.8,19736.8,29446,70,0
2024-10-02 08:00:00+00:00,19736.8,19780.95,19688.05,19754.55,39562,70,0
2024-10-02 12:00:00+00:00,19754.7,19820.2,19688.7,19789.45,45961,70,0
2024-10-02 16:00:00+00:00,19790.45,19898.95,19643.45,19789.95,223170,70,0
2024-10-02 20:00:00+00:00,19789.95,19882.2,19778.45,19865.8,117429,70,0
2024-10-03 00:00:00+00:00,19861.9,19879.05,19794.3,19810.8,16420,70,0
2024-10-03 04:00:00+00:00,19810.8,19825.8,19747.55,19756.05,30548,70,0
2024-10-03 08:00:00+00:00,19756.3,19784.05,19663.05,19721.3,46448,70,0
2024-10-03 12:00:00+00:00,19721.55,19806.05,19708.65,19732.8,37709,70,0
2024-10-03 16:00:00+00:00,19733.3,19925.85,19706.8,19731.1,238629,70,0
2024-10-03 20:00:00+00:00,19731.1,19829.1,19689.6,19770.2,117054,70,0
2024-10-04 00:00:00+00:00,19773.9,19810.3,19756.15,19795.55,18620,70,0
2024-10-04 04:00:00+00:00,19795.3,19884.05,19785.8,19818.9,33771,70,0
2024-10-04 08:00:00+00:00,19818.9,19855.75,19786.0,19815.0,33808,70,0
2024-10-04 12:00:00+00:00,19815.0,20057.5,19807.35,20056.75,49751,70,0
2024-10-04 16:00:00+00:00,20057.0,20075.25,19825.3,19965.55,239596,70,0
2024-10-04 20:00:00+00:00,19965.67,20057.5,19895.75,20014.1,115893,70,0
2024-10-07 00:00:00+00:00,20046.35,20085.6,20023.0,20038.5,19956,70,0
2024-10-07 04:00:00+00:00,20038.5,20084.75,20024.5,20037.5,31302,70,0
2024-10-07 08:00:00+00:00,20037.5,20040.75,19932.75,19933.25,39301,70,0
2024-10-07 12:00:00+00:00,19933.5,19962.75,19879.25,19945.5,34690,70,0
2024-10-07 16:00:00+00:00,19945.5,20007.0,19909.0,19956.5,182141,70,0
2024-10-07 20:00:00+00:00,19956.5,19983.0,19772.0,19840.85,134500,70,0
2024-10-08 00:00:00+00:00,19849.95,19856.6,19728.6,19841.85,25743,70,0
2024-10-08 04:00:00+00:00,19841.85,19846.85,19781.35,19828.1,43182,70,0
2024-10-08 08:00:00+00:00,19828.1,19853.35,19768.85,19844.1,51438,70,0
2024-10-08 12:00:00+00:00,19844.1,19929.85,19844.1,19890.35,37698,70,0
2024-10-08 16:00:00+00:00,19890.6,20098.85,19882.95,20057.6,174243,70,0
2024-10-08 20:00:00+00:00,20057.85,20153.85,19989.6,20110.45,101747,70,0
2024-10-09 00:00:00+00:00,20116.5,20124.15,20092.15,20104.9,8035,70,0
2024-10-09 04:00:00+00:00,20104.9,20116.4,20050.65,20058.65,25631,70,0
2024-10-09 08:00:00+00:00,20058.4,20079.15,20023.4,20070.4,37849,70,0
2024-10-09 12:00:00+00:00,20070.65,20119.9,20069.4,20098.9,23285,70,0
2024-10-09 16:00:00+00:00,20098.9,20275.77,20066.4,20222.9,189718,70,0
2024-10-09 20:00:00+00:00,20222.4,20309.9,20182.9,20275.75,110327,70,0
2024-10-10 00:00:00+00:00,20278.95,20291.35,20266.1,20281.1,8705,70,0
2024-10-10 04:00:00+00:00,20281.1,20303.85,20273.6,20294.35,16348,70,0
2024-10-10 08:00:00+00:00,20294.1,20304.1,20235.95,20248.1,23116,70,0
2024-10-10 12:00:00+00:00,20248.35,20295.95,20153.1,20191.1,34450,70,0
2024-10-10 16:00:00+00:00,20191.35,20338.35,20131.85,20269.1,209955,70,0
2024-10-10 20:00:00+00:00,20269.6,20303.1,20202.6,20262.95,127262,70,0
2024-10-11 00:00:00+00:00,20264.3,20296.95,20258.95,20279.95,9432,70,0
2024-10-11 04:00:00+00:00,20279.95,20300.95,20265.95,20268.45,9783,70,0
2024-10-11 08:00:00+00:00,20268.2,20268.95,20187.8,20192.7,21666,70,0
2024-10-11 12:00:00+00:00,20192.95,20249.2,20188.45,20201.95,28344,70,0
2024-10-11 16:00:00+00:00,20201.95,20314.45,20148.2,20273.7,184221,70,0
2024-10-11 20:00:00+00:00,20273.7,20327.35,20239.35,20246.2,97079,70,0
2024-10-14 00:00:00+00:00,20267.7,20292.35,20249.85,20257.6,10579,70,0
2024-10-14 04:00:00+00:00,20257.6,20261.1,20225.85,20254.85,19027,70,0
2024-10-14 08:00:00+00:00,20255.1,20325.85,20253.35,20306.6,18673,70,0
2024-10-14 12:00:00+00:00,20306.35,20381.45,20306.35,20380.1,16496,70,0
2024-10-14 16:00:00+00:00,20380.1,20521.85,20367.22,20446.1,178416,70,0
2024-10-14 20:00:00+00:00,20446.1,20508.35,20436.47,20479.95,91773,70,0
2024-10-15 00:00:00+00:00,20478.4,20485.05,20434.65,20446.8,9416,70,0
2024-10-15 04:00:00+00:00,20446.8,20481.55,20443.15,20473.55,13786,70,0
2024-10-15 08:00:00+00:00,20473.55,20474.8,20407.8,20425.55,22296,70,0
2024-10-15 12:00:00+00:00,20425.55,20474.3,20412.55,20468.3,22913,70,0
2024-10-15 16:00:00+00:00,20468.55,20503.55,20177.8,20222.8,237962,70,0
2024-10-15 20:00:00+00:00,20222.8,20235.55,20100.42,20179.95,130274,70,0
2024-10-16 00:00:00+00:00,20179.9,20222.3,20155.8,20205.8,11331,70,0
2024-10-16 04:00:00+00:00,20205.8,20244.55,20190.3,20239.3,15371,70,0
2024-10-16 08:00:00+00:00,20239.3,20246.55,20179.27,20209.8,31030,70,0
2024-10-16 12:00:00+00:00,20208.8,20235.05,20190.55,20199.8,22472,70,0
2024-10-16 16:00:00+00:00,20200.05,20227.55,20055.67,20184.8,201816,70,0
2024-10-16 20:00:00+00:00,20184.8,20228.92,20152.8,20174.4,102258,70,0
2024-10-17 00:00:00+00:00,20184.95,20187.35,20129.35,20166.35,10453,70,0
2024-10-17 04:00:00+00:00,20166.1,20177.35,20132.6,20148.1,17847,70,0
2024-10-17 08:00:00+00:00,20148.35,20347.6,20145.85,20344.85,39627,70,0
2024-10-17 12:00:00+00:00,20344.85,20412.85,20318.7,20411.6,29770,70,0
2024-10-17 16:00:00+00:00,20411.6,20446.35,20218.85,20319.35,228320,70,0
2024-10-17 20:00:00+00:00,20319.6,20353.1,20206.1,20235.95,120831,70,0
2024-10-18 00:00:00+00:00,20242.75,20268.9,20174.5,20214.9,12989,70,0
2024-10-18 04:00:00+00:00,20214.9,20246.15,20204.65,20228.15,19294,70,0
2024-10-18 08:00:00+00:00,20228.15,20321.9,20224.15,20303.4,20174,70,0
2024-10-18 12:00:00+00:00,20303.65,20340.15,20272.9,20332.65,21923,70,0
2024-10-18 16:00:00+00:00,20332.65,20384.22,20287.65,20351.15,176944,70,0
2024-10-18 20:00:00+00:00,20351.27,20378.02,20307.02,20338.0,89136,70,0
2024-10-21 00:00:00+00:00,20363.9,20388.3,20358.9,20373.05,10688,70,0
2024-10-21 04:00:00+00:00,20373.3,20382.8,20328.05,20331.8,15067,70,0
2024-10-21 08:00:00+00:00,20331.8,20334.3,20288.05,20317.05,20068,70,0
2024-10-21 12:00:00+00:00,20317.05,20320.05,20207.05,20264.3,31037,70,0
2024-10-21 16:00:00+00:00,20264.3,20417.05,20208.05,20333.55,190589,70,0
2024-10-21 20:00:00+00:00,20333.8,20409.8,20308.55,20400.9,101664,70,0
2024-10-22 00:00:00+00:00,20399.7,20408.1,20338.35,20343.1,11021,70,0
2024-10-22 04:00:00+00:00,20343.1,20349.35,20316.1,20316.35,19542,70,0
2024-10-22 08:00:00+00:00,20316.35,20353.85,20296.1,20296.6,29190,70,0
2024-10-22 12:00:00+00:00,20296.35,20310.35,20226.1,20260.1,38175,70,0
2024-10-22 16:00:00+00:00,20259.85,20384.85,20229.1,20364.6,178007,70,0
2024-10-22 20:00:00+00:00,20364.6,20466.85,20345.6,20384.45,106631,70,0
2024-10-23 00:00:00+00:00,20380.0,20403.4,20358.5,20365.25,9221,70,0
2024-10-23 04:00:00+00:00,20365.25,20397.65,20360.4,20386.65,11839,70,0
2024-10-23 08:00:00+00:00,20386.65,20410.4,20352.05,20356.9,16527,70,0
2024-10-23 12:00:00+00:00,20356.4,20373.4,20311.9,20322.4,26239,70,0
2024-10-23 16:00:00+00:00,20322.4,20330.4,20100.7,20115.77,228029,70,0
2024-10-23 20:00:00+00:00,20115.9,20167.5,19946.9,20143.35,153754,70,0
2024-10-24 00:00:00+00:00,20166.4,20209.8,20140.3,20208.8,12038,70,0
2024-10-24 04:00:00+00:00,20208.8,20215.05,20182.3,20194.55,17667,70,0
2024-10-24 08:00:00+00:00,20194.55,20273.3,20178.05,20245.05,23571,70,0
2024-10-24 12:00:00+00:00,20245.05,20298.55,20234.8,20254.8,25846,70,0
2024-10-24 16:00:00+00:00,20255.05,20277.55,20133.8,20229.05,202165,70,0
2024-10-24 20:00:00+00:00,20229.05,20285.05,20200.17,20262.65,106752,70,0
2024-10-25 00:00:00+00:00,20261.5,20277.4,20238.4,20271.65,8286,70,0
2024-10-25 04:00:00+00:00,20271.9,20287.5,20239.4,20246.4,13480,70,0
2024-10-25 08:00:00+00:00,20246.4,20318.15,20241.9,20294.4,22936,70,0
2024-10-25 12:00:00+00:00,20294.4,20367.65,20284.15,20366.15,19461,70,0
2024-10-25 16:00:00+00:00,20365.9,20581.15,20364.65,20513.15,193286,70,0
2024-10-25 20:00:00+00:00,20513.15,20515.9,20334.4,20350.0,153608,70,0
2024-10-28 00:00:00+00:00,20413.25,20531.25,20409.75,20497.65,20866,70,0
2024-10-28 04:00:00+00:00,20497.4,20540.65,20483.4,20538.4,20451,70,0
2024-10-28 08:00:00+00:00,20538.4,20549.9,20484.4,20543.4,27750,70,0
2024-10-28 12:00:00+00:00,20543.9,20558.9,20464.15,20542.15,33125,70,0
2024-10-28 16:00:00+00:00,20541.65,20548.05,20399.4,20413.15,196229,70,0
2024-10-28 20:00:00+00:00,20413.02,20443.15,20368.02,20389.75,105668,70,0
2024-10-29 00:00:00+00:00,20398.5,20408.15,20361.4,20397.9,8852,70,0
2024-10-29 04:00:00+00:00,20398.15,20404.15,20336.4,20376.9,20457,70,0
2024-10-29 08:00:00+00:00,20377.15,20439.65,20366.9,20411.15,27061,70,0
2024-10-29 12:00:00+00:00,20411.15,20414.4,20346.4,20373.65,39007,70,0
2024-10-29 16:00:00+00:00,20373.65,20543.27,20317.4,20533.4,196237,70,0
2024-10-29 20:00:00+00:00,20533.4,20644.9,20532.77,20592.5,125001,70,0
2024-10-30 00:00:00+00:00,20618.8,20661.45,20606.7,20654.95,12338,70,0
2024-10-30 04:00:00+00:00,20654.95,20675.95,20601.7,20608.7,17757,70,0
2024-10-30 08:00:00+00:00,20608.7,20652.2,20590.7,20610.45,25782,70,0
2024-10-30 12:00:00+00:00,20610.2,20642.1,20561.6,20576.1,40018,70,0
2024-10-30 16:00:00+00:00,20576.1,20587.57,20430.35,20533.45,210599,70,0
2024-10-30 20:00:00+00:00,20533.45,20541.82,20360.8,20396.05,150440,70,0
2024-10-31 00:00:00+00:00,20361.0,20386.25,20293.65,20328.15,18233,70,0
2024-10-31 04:00:00+00:00,20328.15,20354.4,20294.65,20299.9,18049,70,0
2024-10-31 08:00:00+00:00,20299.9,20302.15,20178.4,20208.9,37488,70,0
2024-10-31 12:00:00+00:00,20208.65,20304.5,20183.9,20272.65,43987,70,0
2024-10-31 16:00:00+00:00,20272.4,20286.15,19915.75,19978.65,246652,70,0
2024-10-31 20:00:00+00:00,19978.65,20023.4,19900.5,19929.75,165049,70,0
2024-11-01 00:00:00+00:00,19963.35,20005.75,19944.25,19967.0,17827,70,0
2024-11-01 04:00:00+00:00,19967.0,19995.5,19912.0,19975.75,23204,70,0
2024-11-01 08:00:00+00:00,19975.75,20020.75,19949.5,19990.0,31695,70,0
2024-11-01 12:00:00+00:00,19990.5,20040.15,19972.25,20007.3,35412,70,0
2024-11-01 16:00:00+00:00,20007.05,20180.65,19951.65,20104.25,234781,70,0
2024-11-01 20:00:00+00:00,20104.37,20145.75,20016.62,20063.35,153086,70,0
2024-11-04 00:00:00+00:00,20018.6,20101.5,19971.97,20092.25,22586,70,0
2024-11-04 04:00:00+00:00,20092.25,20150.25,20085.5,20131.75,17520,70,0
2024-11-04 08:00:00+00:00,20132.0,20149.0,20037.0,20067.0,36466,70,0
2024-11-04 12:00:00+00:00,20067.0,20113.75,19992.0,20048.25,37750,10,0
2024-11-04 16:00:00+00:00,20048.5,20128.0,19915.0,20029.25,228992,70,0
2024-11-04 20:00:00+00:00,20029.5,20076.5,19971.25,20014.85,129566,70,0
2024-11-05 00:00:00+00:00,20019.3,20031.55,19945.95,20003.7,21164,70,0
2024-11-05 04:00:00+00:00,20003.2,20019.45,19983.95,20006.45,17029,70,0
2024-11-05 08:00:00+00:00,20006.2,20070.7,20002.95,20053.7,25994,70,0
2024-11-05 12:00:00+00:00,20053.7,20074.7,20016.95,20030.35,26682,70,0
2024-11-05 16:00:00+00:00,20030.35,20277.07,20012.1,20256.45,190328,70,0
2024-11-05 20:00:00+00:00,20256.45,20289.0,20184.7,20266.35,125454,70,0
2024-11-06 00:00:00+00:00,20265.85,20330.0,20229.1,20308.1,33967,70,0
2024-11-06 04:00:00+00:00,20307.85,20545.5,20300.6,20489.85,66315,70,0
2024-11-06 08:00:00+00:00,20489.85,20633.35,20478.35,20631.6,60328,70,0
2024-11-06 12:00:00+00:00,20631.75,20631.75,20483.65,20590.25,57990,70,0
2024-11-06 16:00:00+00:00,20590.25,20728.75,20547.75,20720.25,243554,80,0
2024-11-06 20:00:00+00:00,20720.5,20837.9,20714.8,20825.9,124160,70,0
2024-11-07 00:00:00+00:00,20823.6,20825.75,20766.5,20817.0,23148,70,0
2024-11-07 04:00:00+00:00,20816.75,20858.75,20801.0,20853.75,21712,70,0
2024-11-07 08:00:00+00:00,20854.25,20870.75,20812.75,20844.25,33674,70,0
2024-11-07 12:00:00+00:00,20844.25,20905.45,20828.1,20892.45,28766,70,0
2024-11-07 16:00:00+00:00,20892.45,21105.2,20889.2,21101.55,184797,70,0
2024-11-07 20:00:00+00:00,21101.62,21160.8,21057.87,21130.1,122505,70,0
2024-11-08 00:00:00+00:00,21130.9,21142.3,21108.15,21137.05,12306,70,0
2024-11-08 04:00:00+00:00,21137.05,21168.3,21124.05,21157.05,12484,70,0
2024-11-08 08:00:00+00:00,21157.05,21162.55,21115.15,21130.2,26106,70,0
2024-11-08 12:00:00+00:00,21130.3,21130.3,21026.8,21067.65,38023,70,0
2024-11-08 16:00:00+00:00,21067.65,21141.37,21061.65,21123.05,180472,70,0
2024-11-08 20:00:00+00:00,21123.05,21170.05,21114.55,21131.15,108092,70,0
2024-11-11 00:00:00+00:00,21194.4,21223.4,21170.4,21195.35,17334,35,0
2024-11-11 04:00:00+00:00,21195.35,21212.35,21174.85,21201.1,10908,70,0
2024-11-11 08:00:00+00:00,21201.1,21235.0,21190.6,21205.85,18483,70,0
2024-11-11 12:00:00+00:00,21206.1,21253.95,21181.85,21214.8,21196,70,0
2024-11-11 16:00:00+00:00,21214.8,21220.55,21069.05,21070.4,198865,70,0
2024-11-11 20:00:00+00:00,21070.15,21145.65,21010.65,21122.75,119100,70,0
2024-11-12 00:00:00+00:00,21125.8,21165.2,21113.45,21145.95,15073,70,0
2024-11-12 04:00:00+00:00,21146.2,21157.2,21105.95,21111.45,18888,70,0
2024-11-12 08:00:00+00:00,21111.45,21156.2,21094.55,21100.45,28644,70,0
2024-11-12 12:00:00+00:00,21100.2,21149.25,21045.3,21137.65,42452,70,0
2024-11-12 16:00:00+00:00,21137.9,21168.2,20983.32,20984.0,214885,70,0
2024-11-12 20:00:00+00:00,20984.07,21127.45,20971.95,21093.05,133926,70,0
2024-11-13 00:00:00+00:00,21094.9,21098.65,21052.55,21058.55,16312,70,0
2024-11-13 04:00:00+00:00,21058.55,21080.05,21035.8,21039.3,15249,70,0
2024-11-13 08:00:00+00:00,21039.3,21102.05,21020.05,21095.3,23946,70,0
2024-11-13 12:00:00+00:00,21095.3,21161.9,21033.5,21090.5,41278,70,0
2024-11-13 16:00:00+00:00,21090.5,21150.45,20975.75,21146.5,224071,80,0
2024-11-13 20:00:00+00:00,21146.37,21184.05,21039.75,21082.9,138672,70,0
2024-11-14 00:00:00+00:00,21077.55,21094.2,21048.7,21052.95,14233,70,0
2024-11-14 04:00:00+00:00,21052.95,21070.45,21025.3,21040.95,18097,70,0
2024-11-14 08:00:00+00:00,21040.7,21110.2,21009.7,21072.95,29704,70,0
2024-11-14 12:00:00+00:00,21072.95,21102.7,21032.65,21053.9,35379,70,0
2024-11-14 16:00:00+00:00,21053.9,21093.9,20938.25,21004.25,233199,70,0
2024-11-14 20:00:00+00:00,21004.25,21041.75,20871.85,20902.55,168736,70,0
2024-11-15 00:00:00+00:00,20897.75,20901.25,20804.9,20812.4,22327,70,0
2024-11-15 04:00:00+00:00,20812.15,20849.9,20806.15,20820.65,19913,70,0
2024-11-15 08:00:00+00:00,20820.9,20820.9,20716.9,20742.15,41481,70,0
2024-11-15 12:00:00+00:00,20741.9,20787.9,20721.7,20733.1,33998,70,0
2024-11-15 16:00:00+00:00,20733.1,20739.6,20372.77,20409.65,255942,70,0
2024-11-15 20:00:00+00:00,20409.52,20447.85,20331.85,20429.2,166293,70,0
2024-11-18 00:00:00+00:00,20435.7,20562.6,20408.95,20542.1,20215,70,0
2024-11-18 04:00:00+00:00,20541.85,20589.35,20526.1,20572.35,15989,70,0
2024-11-18 08:00:00+00:00,20572.1,20584.6,20477.6,20490.85,39179,70,0
2024-11-18 12:00:00+00:00,20490.6,20523.1,20414.3,20487.8,40039,70,0
2024-11-18 16:00:00+00:00,20487.55,20657.55,20433.55,20595.35,214646,70,0
2024-11-18 20:00:00+00:00,20595.35,20602.22,20523.85,20564.2,130494,70,0
2024-11-19 00:00:00+00:00,20570.85,20586.75,20540.0,20574.0,15153,70,0
2024-11-19 04:00:00+00:00,20574.0,20632.75,20567.25,20605.25,16991,70,0
2024-11-19 08:00:00+00:00,20605.5,20624.25,20428.75,20477.75,63110,70,0
2024-11-19 12:00:00+00:00,20477.5,20559.75,20352.45,20358.45,69167,70,0
2024-11-19 16:00:00+00:00,20359.2,20644.87,20318.95,20631.0,220017,70,0
2024-11-19 20:00:00+00:00,20630.75,20728.37,20615.25,20690.1,132298,70,0
2024-11-20 00:00:00+00:00,20693.6,20773.0,20688.6,20728.5,18449,70,0
2024-11-20 04:00:00+00:00,20728.75,20753.25,20711.25,20734.72,17603,70,0
2024-11-20 08:00:00+00:00,20734.72,20781.72,20721.47,20733.47,38348,76,0
2024-11-20 12:00:00+00:00,20733.22,20767.45,20691.82,20731.2,37588,76,0
2024-11-20 16:00:00+00:00,20731.2,20731.2,20416.2,20545.94,212878,76,0
2024-11-20 20:00:00+00:00,20545.57,20724.82,20495.32,20675.4,141288,70,0
2024-11-21 00:00:00+00:00,20670.35,20699.72,20557.97,20568.72,30818,75,0
2024-11-21 04:00:00+00:00,20568.97,20641.47,20565.47,20615.47,23797,76,0
2024-11-21 08:00:00+00:00,20615.47,20662.47,20532.57,20584.22,73965,76,0
2024-11-21 12:00:00+00:00,20584.22,20809.45,20569.47,20781.2,66428,76,0
2024-11-21 16:00:00+00:00,20781.95,20842.45,20451.45,20756.22,293405,76,0
2024-11-21 20:00:00+00:00,20756.22,20815.47,20727.75,20730.85,144248,70,0
2024-11-22 00:00:00+00:00,20721.5,20751.37,20698.37,20739.12,20665,76,0
2024-11-22 04:00:00+00:00,20738.87,20783.62,20699.87,20704.87,27276,76,0
2024-11-22 08:00:00+00:00,20704.87,20770.37,20632.77,20696.62,56467,76,0
2024-11-22 12:00:00+00:00,20697.12,20755.1,20633.12,20724.1,56767,76,0
2024-11-22 16:00:00+00:00,20724.1,20811.6,20661.1,20793.87,250517,76,0
2024-11-22 20:00:00+00:00,20793.62,20819.15,20734.37,20818.25,132612,70,0
2024-11-25 00:00:00+00:00,20881.75,20915.12,20876.72,20900.12,11952,75,0
2024-11-25 04:00:00+00:00,20900.12,20919.37,20899.37,20918.12,9653,76,0
2024-11-25 08:00:00+00:00,20918.12,20918.12,20878.62,20914.37,19806,76,0
2024-11-25 12:00:00+00:00,20914.37,20973.85,20889.65,20945.85,25904,76,0
2024-11-25 16:00:00+00:00,20945.85,21027.6,20727.37,20798.62,250115,76,0
2024-11-25 20:00:00+00:00,20798.49,20865.9,20772.62,20848.75,131389,70,0
2024-11-26 00:00:00+00:00,20848.45,20883.82,20705.82,20793.57,44310,75,0
2024-11-26 04:00:00+00:00,20793.57,20864.07,20793.07,20833.07,22415,76,0
2024-11-26 08:00:00+00:00,20833.32,20874.82,20802.32,20836.32,41167,76,0
2024-11-26 12:00:00+00:00,20836.32,20906.55,20812.07,20893.05,38354,76,0
2024-11-26 16:00:00+00:00,20893.05,20976.1,20870.55,20932.07,218191,76,0
2024-11-26 20:00:00+00:00,20932.19,20959.44,20855.07,20949.7,122270,70,0
2024-11-27 00:00:00+00:00,20942.4,20949.77,20919.87,20946.77,12140,76,0
2024-11-27 04:00:00+00:00,20947.02,20970.02,20904.02,20910.77,14268,76,0
2024-11-27 08:00:00+00:00,20910.77,20941.52,20856.27,20873.52,33809,76,0
2024-11-27 12:00:00+00:00,20873.27,20923.0,20857.77,20906.25,28385,76,0
2024-11-27 16:00:00+00:00,20906.25,20908.0,20630.02,20697.77,214145,76,0
2024-11-27 20:00:00+00:00,20697.77,20784.52,20690.27,20761.7,119780,70,0
2024-11-28 00:00:00+00:00,20767.7,20812.57,20765.2,20795.07,10502,26,0
2024-11-28 04:00:00+00:00,20795.32,20819.82,20792.82,20815.57,8940,76,0
2024-11-28 08:00:00+00:00,20815.82,20827.82,20801.57,20815.32,12023,76,0
2024-11-28 12:00:00+00:00,20815.32,20836.05,20806.82,20829.3,10287,76,0
2024-11-28 16:00:00+00:00,20829.05,20867.67,20823.05,20848.19,19971,76,0
2024-11-28 20:00:00+00:00,20848.19,20848.19,20848.19,20848.19,1,76,0
2024-11-29 00:00:00+00:00,20844.25,20851.87,20782.62,20836.37,17420,76,0
2024-11-29 04:00:00+00:00,20836.37,20897.37,20835.87,20862.12,15200,76,0
2024-11-29 08:00:00+00:00,20862.37,20872.62,20825.62,20857.37,24716,76,0
2024-11-29 12:00:00+00:00,20857.12,20868.87,20773.6,20789.6,27115,76,0
2024-11-29 16:00:00+00:00,20789.85,20977.99,20766.6,20951.12,174653,76,0
2024-11-29 20:00:00+00:00,20951.74,20956.12,20941.37,20951.87,5242,76,0
2024-12-02 00:00:00+00:00,20966.35,20971.35,20911.07,20925.72,23047,76,0
2024-12-02 04:00:00+00:00,20925.97,20935.47,20914.72,20923.22,15107,76,0
2024-12-02 08:00:00+00:00,20922.97,20942.72,20909.22,20921.47,16683,76,0
2024-12-02 12:00:00+00:00,20921.47,21004.95,20909.22,20995.7,26169,76,0
2024-12-02 16:00:00+00:00,20995.7,21228.59,20992.95,21196.97,208562,76,0
2024-12-02 20:00:00+00:00,21197.09,21209.34,21145.22,21179.35,122177,70,0
2024-12-03 00:00:00+00:00,21182.95,21199.57,21176.32,21188.82,10602,76,0
2024-12-03 04:00:00+00:00,21189.07,21211.82,21182.32,21203.82,8803,0,0
2024-12-03 08:00:00+00:00,21203.82,21215.82,21184.07,21190.57,16584,76,0
2024-12-03 12:00:00+00:00,21190.57,21197.9,21160.82,21168.4,19361,76,0
2024-12-03 16:00:00+00:00,21168.65,21238.12,21109.05,21215.94,209937,76,0
2024-12-03 20:00:00+00:00,21215.82,21301.6,21186.69,21297.45,107579,70,0
2024-12-04 00:00:00+00:00,21293.9,21311.77,21281.77,21300.02,12499,75,0
2024-12-04 04:00:00+00:00,21299.77,21344.02,21299.77,21332.77,9667,76,0
2024-12-04 08:00:00+00:00,21332.77,21378.52,21313.52,21375.02,19181,76,0
2024-12-04 12:00:00+00:00,21375.27,21425.0,21362.27,21423.75,21374,76,0
2024-12-04 16:00:00+00:00,21424.0,21471.62,21363.62,21457.52,195798,76,0
2024-12-04 20:00:00+00:00,21457.27,21524.02,21415.77,21491.9,112927,70,0
2024-12-05 00:00:00+00:00,21485.25,21499.37,21471.37,21490.37,9230,76,0
2024-12-05 04:00:00+00:00,21490.37,21496.37,21479.12,21490.62,7408,76,0
2024-12-05 08:00:00+00:00,21490.62,21495.62,21465.12,21483.12,15243,76,0
2024-12-05 12:00:00+00:00,21483.12,21513.6,21476.12,21502.35,15840,76,0
2024-12-05 16:00:00+00:00,21502.35,21542.92,21463.72,21535.37,192134,76,0
2024-12-05 20:00:00+00:00,21535.62,21536.12,21412.62,21428.75,138867,70,0
2024-12-06 00:00:00+00:00,21423.5,21444.62,21399.87,21438.37,11303,75,0
2024-12-06 04:00:00+00:00,21438.62,21456.87,21434.62,21452.37,9685,76,0
2024-12-06 08:00:00+00:00,21452.37,21470.62,21439.62,21446.12,12385,76,0
2024-12-06 12:00:00+00:00,21446.37,21505.75,21411.65,21466.6,26825,76,0
2024-12-06 16:00:00+00:00,21466.6,21621.97,21461.6,21595.37,208839,76,0
2024-12-06 20:00:00+00:00,21595.37,21647.12,21590.82,21612.75,120289,70,0
2024-12-09 00:00:00+00:00,21622.3,21657.32,21612.82,21638.82,14206,75,0
2024-12-09 04:00:00+00:00,21639.07,21644.32,21620.92,21633.92,9093,76,0
2024-12-09 08:00:00+00:00,21634.17,21692.77,21613.17,21620.67,24800,76,0
2024-12-09 12:00:00+00:00,21620.92,21623.42,21575.17,21607.65,24831,76,0
2024-12-09 16:00:00+00:00,21607.65,21636.9,21427.52,21478.42,220199,76,0
2024-12-09 20:00:00+00:00,21478.29,21540.17,21432.17,21464.8,123417,70,0
2024-12-10 00:00:00+00:00,21472.75,21479.12,21453.37,21462.87,11977,76,0
2024-12-10 04:00:00+00:00,21462.87,21471.12,21446.62,21458.62,8486,76,0
2024-12-10 08:00:00+00:00,21458.62,21462.87,21442.27,21455.87,12506,76,0
2024-12-10 12:00:00+00:00,21455.87,21532.35,21452.87,21496.35,16756,76,0
2024-12-10 16:00:00+00:00,21496.35,21601.35,21439.12,21464.62,216736,76,0
2024-12-10 20:00:00+00:00,21464.74,21479.49,21348.74,21431.25,136776,70,0
2024-12-11 00:00:00+00:00,21434.4,21439.87,21407.52,21427.77,9381,76,0
2024-12-11 04:00:00+00:00,21427.77,21436.77,21412.77,21429.02,8408,76,0
2024-12-11 08:00:00+00:00,21429.02,21455.02,21404.52,21447.77,17448,76,0
2024-12-11 12:00:00+00:00,21447.77,21534.75,21430.27,21528.0,22473,76,0
2024-12-11 16:00:00+00:00,21527.75,21788.14,21525.25,21779.64,225155,76,0
2024-12-11 20:00:00+00:00,21779.39,21817.82,21749.05,21754.4,108394,70,0
2024-12-12 00:00:00+00:00,21756.9,21768.77,21744.27,21754.27,9679,76,0
2024-12-12 04:00:00+00:00,21754.27,21766.52,21750.77,21766.52,7107,76,0
2024-12-12 08:00:00+00:00,21766.52,21774.02,21734.27,21737.27,13016,76,0
2024-12-12 12:00:00+00:00,21737.27,21751.12,21651.08,21686.23,28944,76,0
2024-12-12 16:00:00+00:00,21686.48,21744.77,21626.73,21742.52,195028,76,0
2024-12-12 20:00:00+00:00,21742.64,21748.64,21610.12,21638.85,120710,70,0
2024-12-13 00:00:00+00:00,21747.55,21779.92,21726.17,21743.17,15746,75,0
2024-12-13 04:00:00+00:00,21742.92,21743.17,21707.17,21732.17,13676,76,0
2024-12-13 08:00:00+00:00,21732.17,21802.92,21731.67,21802.17,20994,76,0
2024-12-13 12:00:00+00:00,21802.17,21863.15,21797.17,21841.15,23095,76,0
2024-12-13 16:00:00+00:00,21841.15,21931.0,21688.8,21711.07,243071,20,0
2024-12-13 20:00:00+00:00,21710.82,21854.32,21708.32,21792.95,76885,70,0
2024-12-16 00:00:00+00:00,21827.75,21856.22,21804.72,21855.87,15118,76,0
2024-12-16 04:00:00+00:00,21855.62,21864.87,21830.62,21836.37,11531,76,0
2024-12-16 08:00:00+00:00,21836.12,21896.12,21835.62,21894.87,20283,76,0
2024-12-16 12:00:00+00:00,21894.87,21963.6,21886.87,21960.6,23827,76,0
2024-12-16 16:00:00+00:00,21960.6,22135.49,21930.35,22134.87,192825,76,0
2024-12-16 20:00:00+00:00,22134.87,22204.74,22128.62,22164.7,107612,70,0
2024-12-17 00:00:00+00:00,22172.2,22181.32,22140.67,22178.07,13358,75,0
2024-12-17 04:00:00+00:00,22178.07,22195.82,22170.57,22175.47,10866,76,0
2024-12-17 08:00:00+00:00,22175.47,22180.97,22098.47,22162.22,32415,76,0
2024-12-17 12:00:00+00:00,22162.47,22197.57,22098.55,22126.8,36718,76,0
2024-12-17 16:00:00+00:00,22126.55,22163.42,22021.3,22118.87,270641,76,0
2024-12-17 20:00:00+00:00,22118.87,22126.69,22030.87,22081.95,146972,70,0
2024-12-18 00:00:00+00:00,22085.75,22102.17,21986.72,22100.67,16724,75,0
2024-12-18 04:00:00+00:00,22100.67,22122.62,22080.07,22120.87,12048,76,0
2024-12-18 08:00:00+00:00,22120.87,22139.87,22094.62,22130.62,21131,76,0
2024-12-18 12:00:00+00:00,22130.62,22167.87,22064.7,22067.85,26683,76,0
2024-12-18 16:00:00+00:00,22068.1,22132.35,21990.3,22080.87,204423,76,0
2024-12-18 20:00:00+00:00,22080.87,22092.37,21093.42,21242.6,275484,70,0
2024-12-19 00:00:00+00:00,21298.7,21337.32,21241.92,21290.57,40898,75,0
2024-12-19 04:00:00+00:00,21290.57,21296.32,21215.57,21226.82,30585,76,0
2024-12-19 08:00:00+00:00,21227.07,21384.82,21224.82,21356.07,56466,76,0
2024-12-19 12:00:00+00:00,21356.07,21468.03,21332.07,21411.28,58353,76,0
2024-12-19 16:00:00+00:00,21411.53,21485.53,21220.57,21306.57,332406,76,0
2024-12-19 20:00:00+00:00,21306.57,21386.32,21132.42,21195.95,196744,70,0
2024-12-20 00:00:00+00:00,21199.1,21213.22,21044.47,21058.72,36796,75,0
2024-12-20 04:00:00+00:00,21058.72,21064.72,20991.97,21051.22,31561,76,0
2024-12-20 08:00:00+00:00,21051.22,21089.22,20895.47,20911.47,59384,76,0
2024-12-20 12:00:00+00:00,20911.72,21022.95,20796.32,21007.45,88900,76,0
2024-12-20 16:00:00+00:00,21007.95,21601.97,20950.7,21551.22,316673,76,0
2024-12-20 20:00:00+00:00,21551.22,21561.47,21302.6,21342.35,216134,70,0
2024-12-23 00:00:00+00:00,21377.45,21487.82,21377.45,21480.57,33207,75,0
2024-12-23 04:00:00+00:00,21480.32,21525.32,21448.07,21522.57,23958,76,0
2024-12-23 08:00:00+00:00,21522.32,21535.57,21448.32,21460.07,47697,76,0
2024-12-23 12:00:00+00:00,21459.82,21473.57,21338.55,21366.8,60778,76,0
2024-12-23 16:00:00+00:00,21367.05,21520.57,21271.42,21489.07,248589,76,0
2024-12-23 20:00:00+00:00,21488.82,21570.82,21460.32,21531.45,126586,70,0
2024-12-24 00:00:00+00:00,21546.15,21558.02,21506.37,21536.02,17543,75,0
2024-12-24 04:00:00+00:00,21536.02,21557.02,21524.27,21543.52,12665,76,0
2024-12-24 08:00:00+00:00,21543.52,21600.52,21535.77,21595.02,19384,76,0
2024-12-24 12:00:00+00:00,21595.02,21624.35,21562.77,21623.0,21270,76,0
2024-12-24 16:00:00+00:00,21623.0,21831.52,21596.75,21830.27,216452,76,0
2024-12-24 20:00:00+00:00,21830.02,21846.77,21820.39,21843.77,6238,76,0
2024-12-26 00:00:00+00:00,21854.9,21886.15,21846.02,21862.02,13934,75,0
2024-12-26 04:00:00+00:00,21862.02,21913.02,21853.52,21892.02,11465,76,0
2024-12-26 08:00:00+00:00,21892.02,21900.02,21723.07,21734.07,30757,76,0
2024-12-26 12:00:00+00:00,21734.07,21778.07,21694.82,21752.03,39096,76,0
2024-12-26 16:00:00+00:00,21751.78,21876.07,21671.53,21807.32,193504,76,0
2024-12-26 20:00:00+00:00,21806.82,21861.82,21781.42,21784.2,120480,70,0
2024-12-27 00:00:00+00:00,21789.8,21811.42,21754.42,21766.67,16914,76,0
2024-12-27 04:00:00+00:00,21766.67,21775.42,21746.42,21756.42,15221,76,0
2024-12-27 08:00:00+00:00,21756.27,21757.67,21702.17,21716.17,27487,76,0
2024-12-27 12:00:00+00:00,21715.92,21759.17,21689.15,21697.65,25276,76,0
2024-12-27 16:00:00+00:00,21697.4,21702.9,21303.42,21376.17,301995,76,0
2024-12-27 20:00:00+00:00,21376.42,21537.95,21360.42,21524.8,147916,70,0
2024-12-30 00:00:00+00:00,21525.55,21555.02,21484.02,21522.42,22245,75,0
2024-12-30 04:00:00+00:00,21522.17,21524.42,21462.67,21471.77,16967,76,0
2024-12-30 08:00:00+00:00,21471.77,21501.92,21426.77,21457.47,35079,76,0
2024-12-30 12:00:00+00:00,21457.47,21480.72,21172.95,21192.45,57981,76,0
2024-12-30 16:00:00+00:00,21192.95,21382.72,21069.45,21369.22,263420,76,0
2024-12-30 20:00:00+00:00,21368.97,21383.72,21166.72,21203.85,148066,70,0
2024-12-31 00:00:00+00:00,21195.65,21239.77,21160.87,21234.77,13173,75,0
2024-12-31 04:00:00+00:00,21234.62,21272.52,21194.27,21224.77,20239,76,0
2024-12-31 08:00:00+00:00,21224.62,21328.27,21178.02,21305.77,28455,76,0
2024-12-31 12:00:00+00:00,21306.02,21342.27,21254.0,21278.5,32554,76,0
2024-12-31 16:00:00+00:00,21278.5,21305.75,21027.02,21131.27,247531,76,0
2024-12-31 20:00:00+00:00,21131.27,21155.02,20999.77,21052.7,171844,70,0
2025-01-02 00:00:00+00:00,21086.5,21144.37,20945.62,21119.12,40385,75,0
2025-01-02 04:00:00+00:00,21119.12,21200.37,21111.37,21194.62,26020,76,0
2025-01-02 08:00:00+00:00,21194.62,21248.62,21142.37,21226.37,51239,76,0
2025-01-02 12:00:00+00:00,21226.12,21314.37,21183.62,21241.08,56654,76,0
2025-01-02 16:00:00+00:00,21241.08,21267.33,20806.92,20897.87,366373,76,0
2025-01-02 20:00:00+00:00,20898.12,21026.37,20810.37,21005.75,210935,70,0
2025-01-03 00:00:00+00:00,21006.9,21072.27,20967.52,21048.02,18558,75,0
2025-01-03 04:00:00+00:00,21048.02,21083.02,21030.77,21049.27,16634,76,0
2025-01-03 08:00:00+00:00,21049.27,21111.02,21034.27,21094.77,35973,76,0
2025-01-03 12:00:00+00:00,21094.77,21096.5,21032.02,21050.75,29777,76,0
2025-01-03 16:00:00+00:00,21051.0,21313.37,21051.0,21292.89,237493,76,0
2025-01-03 20:00:00+00:00,21292.77,21380.39,21272.02,21311.9,127570,70,0
2025-01-06 00:00:00+00:00,21360.6,21369.6,21305.57,21327.47,23670,75,0
2025-01-06 04:00:00+00:00,21327.47,21378.22,21310.47,21366.22,15649,76,0
2025-01-06 08:00:00+00:00,21366.22,21499.72,21357.47,21496.47,27099,76,0
2025-01-06 12:00:00+00:00,21496.22,21587.22,21469.22,21576.2,52185,76,0
2025-01-06 16:00:00+00:00,21576.45,21723.45,21469.2,21622.22,240021,76,0
2025-01-06 20:00:00+00:00,21622.34,21623.47,21475.82,21610.1,168146,70,0
2025-01-07 00:00:00+00:00,21613.2,21627.22,21579.07,21600.57,15612,76,0
2025-01-07 04:00:00+00:00,21600.57,21617.57,21492.57,21537.82,22564,76,0
2025-01-07 08:00:00+00:00,21537.82,21607.07,21516.32,21560.32,36746,76,0
2025-01-07 12:00:00+00:00,21560.32,21611.55,21549.32,21611.55,36664,76,0
2025-01-07 16:00:00+00:00,21611.55,21638.8,21221.62,21279.87,348857,76,0
2025-01-07 20:00:00+00:00,21279.62,21351.62,21114.87,21210.45,168173,70,0
2025-01-08 00:00:00+00:00,21209.4,21271.77,21181.12,21266.27,15171,75,0
2025-01-08 04:00:00+00:00,21266.52,21273.77,21223.02,21268.02,17797,76,0
2025-01-08 08:00:00+00:00,21268.02,21272.27,21198.52,21266.77,32742,76,0
2025-01-08 12:00:00+00:00,21266.77,21284.77,21058.27,21213.99,109515,76,0
2025-01-08 16:00:00+00:00,21212.49,21255.24,21003.27,21105.02,48906,76,0
2025-01-08 20:00:00+00:00,21104.27,21267.27,21102.52,21162.4,36638,70,0
2025-01-09 00:00:00+00:00,21166.7,21186.07,21111.07,21153.57,9926,75,0
2025-01-09 04:00:00+00:00,21153.82,21186.57,21133.32,21164.97,10373,76,0
2025-01-09 08:00:00+00:00,21164.72,21169.47,21059.22,21151.97,17457,76,0
2025-01-09 12:00:00+00:00,21152.97,21176.19,21118.22,21146.94,18327,76,0
2025-01-09 16:00:00+00:00,21146.69,21152.29,21107.19,21143.79,3369,82,0
2025-01-10 00:00:00+00:00,21138.65,21152.52,21024.02,21091.27,14722,76,0
2025-01-10 04:00:00+00:00,21091.52,21172.27,21083.27,21145.52,11794,76,0
2025-01-10 08:00:00+00:00,21145.52,21145.52,21078.27,21121.77,18182,76,0
2025-01-10 12:00:00+00:00,21121.77,21216.62,20890.09,20961.84,23268,76,0
2025-01-10 16:00:00+00:00,20960.59,21040.99,20721.48,20879.27,46415,76,0
2025-01-10 20:00:00+00:00,20877.52,21020.77,20828.52,20842.4,36865,70,0
2025-01-13 00:00:00+00:00,20858.45,20890.32,20743.07,20780.07,15128,76,0
2025-01-13 04:00:00+00:00,20779.42,20802.07,20714.07,20741.67,15821,76,0
2025-01-13 08:00:00+00:00,20741.67,20783.57,20548.42,20575.57,23800,76,0
2025-01-13 12:00:00+00:00,20575.57,20699.32,20563.32,20663.79,26799,76,0
2025-01-13 16:00:00+00:00,20663.79,20748.32,20557.54,20743.82,45123,76,0
2025-01-13 20:00:00+00:00,20744.07,20849.35,20689.82,20844.95,34589,70,0
2025-01-14 00:00:00+00:00,20877.75,20943.37,20867.47,20881.37,12408,70,0
2025-01-14 04:00:00+00:00,20881.12,20913.87,20852.12,20912.87,11993,76,0
2025-01-14 08:00:00+00:00,20912.62,20998.37,20876.37,20955.62,18715,76,0
2025-01-14 12:00:00+00:00,20955.62,20992.84,20799.09,20911.34,24286,76,0
2025-01-14 16:00:00+00:00,20912.09,20983.84,20646.87,20717.62,44746,76,0
2025-01-14 20:00:00+00:00,20717.37,20865.87,20629.37,20831.25,35267,70,0
2025-01-15 00:00:00+00:00,20827.1,20829.1,20794.97,20810.22,7325,76,0
2025-01-15 04:00:00+00:00,20810.22,20813.47,20783.72,20799.72,7123,76,0
2025-01-15 08:00:00+00:00,20799.47,20828.47,20766.19,20816.72,11599,76,0
2025-01-15 12:00:00+00:00,20817.97,21185.19,20790.22,21137.19,19851,76,0
2025-01-15 16:00:00+00:00,21135.44,21261.94,21042.19,21176.47,42554,76,0
2025-01-15 20:00:00+00:00,21176.72,21306.42,21176.47,21230.85,30766,70,0
2025-01-16 00:00:00+00:00,21243.6,21303.72,21235.07,21257.47,8898,76,0
2025-01-16 04:00:00+00:00,21257.47,21268.47,21212.22,21223.22,10418,76,0
2025-01-16 08:00:00+00:00,21222.97,21419.97,21209.47,21330.22,23522,76,0
2025-01-16 12:00:00+00:00,21330.22,21374.22,21276.19,21330.79,23001,76,0
2025-01-16 16:00:00+00:00,21330.54,21354.79,21173.54,21241.07,43066,76,0
2025-01-16 20:00:00+00:00,21241.32,21268.07,21027.07,21068.7,36264,70,0
2025-01-17 00:00:00+00:00,21073.95,21131.07,21066.32,21122.57,9008,75,0
2025-01-17 04:00:00+00:00,21122.57,21166.32,21103.32,21155.57,10732,76,0
2025-01-17 08:00:00+00:00,21155.57,21213.32,21110.17,21200.07,16046,76,0
2025-01-17 12:00:00+00:00,21200.07,21402.29,21164.32,21398.29,20267,76,0
2025-01-17 16:00:00+00:00,21400.29,21533.79,21337.78,21482.32,43102,76,0
2025-01-17 20:00:00+00:00,21482.32,21527.82,21428.1,21445.45,33333,70,0
2025-01-20 00:00:00+00:00,21461.95,21481.2,21391.17,21428.07,13430,75,0
2025-01-20 04:00:00+00:00,21428.32,21438.32,21410.32,21432.32,9385,76,0
2025-01-20 08:00:00+00:00,21433.82,21501.57,21428.82,21486.32,13932,76,0
2025-01-20 12:00:00+00:00,21486.32,21556.79,21403.04,21552.54,18121,76,0
2025-01-20 16:00:00+00:00,21550.04,21640.79,21488.92,21545.17,30465,76,0
2025-01-20 20:00:00+00:00,21545.42,21545.42,21545.42,21545.42,1,306,0
2025-01-21 00:00:00+00:00,21572.15,21612.27,21242.87,21451.33,18725,76,0
2025-01-21 04:00:00+00:00,21452.33,21513.34,21428.09,21457.07,15668,82,0
2025-01-21 08:00:00+00:00,21457.07,21574.72,21449.82,21574.47,18645,86,0
2025-01-21 12:00:00+00:00,21574.47,21597.22,21510.72,21592.72,20824,86,0
2025-01-21 16:00:00+00:00,21595.22,21611.09,21394.34,21609.22,42376,86,0
2025-01-21 20:00:00+00:00,21608.34,21650.27,21565.52,21640.4,33540,70,0
2025-01-22 00:00:00+00:00,21670.75,21713.12,21638.97,21704.87,11707,75,0
2025-01-22 04:00:00+00:00,21704.87,21746.87,21700.62,21728.37,8337,76,0
2025-01-22 08:00:00+00:00,21728.37,21777.62,21710.12,21753.62,13974,76,0
2025-01-22 12:00:00+00:00,21753.37,21804.57,21739.62,21800.32,15236,76,0
2025-01-22 16:00:00+00:00,21800.32,21963.37,21769.57,21927.37,40241,76,0
2025-01-22 20:00:00+00:00,21927.37,21931.62,21839.15,21855.5,33080,70,0
2025-01-23 00:00:00+00:00,21849.65,21856.77,21816.77,21821.27,8472,76,0
2025-01-23 04:00:00+00:00,21821.52,21841.77,21799.77,21825.52,8421,76,0
2025-01-23 08:00:00+00:00,21825.77,21836.52,21728.77,21766.77,15554,76,0
2025-01-23 12:00:00+00:00,21766.77,21790.72,21746.02,21769.47,17457,76,0
2025-01-23 16:00:00+00:00,21769.47,21844.34,21739.47,21812.02,40431,76,0
2025-01-23 20:00:00+00:00,21811.64,21922.02,21797.39,21894.65,32971,70,0
2025-01-24 00:00:00+00:00,21888.7,21909.82,21871.57,21886.32,7937,75,0
2025-01-24 04:00:00+00:00,21886.32,21934.32,21853.17,21869.92,13569,76,0
2025-01-24 08:00:00+00:00,21869.67,21897.32,21847.82,21880.57,15128,76,0
2025-01-24 12:00:00+00:00,21880.57,21919.07,21861.07,21886.52,14484,76,0
2025-01-24 16:00:00+00:00,21886.27,21953.52,21807.32,21817.57,41727,76,0
2025-01-24 20:00:00+00:00,21817.19,21827.82,21719.69,21782.95,34695,70,0
2025-01-27 00:00:00+00:00,21639.8,21639.8,21373.92,21413.42,19902,75,0
2025-01-27 04:00:00+00:00,21413.42,21447.92,21296.67,21317.17,20780,76,0
2025-01-27 08:00:00+00:00,21318.42,21324.42,21039.92,21048.67,33875,76,0
2025-01-27 12:00:00+00:00,21048.67,21060.12,20650.77,21046.12,38964,76,0
2025-01-27 16:00:00+00:00,21044.87,21304.37,20994.62,21030.42,47745,76,0
2025-01-27 20:00:00+00:00,21029.67,21217.42,20984.67,21192.05,40432,70,0
2025-01-28 00:00:00+00:00,21192.05,21244.52,21119.92,21126.52,16823,41,0
2025-01-28 04:00:00+00:00,21118.52,21221.67,21110.27,21183.17,16160,76,0
2025-01-28 08:00:00+00:00,21183.17,21295.17,21155.02,21285.42,23048,76,0
2025-01-28 12:00:00+00:00,21286.42,21312.67,21149.92,21191.87,26162,76,0
2025-01-28 16:00:00+00:00,21191.37,21451.92,21051.62,21433.67,44594,76,0
2025-01-28 20:00:00+00:00,21432.67,21514.07,21402.42,21446.7,34690,70,0
2025-01-29 00:00:00+00:00,21430.9,21469.67,21422.12,21458.02,8530,36,0
2025-01-29 04:00:00+00:00,21458.02,21499.52,21450.27,21471.52,7380,76,0
2025-01-29 08:00:00+00:00,21471.12,21588.02,21471.12,21557.37,19947,76,0
2025-01-29 12:00:00+00:00,21557.12,21580.52,21450.97,21492.97,20260,76,0
2025-01-29 16:00:00+00:00,21492.97,21516.22,21347.62,21374.42,115268,76,0
2025-01-29 20:00:00+00:00,21374.42,21499.05,21257.67,21463.8,269238,70,0
2025-01-30 00:00:00+00:00,21441.9,21560.27,21399.27,21543.52,28250,75,0
2025-01-30 04:00:00+00:00,21543.52,21573.02,21539.27,21552.52,13415,76,0
2025-01-30 08:00:00+00:00,21552.52,21607.87,21515.62,21528.98,28225,76,0
2025-01-30 12:00:00+00:00,21528.98,21563.98,21468.23,21561.22,54360,84,0
2025-01-30 16:00:00+00:00,21561.22,21641.84,21312.47,21445.72,316441,86,0
2025-01-30 20:00:00+00:00,21445.84,21592.14,21415.77,21501.65,209067,70,0
2025-01-31 00:00:00+00:00,21575.85,21673.22,21554.07,21668.72,28142,75,0
2025-01-31 04:00:00+00:00,21668.22,21680.32,21614.07,21629.97,16923,76,0
2025-01-31 08:00:00+00:00,21629.97,21700.47,21624.47,21675.47,29026,76,0
2025-01-31 12:00:00+00:00,21675.47,21706.22,21649.52,21684.67,35514,76,0
2025-01-31 16:00:00+00:00,21684.67,21859.17,21643.32,21808.72,255832,76,0
2025-01-31 20:00:00+00:00,21808.72,21819.97,21427.75,21464.85,288476,70,0
2025-02-03 00:00:00+00:00,20879.07,21056.97,20865.82,20975.57,87791,76,0
2025-02-03 04:00:00+00:00,20975.57,20979.22,20878.07,20972.97,46839,76,0
2025-02-03 08:00:00+00:00,20972.82,21152.47,20945.22,21083.72,77140,76,0
2025-02-03 12:00:00+00:00,21083.47,21172.97,21058.32,21104.52,79844,76,0
2025-02-03 16:00:00+00:00,21104.52,21378.29,21016.92,21305.72,388939,76,0
2025-02-03 20:00:00+00:00,21305.72,21480.95,21255.47,21454.2,192548,70,0
2025-02-04 00:00:00+00:00,21497.85,21502.1,21384.72,21413.72,25358,75,0
2025-02-04 04:00:00+00:00,21413.72,21419.72,21147.57,21262.82,42584,76,0
2025-02-04 08:00:00+00:00,21262.82,21329.97,21218.07,21274.32,59284,76,0
2025-02-04 12:00:00+00:00,21273.82,21401.57,21261.82,21339.17,51826,76,0
2025-02-04 16:00:00+00:00,21339.17,21599.39,21310.67,21528.22,240553,76,0
2025-02-04 20:00:00+00:00,21528.22,21596.47,21475.22,21486.6,133354,70,0
2025-02-05 00:00:00+00:00,21457.5,21530.87,21457.5,21477.87,27167,70,0
2025-02-05 04:00:00+00:00,21477.87,21494.97,21438.37,21446.62,23926,76,0
2025-02-05 08:00:00+00:00,21446.62,21456.37,21343.12,21347.87,51392,76,0
2025-02-05 12:00:00+00:00,21347.87,21457.17,21336.72,21435.82,44575,76,0
2025-02-05 16:00:00+00:00,21435.82,21647.24,21407.57,21610.37,243792,76,0
2025-02-05 20:00:00+00:00,21610.49,21700.47,21577.62,21675.25,134239,70,0
2025-02-06 00:00:00+00:00,21667.2,21706.07,21658.07,21676.07,17258,70,0
2025-02-06 04:00:00+00:00,21676.07,21740.32,21666.57,21736.57,15646,76,0
2025-02-06 08:00:00+00:00,21736.57,21738.57,21678.92,21702.57,28601,76,0
2025-02-06 12:00:00+00:00,21702.57,21717.32,21614.57,21684.27,43819,76,0
2025-02-06 16:00:00+00:00,21684.27,21756.64,21646.14,21723.44,219165,76,0
2025-02-06 20:00:00+00:00,21723.57,21789.82,21619.82,21752.2,143619,70,0
2025-02-07 00:00:00+00:00,21727.25,21804.97,21722.72,21800.22,15272,70,0
2025-02-07 04:00:00+00:00,21800.22,21807.52,21753.27,21760.97,13830,76,0
2025-02-07 08:00:00+00:00,21760.97,21791.62,21734.72,21765.12,27305,76,0
2025-02-07 12:00:00+00:00,21764.87,21818.17,21700.17,21788.32,42560,76,0
2025-02-07 16:00:00+00:00,21788.32,21877.32,21498.77,21566.07,350483,76,0
2025-02-07 20:00:00+00:00,21566.07,21644.19,21467.42,21488.45,145165,70,0
2025-02-10 00:00:00+00:00,21361.75,21618.62,21333.5,21590.37,34977,75,0
2025-02-10 04:00:00+00:00,21590.37,21650.37,21579.02,21633.37,16987,76,0
2025-02-10 08:00:00+00:00,21633.62,21635.37,21602.62,21628.37,23792,76,0
2025-02-10 12:00:00+00:00,21628.37,21704.32,21614.62,21699.57,26438,76,0
2025-02-10 16:00:00+00:00,21699.57,21811.24,21663.57,21783.12,197752,76,0
2025-02-10 20:00:00+00:00,21783.12,21802.62,21738.42,21753.55,104656,70,0
2025-02-11 00:00:00+00:00,21742.15,21743.77,21693.62,21714.27,17759,75,0
2025-02-11 04:00:00+00:00,21714.27,21716.77,21670.02,21708.02,17650,76,0
2025-02-11 08:00:00+00:00,21708.02,21709.27,21638.52,21668.27,29079,76,0
2025-02-11 12:00:00+00:00,21668.27,21689.27,21593.67,21595.32,35860,76,0
2025-02-11 16:00:00+00:00,21595.32,21792.42,21589.32,21683.72,206746,76,0
2025-02-11 20:00:00+00:00,21683.72,21760.14,21667.84,21711.15,115782,70,0
2025-02-12 00:00:00+00:00,21720.2,21752.57,21701.57,21748.32,16585,75,0
2025-02-12 04:00:00+00:00,21748.32,21749.82,21688.17,21696.07,12815,76,0
2025-02-12 08:00:00+00:00,21696.32,21735.32,21657.32,21690.57,20995,76,0
2025-02-12 12:00:00+00:00,21690.82,21770.0,21436.35,21465.75,55594,76,0
2025-02-12 16:00:00+00:00,21465.75,21747.52,21432.52,21740.27,264669,86,0
2025-02-12 20:00:00+00:00,21740.19,21786.35,21682.69,21785.45,128183,70,0
2025-02-13 00:00:00+00:00,21785.2,21841.47,21772.32,21818.97,16507,75,0
2025-02-13 04:00:00+00:00,21818.97,21853.97,21798.67,21826.07,15432,76,0
2025-02-13 08:00:00+00:00,21826.07,21846.82,21679.42,21754.57,46525,76,0
2025-02-13 12:00:00+00:00,21754.32,21826.27,21714.12,21803.77,59918,76,0
2025-02-13 16:00:00+00:00,21803.77,21983.77,21761.02,21892.82,237291,76,0
2025-02-13 20:00:00+00:00,21892.82,22049.69,21816.82,22000.7,153773,70,0
2025-02-14 00:00:00+00:00,21998.35,22069.47,21997.07,22069.47,18204,70,0
2025-02-14 04:00:00+00:00,22069.47,22073.57,22039.22,22045.72,12703,76,0
2025-02-14 08:00:00+00:00,22045.97,22087.72,22028.47,22050.72,26993,76,0
2025-02-14 12:00:00+00:00,22050.97,22052.47,21968.72,22030.67,37048,76,0
2025-02-14 16:00:00+00:00,22030.92,22097.65,22017.04,22083.47,229896,76,0
2025-02-14 20:00:00+00:00,22083.47,22147.97,22072.09,22127.85,123998,70,0
2025-02-17 00:00:00+00:00,22163.45,22184.82,22129.82,22180.07,17836,70,0
2025-02-17 04:00:00+00:00,22180.07,22214.57,22175.57,22203.32,12437,76,0
2025-02-17 08:00:00+00:00,22203.32,22209.82,22159.32,22180.07,15979,76,0
2025-02-17 12:00:00+00:00,22180.07,22202.82,22171.82,22187.27,12598,76,0
2025-02-17 16:00:00+00:00,22187.27,22192.27,22125.77,22168.44,29879,76,0
2025-02-17 20:00:00+00:00,22168.57,22168.57,22167.32,22167.32,2,76,0
2025-02-18 00:00:00+00:00,22158.7,22181.82,22134.07,22178.57,14110,70,0
2025-02-18 04:00:00+00:00,22178.57,22204.32,22170.32,22187.75,10928,76,0
2025-02-18 08:00:00+00:00,22187.75,22254.75,22185.75,22209.0,26310,90,0
2025-02-18 12:00:00+00:00,22209.0,22248.77,22198.75,22246.52,23307,86,0
2025-02-18 16:00:00+00:00,22246.77,22253.77,22060.77,22130.75,240194,86,0
2025-02-18 20:00:00+00:00,22130.75,22184.5,22038.75,22159.95,148222,70,0
2025-02-19 00:00:00+00:00,22160.75,22224.3,22159.25,22211.8,15618,30,0
2025-02-19 04:00:00+00:00,22211.8,22229.3,22191.3,22200.8,11701,90,0
2025-02-19 08:00:00+00:00,22200.8,22214.07,22179.57,22185.32,19019,86,0
2025-02-19 12:00:00+00:00,22185.32,22193.3,22117.57,22142.82,37713,86,0
2025-02-19 16:00:00+00:00,22142.82,22194.05,22055.94,22183.3,245268,86,0
2025-02-19 20:00:00+00:00,22183.3,22237.77,22133.05,22160.85,163398,70,0
2025-02-20 00:00:00+00:00,22148.0,22172.3,22099.65,22107.05,17230,70,0
2025-02-20 04:00:00+00:00,22106.8,22127.55,22095.05,22104.3,17053,90,0
2025-02-20 08:00:00+00:00,22104.3,22143.28,22076.05,22140.78,23745,90,0
2025-02-20 12:00:00+00:00,22140.78,22155.03,22109.28,22138.74,28284,94,0
2025-02-20 16:00:00+00:00,22138.74,22160.24,21886.86,21975.9,283879,94,0
2025-02-20 20:00:00+00:00,21975.9,22085.03,21963.9,22071.25,164799,70,0
2025-02-21 00:00:00+00:00,22066.15,22111.43,22062.9,22078.18,16460,75,0
2025-02-21 04:00:00+00:00,22078.18,22094.93,22049.43,22063.43,12425,94,0
2025-02-21 08:00:00+00:00,22063.43,22107.93,22042.18,22105.68,24918,94,0
2025-02-21 12:00:00+00:00,22105.43,22183.14,22090.93,22161.89,25199,94,0
2025-02-21 16:00:00+00:00,22161.89,22174.39,21778.28,21792.78,256910,94,0
2025-02-21 20:00:00+00:00,21792.78,21794.78,21594.2,21600.7,213506,70,0
2025-02-24 00:00:00+00:00,21604.4,21741.23,21604.4,21693.98,34198,35,0
2025-02-24 04:00:00+00:00,21694.23,21749.98,21688.98,21741.73,18875,94,0
2025-02-24 08:00:00+00:00,21741.73,21760.48,21649.73,21730.73,45017,94,0
2025-02-24 12:00:00+00:00,21730.73,21750.69,21687.73,21747.69,36861,94,0
2025-02-24 16:00:00+00:00,21747.69,21752.94,21384.94,21554.85,327806,94,0
2025-02-24 20:00:00+00:00,21554.73,21609.98,21356.73,21376.2,185354,70,0
2025-02-25 00:00:00+00:00,21385.05,21403.83,21318.1,21393.85,30273,75,0
2025-02-25 04:00:00+00:00,21393.6,21403.35,21348.95,21388.35,18612,91,0
2025-02-25 08:00:00+00:00,21388.6,21396.35,21254.35,21256.6,65801,91,0
2025-02-25 12:00:00+00:00,21256.6,21403.54,21238.2,21356.04,61967,91,0
2025-02-25 16:00:00+00:00,21356.04,21365.79,20942.54,21172.35,373216,91,0
2025-02-25 20:00:00+00:00,21172.35,21233.35,21073.6,21147.8,232900,70,0
2025-02-26 00:00:00+00:00,21174.55,21205.6,21164.35,21171.85,17443,75,0
2025-02-26 04:00:00+00:00,21171.85,21234.1,21155.1,21233.35,15872,91,0
2025-02-26 08:00:00+00:00,21233.35,21282.1,21215.95,21259.35,29701,91,0
2025-02-26 12:00:00+00:00,21259.6,21286.69,21209.14,21227.29,40868,91,0
2025-02-26 16:00:00+00:00,21227.04,21363.16,21142.49,21203.35,305852,91,0
2025-02-26 20:00:00+00:00,21203.35,21279.7,21019.1,21227.3,240329,70,0
2025-02-27 00:00:00+00:00,21190.35,21217.9,21063.65,21124.4,41330,70,0
2025-02-27 04:00:00+00:00,21124.4,21220.15,21103.65,21201.65,31128,91,0
2025-02-27 08:00:00+00:00,21201.65,21290.9,21195.65,21280.65,51215,91,0
2025-02-27 12:00:00+00:00,21280.65,21343.4,21226.19,21264.59,66742,91,0
2025-02-27 16:00:00+00:00,21264.59,21337.59,20852.84,20994.9,389386,91,0
2025-02-27 20:00:00+00:00,20994.9,21073.77,20539.9,20589.85,273803,70,0
2025-02-28 00:00:00+00:00,20603.65,20644.7,20496.3,20583.45,41416,70,0
2025-02-28 04:00:00+00:00,20583.45,20603.2,20473.95,20579.55,54320,91,0
2025-02-28 08:00:00+00:00,20579.55,20640.7,20510.3,20615.45,49651,91,0
2025-02-28 12:00:00+00:00,20615.45,20635.7,20518.89,20557.14,77227,91,0
2025-02-28 16:00:00+00:00,20557.14,20734.89,20417.64,20497.45,382264,91,0
2025-02-28 20:00:00+00:00,20497.45,20900.3,20442.2,20866.65,277763,70,0
2025-03-03 00:00:00+00:00,20945.6,21000.65,20803.25,20909.8,58256,75,0
2025-03-03 04:00:00+00:00,20909.8,20966.4,20850.55,20952.15,34746,91,0
2025-03-03 08:00:00+00:00,20951.9,20985.9,20853.4,20978.65,71337,91,0
2025-03-03 12:00:00+00:00,20978.65,21065.4,20950.9,21030.09,59613,91,0
2025-03-03 16:00:00+00:00,21030.09,21085.34,20725.54,20815.65,379389,91,0
2025-03-03 20:00:00+00:00,20815.65,20822.65,20286.15,20499.1,335693,70,0
2025-03-04 00:00:00+00:00,20483.6,20540.4,20436.75,20447.15,51697,70,0
2025-03-04 04:00:00+00:00,20447.4,20560.25,20441.75,20539.25,52843,91,0
2025-03-04 08:00:00+00:00,20539.5,20552.9,20434.9,20465.9,86569,91,0
2025-03-04 12:00:00+00:00,20465.9,20484.65,20232.59,20295.34,130409,91,0
2025-03-04 16:00:00+00:00,20295.34,20403.25,20046.34,20307.65,484479,91,0
2025-03-04 20:00:00+00:00,20307.65,20702.9,20283.15,20504.35,334657,70,0
2025-03-05 00:00:00+00:00,20522.6,20567.15,20424.25,20474.5,48723,75,0
2025-03-05 04:00:00+00:00,20474.5,20539.25,20412.5,20522.15,44851,91,0
2025-03-05 08:00:00+00:00,20522.4,20601.9,20485.75,20581.4,72286,91,0
2025-03-05 12:00:00+00:00,20581.25,20594.65,20377.94,20391.59,103778,91,0
2025-03-05 16:00:00+00:00,20391.19,20548.27,20188.59,20542.9,420736,91,0
2025-03-05 20:00:00+00:00,20542.9,20697.4,20419.25,20582.85,285098,70,0
2025-03-06 00:00:00+00:00,20583.25,20616.3,20555.4,20587.55,26346,70,0
2025-03-06 04:00:00+00:00,20588.05,20620.8,20563.8,20585.55,22380,91,0
2025-03-06 08:00:00+00:00,20585.3,20618.3,20349.8,20381.9,86945,91,0
2025-03-06 12:00:00+00:00,20381.9,20412.3,20272.6,20299.6,102593,91,0
2025-03-06 16:00:00+00:00,20299.6,20496.49,20073.8,20154.8,433519,91,0
2025-03-06 20:00:00+00:00,20154.8,20199.15,19985.8,20156.5,328664,70,0
2025-03-07 00:00:00+00:00,20200.7,20206.75,20123.0,20178.25,33371,70,0
2025-03-07 04:00:00+00:00,20178.5,20198.5,20120.25,20135.5,28762,91,0
2025-03-07 08:00:00+00:00,20135.5,20210.84,20094.22,20180.45,61901,91,0
2025-03-07 12:00:00+00:00,20180.7,20253.0,20021.0,20049.3,87635,91,0
2025-03-07 16:00:00+00:00,20049.3,20224.69,19749.69,19927.8,461411,91,0
2025-03-07 20:00:00+00:00,19927.8,20269.0,19925.8,20190.2,304666,70,0
2025-03-10 00:00:00+00:00,20112.25,20116.25,19923.4,20057.05,47122,91,0
2025-03-10 04:00:00+00:00,20057.05,20145.55,20051.8,20085.55,38402,91,0
2025-03-10 08:00:00+00:00,20085.55,20131.55,19938.74,19950.05,62953,91,0
2025-03-10 12:00:00+00:00,19949.8,20046.3,19851.99,19904.24,101490,91,0
2025-03-10 16:00:00+00:00,19904.74,19932.49,19512.49,19534.3,413087,91,0
2025-03-10 20:00:00+00:00,19534.3,19543.55,19264.75,19464.45,317687,70,0
2025-03-11 00:00:00+00:00,19419.35,19455.25,19134.0,19202.0,58296,91,0
2025-03-11 04:00:00+00:00,19202.0,19487.25,19140.25,19459.5,82609,91,0
2025-03-11 08:00:00+00:00,19459.5,19563.15,19398.5,19558.75,74279,91,0
2025-03-11 12:00:00+00:00,19558.75,19577.59,19434.34,19447.84,92855,91,0
2025-03-11 16:00:00+00:00,19447.59,19608.09,19258.63,19318.9,396020,91,0
2025-03-11 20:00:00+00:00,19318.9,19681.27,19196.15,19395.0,358355,91,0
2025-03-12 00:00:00+00:00,19416.8,19496.35,19395.8,19463.35,39456,70,0
2025-03-12 04:00:00+00:00,19463.6,19489.35,19431.58,19451.35,35331,91,0
2025-03-12 08:00:00+00:00,19451.35,19552.6,19383.85,19543.6,61178,91,0
2025-03-12 12:00:00+00:00,19543.35,19784.15,19517.81,19719.15,96219,91,0
2025-03-12 16:00:00+00:00,19719.15,19771.4,19390.79,19622.85,412708,91,0
2025-03-12 20:00:00+00:00,19622.85,19715.47,19527.85,19567.3,255165,70,0
2025-03-13 00:00:00+00:00,19577.3,19691.35,19564.7,19641.1,30618,91,0
2025-03-13 04:00:00+00:00,19640.6,19653.1,19459.85,19478.1,41692,91,0
2025-03-13 08:00:00+00:00,19478.1,19509.1,19396.35,19490.35,86445,91,0
2025-03-13 12:00:00+00:00,19490.1,19628.35,19458.35,19553.04,95780,91,0
2025-03-13 16:00:00+00:00,19553.04,19588.04,19239.5,19286.5,404995,91,0
2025-03-13 20:00:00+00:00,19286.5,19394.25,19168.62,19291.7,240308,70,0
2025-03-14 00:00:00+00:00,19296.05,19423.1,19293.75,19398.35,36367,91,0
2025-03-14 04:00:00+00:00,19398.35,19457.1,19385.35,19439.6,34311,91,0
2025-03-14 08:00:00+00:00,19439.6,19453.1,19367.47,19425.6,53364,91,0
2025-03-14 12:00:00+00:00,19425.6,19530.79,19396.7,19493.29,80216,91,0
2025-03-14 16:00:00+00:00,19493.54,19703.1,19433.99,19682.47,321045,91,0
2025-03-14 20:00:00+00:00,19682.47,19739.12,19607.97,19654.45,221668,70,0
2025-03-17 00:00:00+00:00,19634.78,19666.58,19530.58,19581.93,23158,89,0
2025-03-17 04:00:00+00:00,19581.58,19609.78,19567.63,19580.03,19722,94,0
2025-03-17 08:00:00+00:00,19579.83,19610.78,19538.03,19603.03,26759,88,0
2025-03-17 12:00:00+00:00,19602.98,19762.55,19590.18,19735.85,37533,88,0
2025-03-17 16:00:00+00:00,19734.7,19832.55,19604.7,19675.73,159152,88,0
2025-03-17 20:00:00+00:00,19675.78,19938.58,19649.18,19808.65,84135,30,0
2025-03-18 00:00:00+00:00,19812.32,19842.28,19767.38,19780.13,27182,60,0
2025-03-18 04:00:00+00:00,19779.83,19792.68,19697.18,19704.73,18239,88,0
2025-03-18 08:00:00+00:00,19704.68,19814.58,19704.38,19800.43,23674,88,0
2025-03-18 12:00:00+00:00,19801.18,19813.78,19674.9,19678.35,41082,88,0
2025-03-18 16:00:00+00:00,19678.1,19702.7,19378.6,19505.53,159870,88,0
2025-03-18 20:00:00+00:00,19504.88,19556.18,19424.18,19476.65,102588,55,0
2025-03-19 00:00:00+00:00,19483.15,19577.53,19449.38,19556.03,12341,60,0
2025-03-19 04:00:00+00:00,19555.53,19566.43,19511.18,19515.68,12203,88,0
2025-03-19 08:00:00+00:00,19515.68,19542.13,19440.1,19501.75,24069,88,0
2025-03-19 12:00:00+00:00,19501.4,19569.65,19486.1,19540.95,26609,95,0
2025-03-19 16:00:00+00:00,19541.9,19717.3,19486.55,19655.9,109767,88,0
2025-03-19 20:00:00+00:00,19656.2,19922.2,19556.9,19724.6,122041,90,0
2025-03-20 00:00:00+00:00,19730.15,19838.0,19727.15,19828.7,10031,60,0
2025-03-20 04:00:00+00:00,19828.35,19872.85,19806.15,19860.65,9394,105,0
2025-03-20 08:00:00+00:00,19860.65,19870.4,19817.4,19835.95,15884,88,0
2025-03-20 12:00:00+00:00,19835.95,19840.0,19516.0,19612.65,56480,88,0
2025-03-20 16:00:00+00:00,19612.6,19886.75,19541.5,19653.65,145027,88,0
2025-03-20 20:00:00+00:00,19651.85,19719.05,19573.75,19671.9,94014,60,0
2025-03-21 00:00:00+00:00,19682.39,19716.7,19638.3,19703.6,9303,60,0
2025-03-21 04:00:00+00:00,19703.25,19722.5,19652.0,19659.25,14331,90,0
2025-03-21 08:00:00+00:00,19659.3,19686.95,19554.75,19587.7,28459,90,0
2025-03-21 12:00:00+00:00,19588.05,19638.4,19467.3,19475.7,40299,90,0
2025-03-21 16:00:00+00:00,19475.9,19684.9,19399.85,19683.95,159355,88,0
2025-03-21 20:00:00+00:00,19683.15,19766.65,19590.85,19760.65,86605,40,0
2025-03-24 00:00:00+00:00,19857.3,19932.4,19851.0,19916.9,14307,105,0
2025-03-24 04:00:00+00:00,19916.7,19920.55,19890.7,19906.55,9169,90,0
2025-03-24 08:00:00+00:00,19906.45,20021.05,19904.9,20004.95,15105,100,0
2025-03-24 12:00:00+00:00,20004.4,20070.2,19973.7,20066.9,21404,90,0
2025-03-24 16:00:00+00:00,20067.3,20171.1,20023.55,20135.8,94076,88,0
2025-03-24 20:00:00+00:00,20135.75,20202.7,20102.95,20151.65,54521,60,0
2025-03-25 00:00:00+00:00,20157.4,20160.95,20125.4,20158.95,6849,65,0
2025-03-25 04:00:00+00:00,20158.6,20165.15,20119.65,20126.7,8728,95,0
2025-03-25 08:00:00+00:00,20126.55,20162.35,20084.25,20094.95,13099,100,0
2025-03-25 12:00:00+00:00,20095.0,20237.85,20087.7,20195.75,20964,88,0
2025-03-25 16:00:00+00:00,20195.8,20287.55,20159.25,20243.5,90006,100,0
2025-03-25 20:00:00+00:00,20243.4,20317.65,20195.5,20310.4,51839,35,0
2025-03-26 00:00:00+00:00,20311.72,20330.95,20298.65,20321.75,5551,62,0
2025-03-26 04:00:00+00:00,20321.7,20321.7,20264.0,20278.15,8443,110,0
2025-03-26 08:00:00+00:00,20278.2,20292.15,20235.25,20246.9,14960,105,0
2025-03-26 12:00:00+00:00,20247.1,20286.95,20224.0,20274.6,21048,100,0
2025-03-26 16:00:00+00:00,20274.05,20280.4,19919.4,19927.1,121698,88,0
2025-03-26 20:00:00+00:00,19927.05,19951.75,19839.6,19885.15,84255,90,0
2025-03-27 00:00:00+00:00,19825.4,19894.75,19803.1,19871.55,18884,60,0
2025-03-27 04:00:00+00:00,19871.9,19946.55,19870.05,19933.1,13306,90,0
2025-03-27 08:00:00+00:00,19933.3,19943.1,19820.0,19911.45,28937,90,0
2025-03-27 12:00:00+00:00,19911.3,19937.25,19830.6,19864.05,37076,88,0
2025-03-27 16:00:00+00:00,19863.95,19999.8,19737.3,19809.5,143025,88,0
2025-03-27 20:00:00+00:00,19809.6,19930.3,19776.25,19798.15,93209,55,0
2025-03-28 00:00:00+00:00,19796.13,19813.7,19735.0,19787.4,11470,60,0
2025-03-28 04:00:00+00:00,19787.25,19800.3,19765.75,19784.6,11665,115,0
2025-03-28 08:00:00+00:00,19784.4,19811.3,19648.95,19707.45,29792,90,0
2025-03-28 12:00:00+00:00,19708.15,19772.2,19666.35,19667.0,36101,90,0
2025-03-28 16:00:00+00:00,19667.0,19768.45,19288.45,19295.5,156390,88,0
2025-03-28 20:00:00+00:00,19295.6,19321.15,19160.35,19160.95,89969,25,0
2025-03-31 00:00:00+00:00,19177.8,19179.25,18976.75,19028.5,34126,88,0
2025-03-31 04:00:00+00:00,19029.15,19087.75,18995.55,19045.25,30592,88,0
2025-03-31 08:00:00+00:00,19043.75,19091.2,19013.2,19023.55,48603,88,0
2025-03-31 12:00:00+00:00,19022.05,19052.25,18938.05,19039.8,45975,88,0
2025-03-31 16:00:00+00:00,19038.85,19105.3,18796.25,19036.4,171856,90,0
2025-03-31 20:00:00+00:00,19036.35,19308.8,19027.1,19232.1,119120,40,0
2025-04-01 00:00:00+00:00,19226.96,19230.8,19110.3,19136.1,22296,65,0
2025-04-01 04:00:00+00:00,19135.9,19203.45,19101.4,19183.0,20071,88,0
2025-04-01 08:00:00+00:00,19183.45,19296.3,19167.55,19286.4,37109,90,0
2025-04-01 12:00:00+00:00,19286.3,19327.95,19129.2,19199.95,56095,88,0
2025-04-01 16:00:00+00:00,19199.9,19460.45,19081.1,19381.0,154490,88,0
2025-04-01 20:00:00+00:00,19380.9,19446.45,19202.7,19415.35,112653,25,0
2025-04-02 00:00:00+00:00,19422.24,19515.05,19380.55,19395.15,19442,60,0
2025-04-02 04:00:00+00:00,19395.15,19425.65,19384.55,19413.5,15098,90,0
2025-04-02 08:00:00+00:00,19414.15,19414.7,19322.5,19352.95,29925,90,0
2025-04-02 12:00:00+00:00,19352.45,19377.65,19169.05,19212.3,47899,88,0
2025-04-02 16:00:00+00:00,19211.9,19654.3,19143.95,19639.65,165820,88,0
2025-04-02 20:00:00+00:00,19638.65,19869.4,18901.25,18969.85,154880,88,0
2025-04-03 00:00:00+00:00,18850.7,18893.85,18645.25,18821.15,42947,105,0
2025-04-03 04:00:00+00:00,18822.0,18974.7,18820.25,18947.9,33658,90,0
2025-04-03 08:00:00+00:00,18948.7,18997.71,18849.75,18979.05,44246,88,0
2025-04-03 12:00:00+00:00,18977.55,19002.25,18674.1,18679.85,56176,90,0
2025-04-03 16:00:00+00:00,18679.1,18902.4,18549.15,18704.4,222820,88,0
2025-04-03 20:00:00+00:00,18707.2,18747.7,18444.4,18477.8,145553,30,0
2025-04-04 00:00:00+00:00,18500.04,18548.8,18426.1,18509.1,24426,60,0
2025-04-04 04:00:00+00:00,18509.05,18535.7,18311.85,18319.95,35301,115,0
2025-04-04 08:00:00+00:00,18319.9,18511.15,18297.6,18423.45,73250,88,0
2025-04-04 12:00:00+00:00,18427.05,18436.25,17655.4,18043.9,115699,88,0
2025-04-04 16:00:00+00:00,18043.25,18106.3,17490.05,17589.15,258585,105,0
2025-04-04 20:00:00+00:00,17588.6,17749.75,17222.6,17330.7,212780,25,0
2025-04-07 00:00:00+00:00,16630.75,16696.8,16317.5,16622.85,56625,88,0
2025-04-07 04:00:00+00:00,16623.0,16878.9,16523.6,16590.35,84764,88,0
2025-04-07 08:00:00+00:00,16590.75,16810.6,16335.3,16697.65,91644,88,0
2025-04-07 12:00:00+00:00,16698.1,17131.15,16603.2,17020.95,110744,88,0
2025-04-07 16:00:00+00:00,17022.65,18208.8,16528.6,17109.15,210310,88,0
2025-04-07 20:00:00+00:00,17104.85,17674.35,17102.65,17485.8,158465,25,0
2025-04-08 00:00:00+00:00,17520.82,17713.5,17503.65,17571.4,29060,88,0
2025-04-08 04:00:00+00:00,17571.5,17742.55,17521.65,17638.95,43723,88,0
2025-04-08 08:00:00+00:00,17638.6,17753.35,17527.05,17686.95,49911,88,0
2025-04-08 12:00:00+00:00,17686.7,17922.85,17555.45,17845.95,81718,88,0
2025-04-08 16:00:00+00:00,17844.1,18217.05,17518.4,17526.15,242887,88,0
2025-04-08 20:00:00+00:00,17526.35,17624.2,16831.6,17088.4,217613,25,0
2025-04-09 00:00:00+00:00,17071.4,17095.35,16704.35,16760.3,41841,88,0
2025-04-09 04:00:00+00:00,16759.6,17066.35,16613.9,16684.5,63741,88,0
2025-04-09 08:00:00+00:00,16685.1,17289.45,16598.75,17216.15,72856,88,0
2025-04-09 12:00:00+00:00,17215.95,17263.6,16732.1,16994.65,78386,88,0
2025-04-09 16:00:00+00:00,16991.15,17458.3,16989.27,17396.2,213910,88,0
2025-04-09 20:00:00+00:00,17397.0,19246.75,17287.1,19217.9,211234,25,0
2025-04-10 00:00:00+00:00,19148.22,19237.15,18997.75,19077.4,32819,43,0
2025-04-10 04:00:00+00:00,19080.3,19131.7,18824.45,18900.85,52491,0,0
2025-04-10 08:00:00+00:00,18900.55,19039.6,18558.35,18636.9,80152,88,0
2025-04-10 12:00:00+00:00,18636.8,18857.9,18589.65,18680.0,87113,88,0
2025-04-10 16:00:00+00:00,18680.25,18756.25,17774.55,18167.15,249281,105,0
2025-04-10 20:00:00+00:00,18164.8,18526.2,17891.7,18358.05,216113,25,0
2025-04-11 00:00:00+00:00,18352.94,18451.65,17923.85,18039.1,31711,88,0
2025-04-11 04:00:00+00:00,18039.05,18400.65,18013.35,18340.8,45118,88,0
2025-04-11 08:00:00+00:00,18342.9,18648.45,18171.15,18253.3,74082,88,0
2025-04-11 12:00:00+00:00,18253.05,18556.2,18214.5,18346.0,86586,88,0
2025-04-11 16:00:00+00:00,18346.4,18641.85,18133.55,18592.75,226602,88,0
2025-04-11 20:00:00+00:00,18592.8,18730.15,18451.6,18671.25,158406,35,0
2025-04-14 00:00:00+00:00,18982.69,18985.78,18792.6,18867.95,33544,90,0
2025-04-14 04:00:00+00:00,18867.95,18991.35,18817.35,18978.25,33210,115,0
2025-04-14 08:00:00+00:00,18977.4,19041.3,18926.2,18980.55,38889,90,0
2025-04-14 12:00:00+00:00,18980.9,19056.1,18885.3,19046.25,45315,105,0
2025-04-14 16:00:00+00:00,19046.55,19116.15,18598.6,18645.0,202762,88,0
2025-04-14 20:00:00+00:00,18648.1,18955.4,18634.7,18763.95,131015,25,0
2025-04-15 00:00:00+00:00,18759.41,18784.55,18671.6,18773.7,19639,95,0
2025-04-15 04:00:00+00:00,18772.55,18808.65,18720.8,18772.7,23721,90,0
2025-04-15 08:00:00+00:00,18772.55,18899.65,18729.0,18860.2,41119,90,0
2025-04-15 12:00:00+00:00,18859.1,18885.6,18695.45,18795.25,51733,88,0
2025-04-15 16:00:00+00:00,18796.2,19003.9,18786.55,18824.05,164887,100,0
2025-04-15 20:00:00+00:00,18823.75,18868.65,18744.45,18797.95,104684,60,0
2025-04-16 00:00:00+00:00,18576.32,18638.15,18498.4,18531.65,27673,110,0
2025-04-16 04:00:00+00:00,18533.1,18591.75,18518.8,18528.4,19951,95,0
2025-04-16 08:00:00+00:00,18529.6,18721.3,18366.45,18572.95,59137,88,0
2025-04-16 12:00:00+00:00,18573.25,18624.05,18491.9,18498.15,50253,88,0
2025-04-16 16:00:00+00:00,18496.5,18596.05,18372.7,18421.9,154523,90,0
2025-04-16 20:00:00+00:00,18422.4,18456.9,17978.35,18230.45,153337,35,0
2025-04-17 00:00:00+00:00,18280.75,18370.55,18216.6,18360.8,23745,100,0
2025-04-17 04:00:00+00:00,18358.1,18416.5,18325.9,18408.9,21551,100,0
2025-04-17 08:00:00+00:00,18409.0,18524.1,18390.65,18410.7,39921,88,0
2025-04-17 12:00:00+00:00,18410.75,18495.0,18329.8,18404.4,57360,88,0
2025-04-17 16:00:00+00:00,18404.9,18420.75,18136.2,18328.25,195089,88,0
2025-04-17 20:00:00+00:00,18328.45,18400.2,18204.6,18298.8,122184,50,0
2025-04-21 00:00:00+00:00,18210.95,18259.25,18129.35,18182.4,17504,90,0
2025-04-21 04:00:00+00:00,18182.5,18195.1,18070.75,18100.95,20940,88,0
2025-04-21 08:00:00+00:00,18100.95,18136.9,18026.5,18052.5,18184,88,0
2025-04-21 12:00:00+00:00,18052.75,18093.9,17960.6,18002.1,28101,88,0
2025-04-21 16:00:00+00:00,18001.9,18045.45,17667.3,17674.25,129363,88,0
2025-04-21 20:00:00+00:00,17673.85,17831.45,17580.85,17793.45,93244,50,0
2025-04-22 00:00:00+00:00,17800.4,17909.35,17752.55,17884.3,17705,60,0
2025-04-22 04:00:00+00:00,17884.15,17955.5,17837.3,17873.9,26744,88,0
2025-04-22 08:00:00+00:00,17873.7,18058.65,17859.9,18001.35,40344,88,0
2025-04-22 12:00:00+00:00,18001.75,18027.6,17932.1,18026.45,35063,88,0
2025-04-22 16:00:00+00:00,18025.65,18400.75,17988.5,18337.85,133310,88,0
2025-04-22 20:00:00+00:00,18337.75,18380.35,18099.4,18247.1,122867,50,0
2025-04-23 00:00:00+00:00,18541.76,18684.55,18528.2,18585.1,33517,88,0
2025-04-23 04:00:00+00:00,18584.7,18619.9,18508.35,18607.85,24309,88,0
2025-04-23 08:00:00+00:00,18608.0,18745.35,18565.7,18717.65,34978,88,0
2025-04-23 12:00:00+00:00,18717.6,18855.6,18702.85,18850.35,35238,88,0
2025-04-23 16:00:00+00:00,18850.3,19048.8,18631.3,18800.05,193870,88,0
2025-04-23 20:00:00+00:00,18799.0,18849.1,18613.8,18734.1,137810,30,0
2025-04-24 00:00:00+00:00,18711.43,18758.95,18624.6,18724.35,21763,65,0
2025-04-24 04:00:00+00:00,18724.5,18733.3,18596.25,18647.25,21992,95,0
2025-04-24 08:00:00+00:00,18647.35,18664.85,18478.6,18513.25,45495,88,0
2025-04-24 12:00:00+00:00,18513.95,18746.9,18513.95,18735.3,47725,90,0
2025-04-24 16:00:00+00:00,18735.25,19163.45,18707.75,19147.85,135995,88,0
2025-04-24 20:00:00+00:00,19147.6,19293.35,19089.95,19235.2,84648,65,0
2025-04-25 00:00:00+00:00,19298.55,19348.15,19237.9,19342.4,17346,60,0
2025-04-25 04:00:00+00:00,19342.3,19382.7,19249.15,19294.35,24243,90,0
2025-04-25 08:00:00+00:00,19294.55,19360.35,19259.9,19289.25,36491,88,0
2025-04-25 12:00:00+00:00,19289.2,19296.0,19102.6,19130.2,51923,88,0
2025-04-25 16:00:00+00:00,19129.8,19353.35,19101.4,19351.35,143855,88,0
2025-04-25 20:00:00+00:00,19350.85,19471.4,19259.65,19439.4,94680,55,0
2025-04-28 00:00:00+00:00,19400.5,19404.8,19295.6,19305.05,11256,60,0
2025-04-28 04:00:00+00:00,19305.0,19343.05,19284.25,19303.2,11875,90,0
2025-04-28 08:00:00+00:00,19303.1,19409.4,19296.0,19391.5,22432,90,0
2025-04-28 12:00:00+00:00,19391.6,19440.7,19357.7,19430.85,26168,88,0
2025-04-28 16:00:00+00:00,19430.75,19513.55,19158.95,19208.85,143914,88,0
2025-04-28 20:00:00+00:00,19207.9,19469.7,19149.35,19374.55,80099,45,0
2025-04-29 00:00:00+00:00,19374.9,19454.45,19349.9,19447.75,12173,60,0
2025-04-29 04:00:00+00:00,19447.6,19524.45,19435.75,19446.85,16326,90,0
2025-04-29 08:00:00+00:00,19446.6,19514.45,19419.7,19475.4,24142,88,0
2025-04-29 12:00:00+00:00,19476.1,19482.85,19339.8,19343.15,38638,90,0
2025-04-29 16:00:00+00:00,19343.8,19508.5,19273.05,19387.5,144782,88,0
2025-04-29 20:00:00+00:00,19388.25,19581.2,19377.5,19508.05,87206,50,0
2025-04-30 00:00:00+00:00,19485.73,19503.7,19412.35,19424.1,14526,60,0
2025-04-30 04:00:00+00:00,19423.85,19436.85,19378.35,19412.15,17208,100,0
2025-04-30 08:00:00+00:00,19412.2,19515.25,19397.15,19468.0,23456,95,0
2025-04-30 12:00:00+00:00,19468.0,19506.85,19151.8,19179.85,42027,95,0
2025-04-30 16:00:00+00:00,19179.8,19367.25,18999.6,19332.9,169024,88,0
2025-04-30 20:00:00+00:00,19333.2,19772.85,19232.35,19741.65,121317,50,0
2025-05-01 00:00:00+00:00,19741.65,19855.0,19714.4,19846.25,21552,60,0
2025-05-01 04:00:00+00:00,19846.3,19866.6,19807.1,19841.0,13171,100,0
2025-05-01 08:00:00+00:00,19841.15,19886.95,19801.35,19883.55,19646,88,0
2025-05-01 12:00:00+00:00,19883.8,19934.4,19849.0,19853.4,30145,88,0
2025-05-01 16:00:00+00:00,19853.35,20024.55,19764.55,19841.95,144347,88,0
2025-05-01 20:00:00+00:00,19842.0,19948.6,19657.55,19697.8,91853,40,0
2025-05-02 00:00:00+00:00,19680.69,19870.15,19651.15,19844.35,22974,60,0
2025-05-02 04:00:00+00:00,19843.1,19904.2,19808.7,19886.6,26152,88,0
2025-05-02 08:00:00+00:00,19886.75,19890.25,19769.55,19772.2,33020,88,0
2025-05-02 12:00:00+00:00,19772.0,20006.85,19765.95,19996.8,40156,88,0
2025-05-02 16:00:00+00:00,19997.7,20167.15,19922.0,20142.9,135965,88,0
2025-05-02 20:00:00+00:00,20143.15,20178.15,20054.35,20104.7,75465,50,0
2025-05-05 00:00:00+00:00,20079.15,20087.2,19953.15,20003.35,17688,88,0
2025-05-05 04:00:00+00:00,20003.0,20003.4,19891.4,19936.25,21129,88,0
2025-05-05 08:00:00+00:00,19936.25,19998.05,19877.15,19900.0,24092,88,0
2025-05-05 12:00:00+00:00,19900.0,19927.6,19867.9,19904.25,24189,88,0
2025-05-05 16:00:00+00:00,19904.55,20045.7,19885.85,20034.25,107780,90,0
2025-05-05 20:00:00+00:00,20034.1,20090.75,19902.65,19941.65,55871,55,0
2025-05-06 00:00:00+00:00,19926.01,19944.1,19881.75,19899.35,8816,60,0
2025-05-06 04:00:00+00:00,19899.2,19909.3,19838.35,19878.65,15205,88,0
2025-05-06 08:00:00+00:00,19878.85,19881.8,19738.2,19778.7,28239,88,0
2025-05-06 12:00:00+00:00,19778.8,19812.45,19708.95,19746.05,33571,88,0
2025-05-06 16:00:00+00:00,19745.55,19931.45,19645.0,19775.1,126994,88,0
2025-05-06 20:00:00+00:00,19775.15,19882.95,19719.3,19757.85,82827,25,0
2025-05-07 00:00:00+00:00,19718.74,20040.7,19708.4,19995.2,34330,45,0
2025-05-07 04:00:00+00:00,19995.0,20018.6,19888.48,19925.35,25829,88,0
2025-05-07 08:00:00+00:00,19925.55,19936.95,19865.35,19919.0,26805,88,0
2025-05-07 12:00:00+00:00,19919.1,19942.1,19820.95,19844.95,27351,88,0
2025-05-07 16:00:00+00:00,19843.6,19889.0,19700.1,19811.1,134470,88,0
2025-05-07 20:00:00+00:00,19810.8,19966.05,19591.05,19869.75,138069,88,0
2025-05-08 00:00:00+00:00,19841.91,19954.4,19825.35,19943.4,14183,88,0
2025-05-08 04:00:00+00:00,19942.95,20114.0,19930.1,20100.35,27142,88,0
2025-05-08 08:00:00+00:00,20100.3,20147.2,20040.85,20142.45,23219,88,0
2025-05-08 12:00:00+00:00,20142.0,20178.3,20052.1,20090.85,29607,88,0
2025-05-08 16:00:00+00:00,20091.8,20253.9,19897.1,20248.65,143539,88,0
2025-05-08 20:00:00+00:00,20248.25,20252.5,20057.4,20070.9,78847,50,0
2025-05-09 00:00:00+00:00,20083.58,20094.65,19995.05,20035.45,14153,60,0
2025-05-09 04:00:00+00:00,20035.4,20114.45,20026.4,20097.25,17498,88,0
2025-05-09 08:00:00+00:00,20097.2,20145.95,20070.4,20088.25,24603,88,0
2025-05-09 12:00:00+00:00,20087.75,20197.9,20056.5,20146.25,30258,88,0
2025-05-09 16:00:00+00:00,20146.35,20193.2,19971.8,20001.75,124911,88,0
2025-05-09 20:00:00+00:00,20002.4,20098.75,19975.4,20060.9,66314,40,0
2025-05-12 00:00:00+00:00,20376.54,20425.5,20295.8,20411.0,23901,88,0
2025-05-12 04:00:00+00:00,20410.55,20464.35,20406.75,20448.65,15536,88,0
2025-05-12 08:00:00+00:00,20448.75,20848.9,20441.75,20795.05,46058,88,0
2025-05-12 12:00:00+00:00,20795.15,20910.05,20792.8,20835.25,41474,88,0
2025-05-12 16:00:00+00:00,20835.05,20858.0,20608.9,20796.75,127610,88,0
2025-05-12 20:00:00+00:00,20796.8,20914.5,20777.9,20876.45,60727,55,0
2025-05-13 00:00:00+00:00,20868.87,20878.85,20781.35,20790.05,13385,60,0
2025-05-13 04:00:00+00:00,20791.0,20809.5,20733.4,20754.55,16225,88,0
2025-05-13 08:00:00+00:00,20754.65,20796.9,20740.8,20749.15,21548,88,0
2025-05-13 12:00:00+00:00,20749.2,20979.05,20743.35,20923.3,28689,90,0
2025-05-13 16:00:00+00:00,20923.0,21249.65,20888.05,21233.0,103044,88,0
2025-05-13 20:00:00+00:00,21232.9,21257.6,21158.9,21166.5,55914,55,0
2025-05-14 00:00:00+00:00,21169.93,21216.15,21167.56,21183.55,10319,65,0
2025-05-14 04:00:00+00:00,21183.65,21231.4,21162.4,21222.7,11568,88,0
2025-05-14 08:00:00+00:00,21222.5,21269.35,21172.95,21189.8,22316,88,0
2025-05-14 12:00:00+00:00,21189.65,21298.25,21154.2,21240.05,25406,88,0
2025-05-14 16:00:00+00:00,21240.1,21336.0,21191.3,21283.65,112070,88,0
2025-05-14 20:00:00+00:00,21284.25,21330.05,21199.15,21317.55,66271,60,0
2025-05-15 00:00:00+00:00,21293.8,21305.6,21273.35,21296.85,8258,65,0
2025-05-15 04:00:00+00:00,21297.05,21327.55,21281.1,21300.1,9223,90,0
2025-05-15 08:00:00+00:00,21300.2,21302.9,21114.65,21130.9,25557,88,0
2025-05-15 12:00:00+00:00,21131.05,21245.1,21107.65,21204.05,29132,88,0
2025-05-15 16:00:00+00:00,21203.55,21408.0,21164.15,21407.45,105317,88,0
2025-05-15 20:00:00+00:00,21407.2,21445.05,21219.55,21311.8,74179,70,0
2025-05-16 00:00:00+00:00,21306.82,21348.05,21271.15,21273.55,8800,88,0
2025-05-16 04:00:00+00:00,21273.15,21331.3,21262.3,21315.25,10837,95,0
2025-05-16 08:00:00+00:00,21314.55,21390.75,21274.45,21373.55,15989,88,0
2025-05-16 12:00:00+00:00,21373.7,21413.25,21343.4,21351.6,17864,95,0
2025-05-16 16:00:00+00:00,21351.45,21416.3,21233.15,21340.85,95223,88,0
2025-05-16 20:00:00+00:00,21341.1,21425.3,21297.95,21317.9,45232,25,0
2025-05-19 00:00:00+00:00,21238.85,21336.35,21184.75,21222.1,20955,88,0
2025-05-19 04:00:00+00:00,21222.15,21228.1,21116.0,21140.4,19370,88,0
2025-05-19 08:00:00+00:00,21140.6,21208.15,21032.5,21054.65,30441,88,0
2025-05-19 12:00:00+00:00,21054.65,21139.05,21037.15,21131.6,25690,88,0
2025-05-19 16:00:00+00:00,21132.15,21419.6,21074.25,21415.55,94635,88,0
2025-05-19 20:00:00+00:00,21415.2,21460.7,21361.0,21434.55,52727,65,0
2025-05-20 00:00:00+00:00,21434.6,21482.7,21414.15,21435.3,9344,60,0
2025-05-20 04:00:00+00:00,21435.25,21435.25,21342.65,21368.0,15469,88,0
2025-05-20 08:00:00+00:00,21368.05,21407.45,21314.9,21354.85,22223,88,0
2025-05-20 12:00:00+00:00,21354.95,21404.15,21336.3,21356.3,18561,90,0
2025-05-20 16:00:00+00:00,21356.5,21393.35,21280.35,21380.45,89501,90,0
2025-05-20 20:00:00+00:00,21381.1,21394.65,21218.45,21340.35,65971,45,0
2025-05-21 00:00:00+00:00,21341.6,21372.0,21272.4,21352.4,13134,60,0
2025-05-21 04:00:00+00:00,21352.3,21363.55,21278.55,21286.8,13162,88,0
2025-05-21 08:00:00+00:00,21286.7,21312.9,21215.3,21251.2,21357,88,0
2025-05-21 12:00:00+00:00,21251.25,21287.2,21160.25,21244.7,26081,88,0
2025-05-21 16:00:00+00:00,21244.75,21488.5,21194.8,21445.35,101027,95,0
2025-05-21 20:00:00+00:00,21446.95,21453.55,21007.65,21080.55,142072,39,0
2025-05-22 00:00:00+00:00,21075.55,21137.05,21050.6,21134.1,15164,60,0
2025-05-22 04:00:00+00:00,21133.85,21144.45,21082.6,21101.75,11388,90,0
2025-05-22 08:00:00+00:00,21101.15,21163.75,21092.15,21134.3,22142,88,0
2025-05-22 12:00:00+00:00,21134.95,21179.8,20977.35,21128.4,37560,88,0
2025-05-22 16:00:00+00:00,21127.95,21267.25,21050.55,21154.05,141699,88,0
2025-05-22 20:00:00+00:00,21154.4,21273.3,21102.15,21150.85,75046,30,0
2025-05-23 00:00:00+00:00,21157.53,21165.95,21070.8,21138.95,11275,60,0
2025-05-23 04:00:00+00:00,21138.9,21146.2,21081.1,21091.15,12745,88,0
2025-05-23 08:00:00+00:00,21091.25,21168.9,21031.5,21125.7,20741,88,0
2025-05-23 12:00:00+00:00,21125.05,21129.6,20665.05,20737.5,71747,88,0
2025-05-23 16:00:00+00:00,20736.95,20945.35,20693.55,20920.35,143820,88,0
2025-05-23 20:00:00+00:00,20920.5,21019.9,20868.45,20891.05,82806,45,0
2025-05-26 00:00:00+00:00,20910.4,21167.45,20895.65,21128.95,23920,88,0
2025-05-26 04:00:00+00:00,21128.7,21175.7,21111.2,21162.85,13949,88,0
2025-05-26 08:00:00+00:00,21162.7,21228.5,21132.4,21188.85,17219,88,0
2025-05-26 12:00:00+00:00,21189.3,21231.1,21186.1,21204.4,8866,88,0
2025-05-26 16:00:00+00:00,21204.75,21250.1,21160.25,21230.9,21432,110,0
2025-05-26 20:00:00+00:00,21230.9,21230.9,21230.9,21230.9,2,120,0
2025-05-27 00:00:00+00:00,21230.9,21230.9,21146.35,21184.4,11352,60,0
2025-05-27 04:00:00+00:00,21183.8,21183.8,21085.45,21119.35,12991,88,0
2025-05-27 08:00:00+00:00,21119.4,21303.2,21103.35,21256.3,22636,88,0
2025-05-27 12:00:00+00:00,21256.35,21295.2,21197.0,21218.9,24169,88,0
2025-05-27 16:00:00+00:00,21219.25,21402.55,21138.35,21374.25,79215,88,0
2025-05-27 20:00:00+00:00,21374.4,21431.85,21358.25,21420.45,40149,50,0
2025-05-28 00:00:00+00:00,21413.94,21427.4,21396.55,21414.35,7491,60,0
2025-05-28 04:00:00+00:00,21414.6,21428.2,21380.85,21383.3,8173,88,0
2025-05-28 08:00:00+00:00,21383.25,21407.05,21361.45,21364.0,14336,88,0
2025-05-28 12:00:00+00:00,21364.05,21483.9,21353.0,21453.35,20382,90,0
2025-05-28 16:00:00+00:00,21453.5,21510.9,21373.4,21411.8,84894,88,0
2025-05-28 20:00:00+00:00,21411.75,21475.35,21278.7,21471.1,68139,45,0
2025-05-29 00:00:00+00:00,21447.65,21779.8,21435.9,21768.65,41623,60,0
2025-05-29 04:00:00+00:00,21768.65,21770.85,21701.1,21743.95,23107,88,0
2025-05-29 08:00:00+00:00,21743.9,21806.35,21694.3,21730.05,21971,88,0
2025-05-29 12:00:00+00:00,21730.8,21765.6,21568.1,21594.0,37447,88,0
2025-05-29 16:00:00+00:00,21595.15,21642.0,21250.5,21404.5,135951,88,0
2025-05-29 20:00:00+00:00,21404.55,21430.15,21266.15,21334.5,83664,50,0
2025-05-30 00:00:00+00:00,21309.15,21340.4,21263.75,21290.05,14877,55,0
2025-05-30 04:00:00+00:00,21289.65,21313.0,21217.45,21297.85,15623,88,0
2025-05-30 08:00:00+00:00,21298.45,21360.7,21267.75,21308.9,24955,88,0
2025-05-30 12:00:00+00:00,21308.95,21369.65,21175.7,21283.3,36305,90,0
2025-05-30 16:00:00+00:00,21283.5,21349.55,21022.4,21059.7,133535,88,0
2025-05-30 20:00:00+00:00,21059.85,21383.6,21040.2,21319.65,97875,25,0
2025-06-02 00:00:00+00:00,21261.15,21299.95,21232.4,21249.6,12997,88,0
2025-06-02 04:00:00+00:00,21249.75,21268.5,21174.4,21191.1,15148,88,0
2025-06-02 08:00:00+00:00,21191.15,21222.25,21118.35,21190.5,29610,88,0
2025-06-02 12:00:00+00:00,21190.55,21249.7,21156.9,21240.75,25746,88,0
2025-06-02 16:00:00+00:00,21240.25,21411.95,21189.7,21401.25,115009,88,0
2025-06-02 20:00:00+00:00,21401.4,21531.3,21380.85,21509.75,52108,60,0
2025-06-03 00:00:00+00:00,21511.14,21511.14,21423.15,21441.9,10179,60,0
2025-06-03 04:00:00+00:00,21441.85,21458.05,21395.7,21411.6,10794,88,0
2025-06-03 08:00:00+00:00,21411.35,21439.15,21357.7,21401.9,20958,88,0
2025-06-03 12:00:00+00:00,21401.5,21501.2,21389.05,21493.0,21791,88,0
2025-06-03 16:00:00+00:00,21492.7,21705.1,21468.15,21695.8,82621,88,0
2025-06-03 20:00:00+00:00,21696.35,21717.15,21594.2,21646.45,51328,70,0
2025-06-04 00:00:00+00:00,21644.39,21686.1,21644.14,21659.05,10011,60,0
2025-06-04 04:00:00+00:00,21659.45,21670.1,21627.05,21637.45,9818,95,0
2025-06-04 08:00:00+00:00,21637.5,21707.85,21633.45,21677.3,16078,90,0
2025-06-04 12:00:00+00:00,21677.35,21726.5,21615.15,21668.4,23688,88,0
2025-06-04 16:00:00+00:00,21668.4,21752.45,21599.2,21712.45,96775,88,0
2025-06-04 20:00:00+00:00,21712.7,21760.35,21699.85,21706.9,40669,40,0
2025-06-05 00:00:00+00:00,21706.9,21730.75,21692.2,21703.15,7630,65,0
2025-06-05 04:00:00+00:00,21703.1,21718.2,21691.25,21707.75,7529,88,0
2025-06-05 08:00:00+00:00,21707.7,21800.75,21684.0,21748.75,15915,88,0
2025-06-05 12:00:00+00:00,21748.8,21853.9,21671.95,21760.05,27500,88,0
2025-06-05 16:00:00+00:00,21760.0,21890.38,21631.9,21648.2,128100,88,0
2025-06-05 20:00:00+00:00,21648.2,21753.9,21468.45,21477.85,110151,50,0
2025-06-06 00:00:00+00:00,21453.33,21552.0,21439.9,21534.7,13346,60,0
2025-06-06 04:00:00+00:00,21534.85,21614.35,21526.75,21613.25,11564,88,0
2025-06-06 08:00:00+00:00,21612.85,21649.4,21593.15,21625.05,19261,88,0
2025-06-06 12:00:00+00:00,21625.4,21744.65,21606.5,21723.25,28782,88,0
2025-06-06 16:00:00+00:00,21722.5,21832.4,21687.95,21721.15,112745,88,0
2025-06-06 20:00:00+00:00,21720.8,21836.75,21702.95,21775.15,53817,40,0
2025-06-09 00:00:00+00:00,21777.8,21785.65,21695.45,21715.6,13475,88,0
2025-06-09 04:00:00+00:00,21715.7,21722.4,21683.65,21713.8,9255,105,0
2025-06-09 08:00:00+00:00,21713.7,21766.9,21696.4,21758.9,15377,90,0
2025-06-09 12:00:00+00:00,21758.95,21791.85,21731.1,21765.05,15431,88,0
2025-06-09 16:00:00+00:00,21765.35,21854.7,21720.05,21836.05,74926,88,0
2025-06-09 20:00:00+00:00,21836.4,21847.25,21763.3,21788.3,39777,50,0
2025-06-10 00:00:00+00:00,21802.98,21843.65,21787.2,21835.7,6307,60,0
2025-06-10 04:00:00+00:00,21835.6,21944.7,21834.95,21889.3,11769,88,0
2025-06-10 08:00:00+00:00,21889.25,21902.35,21704.5,21784.8,40561,88,0
2025-06-10 12:00:00+00:00,21784.4,21841.85,21777.9,21828.9,19672,88,0
2025-06-10 16:00:00+00:00,21830.25,21887.15,21717.6,21883.1,81248,90,0
2025-06-10 20:00:00+00:00,21883.25,21965.05,21794.3,21924.65,55025,50,0
2025-06-11 00:00:00+00:00,21922.07,21976.3,21886.6,21889.25,13556,60,0
2025-06-11 04:00:00+00:00,21889.25,21898.35,21847.8,21851.45,10792,88,0
2025-06-11 08:00:00+00:00,21851.6,21934.2,21841.1,21918.8,16693,88,0
2025-06-11 12:00:00+00:00,21918.85,22070.35,21859.05,22003.85,32037,88,0
2025-06-11 16:00:00+00:00,22004.0,22038.75,21881.1,21950.3,92082,88,0
2025-06-11 20:00:00+00:00,21950.25,21990.7,21763.75,21855.15,91958,25,0
2025-06-12 00:00:00+00:00,21842.5,21870.7,21758.7,21776.4,13345,60,0
2025-06-12 04:00:00+00:00,21776.85,21805.95,21730.2,21805.2,12645,88,0
2025-06-12 08:00:00+00:00,21805.0,21833.8,21695.8,21777.55,25306,88,0
2025-06-12 12:00:00+00:00,21777.65,21826.7,21700.66,21813.8,30537,88,0
2025-06-12 16:00:00+00:00,21814.2,21954.25,21797.95,21900.8,87845,88,0
2025-06-12 20:00:00+00:00,21901.0,21944.3,21870.7,21885.9,40982,55,0
2025-06-13 00:00:00+00:00,21890.71,21891.71,21500.65,21541.45,31312,60,0
2025-06-13 04:00:00+00:00,21541.2,21597.85,21451.15,21521.9,43410,88,0
2025-06-13 08:00:00+00:00,21522.5,21641.4,21502.2,21579.55,38318,100,0
2025-06-13 12:00:00+00:00,21579.7,21681.65,21556.9,21637.05,37031,100,0
2025-06-13 16:00:00+00:00,21637.1,21832.75,21596.8,21807.1,105354,105,0
2025-06-13 20:00:00+00:00,21806.6,21813.5,21583.48,21632.5,95958,100,0
2025-06-16 00:00:00+00:00,21539.15,21688.5,21515.4,21678.25,20764,98,0
2025-06-16 04:00:00+00:00,21678.3,21705.35,21650.3,21666.55,10584,110,0
2025-06-16 08:00:00+00:00,21666.25,21780.2,21666.25,21772.2,22291,100,0
2025-06-16 12:00:00+00:00,21771.65,21830.35,21722.45,21801.9,18481,105,0
2025-06-16 16:00:00+00:00,21802.0,21987.45,21778.4,21930.05,74474,115,0
2025-06-16 20:00:00+00:00,21929.95,21972.9,21904.0,21929.05,43075,70,0
2025-06-17 00:00:00+00:00,21927.4,21935.0,21764.85,21846.7,27016,60,0
2025-06-17 04:00:00+00:00,21846.75,21873.45,21779.45,21826.2,23776,100,0
2025-06-17 08:00:00+00:00,21826.45,21879.25,21761.7,21821.4,30489,88,0
2025-06-17 12:00:00+00:00,21821.85,21851.5,21753.4,21808.35,25395,88,0
2025-06-17 16:00:00+00:00,21808.25,21890.85,21783.0,21793.1,77537,88,0
2025-06-17 20:00:00+00:00,21793.6,21814.3,21666.85,21709.55,69701,30,0
2025-06-18 00:00:00+00:00,21693.81,21755.4,21628.15,21746.25,17990,60,0
2025-06-18 04:00:00+00:00,21746.75,21779.0,21714.0,21748.7,11806,88,0
2025-06-18 08:00:00+00:00,21748.6,21805.9,21747.15,21800.65,17406,88,0
2025-06-18 12:00:00+00:00,21800.7,21834.0,21717.95,21752.2,19675,88,0
2025-06-18 16:00:00+00:00,21753.75,21861.85,21692.3,21793.05,70070,88,0
2025-06-18 20:00:00+00:00,21792.65,21845.75,21649.1,21725.5,92498,30,0
2025-06-19 00:00:00+00:00,21730.59,21732.15,21618.0,21664.85,10498,60,0
2025-06-19 04:00:00+00:00,21664.95,21675.3,21563.55,21670.6,14235,88,0
2025-06-19 08:00:00+00:00,21670.6,21670.8,21555.7,21599.0,21147,88,0
2025-06-19 12:00:00+00:00,21599.2,21628.45,21517.2,21536.2,17123,88,0
2025-06-19 16:00:00+00:00,21536.2,21558.3,21422.8,21476.25,40244,100,0
2025-06-19 20:00:00+00:00,21476.25,21476.25,21476.25,21476.25,2,125,0
2025-06-20 00:00:00+00:00,21535.7,21700.9,21524.35,21661.7,18481,60,0
2025-06-20 04:00:00+00:00,21661.75,21694.85,21622.0,21683.0,12018,88,0
2025-06-20 08:00:00+00:00,21682.8,21723.45,21634.05,21639.6,17876,88,0
2025-06-20 12:00:00+00:00,21639.95,21813.8,21638.5,21803.85,26183,88,0
2025-06-20 16:00:00+00:00,21804.1,21905.95,21550.5,21658.75,114441,88,0
2025-06-20 20:00:00+00:00,21659.05,21685.55,21540.1,21648.85,63924,25,0
2025-06-23 00:00:00+00:00,21357.4,21567.7,21347.15,21515.25,25161,88,0
2025-06-23 04:00:00+00:00,21515.3,21558.25,21496.65,21549.55,11042,88,0
2025-06-23 08:00:00+00:00,21549.3,21728.7,21548.55,21691.6,23043,88,0
2025-06-23 12:00:00+00:00,21691.75,21718.55,21560.35,21667.75,26320,88,0
2025-06-23 16:00:00+00:00,21668.05,21803.2,21523.9,21626.15,114508,88,0
2025-06-23 20:00:00+00:00,21626.35,21877.0,21607.6,21856.55,72320,45,0
2025-06-24 00:00:00+00:00,21849.65,22035.0,21846.3,22007.45,19404,65,0
2025-06-24 04:00:00+00:00,22007.1,22049.15,21993.15,22021.0,13392,88,0
2025-06-24 08:00:00+00:00,22021.3,22159.95,22019.8,22081.55,31452,88,0
2025-06-24 12:00:00+00:00,22081.1,22129.6,22031.55,22065.45,23141,88,0
2025-06-24 16:00:00+00:00,22065.65,22195.55,22039.9,22177.9,69194,95,0
2025-06-24 20:00:00+00:00,22178.0,22225.5,22158.2,22186.0,29730,55,0
2025-06-25 00:00:00+00:00,22181.97,22213.0,22163.6,22203.85,7404,88,0
2025-06-25 04:00:00+00:00,22203.6,22205.35,22171.9,22204.1,5981,95,0
2025-06-25 08:00:00+00:00,22204.4,22215.2,22184.75,22212.95,10626,88,0
2025-06-25 12:00:00+00:00,22213.3,22287.75,22192.85,22286.8,12005,90,0
2025-06-25 16:00:00+00:00,22286.7,22326.6,22189.5,22221.15,74521,88,0
2025-06-25 20:00:00+00:00,22222.25,22258.75,22167.85,22251.7,40563,55,0
2025-06-26 00:00:00+00:00,22238.69,22266.55,22218.45,22256.05,7897,95,0
2025-06-26 04:00:00+00:00,22256.25,22286.2,22241.7,22285.1,6554,88,0
2025-06-26 08:00:00+00:00,22285.05,22358.15,22274.25,22343.35,11857,88,0
2025-06-26 12:00:00+00:00,22343.15,22365.9,22302.05,22335.95,14912,88,0
2025-06-26 16:00:00+00:00,22335.75,22413.55,22258.1,22388.6,66155,100,0
2025-06-26 20:00:00+00:00,22388.7,22475.75,22379.2,22455.35,31046,70,0
2025-06-27 00:00:00+00:00,22460.75,22488.15,22447.9,22449.25,8837,88,0
2025-06-27 04:00:00+00:00,22448.9,22487.3,22444.3,22469.1,5975,105,0
2025-06-27 08:00:00+00:00,22469.05,22540.0,22468.55,22527.8,10950,88,0
2025-06-27 12:00:00+00:00,22528.05,22567.45,22504.9,22511.8,13040,95,0
2025-06-27 16:00:00+00:00,22511.35,22602.6,22467.2,22577.25,62228,102,0
2025-06-27 20:00:00+00:00,22577.1,22579.95,22382.45,22523.25,71293,25,0
2025-06-30 00:00:00+00:00,22544.0,22631.95,22539.9,22619.15,10764,88,0
2025-06-30 04:00:00+00:00,22617.7,22670.4,22598.45,22659.6,7584,88,0
2025-06-30 08:00:00+00:00,22659.55,22687.1,22635.7,22660.2,12098,100,0
2025-06-30 12:00:00+00:00,22660.1,22700.65,22639.89,22653.25,10692,95,0
2025-06-30 16:00:00+00:00,22653.55,22675.15,22581.8,22627.65,62967,88,0
2025-06-30 20:00:00+00:00,22627.9,22718.2,22567.4,22652.0,47007,60,0
2025-07-01 00:00:00+00:00,22654.08,22688.35,22630.1,22683.95,6587,88,0
2025-07-01 04:00:00+00:00,22684.65,22697.9,22637.94,22641.05,7115,88,0
2025-07-01 08:00:00+00:00,22641.15,22649.85,22603.85,22630.1,13681,90,0
2025-07-01 12:00:00+00:00,22629.25,22633.4,22540.7,22578.6,14283,90,0
2025-07-01 16:00:00+00:00,22578.5,22628.9,22379.5,22485.35,98204,88,0
2025-07-01 20:00:00+00:00,22486.25,22546.7,22432.25,22476.45,52222,55,0
2025-07-02 00:00:00+00:00,22464.65,22514.9,22463.65,22501.9,6659,65,0
2025-07-02 04:00:00+00:00,22502.15,22569.65,22464.55,22561.5,8791,88,0
2025-07-02 08:00:00+00:00,22560.8,22567.3,22491.5,22498.35,15104,88,0
2025-07-02 12:00:00+00:00,22498.2,22506.5,22373.0,22405.25,22558,90,0
2025-07-02 16:00:00+00:00,22405.15,22634.5,22392.95,22628.15,73712,88,0
2025-07-02 20:00:00+00:00,22628.6,22644.4,22596.6,22641.25,31865,70,0
2025-07-03 00:00:00+00:00,22633.73,22649.8,22620.15,22641.65,4796,95,0
2025-07-03 04:00:00+00:00,22641.6,22672.15,22617.95,22657.5,7098,95,0
2025-07-03 08:00:00+00:00,22657.4,22691.25,22641.2,22644.3,9270,88,0
2025-07-03 12:00:00+00:00,22643.7,22725.2,22622.05,22683.05,18518,88,0
2025-07-03 16:00:00+00:00,22683.1,22890.8,22681.65,22848.35,57582,88,0
2025-07-03 20:00:00+00:00,22848.1,22859.5,22823.7,22849.45,2827,100,0
2025-07-04 00:00:00+00:00,22841.15,22859.75,22815.05,22823.45,6700,88,0
2025-07-04 04:00:00+00:00,22823.8,22847.25,22790.15,22803.3,8186,88,0
2025-07-04 08:00:00+00:00,22803.6,22807.8,22720.6,22725.0,14097,90,0
2025-07-04 12:00:00+00:00,22724.1,22749.15,22679.4,22719.9,17465,88,0
2025-07-04 16:00:00+00:00,22719.65,22742.1,22685.65,22703.8,17817,115,0
2025-07-07 00:00:00+00:00,22703.8,22822.0,22703.8,22768.4,12301,88,0
2025-07-07 04:00:00+00:00,22768.05,22788.2,22712.6,22744.85,12355,88,0
2025-07-07 08:00:00+00:00,22744.8,22749.7,22706.55,22711.0,14818,100,0
2025-07-07 12:00:00+00:00,22711.0,22798.9,22706.95,22749.05,13596,100,0
2025-07-07 16:00:00+00:00,22749.1,22773.2,22631.45,22667.9,88643,88,0
2025-07-07 20:00:00+00:00,22667.6,22722.1,22578.6,22636.8,58465,55,0
2025-07-08 00:00:00+00:00,22640.27,22717.9,22612.35,22710.95,9612,88,0
2025-07-08 04:00:00+00:00,22710.75,22742.8,22691.2,22714.5,9634,95,0
2025-07-08 08:00:00+00:00,22714.95,22776.25,22709.0,22750.55,12123,88,0
2025-07-08 12:00:00+00:00,22749.55,22760.95,22710.55,22743.95,12584,88,0
2025-07-08 16:00:00+00:00,22743.8,22767.45,22645.6,22721.6,80887,88,0
2025-07-08 20:00:00+00:00,22721.7,22746.2,22676.4,22708.55,41201,75,0
2025-07-09 00:00:00+00:00,22712.05,22727.8,22668.85,22679.75,4965,100,0
2025-07-09 04:00:00+00:00,22679.75,22704.8,22659.1,22696.55,7733,100,0
2025-07-09 08:00:00+00:00,22696.5,22707.45,22648.4,22694.5,11298,88,0
2025-07-09 12:00:00+00:00,22695.25,22762.25,22695.05,22742.75,12638,100,0
2025-07-09 16:00:00+00:00,22743.3,22918.1,22727.75,22790.2,76733,90,0
2025-07-09 20:00:00+00:00,22790.2,22867.75,22769.0,22851.35,37179,75,0
2025-07-10 00:00:00+00:00,22844.81,22871.5,22813.65,22814.45,6263,88,0
2025-07-10 04:00:00+00:00,22815.05,22830.75,22796.75,22804.5,7247,88,0
2025-07-10 08:00:00+00:00,22804.55,22855.75,22788.1,22855.05,9634,88,0
2025-07-10 12:00:00+00:00,22855.05,22886.1,22821.65,22858.5,11896,88,0
2025-07-10 16:00:00+00:00,22858.3,22898.9,22710.9,22801.65,71231,90,0
2025-07-10 20:00:00+00:00,22801.45,22859.25,22798.3,22819.7,27828,75,0
2025-07-11 00:00:00+00:00,22825.07,22860.85,22643.8,22694.85,19257,60,0
2025-07-11 04:00:00+00:00,22696.25,22786.7,22678.35,22778.85,12564,95,0
2025-07-11 08:00:00+00:00,22778.2,22787.65,22683.75,22716.15,19384,88,0
2025-07-11 12:00:00+00:00,22716.1,22736.1,22665.45,22717.05,20025,95,0
2025-07-11 16:00:00+00:00,22716.75,22821.75,22676.05,22815.8,76967,95,0
2025-07-11 20:00:00+00:00,22815.9,22833.75,22737.05,22750.85,38172,55,0
2025-07-14 00:00:00+00:00,22663.27,22706.0,22620.02,22672.2,13677,88,0
2025-07-14 04:00:00+00:00,22672.4,22700.25,22662.9,22683.55,7249,90,0
2025-07-14 08:00:00+00:00,22683.8,22719.35,22626.45,22708.15,14467,88,0
2025-07-14 12:00:00+00:00,22708.2,22729.9,22686.05,22720.1,12031,88,0
2025-07-14 16:00:00+00:00,22720.05,22859.3,22663.75,22852.6,76541,100,0
2025-07-14 20:00:00+00:00,22852.75,22884.7,22836.9,22857.05,24474,70,0
2025-07-15 00:00:00+00:00,22854.31,22854.31,22820.15,22830.0,5903,65,0
2025-07-15 04:00:00+00:00,22830.2,22997.85,22821.2,22940.35,19596,90,0
2025-07-15 08:00:00+00:00,22940.05,23004.05,22938.35,22981.55,14900,88,0
2025-07-15 12:00:00+00:00,22981.4,23033.35,22961.5,23021.45,18255,88,0
2025-07-15 16:00:00+00:00,23022.35,23048.2,22909.0,22924.15,93306,88,0
2025-07-15 20:00:00+00:00,22924.3,23005.2,22837.25,22844.3,48965,60,0
2025-07-16 00:00:00+00:00,22849.31,22859.6,22801.1,22827.95,10068,88,0
2025-07-16 04:00:00+00:00,22827.85,22861.85,22825.6,22849.3,7699,88,0
2025-07-16 08:00:00+00:00,22852.5,22873.3,22757.95,22830.8,17392,88,0
2025-07-16 12:00:00+00:00,22830.8,22912.45,22807.95,22902.2,16213,95,0
2025-07-16 16:00:00+00:00,22901.55,22918.4,22665.05,22874.5,120608,88,0
2025-07-16 20:00:00+00:00,22874.7,22928.15,22845.15,22891.85,36881,75,0
2025-07-17 00:00:00+00:00,22896.68,22897.85,22855.45,22882.15,6994,65,0
2025-07-17 04:00:00+00:00,22882.2,22888.9,22847.95,22871.5,6361,88,0
2025-07-17 08:00:00+00:00,22871.7,22982.0,22869.85,22934.05,17043,88,0
2025-07-17 12:00:00+00:00,22934.4,22977.45,22903.65,22976.6,14320,90,0
2025-07-17 16:00:00+00:00,22976.0,23103.55,22896.55,23085.35,59959,95,0
2025-07-17 20:00:00+00:00,23085.6,23106.35,23063.2,23093.9,27579,75,0
2025-07-18 00:00:00+00:00,23082.56,23117.75,23074.5,23097.05,5808,65,0
2025-07-18 04:00:00+00:00,23096.15,23116.5,23089.4,23108.1,4539,88,0
2025-07-18 08:00:00+00:00,23108.35,23138.8,23090.8,23111.35,8984,100,0
2025-07-18 12:00:00+00:00,23111.25,23119.4,23081.15,23098.15,10224,100,0
2025-07-18 16:00:00+00:00,23098.2,23149.45,23000.75,23017.8,70427,88,0
2025-07-18 20:00:00+00:00,23017.7,23061.6,23003.5,23059.35,28727,65,0
2025-07-21 00:00:00+00:00,23051.49,23104.35,23032.24,23093.45,6054,110,0
2025-07-21 04:00:00+00:00,23093.55,23118.5,23084.15,23111.5,4317,100,0
2025-07-21 08:00:00+00:00,23111.4,23149.7,23104.35,23131.05,7227,110,0
2025-07-21 12:00:00+00:00,23131.2,23146.4,23077.65,23079.35,6927,90,0
2025-07-21 16:00:00+00:00,23079.1,23265.5,23065.35,23246.65,47310,95,0
2025-07-21 20:00:00+00:00,23246.85,23264.45,23171.1,23189.55,25992,65,0
2025-07-22 00:00:00+00:00,23181.23,23201.95,23176.15,23181.2,4236,65,0
2025-07-22 04:00:00+00:00,23181.0,23208.1,23138.65,23147.25,6913,115,0
2025-07-22 08:00:00+00:00,23147.15,23188.5,23113.25,23118.05,12274,88,0
2025-07-22 12:00:00+00:00,23117.8,23181.7,23110.55,23175.5,13040,88,0
2025-07-22 16:00:00+00:00,23175.55,23188.95,22951.85,23039.6,86456,95,0
2025-07-22 20:00:00+00:00,23038.75,23097.9,23011.9,23040.25,34837,75,0
2025-07-23 00:00:00+00:00,23037.96,23114.7,23017.2,23051.8,13106,95,0
2025-07-23 04:00:00+00:00,23051.4,23102.2,23046.25,23096.45,9473,95,0
2025-07-23 08:00:00+00:00,23096.25,23129.05,23091.15,23126.85,12306,88,0
2025-07-23 12:00:00+00:00,23126.35,23130.55,23078.15,23084.3,12300,88,0
2025-07-23 16:00:00+00:00,23084.25,23140.1,22994.5,23075.75,80269,88,0
2025-07-23 20:00:00+00:00,23075.7,23264.05,23061.65,23258.95,42656,55,0
2025-07-24 00:00:00+00:00,23245.45,23254.6,23230.95,23242.8,6804,60,0
2025-07-24 04:00:00+00:00,23242.35,23270.65,23221.4,23228.2,6583,88,0
2025-07-24 08:00:00+00:00,23228.3,23239.85,23196.1,23239.15,10311,105,0
2025-07-24 12:00:00+00:00,23239.5,23251.05,23176.15,23208.25,12847,90,0
2025-07-24 16:00:00+00:00,23208.3,23249.05,23147.1,23218.95,67874,88,0
2025-07-24 20:00:00+00:00,23217.85,23270.9,23215.25,23243.5,30186,70,0
2025-07-25 00:00:00+00:00,23243.64,23271.4,23234.05,23265.95,4659,88,0
2025-07-25 04:00:00+00:00,23266.15,23292.65,23244.5,23248.75,4771,90,0
2025-07-25 08:00:00+00:00,23249.0,23263.85,23200.65,23226.5,10089,100,0
2025-07-25 12:00:00+00:00,23226.7,23242.4,23208.3,23217.15,8720,88,0
2025-07-25 16:00:00+00:00,23217.1,23327.2,23177.0,23301.95,50840,95,0
2025-07-25 20:00:00+00:00,23301.75,23310.65,23258.8,23298.95,21433,55,0
2025-07-28 00:00:00+00:00,23386.6,23412.6,23359.1,23400.8,9628,88,0
2025-07-28 04:00:00+00:00,23400.85,23423.35,23388.5,23417.1,4527,90,0
2025-07-28 08:00:00+00:00,23416.6,23441.85,23391.15,23394.05,8297,88,0
2025-07-28 12:00:00+00:00,23394.15,23399.4,23342.55,23371.45,10693,88,0
2025-07-28 16:00:00+00:00,23371.75,23388.6,23298.2,23344.15,55711,105,0
2025-07-28 20:00:00+00:00,23344.4,23370.75,23298.9,23367.1,27450,65,0
2025-07-29 00:00:00+00:00,23370.04,23400.1,23364.85,23396.8,4071,65,0
2025-07-29 04:00:00+00:00,23396.55,23414.65,23385.5,23406.2,4393,105,0
2025-07-29 08:00:00+00:00,23406.05,23461.7,23404.75,23445.85,7134,90,0
2025-07-29 12:00:00+00:00,23445.95,23476.2,23435.95,23442.45,9501,88,0
2025-07-29 16:00:00+00:00,23442.05,23515.25,23301.8,23370.4,77271,88,0
2025-07-29 20:00:00+00:00,23370.4,23385.95,23285.75,23315.7,35349,75,0
2025-07-30 00:00:00+00:00,23316.5,23355.35,23315.9,23351.55,4623,60,0
2025-07-30 04:00:00+00:00,23351.5,23372.95,23331.9,23369.3,5117,88,0
2025-07-30 08:00:00+00:00,23369.15,23377.4,23328.9,23348.3,9548,88,0
2025-07-30 12:00:00+00:00,23348.35,23386.85,23336.98,23355.65,13747,88,0
2025-07-30 16:00:00+00:00,23355.3,23411.9,23316.3,23399.25,54998,88,0
2025-07-30 20:00:00+00:00,23399.45,23553.65,23223.3,23527.25,91337,55,0
2025-07-31 00:00:00+00:00,23569.3,23624.45,23551.75,23620.5,9891,65,0
2025-07-31 04:00:00+00:00,23620.3,23675.2,23613.0,23671.8,6586,110,0
2025-07-31 08:00:00+00:00,23671.95,23711.05,23644.1,23665.8,12634,88,0
2025-07-31 12:00:00+00:00,23666.85,23674.8,23619.4,23668.05,16983,88,0
2025-07-31 16:00:00+00:00,23667.4,23670.1,23350.3,23436.35,101932,95,0
2025-07-31 20:00:00+00:00,23436.45,23438.1,23158.15,23196.0,99309,45,0
2025-08-01 00:00:00+00:00,23196.0,23212.75,23099.25,23147.65,19709,75,0
2025-08-01 04:00:00+00:00,23146.55,23209.5,23139.85,23186.3,12698,90,0
2025-08-01 08:00:00+00:00,23186.25,23191.95,22930.3,22983.15,36852,88,0
2025-08-01 12:00:00+00:00,22982.35,23034.35,22900.75,22936.6,44439,88,0
2025-08-01 16:00:00+00:00,22936.95,22970.6,22668.95,22749.25,153151,88,0
2025-08-01 20:00:00+00:00,22748.85,22812.1,22659.4,22739.5,90995,40,0
2025-08-04 00:00:00+00:00,22738.65,22841.65,22700.6,22834.5,20211,88,0
2025-08-04 04:00:00+00:00,22834.8,22866.65,22811.0,22848.15,13377,88,0
2025-08-04 08:00:00+00:00,22848.85,22941.6,22826.7,22939.2,21680,88,0
2025-08-04 12:00:00+00:00,22939.1,22959.4,22910.4,22954.15,18105,88,0
2025-08-04 16:00:00+00:00,22954.25,23157.6,22949.0,23148.75,71475,90,0
2025-08-04 20:00:00+00:00,23148.5,23230.8,23120.05,23229.8,31723,55,0
2025-08-05 00:00:00+00:00,23237.15,23256.6,23197.85,23229.55,8915,60,0
2025-08-05 04:00:00+00:00,23229.45,23253.8,23207.85,23241.65,9168,95,0
2025-08-05 08:00:00+00:00,23241.7,23279.15,23195.55,23213.65,13882,88,0
2025-08-05 12:00:00+00:00,23213.7,23286.05,23208.8,23243.35,16091,88,0
2025-08-05 16:00:00+00:00,23243.55,23279.15,22999.05,23065.75,110392,88,0
2025-08-05 20:00:00+00:00,23064.8,23137.25,22970.65,22977.0,54578,30,0
2025-08-06 00:00:00+00:00,22986.79,23000.9,22935.45,22960.2,12621,60,0
2025-08-06 04:00:00+00:00,22960.35,23061.25,22952.7,23050.0,11255,90,0
2025-08-06 08:00:00+00:00,23050.1,23114.8,23043.05,23054.6,15258,88,0
2025-08-06 12:00:00+00:00,23054.75,23084.25,22995.75,23066.55,22636,88,0
2025-08-06 16:00:00+00:00,23066.5,23277.1,23037.0,23258.75,99945,88,0
2025-08-06 20:00:00+00:00,23258.7,23331.85,23246.9,23300.6,35186,70,0
2025-08-07 00:00:00+00:00,23317.79,23388.95,23273.2,23375.75,11304,60,0
2025-08-07 04:00:00+00:00,23375.5,23398.25,23345.0,23352.15,8143,88,0
2025-08-07 08:00:00+00:00,23352.35,23461.85,23342.1,23442.8,16146,88,0
2025-08-07 12:00:00+00:00,23443.35,23525.4,23425.3,23484.3,22915,88,0
2025-08-07 16:00:00+00:00,23484.9,23557.75,23278.0,23348.4,119915,88,0
2025-08-07 20:00:00+00:00,23348.3,23421.25,23217.4,23409.4,72098,75,0
2025-08-08 00:00:00+00:00,23421.74,23476.15,23410.1,23465.8,8393,60,0
2025-08-08 04:00:00+00:00,23465.8,23472.65,23430.6,23436.45,6905,95,0
2025-08-08 08:00:00+00:00,23436.9,23452.6,23396.9,23447.2,12139,88,0
2025-08-08 12:00:00+00:00,23447.25,23474.9,23412.0,23426.65,11355,105,0
2025-08-08 16:00:00+00:00,23427.05,23597.6,23415.1,23570.2,72765,95,0
2025-08-08 20:00:00+00:00,23570.25,23660.9,23549.0,23658.9,32751,40,0
2025-08-11 00:00:00+00:00,23656.95,23671.15,23591.05,23626.45,15325,100,0
2025-08-11 04:00:00+00:00,23626.15,23666.45,23620.55,23636.05,15816,100,0
2025-08-11 08:00:00+00:00,23636.15,23658.15,23558.95,23593.95,29503,100,0
2025-08-11 12:00:00+00:00,23593.65,23649.5,23588.45,23615.7,28546,100,0
2025-08-11 16:00:00+00:00,23615.7,23699.75,23574.7,23632.05,134551,90,0
2025-08-11 20:00:00+00:00,23632.35,23648.35,23484.15,23524.7,80177,50,0
2025-08-12 00:00:00+00:00,23524.7,23566.35,23513.45,23538.85,17812,50,0
2025-08-12 04:00:00+00:00,23538.95,23576.35,23532.05,23571.45,16913,100,0
2025-08-12 08:00:00+00:00,23571.45,23575.35,23495.95,23541.25,39197,100,0
2025-08-12 12:00:00+00:00,23540.65,23721.5,23508.15,23673.4,46943,100,0
2025-08-12 16:00:00+00:00,23673.1,23809.25,23521.8,23798.75,186732,90,0
2025-08-12 20:00:00+00:00,23799.05,23849.2,23784.55,23845.9,54302,50,0
2025-08-13 00:00:00+00:00,23845.9,23866.15,23825.15,23840.85,14066,50,0
2025-08-13 04:00:00+00:00,23841.05,23861.45,23821.3,23854.95,6699,100,0
2025-08-13 08:00:00+00:00,23854.9,23915.3,23833.75,23893.4,8829,88,0
2025-08-13 12:00:00+00:00,23893.35,23931.75,23883.7,23918.2,8800,105,0
2025-08-13 16:00:00+00:00,23918.3,23967.0,23785.7,23798.7,78849,100,0
2025-08-13 20:00:00+00:00,23798.6,23858.9,23786.9,23826.85,37360,65,0
2025-08-14 00:00:00+00:00,23838.69,23865.65,23814.25,23834.25,5204,60,0
2025-08-14 04:00:00+00:00,23833.8,23846.65,23818.95,23835.2,5747,110,0
2025-08-14 08:00:00+00:00,23835.3,23843.8,23799.65,23826.6,8907,70,0
2025-08-14 12:00:00+00:00,23826.5,23867.2,23695.4,23746.0,20664,50,0
2025-08-14 16:00:00+00:00,23744.05,23905.6,23718.7,23848.3,96293,45,0
2025-08-14 20:00:00+00:00,23848.55,23879.7,23771.15,23792.5,39862,40,0
2025-08-15 00:00:00+00:00,23784.29,23814.2,23773.55,23792.5,6221,25,0
2025-08-15 04:00:00+00:00,23792.55,23846.85,23791.1,23838.15,6165,90,0
2025-08-15 08:00:00+00:00,23837.8,23863.35,23777.85,23784.35,10202,96,0
2025-08-15 12:00:00+00:00,23783.65,23827.6,23772.95,23805.7,13517,115,0
2025-08-15 16:00:00+00:00,23805.15,23824.4,23635.5,23719.25,89048,100,0
2025-08-15 20:00:00+00:00,23719.7,23748.1,23676.5,23697.3,38503,100,0
2025-08-18 00:00:00+00:00,23727.45,23777.65,23723.05,23768.8,6063,105,0
2025-08-18 04:00:00+00:00,23768.4,23792.85,23757.05,23760.4,4618,115,0
2025-08-18 08:00:00+00:00,23761.05,23768.35,23655.15,23690.05,17635,100,0
2025-08-18 12:00:00+00:00,23690.1,23703.1,23651.05,23686.6,13973,100,0
2025-08-18 16:00:00+00:00,23686.3,23735.3,23630.55,23646.15,71866,100,0
2025-08-18 20:00:00+00:00,23646.45,23727.05,23644.55,23700.05,27007,115,0
2025-08-19 00:00:00+00:00,23707.73,23750.7,23676.0,23694.15,7056,100,0
2025-08-19 04:00:00+00:00,23694.35,23705.4,23652.35,23670.85,8592,105,0
2025-08-19 08:00:00+00:00,23670.35,23700.9,23644.45,23700.35,10017,100,0
2025-08-19 12:00:00+00:00,23700.1,23717.75,23652.7,23657.15,11960,100,0
2025-08-19 16:00:00+00:00,23657.5,23683.4,23386.35,23395.9,100585,100,0
2025-08-19 20:00:00+00:00,23395.7,23428.95,23339.8,23386.45,47479,105,0
2025-08-20 00:00:00+00:00,23376.68,23402.65,23315.4,23332.1,11323,100,0
2025-08-20 04:00:00+00:00,23331.3,23341.95,23255.75,23269.6,13456,120,0
2025-08-20 08:00:00+00:00,23269.3,23347.35,23252.25,23331.85,16294,100,0
2025-08-20 12:00:00+00:00,23331.9,23369.2,23303.5,23343.8,15850,110,0
2025-08-20 16:00:00+00:00,23343.9,23348.9,22952.55,23150.95,134362,100,0
2025-08-20 20:00:00+00:00,23151.05,23285.7,23108.6,23236.2,67546,100,0
2025-08-21 00:00:00+00:00,23238.02,23259.7,23186.5,23209.55,10267,100,0
2025-08-21 04:00:00+00:00,23208.85,23286.3,23185.0,23257.95,11153,100,0
2025-08-21 08:00:00+00:00,23258.3,23285.45,23214.55,23215.55,17125,100,0
2025-08-21 12:00:00+00:00,23215.35,23251.2,23133.05,23140.9,25536,100,0
2025-08-21 16:00:00+00:00,23140.3,23265.25,23068.25,23078.6,112232,100,0
2025-08-21 20:00:00+00:00,23078.6,23171.95,23037.2,23139.25,52128,100,0
2025-08-22 00:00:00+00:00,23145.19,23171.0,23100.5,23138.0,9926,0,0
2025-08-22 04:00:00+00:00,23137.9,23167.8,23118.4,23143.8,21385,0,0
2025-08-22 08:00:00+00:00,23143.85,23190.7,23012.55,23187.8,62350,140,0
2025-08-22 12:00:00+00:00,23187.95,23214.7,23165.3,23176.55,51709,140,0
2025-08-22 16:00:00+00:00,23176.55,23578.7,23142.3,23461.85,263323,140,0
2025-08-22 20:00:00+00:00,23461.85,23558.22,23461.35,23514.55,107651,140,0
2025-08-25 00:00:00+00:00,23515.0,23523.65,23472.0,23482.5,10991,100,0
2025-08-25 04:00:00+00:00,23482.45,23485.55,23447.55,23481.3,8172,115,0
2025-08-25 08:00:00+00:00,23481.45,23494.45,23434.05,23436.2,10792,105,0
2025-08-25 12:00:00+00:00,23435.65,23439.35,23388.9,23402.45,12275,115,0
2025-08-25 16:00:00+00:00,23402.5,23539.2,23368.45,23519.7,74676,121,0
2025-08-25 20:00:00+00:00,23519.8,23521.05,23409.3,23426.05,29806,100,0
2025-08-26 00:00:00+00:00,23433.83,23452.7,23302.25,23347.9,18333,100,0
2025-08-26 04:00:00+00:00,23347.85,23405.0,23341.0,23386.0,12810,100,0
2025-08-26 08:00:00+00:00,23386.8,23414.55,23346.2,23389.9,22194,100,0
2025-08-26 12:00:00+00:00,23389.85,23435.7,23370.05,23401.0,14330,115,0
2025-08-26 16:00:00+00:00,23401.05,23486.5,23357.7,23469.95,73700,100,0
2025-08-26 20:00:00+00:00,23469.6,23541.35,23409.8,23538.15,30679,103,0
2025-08-27 00:00:00+00:00,23537.71,23556.85,23525.3,23528.65,4242,100,0
2025-08-27 04:00:00+00:00,23528.7,23559.25,23528.7,23547.3,4452,120,0
2025-08-27 08:00:00+00:00,23547.15,23549.4,23498.45,23517.75,10501,100,0
2025-08-27 12:00:00+00:00,23517.85,23550.95,23494.3,23512.35,9540,135,0
2025-08-27 16:00:00+00:00,23511.9,23560.65,23419.9,23531.0,64381,105,0
2025-08-27 20:00:00+00:00,23531.25,23602.85,23366.35,23472.5,42727,100,0
2025-08-28 00:00:00+00:00,23478.0,23482.3,23424.55,23457.25,10786,100,0
2025-08-28 04:00:00+00:00,23457.45,23520.0,23454.65,23498.1,7182,105,0
2025-08-28 08:00:00+00:00,23497.9,23599.05,23476.55,23554.1,14942,100,0
2025-08-28 12:00:00+00:00,23553.85,23590.65,23520.7,23570.75,16203,105,0
2025-08-28 16:00:00+00:00,23570.95,23703.35,23510.15,23669.5,95225,120,0
2025-08-28 20:00:00+00:00,23669.65,23739.5,23660.2,23699.5,25212,110,0
2025-08-29 00:00:00+00:00,23694.25,23699.8,23673.65,23682.4,5218,120,0
2025-08-29 04:00:00+00:00,23682.2,23687.55,23654.55,23656.55,5047,145,0
2025-08-29 08:00:00+00:00,23656.65,23673.1,23561.7,23568.65,13037,100,0
2025-08-29 12:00:00+00:00,23568.95,23617.05,23549.05,23602.9,19331,100,0
2025-08-29 16:00:00+00:00,23602.6,23606.25,23352.4,23416.4,103759,100,0
2025-08-29 20:00:00+00:00,23415.95,23433.15,23339.6,23392.85,45297,100,0
2025-09-01 00:00:00+00:00,23433.4,23504.75,23417.2,23490.8,6847,100,0
2025-09-01 04:00:00+00:00,23491.15,23492.8,23359.05,23379.45,12416,100,0
2025-09-01 08:00:00+00:00,23378.6,23453.85,23323.1,23441.9,18771,100,0
2025-09-01 12:00:00+00:00,23441.45,23452.2,23398.2,23428.7,8893,100,0
2025-09-01 16:00:00+00:00,23428.9,23457.9,23394.55,23454.4,10187,100,0
2025-09-01 20:00:00+00:00,23454.4,23454.4,23454.4,23454.4,1,115,0
2025-09-02 00:00:00+00:00,23447.8,23454.1,23381.15,23425.95,8315,100,0
2025-09-02 04:00:00+00:00,23425.4,23436.25,23367.95,23389.8,9610,100,0
2025-09-02 08:00:00+00:00,23390.0,23404.0,23220.35,23262.75,31258,100,0
2025-09-02 12:00:00+00:00,23263.45,23283.6,23018.35,23048.3,33074,100,0
2025-09-02 16:00:00+00:00,23048.35,23231.8,22978.0,23077.95,123940,100,0
2025-09-02 20:00:00+00:00,23077.9,23336.85,23055.75,23331.05,60083,100,0
2025-09-03 00:00:00+00:00,23336.9,23341.1,23273.05,23286.4,8253,100,0
2025-09-03 04:00:00+00:00,23285.7,23295.05,23253.45,23285.05,8834,100,0
2025-09-03 08:00:00+00:00,23284.5,23384.55,23262.0,23372.6,17679,100,0
2025-09-03 12:00:00+00:00,23373.0,23411.75,23352.5,23376.25,17678,100,0
2025-09-03 16:00:00+00:00,23376.05,23478.5,23323.7,23364.6,101293,100,0
2025-09-03 20:00:00+00:00,23364.7,23424.75,23272.2,23408.85,54228,100,0
2025-09-04 00:00:00+00:00,23409.58,23468.25,23385.2,23457.65,7823,100,0
2025-09-04 04:00:00+00:00,23457.55,23485.5,23412.8,23444.2,10100,100,0
2025-09-04 08:00:00+00:00,23444.3,23462.85,23405.15,23450.7,14726,100,0
2025-09-04 12:00:00+00:00,23450.9,23487.9,23423.3,23438.55,16114,100,0
2025-09-04 16:00:00+00:00,23438.25,23518.45,23363.95,23491.75,86410,100,0
2025-09-04 20:00:00+00:00,23492.05,23661.6,23490.2,23636.85,31426,100,0
2025-09-05 00:00:00+00:00,23655.87,23685.35,23645.9,23683.35,5775,100,0
2025-09-05 04:00:00+00:00,23683.1,23704.9,23673.0,23698.4,4622,100,0
2025-09-05 08:00:00+00:00,23698.95,23741.8,23695.05,23741.0,10212,100,0
2025-09-05 12:00:00+00:00,23741.1,23828.5,23679.05,23827.7,24165,100,0
2025-09-05 16:00:00+00:00,23827.7,23856.15,23460.05,23608.75,159702,100,0
2025-09-05 20:00:00+00:00,23609.35,23650.8,23541.2,23627.9,60562,100,0
2025-09-08 00:00:00+00:00,23639.05,23752.45,23614.1,23725.75,11400,100,0
2025-09-08 04:00:00+00:00,23725.8,23740.7,23688.5,23694.85,8668,100,0
2025-09-08 08:00:00+00:00,23694.9,23742.55,23690.75,23726.05,12207,100,0
2025-09-08 12:00:00+00:00,23726.1,23751.05,23705.15,23739.5,10521,100,0
2025-09-08 16:00:00+00:00,23740.35,23848.85,23728.6,23772.9,78657,100,0
2025-09-08 20:00:00+00:00,23772.85,23780.6,23721.7,23759.1,35536,100,0
2025-09-09 00:00:00+00:00,23759.8,23793.4,23759.8,23770.9,4766,100,0
2025-09-09 04:00:00+00:00,23770.45,23810.6,23754.7,23801.25,5660,100,0
2025-09-09 08:00:00+00:00,23800.7,23848.6,23778.9,23806.5,11354,100,0
2025-09-09 12:00:00+00:00,23806.0,23820.8,23775.7,23802.85,11243,100,0
2025-09-09 16:00:00+00:00,23802.8,23820.7,23690.15,23784.65,88363,100,0
2025-09-09 20:00:00+00:00,23784.75,23879.7,23784.75,23853.45,35148,100,0
2025-09-10 00:00:00+00:00,23865.75,23879.75,23842.4,23853.3,5651,100,0
2025-09-10 04:00:00+00:00,23853.35,23891.65,23845.6,23889.7,5070,100,0
2025-09-10 08:00:00+00:00,23889.6,23920.9,23855.0,23863.45,10313,100,0
2025-09-10 12:00:00+00:00,23863.95,24005.9,23850.15,23971.2,17007,100,0
2025-09-10 16:00:00+00:00,23971.45,23981.95,23865.15,23891.9,86604,100,0
2025-09-10 20:00:00+00:00,23892.15,23907.5,23753.25,23825.85,46372,100,0
2025-09-11 00:00:00+00:00,23825.7,23881.5,23825.5,23872.5,6251,100,0
2025-09-11 04:00:00+00:00,23872.35,23886.8,23846.1,23847.55,6695,100,0
2025-09-11 08:00:00+00:00,23848.05,23909.9,23839.65,23890.4,10952,100,0
2025-09-11 12:00:00+00:00,23890.45,23943.45,23826.4,23927.85,21037,100,0
2025-09-11 16:00:00+00:00,23927.65,24013.4,23879.05,23976.75,79467,100,0
2025-09-11 20:00:00+00:00,23976.9,24011.75,23965.65,23974.5,29973,100,0
2025-09-12 00:00:00+00:00,23996.35,23996.35,23970.5,23978.7,6069,100,0
2025-09-12 04:00:00+00:00,23979.1,23993.9,23961.6,23989.0,4894,100,0
2025-09-12 08:00:00+00:00,23989.05,24008.45,23938.3,23971.75,11709,100,0
2025-09-12 12:00:00+00:00,23971.35,24016.65,23965.15,24010.9,11142,100,0
2025-09-12 16:00:00+00:00,24010.5,24091.8,23971.25,24080.2,58260,105,0
2025-09-12 20:00:00+00:00,24080.8,24128.65,24057.8,24084.7,27059,100,0
2025-09-15 00:00:00+00:00,24096.85,24109.25,24069.8,24086.5,5571,100,0
2025-09-15 04:00:00+00:00,24086.75,24111.4,24082.55,24109.9,5013,105,0
2025-09-15 08:00:00+00:00,24110.0,24139.8,24056.9,24076.2,23995,0,0
2025-09-15 12:00:00+00:00,24075.6,24153.5,24056.8,24153.5,37327,100,0
2025-09-15 16:00:00+00:00,24153.2,24276.8,24143.0,24248.9,132785,100,0
2025-09-15 20:00:00+00:00,24248.9,24296.5,24229.0,24279.75,74021,100,0
2025-09-16 00:00:00+00:00,24270.9,24292.35,24269.35,24287.55,11243,100,0
2025-09-16 04:00:00+00:00,24287.65,24329.85,24284.25,24323.15,13074,100,0
2025-09-16 08:00:00+00:00,24322.85,24387.85,24319.85,24380.5,24236,100,0
2025-09-16 12:00:00+00:00,24380.5,24386.1,24325.8,24337.05,30488,100,0
2025-09-16 16:00:00+00:00,24337.35,24350.2,24244.2,24269.6,167228,100,0
2025-09-16 20:00:00+00:00,24269.7,24308.8,24265.8,24271.95,70884,100,0
2025-09-17 00:00:00+00:00,24281.75,24301.05,24273.9,24290.15,7976,100,0
2025-09-17 04:00:00+00:00,24290.25,24296.55,24257.55,24268.65,11094,100,0
2025-09-17 08:00:00+00:00,24268.95,24302.45,24204.7,24262.9,29003,100,0
2025-09-17 12:00:00+00:00,24262.9,24278.15,24236.8,24274.05,30523,100,0
2025-09-17 16:00:00+00:00,24274.25,24290.05,24124.35,24139.4,127198,100,0
2025-09-17 20:00:00+00:00,24139.4,24299.9,23992.2,24248.2,229102,100,0
2025-09-18 00:00:00+00:00,24251.55,24339.85,24248.3,24316.95,14401,100,0
2025-09-18 04:00:00+00:00,24317.05,24405.95,24313.35,24398.35,17735,100,0
2025-09-18 08:00:00+00:00,24397.95,24484.6,24339.1,24480.4,37343,100,0
2025-09-18 12:00:00+00:00,24480.7,24515.1,24441.75,24442.25,49852,100,0
2025-09-18 16:00:00+00:00,24442.35,24568.1,24351.4,24540.3,193395,100,0
2025-09-18 20:00:00+00:00,24540.3,24549.1,24437.7,24464.05,88746,100,0
2025-09-19 00:00:00+00:00,24466.4,24504.5,24450.3,24465.75,13434,100,0
2025-09-19 04:00:00+00:00,24465.35,24492.15,24437.4,24475.65,27482,100,0
2025-09-19 08:00:00+00:00,24475.65,24478.85,24408.23,24460.85,38546,100,0
2025-09-19 12:00:00+00:00,24461.25,24509.95,24450.68,24493.3,32812,100,0
2025-09-19 16:00:00+00:00,24493.6,24590.1,24465.6,24577.0,169574,100,0
2025-09-19 20:00:00+00:00,24577.3,24643.0,24552.3,24609.75,75951,100,0
2025-09-22 00:00:00+00:00,24602.17,24626.1,24576.8,24582.2,14935,100,0
2025-09-22 04:00:00+00:00,24582.2,24614.95,24579.5,24602.55,15176,100,0
2025-09-22 08:00:00+00:00,24602.55,24612.35,24499.2,24532.1,34593,100,0
2025-09-22 12:00:00+00:00,24532.1,24558.05,24511.5,24549.1,32341,100,0
2025-09-22 16:00:00+00:00,24549.1,24744.2,24535.0,24737.1,143676,100,0
2025-09-22 20:00:00+00:00,24737.1,24778.9,24725.3,24751.22,85778,100,0
2025-09-23 00:00:00+00:00,24755.47,24760.75,24732.25,24746.95,8379,100,0
2025-09-23 04:00:00+00:00,24747.05,24765.05,24735.35,24744.95,12346,100,0
2025-09-23 08:00:00+00:00,24744.85,24783.75,24737.7,24760.35,24596,100,0
2025-09-23 12:00:00+00:00,24760.35,24773.85,24730.8,24766.85,24227,100,0
2025-09-23 16:00:00+00:00,24766.35,24768.05,24670.1,24686.1,164538,100,0
2025-09-23 20:00:00+00:00,24686.1,24687.8,24534.3,24592.12,136636,100,0
2025-09-24 00:00:00+00:00,24601.32,24622.45,24571.4,24597.85,11405,100,0
2025-09-24 04:00:00+00:00,24597.85,24612.05,24577.35,24611.45,17094,100,0
2025-09-24 08:00:00+00:00,24611.45,24666.2,24606.15,24656.05,29374,100,0
2025-09-24 12:00:00+00:00,24656.05,24672.45,24629.35,24641.45,27895,100,0
2025-09-24 16:00:00+00:00,24641.45,24658.9,24386.4,24443.0,178057,100,0
2025-09-24 20:00:00+00:00,24443.0,24512.75,24440.9,24506.92,97515,100,0
2025-09-25 00:00:00+00:00,24510.12,24539.25,24500.75,24536.15,10350,100,0
2025-09-25 04:00:00+00:00,24536.05,24553.05,24515.45,24520.95,12590,100,0
2025-09-25 08:00:00+00:00,24521.05,24523.55,24454.7,24489.8,32096,100,0
2025-09-25 12:00:00+00:00,24489.8,24498.25,24306.35,24329.25,67666,100,0
2025-09-25 16:00:00+00:00,24328.85,24457.1,24183.2,24390.45,231098,100,0
2025-09-25 20:00:00+00:00,24390.45,24413.55,24219.4,24396.82,146683,100,0
2025-09-26 00:00:00+00:00,24397.62,24433.4,24372.9,24394.2,17121,100,0
2025-09-26 04:00:00+00:00,24394.2,24394.3,24346.8,24351.1,36117,100,0
2025-09-26 08:00:00+00:00,24351.2,24441.7,24348.4,24355.8,47961,100,0
2025-09-26 12:00:00+00:00,24355.7,24517.35,24336.81,24464.65,62564,100,0
2025-09-26 16:00:00+00:00,24464.35,24503.5,24288.58,24466.5,266060,100,0
2025-09-26 20:00:00+00:00,24466.5,24519.15,24440.8,24488.3,97935,100,0
2025-09-29 00:00:00+00:00,24498.52,24582.25,24498.12,24568.55,16904,100,0
2025-09-29 04:00:00+00:00,24568.55,24609.75,24550.8,24603.75,18104,100,0
2025-09-29 08:00:00+00:00,24603.75,24670.25,24589.15,24669.35,31576,100,0
2025-09-29 12:00:00+00:00,24669.35,24684.7,24630.0,24675.05,32148,100,0
2025-09-29 16:00:00+00:00,24675.05,24749.4,24596.8,24608.2,175001,100,0
2025-09-29 20:00:00+00:00,24608.2,24642.7,24554.1,24583.02,88908,100,0
2025-09-30 00:00:00+00:00,24589.8,24617.45,24581.7,24612.65,14694,100,0
2025-09-30 04:00:00+00:00,24612.65,24632.15,24586.15,24599.05,26063,100,0
2025-09-30 08:00:00+00:00,24599.05,24631.45,24530.2,24576.8,47170,100,0
2025-09-30 12:00:00+00:00,24576.8,24620.5,24549.5,24608.7,38734,100,0
2025-09-30 16:00:00+00:00,24608.7,24637.6,24498.2,24559.0,217057,100,0
2025-09-30 20:00:00+00:00,24559.0,24689.5,24507.9,24611.6,112583,100,0
2025-10-01 00:00:00+00:00,24611.8,24653.5,24562.52,24571.0,24169,100,0
2025-10-01 04:00:00+00:00,24571.2,24587.55,24540.55,24550.95,28903,100,0
2025-10-01 08:00:00+00:00,24550.95,24556.35,24412.7,24498.6,57548,100,0
2025-10-01 12:00:00+00:00,24497.9,24583.4,24492.5,24555.6,55762,100,0
2025-10-01 16:00:00+00:00,24555.6,24736.1,24504.65,24733.6,171494,100,0
2025-10-01 20:00:00+00:00,24733.6,24813.9,24730.9,24783.12,78751,100,0
2025-10-02 00:00:00+00:00,24785.95,24848.15,24783.97,24844.95,12288,100,0
2025-10-02 04:00:00+00:00,24845.15,24861.25,24828.2,24852.05,19859,100,0
2025-10-02 08:00:00+00:00,24851.75,24898.65,24838.8,24898.15,33723,100,0
2025-10-02 12:00:00+00:00,24898.15,24948.45,24860.7,24946.85,31946,100,0
2025-10-02 16:00:00+00:00,24946.85,24964.3,24778.5,24861.9,201769,100,0
2025-10-02 20:00:00+00:00,24862.0,24912.1,24844.3,24887.07,74814,100,0
2025-10-03 00:00:00+00:00,24884.62,24946.75,24863.2,24936.25,12416,100,0
2025-10-03 04:00:00+00:00,24936.55,24966.25,24927.75,24963.95,14497,100,0
2025-10-03 08:00:00+00:00,24963.95,24983.2,24945.8,24972.75,22349,100,0
2025-10-03 12:00:00+00:00,24972.75,24986.05,24894.7,24911.3,30863,100,0
2025-10-03 16:00:00+00:00,24911.5,24958.2,24842.55,24909.4,159375,100,0
2025-10-03 20:00:00+00:00,24909.4,24909.7,24714.5,24768.77,161809,100,0
2025-10-06 00:00:00+00:00,24816.47,24882.5,24806.8,24859.95,28669,100,0
2025-10-06 04:00:00+00:00,24859.95,24904.3,24851.45,24897.25,18234,100,0
2025-10-06 08:00:00+00:00,24897.25,24910.5,24841.3,24902.75,38684,100,0
2025-10-06 12:00:00+00:00,24902.75,25036.9,24899.95,24986.5,52316,100,0
2025-10-06 16:00:00+00:00,24986.9,25017.0,24906.8,24995.7,182099,100,0
2025-10-06 20:00:00+00:00,24995.9,25045.4,24965.05,24975.77,81986,100,0
2025-10-07 00:00:00+00:00,24980.47,24989.65,24914.4,24924.65,18867,100,0
2025-10-07 04:00:00+00:00,24924.65,24976.35,24920.45,24975.15,16284,100,0
2025-10-07 08:00:00+00:00,24975.15,24979.85,24921.95,24966.15,29020,100,0
2025-10-07 12:00:00+00:00,24966.15,25050.7,24962.35,25047.4,26810,100,0
2025-10-07 16:00:00+00:00,25047.4,25067.9,24778.7,24818.35,235580,100,0
2025-10-07 20:00:00+00:00,24818.35,24867.3,24786.8,24848.82,106951,100,0
2025-10-08 00:00:00+00:00,24857.07,24881.35,24825.9,24859.85,17887,100,0
2025-10-08 04:00:00+00:00,24859.85,24892.45,24857.8,24886.35,20642,100,0
2025-10-08 08:00:00+00:00,24886.15,24912.15,24825.1,24887.4,34022,100,0
2025-10-08 12:00:00+00:00,24887.4,24905.35,24843.4,24863.7,36469,100,0
2025-10-08 16:00:00+00:00,24863.9,25074.1,24856.0,25048.1,151208,100,0
2025-10-08 20:00:00+00:00,25048.2,25162.3,25037.2,25154.17,84305,100,0
2025-10-09 00:00:00+00:00,25153.2,25193.3,25144.47,25162.95,12329,100,0
2025-10-09 04:00:00+00:00,25162.95,25169.0,25103.5,25140.75,21860,100,0
2025-10-09 08:00:00+00:00,25140.75,25167.55,25094.7,25101.0,32786,100,0
2025-10-09 12:00:00+00:00,25101.0,25141.45,25096.0,25132.45,31871,100,0
2025-10-09 16:00:00+00:00,25132.45,25137.25,24989.35,25008.4,186398,100,0
2025-10-09 20:00:00+00:00,25008.4,25104.1,24965.0,25087.82,111520,100,0
2025-10-10 00:00:00+00:00,25098.87,25158.0,25095.1,25148.55,17259,100,0
2025-10-10 04:00:00+00:00,25148.55,25167.35,25112.35,25119.45,20866,100,0
2025-10-10 08:00:00+00:00,25119.55,25166.25,25107.1,25148.85,42951,100,0
2025-10-10 12:00:00+00:00,25148.85,25150.95,25059.7,25109.8,50071,100,0
2025-10-10 16:00:00+00:00,25109.5,25199.9,24460.3,24470.7,360498,100,0
2025-10-10 20:00:00+00:00,24470.7,24563.0,23969.15,23996.67,282456,100,0
2025-10-13 00:00:00+00:00,24527.4,24658.0,24436.0,24651.2,51470,100,0
2025-10-13 04:00:00+00:00,24651.8,24679.7,24587.9,24643.05,54045,100,0
2025-10-13 08:00:00+00:00,24643.05,24770.0,24611.7,24699.3,70855,100,0
2025-10-13 12:00:00+00:00,24699.2,24705.3,24554.4,24611.85,84061,100,0
2025-10-13 16:00:00+00:00,24611.75,24778.7,24545.65,24768.6,271929,100,0
2025-10-13 20:00:00+00:00,24768.3,24783.95,24702.65,24730.37,116978,100,0
2025-10-14 00:00:00+00:00,24724.52,24866.2,24720.0,24829.0,32434,100,0
2025-10-14 04:00:00+00:00,24829.0,24842.7,24572.2,24627.9,84051,100,0
2025-10-14 08:00:00+00:00,24628.0,24636.9,24408.5,24513.9,141101,100,0
2025-10-14 12:00:00+00:00,24513.9,24534.9,24324.7,24442.2,109559,100,0
2025-10-14 16:00:00+00:00,24442.2,24769.4,24245.7,24714.4,282452,100,0
2025-10-14 20:00:00+00:00,24714.4,24760.0,24508.4,24574.62,172721,100,0
2025-10-15 00:00:00+00:00,24578.02,24642.7,24565.8,24622.3,36601,100,0
2025-10-15 04:00:00+00:00,24622.1,24680.3,24588.7,24668.85,44470,100,0
2025-10-15 08:00:00+00:00,24668.85,24759.3,24668.85,24754.2,57708,100,0
2025-10-15 12:00:00+00:00,24754.2,24849.6,24750.3,24846.4,51834,100,0
2025-10-15 16:00:00+00:00,24846.4,24939.5,24702.0,24727.4,270276,100,0
2025-10-15 20:00:00+00:00,24727.4,24788.5,24489.1,24762.95,203940,100,0
2025-10-16 00:00:00+00:00,24765.45,24819.5,24699.02,24741.1,39484,100,0
2025-10-16 04:00:00+00:00,24741.1,24776.9,24723.4,24756.8,56851,100,0
2025-10-16 08:00:00+00:00,24757.0,24883.9,24747.0,24847.1,71263,100,0
2025-10-16 12:00:00+00:00,24847.1,24926.8,24832.8,24907.6,49281,100,0
2025-10-16 16:00:00+00:00,24907.6,25006.6,24559.4,24754.8,340490,100,0
2025-10-16 20:00:00+00:00,24754.8,24791.0,24471.4,24615.97,278179,100,0
2025-10-17 00:00:00+00:00,24614.45,24690.1,24552.4,24609.7,46305,100,0
2025-10-17 04:00:00+00:00,24609.7,24667.7,24532.6,24538.6,62273,100,0
2025-10-17 08:00:00+00:00,24538.6,24542.6,24242.3,24323.4,142342,100,0
2025-10-17 12:00:00+00:00,24323.4,24633.55,24314.9,24569.45,151573,100,0
2025-10-17 16:00:00+00:00,24569.45,24805.2,24504.3,24734.9,339061,100,0
2025-10-17 20:00:00+00:00,24734.9,24884.9,24661.0,24861.42,181618,100,0
2025-10-20 00:00:00+00:00,24923.5,24930.28,24788.5,24882.6,39705,100,0
2025-10-20 04:00:00+00:00,24882.6,24955.5,24861.7,24947.95,37283,100,0
2025-10-20 08:00:00+00:00,24947.95,24988.4,24902.2,24909.8,52027,100,0
2025-10-20 12:00:00+00:00,24909.8,24967.5,24874.1,24965.4,50696,100,0
2025-10-20 16:00:00+00:00,24965.4,25180.9,24950.25,25150.2,180160,100,0
2025-10-20 20:00:00+00:00,25150.2,25186.7,25122.0,25157.32,66721,100,0
2025-10-21 00:00:00+00:00,25156.55,25179.45,25143.15,25176.85,18579,100,0
2025-10-21 04:00:00+00:00,25176.85,25203.05,25130.3,25142.5,24845,100,0
2025-10-21 08:00:00+00:00,25142.8,25151.95,25088.3,25102.9,44994,100,0
2025-10-21 12:00:00+00:00,25102.9,25149.95,25094.2,25133.7,33738,100,0
2025-10-21 16:00:00+00:00,25133.7,25182.8,25038.4,25120.4,204233,100,0
2025-10-21 20:00:00+00:00,25120.4,25169.2,25064.0,25098.02,103428,100,0
2025-10-22 00:00:00+00:00,25120.72,25121.5,25058.8,25064.1,25266,100,0
2025-10-22 04:00:00+00:00,25064.1,25170.8,25054.4,25155.25,28193,100,0
2025-10-22 08:00:00+00:00,25155.35,25176.3,25089.4,25105.1,44138,100,0
2025-10-22 12:00:00+00:00,25105.1,25143.1,25040.9,25098.2,49362,100,0
2025-10-22 16:00:00+00:00,25098.4,25126.8,24708.3,24830.4,302232,100,0
2025-10-22 20:00:00+00:00,24830.4,24918.6,24643.6,24877.07,199037,100,0
2025-10-23 00:00:00+00:00,24850.75,24909.5,24792.2,24894.5,34456,100,0
2025-10-23 04:00:00+00:00,24894.5,24958.15,24891.1,24916.55,45621,100,0
2025-10-23 08:00:00+00:00,24916.55,24972.5,24899.1,24929.3,59853,100,0
2025-10-23 12:00:00+00:00,24929.3,24937.1,24781.65,24853.55,69372,100,0
2025-10-23 16:00:00+00:00,24853.55,25084.1,24787.05,25083.1,222758,100,0
2025-10-23 20:00:00+00:00,25083.1,25137.95,25032.8,25122.67,96295,100,0
2025-10-24 00:00:00+00:00,25122.75,25153.4,25121.07,25149.35,14590,100,0
2025-10-24 04:00:00+00:00,25149.35,25183.85,25145.6,25180.95,21765,100,0
2025-10-24 08:00:00+00:00,25180.95,25229.45,25172.6,25206.0,35165,100,0
2025-10-24 12:00:00+00:00,25206.0,25374.15,25197.98,25311.05,49563,100,0
2025-10-24 16:00:00+00:00,25311.05,25413.4,25282.5,25402.8,197859,100,0
2025-10-24 20:00:00+00:00,25402.8,25419.3,25348.25,25354.42,78830,100,0
2025-10-27 00:00:00+00:00,25607.1,25611.4,25554.0,25576.4,30118,100,0
2025-10-27 04:00:00+00:00,25576.4,25626.45,25564.9,25616.05,21896,100,0
2025-10-27 08:00:00+00:00,25616.05,25670.45,25614.75,25656.25,29461,100,0
2025-10-27 12:00:00+00:00,25656.25,25706.05,25643.95,25684.45,32365,100,0
2025-10-27 16:00:00+00:00,25684.25,25770.5,25650.0,25767.3,152473,100,0
2025-10-27 20:00:00+00:00,25767.3,25865.95,25745.9,25856.62,68450,100,0
2025-10-28 00:00:00+00:00,25856.82,25874.15,25829.3,25831.95,14387,100,0
2025-10-28 04:00:00+00:00,25831.95,25845.15,25812.55,25814.05,19644,100,0
2025-10-28 08:00:00+00:00,25814.05,25841.1,25799.2,25824.65,27548,100,0
2025-10-28 12:00:00+00:00,25824.65,25880.75,25819.15,25868.9,27239,100,0
2025-10-28 16:00:00+00:00,25868.9,26001.8,25862.4,25964.8,171605,100,0
2025-10-28 20:00:00+00:00,25964.8,26086.1,25959.8,26026.17,103768,100,0
2025-10-29 00:00:00+00:00,26037.77,26051.6,26022.9,26032.65,13336,100,0
2025-10-29 04:00:00+00:00,26032.65,26110.35,26030.45,26103.65,24919,100,0
2025-10-29 08:00:00+00:00,26103.55,26167.6,26102.85,26126.8,29880,100,0
2025-10-29 12:00:00+00:00,26126.8,26154.4,26083.8,26118.1,41964,100,0
2025-10-29 16:00:00+00:00,26118.1,26183.9,26061.4,26111.3,168898,100,0
2025-10-29 20:00:00+00:00,26111.3,26235.7,25906.4,26079.87,234395,100,0
2025-10-30 00:00:00+00:00,26032.31,26177.5,26015.1,26148.8,37777,100,0
2025-10-30 04:00:00+00:00,26149.4,26258.9,25999.3,26065.8,85346,100,0
2025-10-30 08:00:00+00:00,26065.8,26188.1,26049.6,26130.1,92292,100,0
2025-10-30 12:00:00+00:00,26130.1,26151.1,25945.95,25947.25,90335,100,0
2025-10-30 16:00:00+00:00,25947.25,26039.2,25802.4,25933.35,307992,100,0
2025-10-30 20:00:00+00:00,25933.35,26007.95,25713.1,26005.27,206676,100,0
2025-10-31 00:00:00+00:00,26019.87,26062.8,25988.4,26057.8,31202,100,0
2025-10-31 04:00:00+00:00,26057.8,26077.05,26024.8,26056.15,39938,100,0
2025-10-31 08:00:00+00:00,26056.15,26083.2,26008.0,26062.0,47545,100,0
2025-10-31 12:00:00+00:00,26062.0,26136.7,26025.0,26075.45,52115,100,0
2025-10-31 16:00:00+00:00,26075.45,26080.45,25795.2,25813.2,271614,100,0
2025-10-31 20:00:00+00:00,25813.2,25981.8,25753.0,25841.27,184329,100,0
2025-11-03 00:00:00+00:00,25886.52,25988.5,25886.27,25955.0,26364,100,0
2025-11-03 04:00:00+00:00,25955.0,25979.9,25916.5,25933.0,36716,100,0
2025-11-03 08:00:00+00:00,25933.3,26021.3,25881.5,25995.5,53410,100,0
2025-11-03 12:00:00+00:00,25996.4,26056.7,25989.4,26054.5,46924,100,0
2025-11-03 16:00:00+00:00,26054.3,26131.0,25881.7,26015.4,255666,100,0
2025-11-03 20:00:00+00:00,26015.5,26043.05,25931.9,25976.52,122258,100,0
2025-11-04 00:00:00+00:00,25970.36,25970.36,25853.2,25878.6,30702,100,0
2025-11-04 04:00:00+00:00,25878.6,25878.6,25678.2,25692.4,57015,100,0
2025-11-04 08:00:00+00:00,25692.4,25695.6,25539.3,25545.2,92888,100,0
2025-11-04 12:00:00+00:00,25545.2,25662.7,25515.4,25586.75,79815,100,0
2025-11-04 16:00:00+00:00,25586.75,25764.0,25513.2,25549.7,273749,100,0
2025-11-04 20:00:00+00:00,25549.1,25558.5,25393.35,25444.57,185574,100,0
2025-11-05 00:00:00+00:00,25427.39,25447.3,25156.3,25211.3,79025,100,0
2025-11-05 04:00:00+00:00,25211.3,25408.8,25169.9,25355.1,105635,100,0
2025-11-05 08:00:00+00:00,25355.3,25426.7,25325.5,25392.7,74346,100,0
2025-11-05 12:00:00+00:00,25392.6,25469.15,25277.9,25460.35,76164,100,0
2025-11-05 16:00:00+00:00,25460.35,25701.6,25361.4,25685.5,257215,100,0
2025-11-05 20:00:00+00:00,25685.8,25750.8,25568.25,25598.7,109278,100,0
2025-11-06 00:00:00+00:00,25613.44,25650.9,25492.3,25549.9,54643,100,0
2025-11-06 04:00:00+00:00,25549.9,25618.5,25515.7,25569.1,53402,100,0
2025-11-06 08:00:00+00:00,25569.1,25623.4,25505.6,25604.0,65474,100,0
2025-11-06 12:00:00+00:00,25605.0,25698.2,25602.5,25642.75,53593,100,0
2025-11-06 16:00:00+00:00,25643.05,25650.05,25078.1,25217.1,353368,100,0
2025-11-06 20:00:00+00:00,25216.9,25318.0,25103.55,25189.0,218323,100,0
2025-11-07 00:00:00+00:00,25195.3,25235.6,25083.3,25157.6,63803,100,0
2025-11-07 04:00:00+00:00,25157.6,25221.2,25045.5,25221.0,95411,100,0
2025-11-07 08:00:00+00:00,25221.5,25243.0,25126.16,25148.3,80279,100,0
2025-11-07 12:00:00+00:00,25148.4,25166.2,24951.25,24999.85,123870,100,0
2025-11-07 16:00:00+00:00,25000.15,25012.65,24599.7,24731.3,334633,100,0
2025-11-07 20:00:00+00:00,24731.3,25121.6,24712.6,25108.72,222537,100,0
2025-11-10 00:00:00+00:00,25264.97,25331.0,25163.1,25322.6,59164,100,0
2025-11-10 04:00:00+00:00,25322.6,25390.05,25303.6,25377.4,52429,100,0
2025-11-10 08:00:00+00:00,25377.4,25462.9,25351.1,25446.6,60770,100,0
2025-11-10 12:00:00+00:00,25447.9,25452.5,25398.4,25449.2,55558,100,0
2025-11-10 16:00:00+00:00,25449.0,25560.5,25350.0,25532.3,264585,100,0
2025-11-10 20:00:00+00:00,25532.5,25656.05,25526.0,25615.32,104120,100,0
2025-11-11 00:00:00+00:00,25629.65,25667.8,25601.3,25641.9,41227,100,0
2025-11-11 04:00:00+00:00,25641.9,25652.9,25548.0,25552.0,56077,100,0
2025-11-11 08:00:00+00:00,25552.1,25603.1,25495.8,25501.8,61164,100,0
2025-11-11 12:00:00+00:00,25501.8,25542.3,25471.15,25495.4,57277,100,0
2025-11-11 16:00:00+00:00,25495.3,25544.4,25375.7,25516.4,254350,100,0
2025-11-11 20:00:00+00:00,25516.4,25591.6,25506.1,25559.62,137214,100,0
2025-11-12 00:00:00+00:00,25564.65,25634.5,25525.5,25626.5,39252,100,0
2025-11-12 04:00:00+00:00,25626.7,25656.7,25589.7,25639.15,52298,100,0
2025-11-12 08:00:00+00:00,25639.25,25721.0,25637.2,25715.15,48080,100,0
2025-11-12 12:00:00+00:00,25715.25,25725.8,25617.05,25696.3,54991,100,0
2025-11-12 16:00:00+00:00,25696.3,25697.1,25385.0,25506.1,298682,100,0
2025-11-12 20:00:00+00:00,25506.1,25550.85,25442.15,25522.62,166352,100,0
2025-11-13 00:00:00+00:00,25514.37,25619.3,25401.9,25590.9,70219,100,0
2025-11-13 04:00:00+00:00,25590.9,25608.85,25532.9,25596.4,64472,100,0
2025-11-13 08:00:00+00:00,25596.5,25620.7,25430.4,25466.7,77909,100,0
2025-11-13 12:00:00+00:00,25466.7,25528.4,25386.38,25397.45,89798,100,0
2025-11-13 16:00:00+00:00,25397.15,25408.55,25026.0,25035.9,357193,100,0
2025-11-13 20:00:00+00:00,25036.1,25067.65,24902.4,24982.75,258322,100,0
2025-11-14 00:00:00+00:00,25005.1,25055.8,24998.73,25022.2,53567,100,0
2025-11-14 04:00:00+00:00,25022.2,25059.3,24878.9,25005.6,77661,100,0
2025-11-14 08:00:00+00:00,25005.6,25007.5,24803.3,24845.0,126144,100,0
2025-11-14 12:00:00+00:00,24845.1,24898.0,24561.95,24621.45,147958,100,0
2025-11-14 16:00:00+00:00,24621.45,25198.6,24530.2,25108.8,378965,100,0
2025-11-14 20:00:00+00:00,25109.3,25157.45,24979.85,25053.02,236378,100,0
2025-11-17 00:00:00+00:00,25043.7,25169.2,24935.7,25112.2,67861,100,0
2025-11-17 04:00:00+00:00,25112.6,25199.3,25112.5,25159.4,58173,100,0
2025-11-17 08:00:00+00:00,25159.4,25274.1,25142.2,25196.8,72146,100,0
2025-11-17 12:00:00+00:00,25196.8,25202.7,24923.45,24991.35,113294,100,0
2025-11-17 16:00:00+00:00,24991.35,25167.1,24858.8,24912.7,340499,100,0
2025-11-17 20:00:00+00:00,24912.6,24962.5,24644.7,24821.12,259354,100,0
2025-11-18 00:00:00+00:00,24813.35,24873.1,24744.6,24849.0,69730,100,0
2025-11-18 04:00:00+00:00,24849.0,24867.94,24521.6,24623.4,128227,100,0
2025-11-18 08:00:00+00:00,24623.6,24773.2,24518.1,24751.7,136671,100,0
2025-11-18 12:00:00+00:00,24751.7,24760.5,24573.45,24645.45,123971,100,0
2025-11-18 16:00:00+00:00,24645.45,24745.6,24293.9,24667.3,422407,100,0
2025-11-18 20:00:00+00:00,24667.0,24723.9,24437.75,24450.62,289289,100,0
2025-11-19 00:00:00+00:00,24484.23,24545.7,24413.1,24467.5,82372,100,0
2025-11-19 04:00:00+00:00,24467.8,24572.6,24363.2,24451.5,111978,100,0
2025-11-19 08:00:00+00:00,24452.0,24598.9,24437.5,24593.6,109382,100,0
2025-11-19 12:00:00+00:00,24593.6,24647.2,24557.35,24581.15,96932,100,0
2025-11-19 16:00:00+00:00,24581.45,24903.3,24425.5,24551.9,371835,100,0
2025-11-19 20:00:00+00:00,24551.9,24892.35,24487.3,24875.75,304591,100,0
2025-11-20 00:00:00+00:00,24877.87,25081.4,24868.77,25071.0,61784,100,0
2025-11-20 04:00:00+00:00,25071.0,25123.3,25044.0,25083.3,69778,100,0
2025-11-20 08:00:00+00:00,25083.3,25121.3,24961.0,24974.0,86537,100,0
2025-11-20 12:00:00+00:00,24974.5,25179.05,24936.9,25144.45,114657,100,0
2025-11-20 16:00:00+00:00,25144.45,25224.0,24223.5,24309.3,456798,100,0
2025-11-20 20:00:00+00:00,24309.3,24513.4,23986.0,23986.37,354338,100,0
2025-11-21 00:00:00+00:00,24025.82,24160.3,23944.6,24131.3,85812,100,0
2025-11-21 04:00:00+00:00,24131.5,24162.6,24019.15,24066.6,100073,100,0
2025-11-21 08:00:00+00:00,24066.3,24142.3,23948.53,23960.6,118979,100,0
2025-11-21 12:00:00+00:00,23960.5,24217.15,23823.78,24168.55,183206,100,0
2025-11-21 16:00:00+00:00,24168.15,24340.3,23852.7,24275.3,462614,100,0
2025-11-21 20:00:00+00:00,24275.3,24521.5,24129.0,24261.72,319142,100,0
2025-11-24 00:00:00+00:00,24465.35,24466.1,24335.5,24379.8,56656,100,0
2025-11-24 04:00:00+00:00,24379.9,24453.1,24362.5,24426.3,76053,100,0
2025-11-24 08:00:00+00:00,24426.3,24493.1,24297.5,24353.1,92866,100,0
2025-11-24 12:00:00+00:00,24353.3,24494.25,24292.8,24429.15,100970,100,0
2025-11-24 16:00:00+00:00,24429.15,24867.3,24425.15,24847.75,317158,100,0
2025-11-24 20:00:00+00:00,24847.75,24919.75,24821.0,24884.32,150148,100,0
2025-11-25 00:00:00+00:00,24881.8,24915.5,24838.72,24852.6,47280,100,0
2025-11-25 04:00:00+00:00,24853.0,24888.3,24843.0,24850.3,59513,100,0
2025-11-25 08:00:00+00:00,24850.4,24868.0,24743.98,24786.5,74701,100,0
2025-11-25 12:00:00+00:00,24786.2,24904.65,24765.1,24812.85,112019,100,0
2025-11-25 16:00:00+00:00,24813.05,24990.05,24531.6,24916.2,333673,100,0
2025-11-25 20:00:00+00:00,24916.2,25067.15,24869.8,24978.62,156116,100,0
2025-11-26 00:00:00+00:00,24997.61,25103.7,24991.77,25098.8,34188,100,0
2025-11-26 04:00:00+00:00,25098.8,25135.3,25089.8,25132.55,32260,100,0
2025-11-26 08:00:00+00:00,25132.85,25168.7,25066.66,25085.5,56314,100,0
2025-11-26 12:00:00+00:00,25085.7,25155.85,25055.55,25151.25,83288,100,0
2025-11-26 16:00:00+00:00,25150.35,25312.1,25072.4,25273.8,240801,100,0
2025-11-26 20:00:00+00:00,25273.8,25295.3,25217.1,25237.87,126910,100,0
2025-11-27 00:00:00+00:00,25244.85,25277.2,25242.4,25272.05,25849,100,0
2025-11-27 04:00:00+00:00,25272.15,25275.95,25243.15,25262.05,28389,100,0
2025-11-27 08:00:00+00:00,25261.95,25266.7,25231.3,25241.55,37702,100,0
2025-11-27 12:00:00+00:00,25241.45,25263.15,25226.88,25238.35,26415,100,0
2025-11-27 16:00:00+00:00,25238.25,25255.6,25223.6,25233.6,17445,100,0
2025-11-27 20:00:00+00:00,25233.6,25233.6,25233.6,25233.6,1,104,0
2025-11-28 00:00:00+00:00,25233.89,25306.05,25233.89,25281.75,8653,100,0
2025-11-28 04:00:00+00:00,25281.75,25290.65,25277.75,25285.25,712,100,0
2025-11-28 08:00:00+00:00,25285.25,25285.25,25283.75,25283.75,4,100,0
2025-11-28 12:00:00+00:00,25278.26,25328.45,25278.26,25310.7,1879,140,0
2025-11-28 16:00:00+00:00,25311.2,25433.7,25271.2,25430.1,137683,100,0
2025-11-28 20:00:00+00:00,25430.3,25443.3,25406.57,25413.1,8464,100,0
2025-12-01 00:00:00+00:00,25460.0,25477.5,25215.2,25267.1,83607,100,0
2025-12-01 04:00:00+00:00,25267.2,25276.7,25143.4,25201.5,68411,100,0
2025-12-01 08:00:00+00:00,25201.2,25292.2,25182.1,25230.7,75435,100,0
2025-12-01 12:00:00+00:00,25230.8,25282.8,25160.45,25215.5,85645,100,0
2025-12-01 16:00:00+00:00,25215.5,25445.0,25158.5,25400.1,266349,100,0
2025-12-01 20:00:00+00:00,25400.1,25442.4,25304.3,25335.12,132306,100,0
2025-12-02 00:00:00+00:00,25352.24,25394.8,25329.3,25363.7,40729,100,0
2025-12-02 04:00:00+00:00,25363.6,25382.4,25299.1,25323.45,45222,100,0
2025-12-02 08:00:00+00:00,25321.45,25401.2,25275.0,25392.1,55237,100,0
2025-12-02 12:00:00+00:00,25391.6,25464.4,25386.8,25456.5,50592,100,0
2025-12-02 16:00:00+00:00,25456.6,25619.7,25364.9,25456.7,287521,100,0
2025-12-02 20:00:00+00:00,25456.7,25596.65,25446.9,25546.37,144056,100,0
2025-12-03 00:00:00+00:00,25561.27,25600.5,25527.9,25591.15,31004,100,0
2025-12-03 04:00:00+00:00,25591.15,25628.6,25588.4,25611.65,23331,100,0
2025-12-03 08:00:00+00:00,25611.65,25628.1,25558.78,25589.0,43874,100,0
2025-12-03 12:00:00+00:00,25589.1,25628.05,25555.28,25599.9,43260,100,0
2025-12-03 16:00:00+00:00,25600.2,25604.1,25369.38,25578.4,292523,100,0
2025-12-03 20:00:00+00:00,25578.6,25638.6,25561.4,25590.62,80631,100,0
2025-12-04 00:00:00+00:00,25594.26,25620.1,25577.4,25596.1,25171,100,0
2025-12-04 04:00:00+00:00,25596.4,25611.55,25569.0,25594.75,27682,100,0
2025-12-04 08:00:00+00:00,25594.75,25647.1,25558.6,25639.1,43086,100,0
2025-12-04 12:00:00+00:00,25639.1,25646.1,25573.6,25586.6,47543,100,0
2025-12-04 16:00:00+00:00,25586.8,25686.95,25456.7,25572.6,258565,100,0
2025-12-04 20:00:00+00:00,25571.6,25592.35,25435.6,25576.12,133999,100,0
2025-12-05 00:00:00+00:00,25576.82,25641.85,25566.95,25639.95,28440,100,0
2025-12-05 04:00:00+00:00,25640.05,25682.45,25637.7,25681.45,23863,100,0
2025-12-05 08:00:00+00:00,25681.45,25713.4,25661.28,25676.35,32509,100,0
2025-12-05 12:00:00+00:00,25676.35,25691.6,25537.45,25572.25,43358,100,0
2025-12-05 16:00:00+00:00,25572.25,25825.65,25569.75,25688.9,254367,100,0
2025-12-05 20:00:00+00:00,25689.2,25719.0,25638.95,25680.65,103819,100,0
2025-12-08 00:00:00+00:00,25701.27,25735.65,25664.8,25732.55,35101,100,0
2025-12-08 04:00:00+00:00,25732.35,25768.2,25726.55,25758.55,19545,100,0
2025-12-08 08:00:00+00:00,25758.35,25783.75,25726.28,25736.9,33789,100,0
2025-12-08 12:00:00+00:00,25737.3,25795.6,25725.3,25773.1,37480,100,0
2025-12-08 16:00:00+00:00,25773.1,25823.5,25557.4,25643.5,212924,100,0
2025-12-08 20:00:00+00:00,25643.7,25670.75,25528.4,25656.12,132453,100,0
2025-12-09 00:00:00+00:00,25663.88,25694.65,25651.6,25658.35,27574,100,0
2025-12-09 04:00:00+00:00,25658.35,25674.4,25629.15,25629.45,31614,100,0
2025-12-09 08:00:00+00:00,25629.85,25678.6,25613.3,25622.7,46856,100,0
2025-12-09 12:00:00+00:00,25622.9,25658.6,25568.8,25582.2,61918,100,0
2025-12-09 16:00:00+00:00,25582.6,25698.9,25526.2,25682.3,188631,100,0
2025-12-09 20:00:00+00:00,25682.2,25700.7,25632.37,25632.37,86345,100,0
2025-12-10 00:00:00+00:00,25645.82,25661.75,25608.3,25623.85,23372,100,0
2025-12-10 04:00:00+00:00,25624.05,25677.75,25622.85,25649.85,21685,100,0
2025-12-10 08:00:00+00:00,25650.15,25713.6,25649.35,25677.4,36590,100,0
2025-12-10 12:00:00+00:00,25677.4,25701.7,25583.8,25640.9,58517,100,0
2025-12-10 16:00:00+00:00,25640.9,25650.7,25498.5,25634.5,200577,100,0
2025-12-10 20:00:00+00:00,25633.0,25838.1,25564.6,25761.37,350688,0,0
2025-12-11 00:00:00+00:00,25733.09,25762.3,25623.8,25632.2,19207,100,0
2025-12-11 04:00:00+00:00,25631.7,25633.3,25355.8,25486.2,76154,100,0
2025-12-11 08:00:00+00:00,25486.4,25595.2,25444.2,25575.8,67766,100,0
2025-12-11 12:00:00+00:00,25575.8,25672.65,25552.4,25615.6,61833,100,0
2025-12-11 16:00:00+00:00,25616.2,25652.7,25357.08,25566.7,282326,100,0
2025-12-11 20:00:00+00:00,25566.5,25835.95,25557.4,25795.47,129043,100,0
2025-12-12 00:00:00+00:00,25668.74,25708.5,25621.0,25656.9,29812,100,0
2025-12-12 04:00:00+00:00,25656.9,25682.2,25632.55,25669.25,29565,100,0
2025-12-12 08:00:00+00:00,25669.55,25682.95,25541.0,25566.4,55235,100,0
2025-12-12 12:00:00+00:00,25566.7,25604.5,25511.5,25604.0,56889,100,0
2025-12-12 16:00:00+00:00,25604.0,25611.1,25101.6,25260.6,327659,100,0
2025-12-12 20:00:00+00:00,25261.1,25352.4,25125.2,25176.77,174520,100,0
2025-12-15 00:00:00+00:00,25207.65,25250.4,25114.27,25248.5,44413,100,0
2025-12-15 04:00:00+00:00,25248.5,25269.2,25219.2,25262.85,37801,100,0
2025-12-15 08:00:00+00:00,25262.85,25318.9,25216.6,25311.0,53936,100,0
2025-12-15 12:00:00+00:00,25310.9,25368.8,25303.0,25365.7,43208,100,0
2025-12-15 16:00:00+00:00,25365.7,25394.75,25020.3,25109.6,315428,100,0
2025-12-15 20:00:00+00:00,25109.1,25160.25,25056.45,25076.12,161720,100,0
2025-12-16 00:00:00+00:00,25082.89,25103.8,24846.3,24884.7,72000,100,0
2025-12-16 04:00:00+00:00,24885.4,24919.7,24837.2,24847.9,78150,100,0
2025-12-16 08:00:00+00:00,24848.7,24965.2,24809.3,24917.0,72116,100,0
2025-12-16 12:00:00+00:00,24917.2,25113.28,24901.8,24982.78,84020,100,0
2025-12-16 16:00:00+00:00,24983.16,25138.8,24910.1,24941.0,282537,100,0
2025-12-16 20:00:00+00:00,24941.6,25176.95,24914.8,25053.37,210672,100,0
2025-12-17 00:00:00+00:00,25085.68,25111.6,25014.65,25107.1,49069,100,0
2025-12-17 04:00:00+00:00,25107.1,25129.9,25041.9,25102.7,51852,100,0
2025-12-17 08:00:00+00:00,25102.7,25219.8,25101.7,25213.9,63859,100,0
2025-12-17 12:00:00+00:00,25213.9,25257.5,25147.85,25214.25,63860,100,0
2025-12-17 16:00:00+00:00,25214.75,25229.85,24732.85,24784.6,334077,100,0
2025-12-17 20:00:00+00:00,24784.2,24839.7,24652.55,24692.87,175376,100,0
2025-12-18 00:00:00+00:00,24729.0,24764.6,24666.4,24728.5,54620,100,0
2025-12-18 04:00:00+00:00,24728.4,24778.9,24669.7,24752.3,53282,100,0
2025-12-18 08:00:00+00:00,24752.3,24862.8,24721.2,24861.7,56756,100,0
2025-12-18 12:00:00+00:00,24862.0,25029.25,24830.25,24988.05,65546,100,0
2025-12-18 16:00:00+00:00,24988.05,25177.0,24926.7,25120.7,302962,100,0
2025-12-18 20:00:00+00:00,25121.0,25157.9,24950.0,24979.62,186294,100,0
2025-12-19 00:00:00+00:00,25015.16,25040.5,24968.7,25029.7,41203,100,0
2025-12-19 04:00:00+00:00,25029.7,25084.7,24999.8,25054.25,52373,100,0
2025-12-19 08:00:00+00:00,25054.45,25156.3,25030.0,25146.8,58179,100,0
2025-12-19 12:00:00+00:00,25146.7,25147.6,25036.65,25085.6,61259,100,0
2025-12-19 16:00:00+00:00,25085.6,25362.9,25061.55,25341.1,241374,100,0
2025-12-19 20:00:00+00:00,25341.1,25360.65,25305.3,25352.15,91382,100,0
2025-12-22 00:00:00+00:00,25395.02,25459.75,25393.14,25451.55,30959,100,0
2025-12-22 04:00:00+00:00,25451.55,25461.85,25425.35,25436.85,19601,100,0
2025-12-22 08:00:00+00:00,25436.85,25487.85,25436.65,25475.15,29629,100,0
2025-12-22 12:00:00+00:00,25475.15,25519.3,25460.5,25515.4,28822,100,0
2025-12-22 16:00:00+00:00,25515.4,25557.1,25392.4,25485.2,185774,100,0
2025-12-22 20:00:00+00:00,25485.5,25486.1,25437.5,25453.25,64679,100,0
2025-12-23 00:00:00+00:00,25468.46,25496.55,25462.7,25477.15,19660,100,0
2025-12-23 04:00:00+00:00,25477.05,25504.8,25444.45,25444.65,22808,100,0
2025-12-23 08:00:00+00:00,25444.65,25495.15,25420.27,25485.65,27758,100,0
2025-12-23 12:00:00+00:00,25485.65,25491.25,25375.05,25386.55,37492,100,0
2025-12-23 16:00:00+00:00,25386.85,25544.3,25373.25,25521.5,154255,100,0
2025-12-23 20:00:00+00:00,25521.5,25589.35,25518.8,25572.87,53617,100,0
2025-12-24 00:00:00+00:00,25572.75,25594.4,25570.25,25576.75,15099,100,0
2025-12-24 04:00:00+00:00,25576.75,25583.95,25551.45,25564.45,13118,100,0
2025-12-24 08:00:00+00:00,25564.45,25580.35,25556.95,25572.75,9155,100,0
2025-12-24 12:00:00+00:00,25572.75,25604.9,25559.25,25596.1,13227,100,0
2025-12-24 16:00:00+00:00,25596.1,25665.3,25557.15,25651.45,96238,100,0
2025-12-24 20:00:00+00:00,25651.45,25655.1,25626.2,25633.31,5574,100,0
2025-12-26 00:00:00+00:00,25649.78,25695.1,25641.77,25668.35,16791,100,0
2025-12-26 04:00:00+00:00,25668.35,25681.35,25650.05,25654.35,11742,100,0
2025-12-26 08:00:00+00:00,25654.35,25659.25,25617.16,25654.8,14127,100,0
2025-12-26 12:00:00+00:00,25654.8,25701.55,25645.3,25675.3,17059,100,0
2025-12-26 16:00:00+00:00,25675.5,25713.3,25613.0,25650.2,131503,100,0
2025-12-26 20:00:00+00:00,25650.2,25677.3,25624.52,25624.77,49989,100,0
2025-12-29 00:00:00+00:00,25644.52,25679.1,25621.9,25627.9,26944,100,0
2025-12-29 04:00:00+00:00,25627.9,25653.35,25601.6,25606.2,22957,100,0
2025-12-29 08:00:00+00:00,25606.2,25628.4,25513.5,25548.7,45354,100,0
2025-12-29 12:00:00+00:00,25548.7,25562.2,25444.25,25479.05,40876,100,0
2025-12-29 16:00:00+00:00,25479.05,25604.05,25435.2,25486.7,174056,100,0
2025-12-29 20:00:00+00:00,25486.8,25561.0,25467.7,25525.37,66621,100,0
2025-12-30 00:00:00+00:00,25529.7,25531.6,25483.7,25511.5,21327,100,0
2025-12-30 04:00:00+00:00,25511.5,25541.55,25488.55,25531.75,21247,100,0
2025-12-30 08:00:00+00:00,25531.75,25539.55,25472.1,25526.3,27755,100,0
2025-12-30 12:00:00+00:00,25526.3,25532.85,25478.45,25501.05,29737,100,0
2025-12-30 16:00:00+00:00,25501.25,25581.1,25461.45,25516.3,136327,100,0
2025-12-30 20:00:00+00:00,25516.1,25531.4,25456.75,25460.12,59051,100,0
2025-12-31 00:00:00+00:00,25466.7,25478.6,25378.1,25408.0,19453,100,0
2025-12-31 04:00:00+00:00,25407.9,25425.55,25384.0,25389.25,19217,100,0
2025-12-31 08:00:00+00:00,25389.25,25399.2,25338.4,25358.55,21796,100,0
2025-12-31 12:00:00+00:00,25358.65,25504.45,25349.28,25492.75,27053,100,0
2025-12-31 16:00:00+00:00,25492.75,25506.35,25332.45,25371.6,143778,100,0
2025-12-31 20:00:00+00:00,25371.6,25424.1,25213.65,25221.0,91412,100,0
2026-01-02 00:00:00+00:00,25275.99,25348.3,25241.5,25347.3,23223,100,0
2026-01-02 04:00:00+00:00,25347.3,25435.2,25342.2,25431.15,20431,100,0
2026-01-02 08:00:00+00:00,25431.15,25530.3,25417.0,25525.5,32427,100,0
2026-01-02 12:00:00+00:00,25526.5,25534.9,25471.5,25484.4,33404,100,0
2026-01-02 16:00:00+00:00,25484.4,25593.55,25097.1,25133.75,297974,100,0
2026-01-02 20:00:00+00:00,25133.45,25270.85,25075.0,25188.02,149944,100,0
2026-01-05 00:00:00+00:00,25229.9,25304.8,25221.65,25275.9,55920,100,0
2026-01-05 04:00:00+00:00,25275.9,25314.75,25271.1,25312.55,30699,100,0
2026-01-05 08:00:00+00:00,25312.55,25373.6,25273.1,25329.6,50399,100,0
2026-01-05 12:00:00+00:00,25329.8,25408.8,25328.5,25393.15,43623,100,0
2026-01-05 16:00:00+00:00,25393.65,25525.6,25356.4,25443.2,234439,100,0
2026-01-05 20:00:00+00:00,25443.2,25448.2,25365.1,25382.5,87154,100,0
2026-01-06 00:00:00+00:00,25394.96,25420.65,25371.4,25415.7,30327,100,0
2026-01-06 04:00:00+00:00,25415.7,25471.05,25410.65,25461.45,20823,100,0
2026-01-06 08:00:00+00:00,25461.45,25492.15,25335.28,25403.5,46307,100,0
2026-01-06 12:00:00+00:00,25403.5,25467.6,25389.8,25434.2,36887,100,0
2026-01-06 16:00:00+00:00,25434.2,25604.3,25402.38,25578.7,213400,100,0
2026-01-06 20:00:00+00:00,25578.7,25651.25,25564.5,25638.5,72696,100,0
2026-01-07 00:00:00+00:00,25641.65,25660.5,25628.0,25632.65,26207,100,0
2026-01-07 04:00:00+00:00,25632.65,25648.4,25591.55,25599.05,25334,100,0
2026-01-07 08:00:00+00:00,25599.05,25615.65,25541.66,25569.25,29833,100,0
2026-01-07 12:00:00+00:00,25569.25,25609.4,25544.25,25604.45,34294,100,0
2026-01-07 16:00:00+00:00,25604.45,25815.5,25577.7,25790.3,187994,100,0
2026-01-07 20:00:00+00:00,25790.3,25798.2,25631.95,25645.12,104076,100,0
2026-01-08 00:00:00+00:00,25658.5,25671.2,25626.52,25659.25,23345,100,0
2026-01-08 04:00:00+00:00,25659.45,25662.2,25559.7,25560.2,33730,100,0
2026-01-08 08:00:00+00:00,25560.2,25626.2,25493.3,25591.6,60478,100,0
2026-01-08 12:00:00+00:00,25591.6,25640.05,25562.3,25621.4,47321,100,0
2026-01-08 16:00:00+00:00,25621.3,25632.9,25390.33,25505.3,261362,100,0
2026-01-08 20:00:00+00:00,25505.3,25563.75,25422.3,25527.87,104094,100,0
2026-01-09 00:00:00+00:00,25540.92,25551.1,25451.9,25476.15,35175,100,0
2026-01-09 04:00:00+00:00,25476.15,25519.4,25473.6,25517.6,33365,100,0
2026-01-09 08:00:00+00:00,25517.6,25549.8,25476.9,25546.35,40863,100,0
2026-01-09 12:00:00+00:00,25546.35,25631.7,25538.3,25628.9,49037,100,0
2026-01-09 16:00:00+00:00,25628.7,25761.2,25440.1,25748.6,248940,100,0
2026-01-09 20:00:00+00:00,25748.6,25811.65,25707.6,25753.65,81065,100,0
2026-01-12 00:00:00+00:00,25766.02,25768.9,25554.3,25608.3,61529,100,0
2026-01-12 04:00:00+00:00,25608.3,25608.8,25507.6,25529.85,46082,100,0
2026-01-12 08:00:00+00:00,25529.85,25580.6,25464.4,25528.8,57261,100,0
2026-01-12 12:00:00+00:00,25528.8,25592.9,25517.1,25573.7,45325,100,0
2026-01-12 16:00:00+00:00,25574.1,25805.3,25550.35,25799.4,196513,100,0
2026-01-12 20:00:00+00:00,25799.7,25851.6,25763.95,25767.25,77334,100,0
2026-01-13 00:00:00+00:00,25782.65,25783.15,25676.7,25713.4,33864,100,0
2026-01-13 04:00:00+00:00,25714.1,25741.15,25695.75,25735.65,34834,100,0
2026-01-13 08:00:00+00:00,25735.85,25770.6,25727.4,25743.9,34549,100,0
2026-01-13 12:00:00+00:00,25743.9,25879.55,25705.1,25804.45,53646,100,0
2026-01-13 16:00:00+00:00,25804.55,25876.4,25643.75,25710.65,262217,100,0
2026-01-13 20:00:00+00:00,25710.45,25762.25,25639.45,25723.37,140836,100,0
2026-01-14 00:00:00+00:00,25727.21,25761.2,25716.0,25723.1,35297,100,0
2026-01-14 04:00:00+00:00,25723.1,25762.45,25689.95,25693.15,34953,100,0
2026-01-14 08:00:00+00:00,25692.95,25715.4,25672.6,25689.0,42716,100,0
2026-01-14 12:00:00+00:00,25689.0,25689.9,25538.25,25591.05,80808,100,0
2026-01-14 16:00:00+00:00,25591.05,25626.7,25269.23,25290.75,257779,100,0
2026-01-14 20:00:00+00:00,25290.75,25494.65,25262.15,25440.87,181200,100,0
2026-01-15 00:00:00+00:00,25426.74,25482.1,25402.0,25468.9,46006,100,0
2026-01-15 04:00:00+00:00,25468.9,25487.0,25409.1,25461.6,54326,100,0
2026-01-15 08:00:00+00:00,25461.6,25672.1,25450.6,25651.9,73380,100,0
2026-01-15 12:00:00+00:00,25651.6,25755.75,25639.6,25732.8,52846,100,0
2026-01-15 16:00:00+00:00,25732.8,25791.7,25636.85,25691.9,227796,100,0
2026-01-15 20:00:00+00:00,25691.9,25748.8,25516.75,25540.12,151629,100,0
2026-01-16 00:00:00+00:00,25548.94,25627.3,25543.77,25614.05,29241,100,0
2026-01-16 04:00:00+00:00,25613.75,25664.35,25607.0,25652.05,24690,100,0
2026-01-16 08:00:00+00:00,25652.05,25689.5,25639.5,25659.35,31795,100,0
2026-01-16 12:00:00+00:00,25660.25,25716.5,25646.2,25669.9,46087,100,0
2026-01-16 16:00:00+00:00,25670.2,25734.9,25435.4,25504.4,241402,100,0
2026-01-16 20:00:00+00:00,25504.4,25592.0,25498.1,25511.77,114008,100,0
2026-01-19 00:00:00+00:00,25296.4,25322.8,25220.6,25243.1,76595,100,0
2026-01-19 04:00:00+00:00,25243.2,25268.1,25208.9,25238.15,62054,100,0
2026-01-19 08:00:00+00:00,25238.25,25258.4,25104.6,25124.9,87943,100,0
2026-01-19 12:00:00+00:00,25124.9,25192.75,25101.9,25164.65,74414,100,0
2026-01-19 16:00:00+00:00,25164.45,25261.1,25080.7,25230.85,97392,100,0
2026-01-19 20:00:00+00:00,25230.85,25230.85,25230.85,25230.85,1,104,0
2026-01-20 00:00:00+00:00,25220.02,25279.3,25171.6,25267.0,52752,100,0
2026-01-20 04:00:00+00:00,25267.0,25284.9,25213.8,25229.6,56846,100,0
2026-01-20 08:00:00+00:00,25229.6,25237.1,24943.0,24981.1,130226,100,0
2026-01-20 12:00:00+00:00,24981.2,25130.15,24956.5,25058.95,124629,100,0
2026-01-20 16:00:00+00:00,25058.95,25278.8,25048.15,25145.15,328784,100,0
2026-01-20 20:00:00+00:00,25145.15,25163.85,24935.45,24976.75,189663,100,0
2026-01-21 00:00:00+00:00,24988.07,25073.7,24958.9,25057.0,40376,100,0
2026-01-21 04:00:00+00:00,25057.0,25082.4,25023.2,25075.15,55085,100,0
2026-01-21 08:00:00+00:00,25075.15,25101.7,24983.7,24984.4,63360,100,0
2026-01-21 12:00:00+00:00,24984.5,25043.2,24881.5,24939.25,102989,100,0
2026-01-21 16:00:00+00:00,24939.05,25348.85,24928.25,25100.9,358713,100,0
2026-01-21 20:00:00+00:00,25100.8,25507.3,25006.4,25352.37,267760,100,0
2026-01-22 00:00:00+00:00,25387.32,25458.8,25376.4,25452.5,41939,100,0
2026-01-22 04:00:00+00:00,25452.5,25460.8,25386.0,25391.8,46421,100,0
2026-01-22 08:00:00+00:00,25391.8,25573.9,25341.5,25557.0,90864,100,0
2026-01-22 12:00:00+00:00,25557.0,25597.55,25517.15,25594.05,78752,100,0
2026-01-22 16:00:00+00:00,25594.05,25597.05,25395.4,25569.6,264539,100,0
2026-01-22 20:00:00+00:00,25569.6,25578.9,25442.55,25470.87,137277,100,0
2026-01-23 00:00:00+00:00,25463.38,25548.3,25439.6,25547.15,37043,100,0
2026-01-23 04:00:00+00:00,25547.15,25577.65,25528.55,25576.25,29115,100,0
2026-01-23 08:00:00+00:00,25576.35,25594.8,25398.78,25423.5,67971,100,0
2026-01-23 12:00:00+00:00,25423.5,25522.7,25414.9,25436.15,77915,100,0
2026-01-23 16:00:00+00:00,25436.15,25710.5,25421.35,25558.95,239456,100,0
2026-01-23 20:00:00+00:00,25558.95,25639.7,25529.22,25530.97,147410,100,0
2026-01-26 00:00:00+00:00,25316.0,25538.6,25255.35,25520.1,79217,100,0
2026-01-26 04:00:00+00:00,25520.1,25546.1,25468.1,25544.6,74105,100,0
2026-01-26 08:00:00+00:00,25544.6,25611.8,25442.98,25488.1,74899,100,0
2026-01-26 12:00:00+00:00,25488.1,25591.0,25483.9,25586.4,65553,100,0
2026-01-26 16:00:00+00:00,25586.4,25800.7,25574.1,25758.1,199875,100,0
2026-01-26 20:00:00+00:00,25758.1,25797.9,25701.55,25721.4,99505,100,0
2026-01-27 00:00:00+00:00,25726.59,25796.45,25711.4,25792.85,28135,100,0
2026-01-27 04:00:00+00:00,25792.55,25879.85,25791.75,25878.45,26873,100,0
2026-01-27 08:00:00+00:00,25878.45,25898.2,25837.5,25844.3,47031,100,0
2026-01-27 12:00:00+00:00,25844.2,25912.8,25840.6,25860.5,46450,100,0
2026-01-27 16:00:00+00:00,25860.5,25977.0,25787.5,25930.9,192251,100,0
2026-01-27 20:00:00+00:00,25931.0,25986.75,25907.6,25972.9,101431,100,0
2026-01-28 00:00:00+00:00,25978.16,26099.5,25978.16,26076.0,29505,100,0
2026-01-28 04:00:00+00:00,26076.2,26119.95,26064.05,26116.75,26951,100,0
2026-01-28 08:00:00+00:00,26116.75,26219.9,26116.75,26155.95,71729,100,0
2026-01-28 12:00:00+00:00,26155.95,26197.65,26126.3,26144.45,64354,100,0
2026-01-28 16:00:00+00:00,26144.45,26169.7,25971.9,26012.2,224101,100,0
2026-01-28 20:00:00+00:00,26012.2,26158.75,25861.62,26132.72,184034,100,0
2026-01-29 00:00:00+00:00,26151.18,26167.25,25952.37,25995.25,97819,110,0
2026-01-29 04:00:00+00:00,25995.25,26115.87,25989.12,26100.12,77650,100,0
2026-01-29 08:00:00+00:00,26100.25,26146.76,26076.76,26077.76,85919,218,0
2026-01-29 12:00:00+00:00,26077.88,26110.15,26024.05,26067.5,90332,110,0
2026-01-29 16:00:00+00:00,26067.8,26069.8,25409.3,25637.65,382699,100,0
2026-01-29 20:00:00+00:00,25637.65,25907.27,25635.15,25850.02,221675,100,0
2026-01-30 00:00:00+00:00,25871.02,25891.65,25674.75,25730.85,87695,140,0
2026-01-30 04:00:00+00:00,25730.85,25768.65,25614.85,25705.77,127972,140,0
2026-01-30 08:00:00+00:00,25705.65,25711.9,25528.35,25576.05,141742,140,0
2026-01-30 12:00:00+00:00,25575.35,25783.55,25572.03,25704.75,137822,140,0
2026-01-30 16:00:00+00:00,25704.65,25817.65,25560.5,25561.5,389815,110,0
2026-01-30 20:00:00+00:00,25561.5,25663.0,25444.6,25512.52,269606,140,0
2026-02-02 00:00:00+00:00,25405.85,25524.9,25255.37,25286.65,126410,120,0
2026-02-02 04:00:00+00:00,25286.4,25329.27,25096.15,25129.02,176605,220,0
2026-02-02 08:00:00+00:00,25129.4,25352.45,25070.35,25343.05,137639,140,0
2026-02-02 12:00:00+00:00,25343.05,25428.05,25270.28,25417.55,112225,110,0
2026-02-02 16:00:00+00:00,25417.55,25826.2,25408.45,25808.6,264937,100,0
2026-02-02 20:00:00+00:00,25808.6,25833.7,25701.35,25752.15,143035,140,0
2026-02-03 00:00:00+00:00,25763.95,25878.2,25748.4,25847.4,56826,140,0
2026-02-03 04:00:00+00:00,25847.4,25879.15,25788.45,25869.52,80578,140,0
2026-02-03 08:00:00+00:00,25869.65,25915.3,25845.95,25857.2,78546,140,0
2026-02-03 12:00:00+00:00,25857.0,25890.65,25810.75,25854.95,85079,110,0
2026-02-03 16:00:00+00:00,25855.15,25864.65,25234.9,25276.9,372811,100,0
2026-02-03 20:00:00+00:00,25277.1,25358.77,25111.25,25304.02,262768,140,0
2026-02-04 00:00:00+00:00,25272.65,25349.05,25251.27,25333.65,59910,110,0
2026-02-04 04:00:00+00:00,25333.65,25368.05,25293.85,25337.65,66003,100,0
2026-02-04 08:00:00+00:00,25337.35,25409.15,25250.05,25297.45,96508,100,0
2026-02-04 12:00:00+00:00,25297.55,25385.35,25233.25,25252.25,102238,110,0
2026-02-04 16:00:00+00:00,25252.35,25282.95,24678.55,24768.75,418409,110,0
2026-02-04 20:00:00+00:00,24768.75,25067.27,24715.05,25003.61,298644,110,0
2026-02-05 00:00:00+00:00,24951.03,25062.02,24924.52,25016.65,68774,220,0
2026-02-05 04:00:00+00:00,25016.65,25034.25,24815.65,24889.52,146794,120,0
2026-02-05 08:00:00+00:00,24889.65,25017.41,24871.78,24923.16,126338,218,0
2026-02-05 12:00:00+00:00,24923.16,24991.55,24607.75,24666.85,167161,120,0
2026-02-05 16:00:00+00:00,24667.55,24859.85,24445.8,24683.0,448841,110,0
2026-02-05 20:00:00+00:00,24683.2,24738.9,24300.52,24318.52,277796,140,0
2026-02-06 00:00:00+00:00,24311.98,24433.9,24143.75,24428.27,116449,140,0
2026-02-06 04:00:00+00:00,24428.4,24499.85,24329.45,24485.15,106981,120,0
2026-02-06 08:00:00+00:00,24485.15,24685.25,24393.85,24652.95,104867,120,0
2026-02-06 12:00:00+00:00,24652.95,24771.16,24610.53,24700.45,114757,100,0
2026-02-06 16:00:00+00:00,24700.45,25012.55,24603.45,24996.4,356552,100,0
2026-02-06 20:00:00+00:00,24996.4,25119.23,24954.1,25005.65,159048,140,0
2026-02-09 00:00:00+00:00,25082.34,25260.95,25079.65,25131.85,101153,120,0
2026-02-09 04:00:00+00:00,25131.65,25178.15,25087.72,25129.65,81331,110,0
2026-02-09 08:00:00+00:00,25129.75,25136.2,24987.63,25001.95,98763,110,0
2026-02-09 12:00:00+00:00,25002.05,25070.35,24875.53,24993.85,115574,120,0
2026-02-09 16:00:00+00:00,24993.85,25329.0,24870.35,25267.9,262559,100,0
2026-02-09 20:00:00+00:00,25267.9,25340.2,25224.85,25268.52,137432,140,0
2026-02-10 00:00:00+00:00,25286.43,25308.02,25213.35,25247.85,64325,140,0
2026-02-10 04:00:00+00:00,25248.05,25271.05,25192.15,25264.95,61751,100,0
2026-02-10 08:00:00+00:00,25265.05,25317.8,25205.1,25276.9,70549,100,0
2026-02-10 12:00:00+00:00,25276.8,25334.75,25205.95,25285.55,99572,100,0
2026-02-10 16:00:00+00:00,25285.55,25359.75,25169.45,25297.1,280804,100,0
2026-02-10 20:00:00+00:00,25297.1,25298.1,25110.35,25170.02,170001,140,0
2026-02-11 00:00:00+00:00,25172.65,25241.35,25169.4,25230.75,26100,100,0
2026-02-11 04:00:00+00:00,25231.05,25260.25,25195.05,25202.85,33770,100,0
2026-02-11 08:00:00+00:00,25202.85,25231.65,25119.65,25120.35,68254,100,0
2026-02-11 12:00:00+00:00,25120.35,25366.35,25062.65,25358.85,103543,110,0
2026-02-11 16:00:00+00:00,25358.85,25380.4,24973.6,25180.55,361697,100,0
2026-02-11 20:00:00+00:00,25180.85,25277.1,25117.15,25193.92,184225,100,0
2026-02-12 00:00:00+00:00,25202.16,25233.42,25123.92,25219.42,65357,220,0
2026-02-12 04:00:00+00:00,25219.55,25263.17,25187.75,25257.42,48768,100,0
2026-02-12 08:00:00+00:00,25257.55,25287.68,25211.05,25273.68,81762,218,0
2026-02-12 12:00:00+00:00,25273.81,25338.55,25239.55,25314.55,57481,110,0
2026-02-12 16:00:00+00:00,25314.55,25318.55,24724.7,24744.0,381606,100,0
2026-02-12 20:00:00+00:00,24744.0,24863.25,24640.5,24741.17,243183,140,0
2026-02-13 00:00:00+00:00,24758.1,24778.42,24624.42,24702.55,101240,220,0
2026-02-13 04:00:00+00:00,24701.17,24757.55,24618.25,24637.85,89297,110,0
2026-02-13 08:00:00+00:00,24637.85,24733.65,24564.75,24699.85,117391,110,0
2026-02-13 12:00:00+00:00,24699.85,24737.31,24535.93,24696.06,152683,120,0
2026-02-13 16:00:00+00:00,24695.93,24919.65,24504.7,24863.65,388137,100,0
2026-02-13 20:00:00+00:00,24863.65,24920.95,24646.63,24687.55,214710,100,0
2026-02-16 00:00:00+00:00,24747.37,24800.35,24686.15,24791.85,41189,100,0
2026-02-16 04:00:00+00:00,24791.85,24803.85,24726.45,24742.55,43079,100,0
2026-02-16 08:00:00+00:00,24742.85,24852.95,24725.4,24841.2,50639,110,0
2026-02-16 12:00:00+00:00,24841.0,24841.3,24767.56,24775.85,58293,110,0
2026-02-16 16:00:00+00:00,24776.05,24776.35,24601.25,24671.32,121793,100,0
2026-02-16 20:00:00+00:00,24671.25,24671.25,24671.25,24671.25,1,140,0
2026-02-17 00:00:00+00:00,24675.2,24767.17,24580.27,24598.85,53652,140,0
2026-02-17 04:00:00+00:00,24598.85,24615.85,24489.95,24513.75,73013,110,0
2026-02-17 08:00:00+00:00,24513.75,24657.55,24513.65,24617.75,72833,120,0
2026-02-17 12:00:00+00:00,24617.75,24629.15,24444.43,24538.06,106396,110,0
2026-02-17 16:00:00+00:00,24537.93,24747.0,24380.8,24628.5,387754,140,0
2026-02-17 20:00:00+00:00,24629.0,24820.85,24580.6,24694.67,217085,140,0
2026-02-18 00:00:00+00:00,24704.31,24712.92,24634.42,24677.95,48413,110,0
2026-02-18 04:00:00+00:00,24677.95,24778.15,24669.55,24758.85,40861,100,0
2026-02-18 08:00:00+00:00,24758.85,24874.85,24736.05,24843.25,61033,100,0
2026-02-18 12:00:00+00:00,24843.15,24895.85,24750.65,24761.75,80473,110,0
2026-02-18 16:00:00+00:00,24761.85,25061.85,24683.25,25031.9,258977,100,0
2026-02-18 20:00:00+00:00,25031.7,25060.7,24789.75,24868.92,183121,140,0
2026-02-19 00:00:00+00:00,24874.97,24927.05,24849.55,24905.55,46867,100,0
2026-02-19 04:00:00+00:00,24905.55,24935.05,24871.42,24927.3,54195,100,0
2026-02-19 08:00:00+00:00,24927.55,24984.56,24781.93,24823.81,86324,218,0
2026-02-19 12:00:00+00:00,24823.68,24834.95,24731.05,24786.55,108412,110,0
2026-02-19 16:00:00+00:00,24786.55,24891.65,24695.55,24713.4,317313,100,0
2026-02-19 20:00:00+00:00,24713.5,24802.42,24682.25,24766.67,184416,140,0
2026-02-20 00:00:00+00:00,24776.68,24871.67,24762.92,24843.17,54863,220,0
2026-02-20 04:00:00+00:00,24843.05,24886.75,24817.95,24882.05,46186,100,0
2026-02-20 08:00:00+00:00,24882.05,24923.55,24836.05,24875.45,57360,100,0
2026-02-20 12:00:00+00:00,24875.45,24885.75,24659.68,24706.43,106297,110,0
2026-02-20 16:00:00+00:00,24706.06,25078.55,24618.3,24974.25,372120,100,0
2026-02-20 20:00:00+00:00,24974.25,25061.25,24868.85,25014.67,207797,100,0
2026-02-23 00:00:00+00:00,24989.35,25004.65,24775.55,24785.75,77768,120,0
2026-02-23 04:00:00+00:00,24785.75,24805.35,24749.95,24781.25,66441,100,0
2026-02-23 08:00:00+00:00,24781.25,24946.1,24774.8,24925.6,64195,110,0
2026-02-23 12:00:00+00:00,24925.8,24940.43,24826.55,24877.15,86549,110,0
2026-02-23 16:00:00+00:00,24877.05,24981.75,24610.4,24686.9,335834,100,0
2026-02-23 20:00:00+00:00,24686.4,24762.45,24620.0,24727.17,177764,140,0
2026-02-24 00:00:00+00:00,24735.05,24782.55,24716.55,24769.6,58159,140,0
2026-02-24 04:00:00+00:00,24769.5,24834.85,24764.25,24788.15,48856,100,0
2026-02-24 08:00:00+00:00,24788.15,24816.1,24708.35,24794.5,83791,110,0
2026-02-24 12:00:00+00:00,24794.7,24847.55,24743.18,24824.93,97596,110,0
2026-02-24 16:00:00+00:00,24825.06,25020.55,24642.3,24991.0,296247,140,0
2026-02-24 20:00:00+00:00,24991.0,25022.5,24933.0,24964.55,136436,140,0
2026-02-25 00:00:00+00:00,24965.55,25061.85,24941.55,25052.45,47257,100,0
2026-02-25 04:00:00+00:00,25052.45,25063.25,24944.05,24989.35,83389,100,0
2026-02-25 08:00:00+00:00,24989.65,25039.35,24967.15,25031.15,72635,100,0
2026-02-25 12:00:00+00:00,25031.25,25114.3,25014.35,25099.25,56792,100,0
2026-02-25 16:00:00+00:00,25099.75,25309.1,25078.95,25300.8,223155,100,0
2026-02-25 20:00:00+00:00,25301.0,25441.8,25282.13,25408.92,101386,140,0
2026-02-26 00:00:00+00:00,25341.15,25369.05,25216.05,25267.65,71356,110,0
2026-02-26 04:00:00+00:00,25267.15,25274.55,25234.92,25259.42,51434,100,0
2026-02-26 08:00:00+00:00,25259.55,25353.18,25258.42,25330.31,76389,218,0
2026-02-26 12:00:00+00:00,25330.18,25366.25,25296.6,25335.25,54307,100,0
2026-02-26 16:00:00+00:00,25334.95,25349.35,24815.65,24889.05,341187,100,0
2026-02-26 20:00:00+00:00,24888.85,25052.9,24844.25,24980.17,181779,140,0
2026-02-27 00:00:00+00:00,24975.69,24987.17,24905.67,24943.55,79079,220,0
2026-02-27 04:00:00+00:00,24943.42,25018.55,24939.65,24997.95,54719,100,0
2026-02-27 08:00:00+00:00,24997.65,25056.95,24950.15,24987.85,77737,100,0
2026-02-27 12:00:00+00:00,24987.85,25002.85,24745.93,24821.43,122635,110,0
2026-02-27 16:00:00+00:00,24821.56,24994.85,24740.9,24903.85,330308,100,0
2026-02-27 20:00:00+00:00,24903.75,24973.5,24832.5,24903.67,196165,100,0
2026-03-02 00:00:00+00:00,24637.12,24862.15,24637.12,24823.25,116918,120,0
2026-03-02 04:00:00+00:00,24823.25,24834.95,24634.25,24637.45,94008,110,0
2026-03-02 08:00:00+00:00,24637.65,24663.25,24438.55,24590.55,144480,120,0
2026-03-02 12:00:00+00:00,24590.55,24699.95,24556.15,24581.85,113668,120,0
2026-03-02 16:00:00+00:00,24581.85,25037.15,24568.15,25026.35,340073,110,0
2026-03-02 20:00:00+00:00,25026.35,25061.1,24906.75,24956.02,188613,120,0
2026-03-03 00:00:00+00:00,24960.6,24971.85,24831.95,24835.95,78908,110,0
2026-03-03 04:00:00+00:00,24835.95,24846.15,24711.65,24727.95,145782,120,0
2026-03-03 08:00:00+00:00,24727.95,24762.15,24410.05,24418.05,170246,120,0
2026-03-03 12:00:00+00:00,24418.35,24568.75,24333.15,24458.45,200865,120,0
2026-03-03 16:00:00+00:00,24458.45,24687.4,24314.65,24604.0,440154,100,0
2026-03-03 20:00:00+00:00,24604.1,24812.4,24603.1,24672.52,251665,130,0
2026-03-04 00:00:00+00:00,24675.56,24767.55,24595.65,24640.05,126637,110,0
2026-03-04 04:00:00+00:00,24640.05,24667.35,24489.85,24538.75,209349,120,0
2026-03-04 08:00:00+00:00,24538.55,24735.25,24463.65,24719.25,175708,120,0
2026-03-04 12:00:00+00:00,24719.15,24890.65,24685.15,24854.35,176469,100,0
2026-03-04 16:00:00+00:00,24854.35,25145.25,24792.05,25133.5,330380,101,0
2026-03-04 20:00:00+00:00,25133.4,25181.5,25058.05,25102.02,157663,130,0
2026-03-05 00:00:00+00:00,25119.91,25207.85,25005.85,25035.75,88620,110,0
2026-03-05 04:00:00+00:00,25036.35,25090.15,24990.85,24999.85,152436,110,0
2026-03-05 08:00:00+00:00,25000.05,25170.95,24938.75,25079.15,166426,120,0
2026-03-05 12:00:00+00:00,25079.15,25121.75,24947.05,24959.55,144244,120,0
2026-03-05 16:00:00+00:00,24959.55,25173.85,24755.7,24773.0,400214,110,0
2026-03-05 20:00:00+00:00,24773.0,25016.5,24740.7,24970.65,271058,120,0
2026-03-06 00:00:00+00:00,24983.34,25065.75,24966.95,25035.25,81074,110,0
2026-03-06 04:00:00+00:00,25035.25,25109.95,25028.95,25086.55,92628,100,0
2026-03-06 08:00:00+00:00,25086.55,25108.35,24847.65,24888.45,123395,110,0
2026-03-06 12:00:00+00:00,24888.45,24948.45,24583.68,24610.43,170300,120,0
2026-03-06 16:00:00+00:00,24610.93,24890.1,24580.55,24755.1,407133,110,0
2026-03-06 20:00:00+00:00,24755.0,24869.0,24570.5,24626.17,250777,140,0
2026-03-09 00:00:00+00:00,24422.0,24426.25,24069.85,24094.75,113755,120,0
2026-03-09 04:00:00+00:00,24094.75,24113.85,23976.85,24077.65,173527,110,0
2026-03-09 08:00:00+00:00,24077.85,24313.35,24062.45,24289.15,182433,100,0
2026-03-09 12:00:00+00:00,24289.25,24471.55,24260.65,24355.85,182943,120,0
2026-03-09 16:00:00+00:00,24356.15,24725.25,24287.45,24685.35,363056,100,0
2026-03-09 20:00:00+00:00,24685.35,25026.25,24552.4,24931.27,235680,140,0
2026-03-10 00:00:00+00:00,24950.63,24950.63,24800.35,24907.35,70566,110,0
2026-03-10 04:00:00+00:00,24907.35,24971.85,24827.15,24876.95,153331,110,0
2026-03-10 08:00:00+00:00,24876.95,25119.05,24875.85,25059.45,142161,110,0
2026-03-10 12:00:00+00:00,25059.95,25107.25,24863.55,24941.85,167374,100,0
2026-03-10 16:00:00+00:00,24941.05,25154.55,24866.75,25129.05,330184,100,0
2026-03-10 20:00:00+00:00,25128.75,25190.0,24912.5,24981.4,266781,130,0
2026-03-11 00:00:00+00:00,24985.84,25059.75,24925.95,25035.55,45286,100,0
2026-03-11 04:00:00+00:00,25035.55,25097.45,25025.65,25065.45,54139,100,0
2026-03-11 08:00:00+00:00,25065.75,25069.55,24907.95,24939.65,103889,110,0
2026-03-11 12:00:00+00:00,24939.65,25019.75,24869.75,24919.45,127203,120,0
2026-03-11 16:00:00+00:00,24919.45,25153.85,24863.45,24982.1,346733,100,0
2026-03-11 20:00:00+00:00,24981.4,24999.35,24847.8,24921.62,195052,120,0
2026-03-12 00:00:00+00:00,24923.84,24926.77,24710.25,24767.45,74691,110,0
2026-03-12 04:00:00+00:00,24767.45,24818.45,24673.45,24695.15,101149,110,0
2026-03-12 08:00:00+00:00,24695.05,24878.25,24694.15,24854.05,101755,110,0
2026-03-12 12:00:00+00:00,24854.05,24904.75,24778.35,24810.35,120450,100,0
2026-03-12 16:00:00+00:00,24810.45,24829.25,24537.8,24638.8,377685,100,0
2026-03-12 20:00:00+00:00,24638.5,24700.4,24497.77,24548.62,206832,130,0
2026-03-13 00:00:00+00:00,24546.05,24623.85,24474.45,24607.85,64012,110,0
2026-03-13 04:00:00+00:00,24607.95,24643.05,24546.05,24557.25,87732,110,0
2026-03-13 08:00:00+00:00,24557.25,24581.05,24379.45,24494.85,119452,110,0
2026-03-13 12:00:00+00:00,24495.75,24716.45,24492.25,24663.45,133254,100,0
2026-03-13 16:00:00+00:00,24663.45,24786.85,24370.6,24379.7,357451,100,0
2026-03-13 20:00:00+00:00,24379.6,24457.0,24314.37,24316.12,198384,130,0
2026-03-16 00:00:00+00:00,24306.77,24511.05,24285.75,24496.35,67223,100,0
2026-03-16 04:00:00+00:00,24496.35,24535.25,24455.45,24493.05,106697,100,0
2026-03-16 08:00:00+00:00,24493.05,24569.2,24483.65,24514.95,105332,110,0
2026-03-16 12:00:00+00:00,24514.95,24674.35,24464.15,24643.95,136437,110,0
2026-03-16 16:00:00+00:00,24644.35,24750.35,24604.5,24660.35,306349,100,0
2026-03-16 20:00:00+00:00,24660.95,24809.35,24629.35,24649.87,177184,130,0
2026-03-17 00:00:00+00:00,24645.87,24654.4,24577.55,24587.55,50909,100,0
2026-03-17 04:00:00+00:00,24587.55,24622.15,24554.85,24610.35,87321,100,0
2026-03-17 08:00:00+00:00,24610.35,24627.35,24504.75,24542.95,123713,100,0
2026-03-17 12:00:00+00:00,24542.55,24709.85,24542.55,24703.85,95985,110,0
2026-03-17 16:00:00+00:00,24703.85,24882.25,24701.15,24766.7,229133,100,0
2026-03-17 20:00:00+00:00,24766.7,24827.2,24757.35,24802.87,112732,120,0
2026-03-18 00:00:00+00:00,24797.58,24853.85,24762.35,24850.55,31633,100,0
2026-03-18 04:00:00+00:00,24850.75,24919.95,24850.75,24911.15,42811,100,0
2026-03-18 08:00:00+00:00,24911.15,24981.95,24907.15,24943.1,52714,100,0
2026-03-18 12:00:00+00:00,24943.1,24969.25,24641.85,24652.45,113586,100,0
2026-03-18 16:00:00+00:00,24652.85,24769.35,24583.55,24616.5,289171,100,0
2026-03-18 20:00:00+00:00,24616.5,24687.9,24340.77,24381.37,211146,130,0
2026-03-19 00:00:00+00:00,24386.36,24420.05,24338.55,24395.25,49695,100,0
2026-03-19 04:00:00+00:00,24395.25,24500.35,24376.35,24405.55,93471,100,0
2026-03-19 08:00:00+00:00,24405.75,24423.55,24281.45,24321.35,134979,110,0
2026-03-19 12:00:00+00:00,24321.35,24425.65,24198.95,24222.35,184999,120,0
2026-03-19 16:00:00+00:00,24222.55,24353.1,24103.05,24232.95,373076,100,0
2026-03-19 20:00:00+00:00,24232.95,24467.6,24155.85,24393.62,218481,130,0
2026-03-20 00:00:00+00:00,24412.63,24441.05,24364.95,24380.95,39804,100,0
2026-03-20 04:00:00+00:00,24380.65,24443.05,24367.45,24368.55,67141,100,0
2026-03-20 08:00:00+00:00,24368.65,24397.85,24264.95,24341.15,87865,100,0
2026-03-20 12:00:00+00:00,24341.15,24367.95,24102.15,24279.05,164346,100,0
2026-03-20 16:00:00+00:00,24279.05,24309.75,24014.35,24054.7,327676,100,0
2026-03-20 20:00:00+00:00,24054.7,24074.6,23753.6,23998.62,221235,140,0
2026-03-23 00:00:00+00:00,23719.15,23884.25,23709.4,23738.25,107509,120,0
2026-03-23 04:00:00+00:00,23738.25,23861.45,23725.45,23785.25,145972,110,0
2026-03-23 08:00:00+00:00,23785.25,23822.25,23562.15,23720.35,174914,120,0
2026-03-23 12:00:00+00:00,23720.35,24550.85,23604.65,24397.75,237114,100,0
2026-03-23 16:00:00+00:00,24398.25,24477.0,24097.3,24152.9,398859,100,0
2026-03-23 20:00:00+00:00,24153.4,24320.6,24095.9,24189.75,218375,130,0
2026-03-24 00:00:00+00:00,24194.86,24275.55,24053.45,24110.65,65752,100,0
2026-03-24 04:00:00+00:00,24110.55,24113.05,24009.35,24044.05,146575,110,0
2026-03-24 08:00:00+00:00,24044.35,24292.95,23979.85,24164.25,157294,120,0
2026-03-24 12:00:00+00:00,24164.25,24220.55,24051.15,24066.15,178252,100,0
2026-03-24 16:00:00+00:00,24066.05,24170.8,23921.65,24067.2,357327,100,0
2026-03-24 20:00:00+00:00,24067.2,24331.45,23947.0,24187.42,247897,140,0
2026-03-25 00:00:00+00:00,24214.15,24283.65,24170.55,24238.15,53816,110,0
2026-03-25 04:00:00+00:00,24238.15,24257.95,24110.25,24208.45,91006,100,0
2026-03-25 08:00:00+00:00,24208.45,24323.85,24114.15,24229.05,108186,110,0
2026-03-25 12:00:00+00:00,24229.35,24329.15,24162.45,24237.95,132692,100,0
2026-03-25 16:00:00+00:00,24238.75,24315.25,24076.65,24211.55,321593,100,0
2026-03-25 20:00:00+00:00,24211.65,24283.15,24104.53,24161.42,170773,100,0
2026-03-26 00:00:00+00:00,24162.43,24201.65,24072.45,24146.95,44520,100,0
2026-03-26 04:00:00+00:00,24147.15,24212.65,24038.65,24116.65,103157,100,0
2026-03-26 08:00:00+00:00,24116.65,24132.05,23946.45,23985.55,112400,100,0
2026-03-26 12:00:00+00:00,23985.55,23994.05,23866.15,23909.55,124250,110,0
2026-03-26 16:00:00+00:00,23909.55,24030.75,23764.05,23791.75,313819,100,0
2026-03-26 20:00:00+00:00,23791.85,23815.82,23556.82,23612.67,205441,110,0
2026-03-27 00:00:00+00:00,23631.66,23711.95,23611.65,23622.55,56173,110,0
2026-03-27 04:00:00+00:00,23622.65,23725.35,23611.15,23721.35,83624,100,0
2026-03-27 08:00:00+00:00,23721.45,23780.35,23576.25,23583.75,101700,110,0
2026-03-27 12:00:00+00:00,23583.85,23617.55,23402.05,23418.65,132855,120,0
2026-03-27 16:00:00+00:00,23418.45,23468.35,23243.35,23283.15,316431,100,0
2026-03-27 20:00:00+00:00,23283.15,23337.25,23033.02,23055.0,193208,110,0
2026-03-30 00:00:00+00:00,22994.77,23082.65,22914.65,22970.55,103727,100,0
2026-03-30 04:00:00+00:00,22970.65,23175.05,22955.75,23140.65,118682,100,0
2026-03-30 08:00:00+00:00,23140.65,23269.45,23139.85,23263.15,105470,100,0
2026-03-30 12:00:00+00:00,23263.15,23391.35,23193.85,23326.25,112798,110,0
2026-03-30 16:00:00+00:00,23326.25,23357.85,23081.25,23105.85,311932,100,0
2026-03-30 20:00:00+00:00,23105.85,23124.15,22842.1,22923.62,197168,100,0
2026-03-31 00:00:00+00:00,22931.02,23101.55,22779.85,23019.45,87274,110,0
2026-03-31 04:00:00+00:00,23019.35,23222.85,22978.35,23101.55,156704,100,0
2026-03-31 08:00:00+00:00,23101.55,23207.95,23052.15,23129.95,135413,110,0
2026-03-31 12:00:00+00:00,23129.95,23253.55,23056.05,23187.15,144888,120,0
2026-03-31 16:00:00+00:00,23187.85,23674.85,23175.65,23592.65,336901,100,0
2026-03-31 20:00:00+00:00,23592.65,23789.85,23565.65,23722.12,249147,110,0
2026-04-01 00:00:00+00:00,23705.97,23866.85,23698.27,23854.55,64492,100,0
2026-04-01 04:00:00+00:00,23854.55,23860.95,23775.05,23831.25,86530,100,0
2026-04-01 08:00:00+00:00,23831.35,23999.55,23825.95,23889.45,122182,100,0
2026-04-01 12:00:00+00:00,23889.55,24060.45,23822.45,23880.55,124438,100,0
2026-04-01 16:00:00+00:00,23880.55,24149.35,23855.45,24137.65,292877,100,0
2026-04-01 20:00:00+00:00,24137.65,24166.45,23938.35,24004.87,184770,100,0
2026-04-02 00:00:00+00:00,24002.24,24064.15,23976.85,24055.02,59862,110,0
2026-04-02 04:00:00+00:00,24055.15,24058.02,23617.55,23626.35,102551,110,0
2026-04-02 08:00:00+00:00,23626.45,23703.85,23574.45,23656.75,43341,120,0
2026-04-02 12:00:00+00:00,23657.95,23681.85,23489.25,23547.85,41955,120,0
2026-04-02 16:00:00+00:00,23547.85,24082.35,23501.15,23943.55,62676,110,0
2026-04-02 20:00:00+00:00,23943.35,24052.02,23885.75,24037.87,51271,110,0
2026-04-03 00:00:00+00:00,24037.11,24079.25,24005.15,24051.65,14740,100,0
2026-04-03 04:00:00+00:00,24051.85,24057.05,23977.55,23993.35,20801,100,0
2026-04-03 08:00:00+00:00,23993.65,24018.65,23946.35,23975.65,15529,100,0
2026-04-03 12:00:00+00:00,23975.75,24063.65,23938.75,23943.55,17349,100,0
2026-04-03 16:00:00+00:00,23943.55,23963.05,23932.35,23953.61,1472,120,0
2026-04-06 00:00:00+00:00,23889.02,24042.05,23803.65,24036.65,28924,110,0
2026-04-06 04:00:00+00:00,24036.45,24153.95,23967.55,24080.55,36188,110,0
2026-04-06 08:00:00+00:00,24081.05,24219.85,24035.95,24197.25,32558,100,0
2026-04-06 12:00:00+00:00,24197.35,24225.35,24100.95,24134.05,32619,110,0
2026-04-06 16:00:00+00:00,24134.45,24276.45,24073.85,24135.15,56491,100,0
2026-04-06 20:00:00+00:00,24135.35,24192.6,24031.25,24171.87,47850,110,0
2026-04-07 00:00:00+00:00,24175.84,24209.27,24108.45,24132.65,16829,100,0
2026-04-07 04:00:00+00:00,24132.85,24140.55,23983.45,24076.95,35211,110,0
2026-04-07 08:00:00+00:00,24077.25,24212.35,24034.85,24190.25,36979,110,0
2026-04-07 12:00:00+00:00,24188.75,24250.35,23965.85,24045.45,42568,120,0
2026-04-07 16:00:00+00:00,24045.45,24131.45,23771.85,24033.55,59988,110,0
2026-04-07 20:00:00+00:00,24033.75,24276.77,23908.65,24225.12,55672,110,0
2026-04-08 00:00:00+00:00,24339.72,24935.85,24205.27,24915.35,41389,120,0
2026-04-08 04:00:00+00:00,24914.55,24990.55,24881.95,24958.95,35365,100,0
2026-04-08 08:00:00+00:00,24960.15,25050.55,24952.85,25045.75,42072,110,0
2026-04-08 12:00:00+00:00,25044.85,25086.35,24985.35,25043.25,39966,110,0
2026-04-08 16:00:00+00:00,25044.25,25078.75,24760.65,24968.25,56854,110,0
2026-04-08 20:00:00+00:00,24968.45,24982.55,24773.56,24868.08,54696,110,0
2026-04-09 00:00:00+00:00,24866.3,24892.0,24827.65,24839.55,22337,110,0
2026-04-09 04:00:00+00:00,24839.55,24877.05,24808.65,24841.95,28249,100,0
2026-04-09 08:00:00+00:00,24841.95,24885.55,24780.55,24800.25,34018,100,0
2026-04-09 12:00:00+00:00,24800.45,24890.25,24791.95,24856.65,32214,110,0
2026-04-09 16:00:00+00:00,24856.35,25091.35,24788.75,25024.55,57080,100,0
2026-04-09 20:00:00+00:00,25024.55,25096.43,24975.55,25072.01,52975,110,0
2026-04-10 00:00:00+00:00,25062.87,25109.25,25028.15,25105.85,17848,100,0
2026-04-10 04:00:00+00:00,25105.25,25135.15,25089.05,25104.35,23928,100,0
2026-04-10 08:00:00+00:00,25104.35,25119.55,25038.05,25043.75,28500,100,0
2026-04-10 12:00:00+00:00,25043.75,25201.15,25040.75,25138.85,32821,110,0
2026-04-10 16:00:00+00:00,25138.65,25227.55,25057.25,25099.45,56293,100,0
2026-04-10 20:00:00+00:00,25100.05,25168.95,25058.05,25159.58,50923,110,0
2026-04-13 00:00:00+00:00,24774.73,24886.48,24753.98,24886.43,41437,220,0
2026-04-13 04:00:00+00:00,24886.43,24930.25,24882.6,24915.85,32997,100,0
2026-04-13 08:00:00+00:00,24915.85,24964.65,24896.15,24932.95,31579,100,0
2026-04-13 12:00:00+00:00,24933.15,25029.35,24909.45,25003.25,29935,100,0
2026-04-13 16:00:00+00:00,25003.65,25270.25,24992.15,25246.35,56204,100,0
2026-04-13 20:00:00+00:00,25246.75,25422.35,25231.85,25416.37,48607,110,0
2026-04-14 00:00:00+00:00,25409.4,25456.45,25398.85,25429.55,16794,100,0
2026-04-14 04:00:00+00:00,25429.55,25435.45,25410.35,25432.05,18128,100,0
2026-04-14 08:00:00+00:00,25432.05,25502.25,25402.65,25500.75,27418,100,0
2026-04-14 12:00:00+00:00,25500.75,25552.35,25458.65,25514.35,29036,100,0
2026-04-14 16:00:00+00:00,25514.35,25775.95,25490.15,25752.25,49254,100,0
2026-04-14 20:00:00+00:00,25752.25,25836.93,25721.85,25825.33,47121,110,0
2026-04-15 00:00:00+00:00,25820.05,25872.25,25813.98,25855.15,17013,100,0
2026-04-15 04:00:00+00:00,25855.15,25879.05,25827.75,25850.25,19638,100,0
2026-04-15 08:00:00+00:00,25850.45,25891.65,25803.65,25868.25,27770,100,0
2026-04-15 12:00:00+00:00,25868.25,25874.35,25771.65,25826.15,33960,110,0
2026-04-15 16:00:00+00:00,25825.95,26088.15,25816.75,25980.95,53833,100,0
2026-04-15 20:00:00+00:00,25983.25,26213.5,25973.75,26196.58,50524,110,0
2026-04-16 00:00:00+00:00,26183.55,26283.75,26177.2,26277.15,15387,100,0
2026-04-16 04:00:00+00:00,26277.15,26304.35,26265.65,26273.85,20146,100,0
2026-04-16 08:00:00+00:00,26273.95,26325.15,26251.65,26279.45,26023,100,0
2026-04-16 12:00:00+00:00,26279.45,26304.35,26203.95,26241.05,27246,100,0
2026-04-16 16:00:00+00:00,26241.05,26401.05,26115.65,26312.05,55358,100,0
2026-04-16 20:00:00+00:00,26312.05,26347.85,26194.25,26295.7,53574,110,0
2026-04-17 00:00:00+00:00,26296.8,26340.85,26284.5,26332.15,14385,100,0
2026-04-17 04:00:00+00:00,26332.15,26342.55,26295.15,26308.15,17644,100,0
2026-04-17 08:00:00+00:00,26308.15,26365.15,26288.65,26363.85,23245,100,0
2026-04-17 12:00:00+00:00,26363.95,26590.55,26350.75,26586.85,29030,100,0
2026-04-17 16:00:00+00:00,26588.95,26722.15,26474.85,26698.45,58198,100,0
2026-04-17 20:00:00+00:00,26698.75,26716.25,26576.55,26678.16,54982,110,0
2026-04-20 00:00:00+00:00,26413.85,26520.73,26375.88,26496.66,38861,220,0
2026-04-20 04:00:00+00:00,26496.35,26554.1,26493.2,26518.55,28365,100,0
2026-04-20 08:00:00+00:00,26518.85,26563.45,26456.05,26539.15,35552,100,0
2026-04-20 12:00:00+00:00,26539.75,26617.95,26523.45,26593.65,31176,100,0
2026-04-20 16:00:00+00:00,26594.15,26668.05,26412.65,26522.25,57554,100,0
2026-04-20 20:00:00+00:00,26522.85,26648.83,26503.85,26614.58,51048,110,0
2026-04-21 00:00:00+00:00,26618.12,26679.85,26599.62,26669.85,14474,100,0
2026-04-21 04:00:00+00:00,26670.85,26682.35,26636.75,26670.55,17376,100,0
2026-04-21 08:00:00+00:00,26670.45,26701.95,26643.65,26681.95,24693,100,0
2026-04-21 12:00:00+00:00,26681.95,26746.35,26651.25,26665.85,28623,100,0
2026-04-21 16:00:00+00:00,26668.55,26730.35,26508.45,26515.75,58154,100,0
2026-04-21 20:00:00+00:00,26516.05,26634.98,26393.99,26564.95,58823,110,0
2026-04-22 00:00:00+00:00,26579.43,26664.85,26573.68,26644.85,15941,100,0
2026-04-22 04:00:00+00:00,26644.85,26679.55,26622.55,26625.05,20595,100,0
2026-04-22 08:00:00+00:00,26625.65,26711.65,26618.85,26667.25,29299,100,0
2026-04-22 12:00:00+00:00,26667.25,26747.45,26653.75,26669.05,31919,110,0
2026-04-22 16:00:00+00:00,26669.25,26855.15,26660.75,26813.05,56130,100,0
2026-04-22 20:00:00+00:00,26813.05,26978.55,26813.05,26951.41,51864,100,0
2026-04-23 00:00:00+00:00,26916.57,26948.85,26698.45,26909.55,20623,100,0
2026-04-23 04:00:00+00:00,26909.25,26911.95,26714.95,26804.95,40182,100,0
2026-04-23 08:00:00+00:00,26804.95,26863.15,26767.65,26776.95,35040,100,0
2026-04-23 12:00:00+00:00,26776.95,26928.45,26739.95,26858.55,39042,110,0
2026-04-23 16:00:00+00:00,26858.55,27004.95,26814.35,26937.15,55951,100,0
2026-04-23 20:00:00+00:00,26937.75,26947.95,26531.45,26790.4,60489,110,0
2026-04-24 00:00:00+00:00,26851.51,26992.95,26851.51,26975.95,17974,100,0
2026-04-24 04:00:00+00:00,26976.55,26984.75,26874.35,26911.35,32656,100,0
2026-04-24 08:00:00+00:00,26911.35,27008.55,26888.55,26951.85,31413,100,0
2026-04-24 12:00:00+00:00,26951.85,27220.45,26921.35,27094.75,39613,110,0
2026-04-24 16:00:00+00:00,27095.85,27287.25,26987.85,27267.25,58895,100,0
2026-04-24 20:00:00+00:00,27267.05,27318.25,27224.45,27294.95,53264,110,0
2026-04-27 00:00:00+00:00,27270.2,27324.32,27204.17,27313.67,34323,220,0
2026-04-27 04:00:00+00:00,27316.26,27406.75,27316.11,27382.75,33101,100,0
2026-04-27 08:00:00+00:00,27382.75,27384.75,27252.95,27304.75,33743,110,0
2026-04-27 12:00:00+00:00,27304.75,27365.05,27255.15,27284.45,28269,100,0
2026-04-27 16:00:00+00:00,27286.55,27297.55,27164.85,27255.45,57195,100,0
2026-04-27 20:00:00+00:00,27255.75,27310.94,27245.45,27278.46,50087,110,0
2026-04-28 00:00:00+00:00,27287.58,27377.15,27287.58,27332.95,19654,100,0
2026-04-28 04:00:00+00:00,27333.75,27350.15,27251.85,27282.65,29337,100,0
2026-04-28 08:00:00+00:00,27282.65,27288.65,27167.95,27217.65,36664,100,0
2026-04-28 12:00:00+00:00,27217.65,27220.25,26901.85,27013.95,45223,110,0
2026-04-28 16:00:00+00:00,27014.15,27115.65,26875.55,26949.45,60813,100,0
2026-04-28 20:00:00+00:00,26950.45,27088.43,26913.25,27055.11,53410,110,0
2026-04-29 00:00:00+00:00,27069.74,27160.95,27066.68,27131.35,13822,100,0
2026-04-29 04:00:00+00:00,27131.75,27179.25,27059.25,27165.45,27480,100,0
2026-04-29 08:00:00+00:00,27165.45,27184.55,27065.75,27108.35,33268,100,0
2026-04-29 12:00:00+00:00,27109.25,27155.55,27059.95,27092.55,36470,110,0
2026-04-29 16:00:00+00:00,27092.45,27182.35,26992.15,27066.55,57644,100,0
2026-04-29 20:00:00+00:00,27066.65,27275.26,26964.81,27017.2,60962,110,0
2026-04-30 00:00:00+00:00,27084.56,27491.35,27078.81,27464.45,28106,100,0
2026-04-30 04:00:00+00:00,27464.65,27469.75,27100.25,27102.85,42389,110,0
2026-04-30 08:00:00+00:00,27102.05,27265.25,27054.95,27228.95,46579,120,0
2026-04-30 12:00:00+00:00,27228.95,27414.55,27200.15,27392.75,46735,110,0
2026-04-30 16:00:00+00:00,27392.85,27408.65,27032.85,27239.25,60711,100,0
2026-04-30 20:00:00+00:00,27239.55,27487.71,27239.05,27466.12,57404,110,0
2026-05-01 00:00:00+00:00,27498.75,27512.85,27424.15,27492.55,20162,100,0
2026-05-01 04:00:00+00:00,27492.85,27540.75,27480.65,27495.45,19899,100,0
2026-05-01 08:00:00+00:00,27495.45,27506.55,27422.96,27438.85,23851,100,0
2026-05-01 12:00:00+00:00,27438.85,27497.35,27408.45,27448.85,27929,100,0
2026-05-01 16:00:00+00:00,27449.15,27788.75,27447.45,27703.45,59033,100,0
2026-05-01 20:00:00+00:00,27702.95,27768.45,27636.05,27651.0,55260,110,0
2026-05-04 00:00:00+00:00,27759.8,27798.42,27675.49,27766.24,36710,220,0
2026-05-04 04:00:00+00:00,27767.03,27834.95,27732.46,27820.65,34963,100,0
2026-05-04 08:00:00+00:00,27820.65,27847.95,27747.35,27776.15,33742,100,0
2026-05-04 12:00:00+00:00,27775.85,27804.95,27546.05,27726.55,42607,100,0
2026-05-04 16:00:00+00:00,27726.95,27822.0,27498.55,27587.25,60368,100,0
2026-05-04 20:00:00+00:00,27587.35,27699.55,27586.25,27616.63,55372,110,0
2026-05-05 00:00:00+00:00,27629.47,27674.95,27614.75,27667.25,17828,100,0
2026-05-05 04:00:00+00:00,27666.65,27741.25,27650.35,27709.85,24150,100,0
2026-05-05 08:00:00+00:00,27709.75,27819.95,27700.75,27810.95,31791,100,0
2026-05-05 12:00:00+00:00,27811.05,27887.85,27781.95,27855.25,31577,100,0
2026-05-05 16:00:00+00:00,27855.65,28033.45,27854.25,28006.65,54671,100,0
2026-05-05 20:00:00+00:00,28006.85,28122.03,27984.42,28082.63,51158,110,0
2026-05-06 00:00:00+00:00,28130.72,28301.85,28125.99,28158.35,27455,100,0
2026-05-06 04:00:00+00:00,28158.35,28226.85,28145.75,28217.95,34619,100,0
2026-05-06 08:00:00+00:00,28218.15,28398.95,28182.75,28364.75,37102,100,0
2026-05-06 12:00:00+00:00,28364.35,28515.65,28298.25,28340.15,51147,100,0
2026-05-06 16:00:00+00:00,28339.65,28483.85,28220.35,28419.75,58665,100,0
2026-05-06 20:00:00+00:00,28420.65,28678.15,28409.85,28591.72,53640,110,0
2026-05-07 00:00:00+00:00,28539.0,28580.61,28519.55,28544.15,22520,100,0
2026-05-07 04:00:00+00:00,28544.15,28597.85,28520.35,28586.45,31256,100,0
2026-05-07 08:00:00+00:00,28586.45,28696.35,28576.75,28619.45,37028,100,0
2026-05-07 12:00:00+00:00,28618.65,28644.25,28574.05,28637.15,36590,110,0
2026-05-07 16:00:00+00:00,28637.55,28826.8,28519.35,28579.15,62660,100,0
2026-05-07 20:00:00+00:00,28578.55,28647.95,28436.65,28522.23,56644,100,0
2026-05-08 00:00:00+00:00,28439.2,28631.65,28421.14,28629.85,21456,100,0
2026-05-08 04:00:00+00:00,28629.65,28680.45,28594.85,28664.15,31377,100,0
2026-05-08 08:00:00+00:00,28665.55,28753.75,28664.05,28746.85,33111,100,0
2026-05-08 12:00:00+00:00,28748.85,28852.92,28716.65,28790.1,36186,100,0
2026-05-08 16:00:00+00:00,28789.85,29132.6,28741.19,29125.6,59644,100,0
2026-05-08 20:00:00+00:00,29125.9,29266.85,29120.4,29212.13,46026,100,0
2026-05-11 00:00:00+00:00,29189.87,29283.82,29112.1,29180.1,38534,220,0
2026-05-11 04:00:00+00:00,29178.72,29252.35,29136.0,29233.15,40190,100,0
2026-05-11 08:00:00+00:00,29233.15,29245.75,29155.75,29188.75,34896,100,0
2026-05-11 12:00:00+00:00,29188.95,29279.85,29151.55,29189.25,36677,110,0
2026-05-11 16:00:00+00:00,29189.15,29370.95,29139.65,29296.45,58164,100,0
2026-05-11 20:00:00+00:00,29297.35,29367.85,29211.35,29284.16,55282,110,0
2026-05-12 00:00:00+00:00,29287.07,29350.15,29248.15,29272.75,16290,100,0
2026-05-12 04:00:00+00:00,29273.25,29285.65,29121.75,29176.65,38628,100,0
2026-05-12 08:00:00+00:00,29176.65,29197.55,29068.25,29108.75,40618,100,0
2026-05-12 12:00:00+00:00,29108.35,29141.95,29008.25,29117.95,39164,100,0
2026-05-12 16:00:00+00:00,29116.65,29189.95,28636.65,28643.35,61903,100,0
2026-05-12 20:00:00+00:00,28643.55,29076.52,28643.55,29023.39,58779,110,0
2026-05-13 00:00:00+00:00,29034.49,29082.95,28952.65,29041.05,24968,100,0
2026-05-13 04:00:00+00:00,29040.65,29193.45,29038.95,29183.75,34809,100,0
2026-05-13 08:00:00+00:00,29183.75,29343.15,29171.95,29308.95,35334,100,0
2026-05-13 12:00:00+00:00,29309.35,29322.25,29097.15,29132.15,40303,100,0
2026-05-13 16:00:00+00:00,29136.35,29357.05,28972.05,29341.75,59877,100,0
2026-05-13 20:00:00+00:00,29341.75,29459.05,29336.05,29425.97,52286,100,0
2026-05-14 00:00:00+00:00,29430.99,29587.15,29423.05,29575.65,22159,100,0
2026-05-14 04:00:00+00:00,29574.05,29576.95,29409.35,29461.55,36938,100,0
2026-05-14 08:00:00+00:00,29461.55,29534.95,29430.05,29470.75,39021,110,0
2026-05-14 12:00:00+00:00,29471.95,29487.55,29373.55,29389.15,38194,100,0
2026-05-14 16:00:00+00:00,29388.65,29676.5,29343.05,29622.65,62236,100,0
2026-05-14 20:00:00+00:00,29623.15,29648.9,29490.05,29580.1,51078,100,0
2026-05-15 00:00:00+00:00,29582.95,29625.85,29536.05,29582.15,20721,100,0
2026-05-15 04:00:00+00:00,29581.25,29589.25,29352.65,29359.45,47059,100,0
2026-05-15 08:00:00+00:00,29360.35,29366.55,29084.95,29162.75,52095,110,0
2026-05-15 12:00:00+00:00,29165.85,29267.45,29035.93,29083.5,54309,120,0
2026-05-15 16:00:00+00:00,29083.46,29279.75,28988.35,29222.85,64102,100,0
2026-05-15 20:00:00+00:00,29222.75,29387.2,29011.95,29066.2,55312,100,0
2026-05-18 00:00:00+00:00,29084.41,29185.12,28841.35,28935.57,46159,220,0
2026-05-18 04:00:00+00:00,28935.37,29019.15,28828.98,28953.65,53711,110,0
2026-05-18 08:00:00+00:00,28953.05,29145.25,28893.85,29143.75,48382,110,0
2026-05-18 12:00:00+00:00,29144.05,29321.95,28955.05,29310.75,46074,110,0
2026-05-18 16:00:00+00:00,29310.95,29320.95,28745.45,28908.65,64310,110,0
2026-05-18 20:00:00+00:00,28907.05,29014.88,28718.25,28978.08,59680,110,0
2026-05-19 00:00:00+00:00,28994.41,29089.85,28981.55,28987.35,27842,100,0
2026-05-19 04:00:00+00:00,28985.95,28997.85,28807.25,28863.75,50473,110,0
2026-05-19 08:00:00+00:00,28865.15,29027.85,28788.25,28908.15,47241,110,0
2026-05-19 12:00:00+00:00,28907.65,28908.55,28735.95,28815.65,45952,110,0
2026-05-19 16:00:00+00:00,28820.05,28970.25,28567.05,28924.75,64484,100,0
2026-05-19 20:00:00+00:00,28924.95,29029.15,28770.31,28801.33,58226,100,0
2026-05-20 00:00:00+00:00,28836.33,28931.45,28708.35,28846.25,28761,100,0
2026-05-20 04:00:00+00:00,28845.95,28924.05,28746.95,28790.35,50957,110,0
2026-05-20 08:00:00+00:00,28790.65,29043.95,28790.25,29006.75,43733,110,0
2026-05-20 12:00:00+00:00,29006.25,29075.95,28972.45,29011.85,37346,100,0
2026-05-20 16:00:00+00:00,29010.35,29302.65,28915.65,29170.05,61174,100,0
2026-05-20 20:00:00+00:00,29172.65,29305.05,29137.55,29184.45,56382,100,0
2026-05-21 00:00:00+00:00,29162.31,29187.15,29022.75,29129.35,25732,100,0
2026-05-21 04:00:00+00:00,29129.15,29332.35,29129.15,29327.35,32947,100,0
2026-05-21 08:00:00+00:00,29327.35,29370.65,29114.65,29281.95,42347,100,0
2026-05-21 12:00:00+00:00,29281.25,29336.75,29094.05,29101.75,44796,110,0
2026-05-21 16:00:00+00:00,29102.25,29246.45,29036.05,29165.2,64006,100,0
2026-05-21 20:00:00+00:00,29166.6,29461.4,29166.6,29360.64,51576,100,0
2026-05-22 00:00:00+00:00,29360.13,29519.55,29358.25,29482.45,21854,100,0
2026-05-22 04:00:00+00:00,29481.65,29514.85,29410.65,29509.75,34355,100,0
2026-05-22 08:00:00+00:00,29509.75,29582.05,29445.45,29481.85,38589,100,0
2026-05-22 12:00:00+00:00,29481.25,29508.2,29355.15,29506.93,44572,100,0
2026-05-22 16:00:00+00:00,29506.46,29634.8,29408.35,29592.9,60249,100,0
2026-05-22 20:00:00+00:00,29593.2,29669.55,29425.45,29432.51,48862,100,0
2026-05-25 00:00:00+00:00,29613.93,29855.72,29611.81,29835.71,37207,220,0
2026-05-25 04:00:00+00:00,29836.92,29911.75,29824.45,29898.05,29586,100,0
2026-05-25 08:00:00+00:00,29898.05,29917.95,29813.75,29886.45,24368,100,0
2026-05-25 12:00:00+00:00,29886.15,29911.75,29861.45,29865.15,17031,100,0
2026-05-25 16:00:00+00:00,29865.15,29917.2,29833.7,29884.85,27352,100,0
2026-05-25 20:00:00+00:00,29884.85,29884.85,29884.85,29884.85,1,134,0
2026-05-26 00:00:00+00:00,29894.2,29896.67,29727.15,29748.35,25297,100,0
2026-05-26 04:00:00+00:00,29748.15,29759.35,29697.15,29727.25,32640,100,0
2026-05-26 08:00:00+00:00,29727.25,29771.65,29670.51,29734.85,33147,100,0
2026-05-26 12:00:00+00:00,29733.95,29856.45,29730.85,29846.65,31053,100,0
2026-05-26 16:00:00+00:00,29846.65,30045.15,29754.65,29901.45,58360,100,0
2026-05-26 20:00:00+00:00,29901.45,30032.51,29881.05,29964.67,52362,110,0
2026-05-27 00:00:00+00:00,29983.84,30065.45,29957.75,30058.15,23134,100,0
2026-05-27 04:00:00+00:00,30058.15,30087.25,30003.65,30034.25,32326,100,0
2026-05-27 08:00:00+00:00,30034.45,30145.55,29984.55,30124.65,34901,100,0
2026-05-27 12:00:00+00:00,30124.85,30306.45,30101.45,30190.15,34326,100,0
2026-05-27 16:00:00+00:00,30189.15,30199.15,29809.65,29916.75,60558,100,0
2026-05-27 20:00:00+00:00,29916.95,30053.54,29824.25,30049.56,53520,100,0
2026-05-28 00:00:00+00:00,30046.29,30067.05,29895.25,30002.65,26228,100,0
2026-05-28 04:00:00+00:00,30002.85,30011.85,29695.95,29720.15,47716,100,0
2026-05-28 08:00:00+00:00,29720.15,29926.15,29700.85,29915.35,40718,100,0
2026-05-28 12:00:00+00:00,29915.95,29998.65,29801.35,29987.25,38085,100,0
2026-05-28 16:00:00+00:00,29987.65,30255.1,29852.45,30252.6,59995,100,0
2026-05-28 20:00:00+00:00,30252.3,30267.6,30201.0,30242.46,41429,100,0
2026-05-29 00:00:00+00:00,30250.13,30282.05,30155.15,30168.55,19831,100,0
2026-05-29 04:00:00+00:00,30168.15,30229.75,30137.25,30221.25,32161,100,0
2026-05-29 08:00:00+00:00,30221.45,30273.65,30190.05,30238.75,30814,100,0
2026-05-29 12:00:00+00:00,30238.75,30294.95,30221.19,30271.31,38111,100,0
2026-05-29 16:00:00+00:00,30272.02,30461.15,30198.65,30325.1,61230,100,0
2026-05-29 20:00:00+00:00,30325.1,30380.1,30223.5,30311.65,48398,100,0
2026-06-01 00:00:00+00:00,30357.73,30486.36,30293.53,30471.9,37890,220,0
2026-06-01 04:00:00+00:00,30472.61,30532.85,30454.36,30512.25,36150,100,0
2026-06-01 08:00:00+00:00,30512.25,30530.55,30382.75,30437.85,32105,100,0
2026-06-01 12:00:00+00:00,30437.85,30450.55,30355.25,30387.95,33527,100,0
2026-06-01 16:00:00+00:00,30387.95,30523.05,30230.65,30519.65,59656,100,0
2026-06-01 20:00:00+00:00,30519.65,30632.85,30449.65,30455.19,55608,100,0
2026-06-02 00:00:00+00:00,30479.13,30486.14,30308.05,30318.05,25338,100,0
2026-06-02 04:00:00+00:00,30315.75,30389.45,30262.65,30388.05,38061,100,0
2026-06-02 08:00:00+00:00,30388.05,30512.95,30375.25,30493.15,33839,100,0
2026-06-02 12:00:00+00:00,30493.15,30530.75,30448.45,30473.95,32825,100,0
2026-06-02 16:00:00+00:00,30473.95,30658.05,30369.55,30638.15,57122,100,0
2026-06-02 20:00:00+00:00,30638.05,30702.67,30545.45,30682.63,53035,110,0
2026-06-03 00:00:00+00:00,30688.27,30706.45,30518.35,30669.65,27827,100,0
2026-06-03 04:00:00+00:00,30669.55,30683.15,30602.75,30655.35,28395,100,0
2026-06-03 08:00:00+00:00,30655.35,30703.75,30625.45,30670.05,34164,100,0
2026-06-03 12:00:00+00:00,30670.05,30749.45,30653.25,30670.55,35405,100,0
2026-06-03 16:00:00+00:00,30669.95,30759.25,30450.25,30559.25,59688,100,0
2026-06-03 20:00:00+00:00,30560.95,30641.8,30426.15,30442.99,58627,100,0
2026-06-04 00:00:00+00:00,30384.64,30446.25,30315.95,30443.95,32995,110,0
2026-06-04 04:00:00+00:00,30443.65,30475.25,30298.15,30442.25,43251,100,0
2026-06-04 08:00:00+00:00,30442.65,30488.75,30272.05,30288.85,41464,100,0
2026-06-04 12:00:00+00:00,30288.55,30293.35,30109.05,30255.05,48648,110,0
2026-06-04 16:00:00+00:00,30254.65,30435.4,30097.35,30421.2,62905,100,0
2026-06-04 20:00:00+00:00,30421.3,30545.2,30335.45,30343.25,48763,100,0
2026-06-05 00:00:00+00:00,30358.56,30358.56,30074.55,30086.55,28248,100,0
2026-06-05 04:00:00+00:00,30085.85,30191.45,29996.05,30172.15,45974,100,0
2026-06-05 08:00:00+00:00,30172.55,30176.05,30005.15,30101.85,44166,110,0
2026-06-05 12:00:00+00:00,30101.85,30200.95,29982.28,29993.68,41345,100,0
2026-06-05 16:00:00+00:00,29993.28,30042.85,29330.85,29434.65,65291,100,0
2026-06-05 20:00:00+00:00,29434.75,29448.45,28725.05,28768.67,62315,100,0
2026-06-08 00:00:00+00:00,28817.19,29237.56,28773.15,29167.38,47023,220,0
2026-06-08 04:00:00+00:00,29168.9,29201.65,28975.92,29048.75,55627,110,0
2026-06-08 08:00:00+00:00,29048.75,29238.75,28931.45,29135.75,53274,120,0
2026-06-08 12:00:00+00:00,29135.75,29465.85,29103.15,29444.15,46534,110,0
2026-06-08 16:00:00+00:00,29444.05,29700.65,29290.75,29538.75,63108,110,0
2026-06-08 20:00:00+00:00,29538.85,29581.65,29327.28,29385.98,60353,110,0
2026-06-09 00:00:00+00:00,29391.01,29442.25,29265.55,29298.45,32060,110,0
2026-06-09 04:00:00+00:00,29300.65,29591.55,29290.75,29564.75,50810,100,0
2026-06-09 08:00:00+00:00,29566.05,29650.35,29527.45,29602.75,46391,100,0
2026-06-09 12:00:00+00:00,29602.85,29698.45,29586.75,29696.55,37844,100,0
2026-06-09 16:00:00+00:00,29696.25,29807.25,28188.95,28441.15,65755,100,0
2026-06-09 20:00:00+00:00,28446.95,29152.37,28432.85,29096.12,64635,100,0
2026-06-10 00:00:00+00:00,29037.12,29132.25,28939.25,29039.25,31887,120,0
2026-06-10 04:00:00+00:00,29041.15,29076.65,28834.15,28861.75,49203,110,0
2026-06-10 08:00:00+00:00,28861.55,28977.05,28707.05,28726.65,46749,120,0
2026-06-10 12:00:00+00:00,28726.55,28955.55,28574.55,28796.25,53055,120,0
2026-06-10 16:00:00+00:00,28796.25,29212.55,28591.95,28678.95,67005,100,0
2026-06-10 20:00:00+00:00,28680.85,28795.05,28370.19,28429.28,63182,100,0
2026-06-11 00:00:00+00:00,28418.68,28538.05,28232.55,28516.55,37263,120,0
2026-06-11 04:00:00+00:00,28516.95,28768.75,28500.65,28742.45,51493,110,0
2026-06-11 08:00:00+00:00,28742.25,28900.95,28655.45,28876.65,42564,100,0
2026-06-11 12:00:00+00:00,28877.15,28888.15,28605.15,28779.95,39295,110,0
2026-06-11 16:00:00+00:00,28778.65,29015.35,28540.35,28735.35,66043,100,0
2026-06-11 20:00:00+00:00,28736.25,29507.95,28646.35,29395.2,59293,110,0
2026-06-12 00:00:00+00:00,29422.52,29613.45,29413.65,29557.35,26490,110,0
2026-06-12 04:00:00+00:00,29557.35,29558.55,29435.55,29512.55,40655,110,0
2026-06-12 08:00:00+00:00,29512.55,29535.15,29229.95,29448.45,43974,110,0
2026-06-12 12:00:00+00:00,29448.15,29633.25,29357.96,29379.49,46138,110,0
2026-06-12 16:00:00+00:00,29381.41,29734.15,29203.85,29646.25,64732,110,0
2026-06-12 20:00:00+00:00,29645.95,29725.05,29556.05,29651.92,51469,100,0
2026-06-15 00:00:00+00:00,29943.39,30144.43,29900.53,30114.02,41738,220,0
2026-06-15 04:00:00+00:00,30114.18,30213.15,30099.27,30211.75,36697,100,0
2026-06-15 08:00:00+00:00,30211.75,30305.15,30185.85,30268.55,35876,100,0
2026-06-15 12:00:00+00:00,30268.55,30299.85,30187.35,30260.85,36289,100,0
2026-06-15 16:00:00+00:00,30261.45,30589.85,30244.85,30544.55,57184,100,0
2026-06-15 20:00:00+00:00,30544.85,30570.41,30492.64,30508.77,53849,110,0
2026-06-16 00:00:00+00:00,30518.61,30542.33,30435.35,30454.75,22914,100,0
2026-06-16 04:00:00+00:00,30454.95,30534.55,30434.45,30493.15,40067,100,0
2026-06-16 08:00:00+00:00,30493.35,30622.75,30475.25,30604.95,37506,100,0
2026-06-16 12:00:00+00:00,30605.25,30652.75,30495.85,30505.35,36861,100,0
2026-06-16 16:00:00+00:00,30505.15,30567.05,30083.55,30171.65,62939,100,0
2026-06-16 20:00:00+00:00,30171.65,30192.75,29950.59,29977.0,58136,110,0
2026-06-17 00:00:00+00:00,29995.47,30070.15,29977.05,30051.55,22006,100,0
2026-06-17 04:00:00+00:00,30051.55,30154.55,30035.65,30154.35,31449,100,0
2026-06-17 08:00:00+00:00,30154.45,30251.95,30132.95,30177.75,34202,100,0
2026-06-17 12:00:00+00:00,30178.25,30193.95,30056.05,30158.65,37398,100,0
2026-06-17 16:00:00+00:00,30159.85,30212.15,29964.55,30077.15,60007,100,0
2026-06-17 20:00:00+00:00,30077.55,30186.05,29591.65,29810.76,62877,100,0
2026-06-18 00:00:00+00:00,29829.01,30113.15,29767.45,30049.25,29043,100,0
2026-06-18 04:00:00+00:00,30049.65,30120.95,29966.95,30024.25,42176,100,0
2026-06-18 08:00:00+00:00,30024.25,30181.65,30005.05,30079.85,41317,100,0
2026-06-18 12:00:00+00:00,30078.65,30219.05,30042.95,30197.95,40657,100,0
2026-06-18 16:00:00+00:00,30197.95,30390.5,30076.55,30368.15,64323,100,0
2026-06-18 20:00:00+00:00,30368.15,30465.9,30328.0,30407.77,50990,100,0
2026-06-19 00:00:00+00:00,30440.86,30455.95,30310.35,30324.45,23392,100,0
2026-06-19 04:00:00+00:00,30324.75,30345.15,30091.25,30115.75,37412,100,0
2026-06-19 08:00:00+00:00,30117.35,30341.85,30071.65,30330.75,32082,110,0
2026-06-19 12:00:00+00:00,30331.15,30354.69,30213.94,30338.29,34471,110,0
2026-06-19 16:00:00+00:00,30338.56,30386.5,30312.58,30333.83,35651,100,0
2026-06-19 20:00:00+00:00,30333.83,30333.83,30333.83,30333.83,1,114,0
2026-06-22 00:00:00+00:00,30233.32,30309.08,30023.66,30302.67,44756,220,0
2026-06-22 04:00:00+00:00,30302.82,30344.18,30210.45,30268.95,45739,100,0
2026-06-22 08:00:00+00:00,30268.95,30467.25,30258.35,30416.15,38795,100,0
2026-06-22 12:00:00+00:00,30416.15,30530.65,30384.65,30487.25,37414,100,0
2026-06-22 16:00:00+00:00,30492.85,30651.45,30190.35,30274.15,63333,100,0
2026-06-22 20:00:00+00:00,30275.15,30363.33,30219.35,30348.86,56152,110,0
2026-06-23 00:00:00+00:00,30346.2,30385.55,30150.35,30289.95,25705,100,0
2026-06-23 04:00:00+00:00,30290.55,30304.55,29920.35,29930.45,52474,110,0
2026-06-23 08:00:00+00:00,29930.75,29956.75,29465.85,29517.15,55002,120,0
2026-06-23 12:00:00+00:00,29518.85,29621.45,29396.45,29423.55,49028,110,0
2026-06-23 16:00:00+00:00,29425.05,29735.35,29305.85,29553.05,64467,110,0
2026-06-23 20:00:00+00:00,29553.75,29585.05,29266.25,29437.9,59635,100,0
2026-06-24 00:00:00+00:00,29465.81,29582.65,29279.05,29536.95,33688,100,0
2026-06-24 04:00:00+00:00,29536.85,29542.65,29307.45,29476.45,53519,100,0
2026-06-24 08:00:00+00:00,29476.45,29575.45,29454.75,29510.25,46030,110,0
2026-06-24 12:00:00+00:00,29510.45,29563.95,29426.95,29453.95,41233,110,0
2026-06-24 16:00:00+00:00,29454.95,29597.25,29216.95,29298.25,64538,100,0
2026-06-24 20:00:00+00:00,29297.25,29855.3,28957.25,29794.54,65643,100,0
2026-06-25 00:00:00+00:00,29785.95,29862.05,29631.25,29660.55,29420,110,0
2026-06-25 04:00:00+00:00,29661.45,29757.75,29619.25,29734.75,43791,110,0
2026-06-25 08:00:00+00:00,29734.85,29912.15,29734.35,29814.45,37269,100,0
2026-06-25 12:00:00+00:00,29814.45,29955.55,29793.65,29896.15,37543,100,0
2026-06-25 16:00:00+00:00,29896.15,29908.95,28992.55,29376.05,66195,100,0
2026-06-25 20:00:00+00:00,29375.45,29612.95,29311.35,29453.02,58342,100,0
2026-06-26 00:00:00+00:00,29433.15,29588.25,29304.55,29331.75,33205,100,0
2026-06-26 04:00:00+00:00,29333.25,29372.55,28859.55,28966.65,53073,100,0
2026-06-26 08:00:00+00:00,28966.95,29259.35,28952.55,29099.65,45892,100,0
2026-06-26 12:00:00+00:00,29099.75,29144.95,28994.43,29011.31,45098,120,0
2026-06-26 16:00:00+00:00,29012.74,29416.55,28884.05,29312.65,66345,100,0
2026-06-26 20:00:00+00:00,29314.55,29400.15,28956.15,28979.9,59777,100,0
2026-06-29 00:00:00+00:00,29004.68,29386.05,28990.8,29196.42,41981,220,0
2026-06-29 04:00:00+00:00,29197.96,29314.65,29099.45,29228.25,53840,110,0
2026-06-29 08:00:00+00:00,29228.25,29439.65,29202.05,29370.55,45246,120,0
2026-06-29 12:00:00+00:00,29368.55,29467.55,29329.85,29414.35,38454,110,0
2026-06-29 16:00:00+00:00,29414.25,29645.95,28984.25,29629.75,62887,100,0
2026-06-29 20:00:00+00:00,29629.45,29782.45,29629.45,29696.65,55006,110,0
2026-06-30 00:00:00+00:00,29724.74,29807.25,29657.15,29731.25,27124,100,0
2026-06-30 04:00:00+00:00,29732.55,29930.15,29672.65,29907.65,45107,100,0
2026-06-30 08:00:00+00:00,29907.65,29937.75,29741.15,29791.35,42933,110,0
2026-06-30 12:00:00+00:00,29791.35,29891.55,29725.75,29734.65,40064,110,0
2026-06-30 16:00:00+00:00,29734.55,30267.55,29718.25,30249.35,59487,100,0
2026-06-30 20:00:00+00:00,30249.35,30315.3,30206.25,30216.9,54723,110,0
2026-07-01 00:00:00+00:00,30230.04,30278.25,30217.59,30250.75,23657,100,0
2026-07-01 04:00:00+00:00,30250.65,30256.15,30094.05,30170.95,42711,100,0
2026-07-01 08:00:00+00:00,30170.65,30189.85,30026.45,30104.15,38426,100,0
2026-07-01 12:00:00+00:00,30104.15,30168.65,29966.85,30000.45,37255,100,0
2026-07-01 16:00:00+00:00,30001.15,30087.95,29822.05,29922.75,63512,110,0
2026-07-01 20:00:00+00:00,29923.65,29973.15,29730.97,29785.98,56734,100,0
2026-07-02 00:00:00+00:00,29828.56,29853.65,29689.55,29845.15,26255,100,0
2026-07-02 04:00:00+00:00,29845.15,29974.85,29795.05,29853.05,47689,110,0
2026-07-02 08:00:00+00:00,29852.85,29898.35,29566.05,29772.95,49062,110,0
2026-07-02 12:00:00+00:00,29772.95,30048.74,29660.85,29913.08,45677,100,0
2026-07-02 16:00:00+00:00,29912.73,30032.05,29174.45,29202.15,67350,100,0
2026-07-02 20:00:00+00:00,29201.95,29327.05,29068.45,29282.21,57038,100,0
2026-07-03 00:00:00+00:00,29319.32,29380.85,29275.45,29289.75,24792,100,0
2026-07-03 04:00:00+00:00,29289.75,29572.25,29286.45,29555.55,37579,100,0
2026-07-03 08:00:00+00:00,29554.75,29639.35,29543.05,29601.65,29713,110,0
2026-07-03 12:00:00+00:00,29601.65,29667.09,29580.55,29646.98,25495,100,0
2026-07-03 16:00:00+00:00,29647.48,29707.65,29630.88,29648.0,30145,100,0
2026-07-03 20:00:00+00:00,29648.0,29648.0,29648.0,29648.0,1,114,0
2026-07-06 00:00:00+00:00,29688.62,29752.07,29591.01,29669.87,38945,220,0
2026-07-06 04:00:00+00:00,29672.08,29675.85,29442.25,29587.25,53160,100,0
2026-07-06 08:00:00+00:00,29588.45,29641.95,29511.65,29628.15,39387,110,0
2026-07-06 12:00:00+00:00,29628.15,29694.45,29586.45,29692.75,35530,100,0
2026-07-06 16:00:00+00:00,29692.25,29852.05,29536.15,29746.75,59463,100,0
2026-07-06 20:00:00+00:00,29745.75,29796.51,29639.05,29691.97,53748,110,0
2026-07-07 00:00:00+00:00,29714.17,29734.95,29569.95,29578.65,26179,100,0
2026-07-07 04:00:00+00:00,29578.85,29596.15,29369.55,29386.95,48064,100,0
2026-07-07 08:00:00+00:00,29386.95,29505.45,29319.95,29420.85,40719,110,0
2026-07-07 12:00:00+00:00,29420.35,29477.35,29353.45,29404.25,38556,110,0
2026-07-07 16:00:00+00:00,29404.25,29444.55,28972.25,29302.45,62979,100,0
2026-07-07 20:00:00+00:00,29301.75,29342.85,29025.3,29173.58,57408,110,0
2026-07-08 00:00:00+00:00,29123.0,29313.85,29035.55,29310.85,28348,100,0
2026-07-08 04:00:00+00:00,29310.75,29325.15,29144.65,29183.55,50749,110,0
2026-07-08 08:00:00+00:00,29183.55,29214.35,28726.45,28777.95,50466,110,0
2026-07-08 12:00:00+00:00,28777.05,29003.75,28677.75,28921.85,49166,100,0
2026-07-08 16:00:00+00:00,28921.85,29166.35,28803.85,29142.45,64460,110,0
2026-07-08 20:00:00+00:00,29142.65,29275.35,29098.45,29154.68,58898,100,0
2026-07-09 00:00:00+00:00,29189.44,29364.15,29178.05,29285.65,25285,100,0
2026-07-09 04:00:00+00:00,29286.35,29356.85,29179.05,29335.15,52977,110,0
2026-07-09 08:00:00+00:00,29334.85,29516.95,29256.85,29443.55,45805,110,0
2026-07-09 12:00:00+00:00,29443.75,29558.98,29346.75,29508.38,47005,110,0
2026-07-09 16:00:00+00:00,29508.49,29712.55,29397.35,29679.2,62805,100,0
2026-07-09 20:00:00+00:00,29679.5,29775.5,29675.6,29702.83,45460,100,0
2026-07-10 00:00:00+00:00,29716.86,29748.45,29589.75,29651.55,23798,100,0
2026-07-10 04:00:00+00:00,29651.85,29748.25,29603.25,29667.65,38802,100,0
2026-07-10 08:00:00+00:00,29668.15,29681.65,29531.65,29561.75,38188,110,0
2026-07-10 12:00:00+00:00,29561.55,29675.55,29507.15,29577.06,38874,100,0
2026-07-10 16:00:00+00:00,29577.06,29830.2,29466.65,29815.1,61886,100,0
2026-07-10 20:00:00+00:00,29815.2,29861.9,29785.6,29843.58,43024,100,0
2026-07-13 00:00:00+00:00,29724.2,29823.12,29590.35,29616.6,37633,220,0
2026-07-13 04:00:00+00:00,29619.05,29631.98,29402.25,29415.45,50730,100,0
2026-07-13 08:00:00+00:00,29415.55,29541.85,29335.55,29534.95,44837,100,0
2026-07-13 12:00:00+00:00,29534.95,29587.65,29444.25,29506.85,35096,100,0
2026-07-13 16:00:00+00:00,29507.85,29540.35,29249.05,29314.55,62183,100,0
2026-07-13 20:00:00+00:00,29314.35,29368.35,29169.72,29212.05,58178,110,0
2026-07-14 00:00:00+00:00,29229.53,29327.35,29119.45,29314.75,29238,100,0
2026-07-14 04:00:00+00:00,29314.85,29333.45,29096.45,29302.45,55848,100,0
2026-07-14 08:00:00+00:00,29302.45,29442.05,29282.05,29365.15,47652,110,0
2026-07-14 12:00:00+00:00,29364.85,29712.75,29348.15,29565.85,45255,100,0
2026-07-14 16:00:00+00:00,29566.25,29690.45,29361.15,29622.25,63387,100,0
2026-07-14 20:00:00+00:00,29622.15,29672.95,29556.79,29582.82,53110,110,0
2026-07-15 00:00:00+00:00,29596.06,29730.95,29545.45,29717.25,24113,100,0
2026-07-15 04:00:00+00:00,29717.05,29821.55,29659.45,29820.75,37399,100,0
2026-07-15 08:00:00+00:00,29828.35,29861.15,29670.55,29735.85,40608,100,0
2026-07-15 12:00:00+00:00,29735.85,29794.05,29655.35,29779.35,37037,100,0
2026-07-15 16:00:00+00:00,29780.25,29797.75,29196.55,29310.95,63270,100,0
2026-07-15 20:00:00+00:00,29311.55,29541.35,29304.05,29500.87,53870,100,0
2026-07-16 00:00:00+00:00,29503.79,29558.08,29417.83,29447.03,32417,110,0
2026-07-16 04:00:00+00:00,29449.57,29551.22,29389.97,29503.82,55199,110,0
2026-07-16 08:00:00+00:00,29503.92,29591.45,29273.62,29387.15,56018,106,0
2026-07-16 12:00:00+00:00,29387.14,29440.0,29159.02,29187.77,55023,106,0
2026-07-16 16:00:00+00:00,29188.24,29325.04,29055.45,29134.5,68230,100,0
2026-07-16 20:00:00+00:00,29136.16,29139.25,28874.88,28972.7,63583,100,0
2026-07-17 00:00:00+00:00,29004.25,29019.82,28797.07,28858.72,35645,110,0
2026-07-17 04:00:00+00:00,28859.2,28907.2,28576.7,28607.33,57161,110,0
2026-07-17 08:00:00+00:00,28608.45,28625.87,28358.37,28430.39,59777,106,0
2026-07-17 12:00:00+00:00,28431.0,28625.99,28420.64,28466.1,57951,106,0
2026-07-17 16:00:00+00:00,28466.4,28829.12,28209.99,28776.37,68672,100,0
2026-07-17 20:00:00+00:00,28777.25,28846.81,28514.39,28569.22,64145,100,0
2026-07-20 00:00:00+00:00,28584.65,28775.25,28522.63,28670.63,40679,200,0
2026-07-20 04:00:00+00:00,28673.88,28754.46,28575.42,28709.08,62875,110,0
2026-07-20 08:00:00+00:00,28708.93,28751.63,28578.49,28693.37,58287,106,0
2026-07-20 12:00:00+00:00,28693.39,28920.84,28667.87,28836.72,54514,106,0
2026-07-20 16:00:00+00:00,28838.76,29004.68,28686.29,28795.89,68411,100,0
2026-07-20 20:00:00+00:00,28798.17,28822.08,28562.75,28589.47,63225,116,0
2026-07-21 00:00:00+00:00,28613.79,28716.88,28522.47,28678.07,35339,110,0
2026-07-21 04:00:00+00:00,28678.41,28909.36,28657.95,28875.83,56071,110,0
2026-07-21 08:00:00+00:00,28875.83,28996.56,28837.53,28987.66,53412,106,0
2026-07-21 12:00:00+00:00,28987.55,29023.72,28932.13,28993.47,50986,106,0
2026-07-21 16:00:00+00:00,28992.74,29171.71,28885.18,29151.88,67272,100,0
2026-07-21 20:00:00+00:00,29151.99,29182.98,29099.78,29109.87,60775,116,0
2026-07-22 00:00:00+00:00,29132.75,29162.78,29079.57,29115.08,34029,110,0
2026-07-22 04:00:00+00:00,29114.93,29132.48,29014.7,29048.13,57043,110,0
2026-07-22 08:00:00+00:00,29048.17,29051.76,28852.99,28936.62,58621,106,0
2026-07-22 12:00:00+00:00,28936.59,28999.69,28791.84,28843.22,55671,106,0
2026-07-22 16:00:00+00:00,28852.6,29168.63,28849.24,29136.96,67739,100,0
2026-07-22 20:00:00+00:00,29137.12,29157.13,28945.71,28995.85,64131,100,0
2026-07-23 00:00:00+00:00,28960.08,29109.25,28855.49,29084.43,36575,110,0
2026-07-23 04:00:00+00:00,29083.18,29100.45,28857.89,28951.6,57708,110,0
2026-07-23 08:00:00+00:00,28951.95,29010.43,28749.67,28930.3,57477,106,0
2026-07-23 12:00:00+00:00,28930.43,28964.55,28582.89,28614.02,56946,106,0
2026-07-23 16:00:00+00:00,28614.02,28709.91,28259.0,28467.75,69412,100,0
2026-07-23 20:00:00+00:00,28469.67,28607.65,28312.78,28567.24,65463,100,0
2026-07-24 00:00:00+00:00,28535.38,28566.33,28448.64,28503.22,37316,110,0
2026-07-24 04:00:00+00:00,28503.43,28533.95,28299.7,28397.58,61710,110,0
2026-07-24 08:00:00+00:00,28397.37,28495.26,28313.89,28453.5,59140,106,0
2026-07-24 12:00:00+00:00,28455.64,28537.5,28420.46,28424.02,55475,106,0
2026-07-24 16:00:00+00:00,28423.15,28462.48,28087.38,28327.31,68774,100,0
2026-07-24 20:00:00+00:00,28327.13,28375.93,28045.5,28139.85,63974,100,0
2026-07-27 00:00:00+00:00,28379.03,28569.34,28379.03,28436.13,38483,200,0
2026-07-27 04:00:00+00:00,28436.13,28501.45,28366.77,28482.72,60280,110,0
2026-07-27 08:00:00+00:00,28482.57,28587.12,28476.53,28574.78,53339,106,0
2026-07-27 12:00:00+00:00,28574.74,28600.94,28468.05,28529.15,49986,106,0
2026-07-27 16:00:00+00:00,28530.78,28537.16,27777.91,27885.04,68955,100,0
2026-07-27 20:00:00+00:00,27885.04,28092.51,27825.85,28048.58,63172,116,0
2026-07-28 00:00:00+00:00,28062.0,28069.88,27899.18,27914.32,35886,110,0
2026-07-28 04:00:00+00:00,27914.53,27939.43,27775.81,27798.83,62469,110,0
2026-07-28 08:00:00+00:00,27799.2,27894.37,27682.49,27836.64,59920,106,0
2026-07-28 12:00:00+00:00,27836.39,27875.34,27692.6,27836.35,58073,106,0
2026-07-28 16:00:00+00:00,27836.49,27922.11,27447.75,27900.11,68724,100,0
2026-07-28 20:00:00+00:00,27900.11,27908.5,27727.5,27801.97,64153,116,0
2026-07-29 00:00:00+00:00,27809.52,28022.76,27583.04,27857.7,42763,110,0
2026-07-29 04:00:00+00:00,27860.08,27888.68,27488.95,27604.57,65818,110,0
2026-07-29 08:00:00+00:00,27611.82,27809.12,27583.18,27750.96,60962,106,0
2026-07-29 12:00:00+00:00,27750.75,27907.06,27692.66,27755.64,58543,106,0
2026-07-29 16:00:00+00:00,27757.35,27843.05,27256.67,27450.73,68741,100,0
2026-07-29 20:00:00+00:00,27450.48,27945.91,27054.32,27106.13,67790,100,0
2026-07-30 00:00:00+00:00,27086.2,27465.36,27086.2,27402.01,44476,110,0
2026-07-30 04:00:00+00:00,27403.14,27551.76,27290.6,27302.12,66076,122,0
2026-07-30 08:00:00+00:00,27302.89,27401.41,27193.48,27340.47,62953,106,0
2026-07-30 12:00:00+00:00,27340.54,27674.02,27325.99,27660.65,59905,106,0
2026-07-30 16:00:00+00:00,27661.02,28101.09,27648.82,27983.02,69209,100,0
2026-07-30 20:00:00+00:00,27982.89,28252.45,27982.4,28189.06,66146,100,0
2026-07-31 00:00:00+00:00,28186.15,28393.37,28177.19,28391.12,40284,122,0
2026-07-31 04:00:00+00:00,28391.21,28440.54,28258.78,28418.52,61330,122,0
2026-07-31 08:00:00+00:00,28418.41,28479.76,28319.43,28471.51,58589,106,0
2026-07-31 12:00:00+00:00,28472.76,28509.1,28300.73,28336.83,58665,106,0
2026-07-31 16:00:00+00:00,28336.58,28594.14,27949.56,28236.08,69050,100,0
2026-07-31 20:00:00+00:00,28235.08,28392.34,28140.27,28153.85,65227,100,0
2026-08-03 00:00:00+00:00,28476.19,28518.07,28415.22,28498.69,41359,212,0
2026-08-03 04:00:00+00:00,28498.75,28575.3,28441.46,28528.76,55005,122,0
2026-08-03 08:00:00+00:00,28528.76,28544.27,28350.24,28471.12,55523,106,0
2026-08-03 12:00:00+00:00,28471.7,28478.12,28260.94,28337.05,58029,106,0
2026-08-03 16:00:00+00:00,28338.22,28724.61,28191.93,28699.63,68763,100,0
2026-08-03 20:00:00+00:00,28700.3,28841.26,28690.45,28807.11,61991,116,0
2026-08-04 00:00:00+00:00,28797.06,28853.47,28742.27,28754.95,31519,122,0
2026-08-04 04:00:00+00:00,28753.3,28924.96,28709.14,28893.22,60092,122,0
2026-08-04 08:00:00+00:00,28893.14,29008.87,28856.39,28946.5,56458,106,0
2026-08-04 12:00:00+00:00,28945.5,29122.72,28884.99,29080.36,58076,106,0
2026-08-04 16:00:00+00:00,29080.87,29621.71,29068.56,29620.53,68269,100,0
2026-08-04 20:00:00+00:00,29620.46,29833.25,29617.25,29697.42,67125,116,0
2026-08-05 00:00:00+00:00,29666.94,29752.71,29653.56,29725.02,35744,122,0
2026-08-05 04:00:00+00:00,29725.39,29792.82,29674.14,29779.33,51692,122,0
2026-08-05 08:00:00+00:00,29779.02,29866.13,29674.87,29713.5,52430,106,0
2026-08-05 12:00:00+00:00,29713.64,29822.84,29691.2,29791.65,54684,106,0
2026-08-05 16:00:00+00:00,29791.84,29948.35,29578.65,29685.73,68776,100,0
2026-08-05 20:00:00+00:00,29686.73,29695.46,29408.34,29469.08,64809,100,0
2026-08-06 00:00:00+00:00,29441.09,29552.41,29410.14,29413.06,36658,122,0
2026-08-06 04:00:00+00:00,29413.37,29495.14,29329.17,29449.39,59219,122,0
2026-08-06 08:00:00+00:00,29449.92,29470.39,29318.62,29392.25,56964,106,0
2026-08-06 12:00:00+00:00,29392.75,29408.47,29239.72,29273.74,55828,106,0
2026-08-06 16:00:00+00:00,29273.29,29560.0,29116.7,29431.37,69267,100,0
2026-08-06 20:00:00+00:00,29431.03,29449.54,29349.88,29378.16,63684,100,0
2026-08-07 00:00:00+00:00,29398.56,29498.29,29374.27,29441.37,33758,122,0
2026-08-07 04:00:00+00:00,29440.72,29460.95,29335.36,29388.51,59392,122,0
2026-08-07 08:00:00+00:00,29388.91,29526.49,29384.89,29512.37,52793,106,0
2026-08-07 12:00:00+00:00,29512.39,29745.3,29471.97,29722.69,52294,106,0
2026-08-07 16:00:00+00:00,29724.19,29734.31,29444.38,29619.16,69454,100,0
2026-08-07 20:00:00+00:00,29619.45,29739.29,29556.44,29718.29,62391,100,0
2026-08-10 00:00:00+00:00,29771.06,29785.92,29671.52,29685.17,36935,212,0
2026-08-10 04:00:00+00:00,29684.44,29784.79,29674.56,29763.91,52211,122,0
2026-08-10 08:00:00+00:00,29764.02,29864.75,29763.35,29853.75,47483,106,0
2026-08-10 12:00:00+00:00,29855.25,29866.05,29654.55,29660.22,50850,106,0
2026-08-10 16:00:00+00:00,29660.38,29781.37,29602.34,29661.87,68277,100,0
2026-08-10 20:00:00+00:00,29662.33,29693.61,29605.05,29646.76,59382,116,0
2026-08-11 00:00:00+00:00,29660.41,29679.68,29552.82,29671.11,30191,122,0
2026-08-11 04:00:00+00:00,29670.65,29747.52,29651.11,29725.11,48114,122,0
2026-08-11 08:00:00+00:00,29725.42,29740.17,29604.34,29634.94,51229,106,0
2026-08-11 12:00:00+00:00,29634.84,29772.58,29604.74,29719.06,50247,106,0
2026-08-11 16:00:00+00:00,29718.69,29737.02,29504.51,29511.95,67598,100,0
2026-08-11 20:00:00+00:00,29512.71,29562.01,29419.36,29532.85,61520,116,0
2026-08-12 00:00:00+00:00,29543.49,29568.45,29515.44,29556.06,29106,122,0
2026-08-12 04:00:00+00:00,29555.71,29604.69,29528.73,29602.88,45680,122,0
2026-08-12 08:00:00+00:00,29602.63,29688.34,29557.81,29683.42,44041,106,0
2026-08-12 12:00:00+00:00,29683.3,29821.4,29657.43,29808.64,50328,106,0
2026-08-12 16:00:00+00:00,29809.6,29889.89,29707.93,29794.63,68182,100,0
2026-08-12 20:00:00+00:00,29795.28,29817.2,29693.25,29695.49,61895,100,0
2026-08-13 00:00:00+00:00,29716.21,29760.56,29675.62,29740.75,30353,122,0
2026-08-13 04:00:00+00:00,29740.77,29789.9,29703.07,29773.81,45354,122,0
2026-08-13 08:00:00+00:00,29773.64,29817.87,29722.37,29755.22,48004,106,0
2026-08-13 12:00:00+00:00,29755.28,29788.97,29707.14,29774.99,46818,106,0
2026-08-13 16:00:00+00:00,29773.78,30161.33,29758.49,30088.01,67783,100,0
2026-08-13 20:00:00+00:00,30088.06,30167.0,30040.18,30109.84,61032,100,0
2026-08-14 00:00:00+00:00,30104.57,30126.72,30061.82,30064.65,27439,122,0
2026-08-14 04:00:00+00:00,30064.57,30075.82,30019.55,30042.77,45403,122,0
2026-08-14 08:00:00+00:00,30042.74,30134.43,30023.55,30116.64,43495,106,0
2026-08-14 12:00:00+00:00,30116.56,30174.43,30102.12,30162.77,45665,106,0
2026-08-14 16:00:00+00:00,30162.77,30174.89,29925.22,29953.46,67693,100,0
2026-08-14 20:00:00+00:00,29953.79,30049.29,29943.35,30049.25,59340,100,0
2026-08-17 00:00:00+00:00,30092.83,30127.71,30065.54,30101.79,25280,142,0
2026-08-17 04:00:00+00:00,30101.85,30153.51,30086.32,30135.51,37152,122,0
2026-08-17 08:00:00+00:00,30135.47,30231.87,30131.39,30198.45,41720,106,0
2026-08-17 12:00:00+00:00,30198.45,30239.85,30082.25,30102.6,47468,106,0
2026-08-17 16:00:00+00:00,30102.41,30186.73,30058.81,30084.12,66943,100,0
2026-08-17 20:00:00+00:00,30084.1,30087.38,29955.66,29979.48,59696,116,0
2026-08-18 00:00:00+00:00,29987.81,30029.08,29971.01,30006.97,28068,122,0
2026-08-18 04:00:00+00:00,30007.39,30018.05,29761.97,29825.89,57210,122,0
2026-08-18 08:00:00+00:00,29825.81,29826.8,29644.45,29675.14,54241,106,0
2026-08-18 12:00:00+00:00,29675.0,29693.97,29590.0,29621.91,54404,106,0
2026-08-18 16:00:00+00:00,29621.66,29677.47,29422.92,29557.88,68017,100,0
2026-08-18 20:00:00+00:00,29558.11,29569.09,29455.88,29469.16,60429,116,0
2026-08-19 00:00:00+00:00,29480.31,29499.26,29352.88,29446.76,35082,122,0
2026-08-19 04:00:00+00:00,29444.79,29515.78,29370.76,29412.14,57671,122,0
2026-08-19 08:00:00+00:00,29412.27,29547.06,29337.23,29514.37,56851,106,0
2026-08-19 12:00:00+00:00,29514.45,29663.22,29413.78,29649.09,56114,106,0
2026-08-19 16:00:00+00:00,29647.38,29654.15,29283.83,29466.12,69031,100,0
2026-08-19 20:00:00+00:00,29466.56,29497.55,29392.19,29466.07,62053,100,0
2026-08-20 00:00:00+00:00,29483.14,29594.23,29465.32,29577.16,33627,122,0
2026-08-20 04:00:00+00:00,29577.3,29590.32,29502.89,29523.89,57005,122,0
2026-08-20 08:00:00+00:00,29523.64,29592.45,29362.23,29383.5,54948,106,0
2026-08-20 12:00:00+00:00,29383.62,29489.14,29146.79,29252.15,58646,106,0
2026-08-20 16:00:00+00:00,29251.9,29376.18,29175.53,29286.0,68924,100,0
2026-08-20 20:00:00+00:00,29286.44,29288.04,29109.3,29224.04,61927,100,0
2026-08-21 00:00:00+00:00,29247.19,29273.97,29183.97,29230.56,32437,122,0
2026-08-21 04:00:00+00:00,29230.14,29307.76,29201.76,29267.47,55453,122,0
2026-08-21 08:00:00+00:00,29267.51,29376.58,29250.22,29362.59,52304,106,0
2026-08-21 12:00:00+00:00,29362.63,29447.45,29321.37,29420.27,51812,106,0
2026-08-21 16:00:00+00:00,29420.77,29424.77,29129.8,29321.5,68245,100,0
2026-08-21 20:00:00+00:00,29321.5,29341.29,29263.48,29282.99,60341,100,0
2026-08-24 00:00:00+00:00,29322.66,29397.0,29220.29,29342.67,35073,142,0
2026-08-24 04:00:00+00:00,29342.41,29364.14,29180.67,29182.82,60115,122,0
2026-08-24 08:00:00+00:00,29183.07,29213.52,29033.95,29131.24,57709,106,0
2026-08-24 12:00:00+00:00,29131.62,29200.25,29062.97,29122.47,54244,106,0
2026-08-24 16:00:00+00:00,29122.84,29157.34,28865.84,29087.51,68135,100,0
2026-08-24 20:00:00+00:00,29087.8,29149.9,28997.54,29046.53,61314,116,0
2026-08-25 00:00:00+00:00,29068.15,29068.19,28936.86,29045.22,31148,122,0
2026-08-25 04:00:00+00:00,29047.11,29135.83,29013.02,29119.01,59070,122,0
2026-08-25 08:00:00+00:00,29119.47,29244.0,29108.89,29221.25,54309,106,0
2026-08-25 12:00:00+00:00,29221.37,29330.35,29205.49,29253.22,54277,106,0
2026-08-25 16:00:00+00:00,29253.34,29333.93,29075.5,29194.73,68131,100,0
2026-08-25 20:00:00+00:00,29194.61,29232.55,29122.25,29206.42,61873,100,0
2026-08-26 00:00:00+00:00,29227.91,29237.41,29038.89,29040.14,29268,122,0
2026-08-26 04:00:00+00:00,29040.89,29209.33,29024.88,29156.64,52166,122,0
2026-08-26 08:00:00+00:00,29156.51,29203.9,29115.05,29155.95,51360,106,0
2026-08-26 12:00:00+00:00,29156.15,29206.44,29062.34,29079.3,49670,106,0
2026-08-26 16:00:00+00:00,29080.8,29260.94,29063.4,29145.63,67512,100,0
2026-08-26 20:00:00+00:00,29144.76,29361.28,29139.17,29359.26,63248,100,0
2026-08-27 00:00:00+00:00,29461.54,29584.73,29370.07,29376.12,37168,122,0
2026-08-27 04:00:00+00:00,29375.81,29506.67,29364.3,29430.51,55109,122,0
2026-08-27 08:00:00+00:00,29431.26,29592.24,29334.03,29555.49,55421,106,0
2026-08-27 12:00:00+00:00,29556.53,29565.24,29446.63,29454.14,56987,106,0
2026-08-27 16:00:00+00:00,29454.14,29589.82,29356.72,29583.1,68478,100,0
2026-08-27 20:00:00+00:00,29584.21,29638.64,29458.1,29567.41,62395,100,0
2026-08-28 00:00:00+00:00,29558.76,29601.11,29526.45,29579.11,29250,122,0
2026-08-28 04:00:00+00:00,29578.77,29640.24,29570.47,29575.61,49547,122,0
2026-08-28 08:00:00+00:00,29575.55,29587.09,29512.47,29553.34,50153,106,0
2026-08-28 12:00:00+00:00,29551.34,29598.13,29527.01,29592.98,47963,106,0
2026-08-28 16:00:00+00:00,29592.77,29744.3,29400.13,29435.77,68990,100,0
2026-08-28 20:00:00+00:00,29435.69,29462.74,29371.56,29443.97,62696,100,0
2026-08-31 00:00:00+00:00,29473.48,29482.56,29215.2,29298.76,38151,122,0
2026-08-31 04:00:00+00:00,29299.76,29365.08,29228.73,29357.17,56129,122,0
2026-08-31 08:00:00+00:00,29356.81,29476.34,29349.14,29426.87,50403,106,0
2026-08-31 12:00:00+00:00,29426.87,29449.62,29321.63,29331.22,48213,106,0
2026-08-31 16:00:00+00:00,29332.47,29457.42,29297.29,29381.3,67769,100,0
2026-08-31 20:00:00+00:00,29382.5,29479.25,29324.55,29461.71,60238,100,0
2026-09-01 00:00:00+00:00,29458.3,29468.09,29425.31,29453.19,28726,122,0
2026-09-01 04:00:00+00:00,29452.56,29462.9,29382.79,29419.63,50625,122,0
2026-09-01 08:00:00+00:00,29419.56,29517.06,29181.79,29181.79,56010,106,0
2026-09-01 12:00:00+00:00,29182.17,29204.44,29070.56,29072.52,57506,106,0
2026-09-01 16:00:00+00:00,29072.52,29263.29,28987.52,29138.05,68545,100,0
2026-09-01 20:00:00+00:00,29137.97,29138.34,28949.22,29084.34,62276,100,0
2026-09-02 00:00:00+00:00,29094.37,29120.89,29053.89,29055.51,29683,122,0
2026-09-02 04:00:00+00:00,29054.58,29080.76,28987.14,29010.06,54222,122,0
2026-09-02 08:00:00+00:00,29010.01,29071.82,28906.14,28929.09,56854,106,0
2026-09-02 12:00:00+00:00,28929.12,29100.22,28878.91,28991.43,56624,106,0
2026-09-02 16:00:00+00:00,28991.01,29162.79,28969.59,29106.11,67788,100,0
2026-09-02 20:00:00+00:00,29106.8,29163.14,29077.04,29093.01,61051,100,0
2026-09-03 00:00:00+00:00,29123.41,29162.28,29090.89,29100.57,29892,122,0
2026-09-03 04:00:00+00:00,29100.64,29203.93,29082.89,29157.07,51620,122,0
2026-09-03 08:00:00+00:00,29157.01,29241.49,29025.72,29166.28,58674,106,0
2026-09-03 12:00:00+00:00,29166.62,29208.2,29051.75,29194.17,56218,106,0
2026-09-03 16:00:00+00:00,29193.72,29492.11,29145.91,29477.46,68921,100,0
2026-09-03 20:00:00+00:00,29478.08,29533.3,29426.17,29452.11,59952,100,0
2026-09-04 00:00:00+00:00,29456.41,29492.05,29432.83,29480.84,25709,122,0
2026-09-04 04:00:00+00:00,29480.81,29551.11,29467.64,29548.08,43404,122,0
2026-09-04 08:00:00+00:00,29547.95,29622.99,29524.37,29608.03,49365,106,0
2026-09-04 12:00:00+00:00,29608.12,29648.88,29452.64,29496.64,49820,106,0
2026-09-04 16:00:00+00:00,29497.02,29641.78,29429.61,29526.3,68330,100,0
2026-09-04 20:00:00+00:00,29526.42,29537.1,29418.96,29473.32,59964,100,0
2026-09-07 00:00:00+00:00,29511.08,29558.23,29499.39,29501.05,25872,122,0
2026-09-07 04:00:00+00:00,29501.2,29585.76,29496.82,29561.36,47603,122,0
2026-09-07 08:00:00+00:00,29561.44,29646.57,29541.35,29607.62,49229,106,0
2026-09-07 12:00:00+00:00,29607.78,29617.14,29499.03,29552.09,41008,106,0
2026-09-07 16:00:00+00:00,29551.66,29608.34,29527.23,29567.04,45933,100,0
2026-09-07 20:00:00+00:00,29567.04,29567.04,29567.04,29567.04,1,116,0
2026-09-08 00:00:00+00:00,29575.8,29604.94,29488.3,29595.89,31919,122,0
2026-09-08 04:00:00+00:00,29595.82,29727.51,29576.15,29700.89,50663,122,0
2026-09-08 08:00:00+00:00,29700.39,29702.31,29442.55,29470.74,59998,106,0
2026-09-08 12:00:00+00:00,29468.62,29617.84,29448.37,29617.72,54351,106,0
2026-09-08 16:00:00+00:00,29617.51,29649.47,29388.5,29536.29,68288,100,0
2026-09-08 20:00:00+00:00,29536.79,29604.67,29460.38,29489.35,61036,100,0
2026-09-09 00:00:00+00:00,29498.31,29536.67,29464.31,29534.76,30483,122,0
2026-09-09 04:00:00+00:00,29534.54,29599.6,29523.58,29588.89,52865,122,0
2026-09-09 08:00:00+00:00,29588.95,29608.16,29513.84,29538.87,55342,106,0
2026-09-09 12:00:00+00:00,29538.81,29549.4,29308.34,29365.0,59730,106,0
2026-09-09 16:00:00+00:00,29364.34,29566.92,29332.75,29432.5,68965,100,0
2026-09-09 20:00:00+00:00,29432.11,29457.85,29398.63,29434.0,60505,100,0
2026-09-10 00:00:00+00:00,29427.05,29452.47,29383.26,29385.64,28658,122,0
2026-09-10 04:00:00+00:00,29386.2,29434.51,29336.99,29431.18,54985,122,0
2026-09-10 08:00:00+00:00,29431.31,29480.26,29377.93,29384.99,54014,106,0
2026-09-10 12:00:00+00:00,29385.28,29402.7,29016.22,29029.53,58162,106,0
2026-09-10 16:00:00+00:00,29029.84,29247.25,29017.84,29205.27,69361,100,0
2026-09-10 20:00:00+00:00,29205.23,29238.54,29096.23,29114.79,61740,100,0
2026-09-11 00:00:00+00:00,29118.93,29141.89,29039.31,29136.72,31494,122,0
2026-09-11 04:00:00+00:00,29136.89,29147.14,29017.58,29100.76,56339,122,0
2026-09-11 08:00:00+00:00,29101.39,29301.7,29096.14,29301.7,56072,106,0
2026-09-11 12:00:00+00:00,29300.95,29451.39,29194.71,29445.14,51912,106,0
2026-09-11 16:00:00+00:00,29444.55,29475.82,29311.25,29413.17,68996,100,0
2026-09-11 20:00:00+00:00,29413.3,29455.27,29352.82,29368.12,59798,100,0
2026-09-14 00:00:00+00:00,29007.73,29090.41,28958.15,28985.64,37653,122,0
2026-09-14 04:00:00+00:00,28985.64,29059.64,28971.11,28993.86,53432,122,0
2026-09-14 08:00:00+00:00,28994.14,29013.37,28825.24,28853.87,56359,106,0
2026-09-14 12:00:00+00:00,28853.6,28952.09,28792.06,28855.68,58701,106,0
2026-09-14 16:00:00+00:00,28855.95,29260.16,28804.72,29243.59,68128,100,0
2026-09-14 20:00:00+00:00,29243.56,29289.42,29130.43,29174.41,60354,100,0
2026-09-15 00:00:00+00:00,29163.37,29172.55,29110.01,29150.01,29056,122,0
2026-09-15 04:00:00+00:00,29149.64,29177.15,29034.67,29034.7,53016,122,0
2026-09-15 08:00:00+00:00,29034.57,29086.39,28913.87,28954.12,59402,106,0
2026-09-15 12:00:00+00:00,28954.37,29166.34,28919.37,29116.92,56882,106,0
2026-09-15 16:00:00+00:00,29116.47,29135.02,28898.65,28962.46,67796,100,0
2026-09-15 20:00:00+00:00,28962.21,28973.18,28892.75,28959.54,60411,100,0
2026-09-16 00:00:00+00:00,28963.54,28978.87,28948.14,28962.26,27179,122,0
2026-09-16 04:00:00+00:00,28962.22,29046.12,28916.55,28993.55,53302,122,0
2026-09-16 08:00:00+00:00,28993.61,29088.09,28976.63,29062.74,54361,106,0
2026-09-16 12:00:00+00:00,29062.62,29129.34,29027.2,29092.78,53041,106,0
2026-09-16 16:00:00+00:00,29092.72,29238.67,29054.78,29158.67,67008,100,0
2026-09-16 20:00:00+00:00,29159.95,29228.29,28744.03,28954.87,63458,100,0
2026-09-17 00:00:00+00:00,28970.86,29171.76,28943.27,29145.06,34227,122,0
2026-09-17 04:00:00+00:00,29145.47,29169.64,29101.51,29145.51,52461,122,0
2026-09-17 08:00:00+00:00,29145.56,29260.97,29064.31,29251.4,55026,106,0
2026-09-17 12:00:00+00:00,29251.24,29444.5,29239.09,29415.51,54531,106,0
2026-09-17 16:00:00+00:00,29415.47,29444.25,29297.47,29432.47,68156,100,0
2026-09-17 20:00:00+00:00,29432.65,29484.46,29396.9,29411.24,59814,100,0
2026-09-18 00:00:00+00:00,29418.41,29423.85,29356.03,29361.64,28535,122,0
2026-09-18 04:00:00+00:00,29361.7,29507.98,29343.84,29505.6,48417,122,0
2026-09-18 08:00:00+00:00,29505.93,29661.81,29498.62,29588.74,53107,106,0
2026-09-18 12:00:00+00:00,29588.43,29598.35,29463.08,29471.11,55075,106,0
2026-09-18 16:00:00+00:00,29471.42,29539.87,29355.48,29423.25,67850,100,0
2026-09-18 20:00:00+00:00,29423.92,29688.37,29415.19,29650.1,61538,100,0
2026-09-21 00:00:00+00:00,29644.58,29801.22,29607.98,29799.26,34264,122,0
2026-09-21 04:00:00+00:00,29800.01,29831.93,29768.64,29794.33,46612,122,0
2026-09-21 08:00:00+00:00,29794.26,29941.43,29779.76,29938.83,50636,106,0
2026-09-21 12:00:00+00:00,29938.83,29980.57,29924.75,29931.29,50660,106,0
2026-09-21 16:00:00+00:00,29930.88,30409.57,29908.61,30386.37,67815,100,0
2026-09-21 20:00:00+00:00,30387.6,30400.37,30382.14,30389.39,4947,116,0
