time,open,high,low,close,tick_volume,spread,real_volume
2008-08-06 00:00:00+00:00,1867.0,1903.0,1853.0,1895.0,73,0,0
2008-08-07 00:00:00+00:00,1881.0,1904.0,1873.0,1880.0,62,0,0
2008-08-08 00:00:00+00:00,1879.0,1929.0,1877.0,1926.0,58,0,0
2008-08-11 00:00:00+00:00,1922.0,1963.0,1918.0,1941.0,72,0,0
2008-08-12 00:00:00+00:00,1938.0,1957.0,1932.0,1941.0,48,0,0
2008-08-13 00:00:00+00:00,1936.0,1956.0,1921.0,1942.0,65,0,0
2008-08-14 00:00:00+00:00,1930.0,1969.0,1930.0,1964.0,45,0,0
2008-08-15 00:00:00+00:00,1971.0,1974.0,1950.0,1958.0,36,0,0
2008-08-18 00:00:00+00:00,1959.0,1964.0,1921.0,1933.0,61,0,0
2008-08-19 00:00:00+00:00,1919.0,1933.0,1900.0,1909.0,57,0,0
2008-08-20 00:00:00+00:00,1919.0,1932.0,1900.0,1913.0,59,0,0
2008-08-21 00:00:00+00:00,1900.0,1913.0,1886.0,1907.0,48,0,0
2008-08-22 00:00:00+00:00,1920.0,1938.0,1915.0,1931.0,36,0,0
2008-08-25 00:00:00+00:00,1917.0,1919.0,1886.0,1890.0,40,0,0
2008-08-26 00:00:00+00:00,1890.0,1901.0,1875.0,1886.0,49,0,0
2008-08-27 00:00:00+00:00,1887.0,1914.0,1882.0,1900.0,52,0,0
2008-08-28 00:00:00+00:00,1907.0,1921.0,1904.0,1915.0,27,0,0
2008-08-29 00:00:00+00:00,1898.0,1900.0,1867.0,1873.0,42,0,0
2008-09-02 00:00:00+00:00,1905.0,1913.0,1843.0,1850.0,86,0,0
2008-09-03 00:00:00+00:00,1849.0,1854.0,1820.0,1833.0,53,0,0
2008-09-04 00:00:00+00:00,1819.0,1825.0,1775.0,1775.0,57,0,0
2008-09-05 00:00:00+00:00,1758.0,1779.0,1740.0,1768.0,69,0,0
2008-09-08 00:00:00+00:00,1801.0,1801.0,1735.0,1763.0,95,0,0
2008-09-09 00:00:00+00:00,1763.0,1779.0,1722.0,1722.0,74,0,0
2008-09-10 00:00:00+00:00,1743.0,1754.0,1726.0,1738.0,52,0,0
2008-09-11 00:00:00+00:00,1714.0,1774.0,1714.0,1774.0,61,0,0
2008-09-12 00:00:00+00:00,1759.0,1775.0,1744.0,1767.0,55,0,0
2008-09-15 00:00:00+00:00,1713.0,1758.0,1705.0,1705.0,99,0,0
2008-09-16 00:00:00+00:00,1676.0,1739.0,1676.0,1724.0,79,0,0
2008-09-17 00:00:00+00:00,1698.0,1708.0,1632.0,1632.0,87,0,0
2008-09-18 00:00:00+00:00,1667.0,1704.0,1606.0,1697.0,167,0,0
2008-09-19 00:00:00+00:00,1768.0,1774.0,1718.0,1745.0,90,0,0
2008-09-22 00:00:00+00:00,1738.0,1743.0,1665.0,1666.0,85,0,0
2008-09-23 00:00:00+00:00,1676.0,1697.0,1646.0,1648.0,75,0,0
2008-09-24 00:00:00+00:00,1654.0,1678.0,1649.0,1661.0,52,0,0
2008-09-25 00:00:00+00:00,1675.0,1708.0,1669.0,1688.0,66,0,0
2008-09-26 00:00:00+00:00,1635.0,1678.0,1635.0,1672.0,50,0,0
2008-09-29 00:00:00+00:00,1632.0,1643.0,1496.0,1496.0,159,0,0
2008-09-30 00:00:00+00:00,1543.0,1598.0,1530.0,1595.0,85,0,0
2008-10-01 00:00:00+00:00,1582.0,1584.0,1548.0,1564.0,55,0,0
2008-10-02 00:00:00+00:00,1555.0,1555.0,1491.0,1491.0,65,0,0
2008-10-03 00:00:00+00:00,1513.0,1552.0,1469.0,1471.0,125,0,0
2008-10-06 00:00:00+00:00,1427.0,1440.0,1339.0,1411.0,187,0,0
2008-10-07 00:00:00+00:00,1426.0,1433.0,1330.0,1330.0,111,0,0
2008-10-08 00:00:00+00:00,1295.0,1386.0,1295.0,1331.0,147,0,0
2008-10-09 00:00:00+00:00,1354.0,1370.0,1262.0,1275.0,138,0,0
2008-10-10 00:00:00+00:00,1226.0,1317.0,1196.0,1270.0,199,0,0
2008-10-13 00:00:00+00:00,1337.0,1430.0,1319.0,1430.0,130,0,0
2008-10-14 00:00:00+00:00,1470.0,1471.0,1351.0,1365.0,136,0,0
2008-10-15 00:00:00+00:00,1348.0,1356.0,1244.0,1244.0,121,0,0
2008-10-16 00:00:00+00:00,1251.0,1313.0,1192.0,1313.0,181,0,0
2008-10-17 00:00:00+00:00,1285.0,1368.0,1279.0,1312.0,152,0,0
2008-10-20 00:00:00+00:00,1331.0,1353.0,1290.0,1353.0,105,0,0
2008-10-21 00:00:00+00:00,1330.0,1352.0,1282.0,1283.0,94,0,0
2008-10-22 00:00:00+00:00,1275.0,1285.0,1210.0,1237.0,113,0,0
2008-10-23 00:00:00+00:00,1239.0,1264.0,1177.0,1239.0,175,0,0
2008-10-24 00:00:00+00:00,1147.0,1229.0,1147.0,1202.0,110,0,0
2008-10-27 00:00:00+00:00,1182.0,1227.0,1168.0,1170.0,107,0,0
2008-10-28 00:00:00+00:00,1205.0,1298.0,1175.0,1298.0,154,0,0
2008-10-29 00:00:00+00:00,1294.0,1344.0,1272.0,1302.0,137,0,0
2008-10-30 00:00:00+00:00,1332.0,1344.0,1301.0,1334.0,85,0,0
2008-10-31 00:00:00+00:00,1321.0,1359.0,1306.0,1335.0,93,0,0
2008-11-03 00:00:00+00:00,1334.0,1347.0,1322.0,1335.0,50,0,0
2008-11-04 00:00:00+00:00,1364.0,1383.0,1342.0,1378.0,69,0,0
2008-11-05 00:00:00+00:00,1363.0,1365.0,1299.0,1300.0,70,0,0
2008-11-06 00:00:00+00:00,1279.0,1295.0,1236.0,1242.0,82,0,0
2008-11-07 00:00:00+00:00,1257.0,1279.0,1244.0,1272.0,56,0,0
2008-11-10 00:00:00+00:00,1299.0,1299.0,1237.0,1251.0,77,0,0
2008-11-11 00:00:00+00:00,1235.0,1249.0,1209.0,1226.0,72,0,0
2008-11-12 00:00:00+00:00,1203.0,1211.0,1165.0,1165.0,55,0,0
2008-11-13 00:00:00+00:00,1163.0,1241.0,1110.0,1241.0,185,0,0
2008-11-14 00:00:00+00:00,1206.0,1236.0,1176.0,1180.0,95,0,0
2008-11-17 00:00:00+00:00,1160.0,1188.0,1149.0,1152.0,71,0,0
2008-11-18 00:00:00+00:00,1159.0,1167.0,1113.0,1156.0,106,0,0
2008-11-19 00:00:00+00:00,1153.0,1169.0,1088.0,1088.0,98,0,0
2008-11-20 00:00:00+00:00,1076.0,1115.0,1035.0,1037.0,122,0,0
2008-11-21 00:00:00+00:00,1053.0,1086.0,1019.0,1086.0,102,0,0
2008-11-24 00:00:00+00:00,1109.0,1163.0,1097.0,1154.0,88,0,0
2008-11-25 00:00:00+00:00,1168.0,1168.0,1118.0,1143.0,76,0,0
2008-11-26 00:00:00+00:00,1130.0,1193.0,1127.0,1193.0,70,0,0
2008-11-28 00:00:00+00:00,1182.0,1186.0,1172.0,1186.0,25,0,0
2008-12-01 00:00:00+00:00,1162.0,1162.0,1091.0,1091.0,72,0,0
2008-12-02 00:00:00+00:00,1110.0,1133.0,1091.0,1130.0,65,0,0
2008-12-03 00:00:00+00:00,1102.0,1166.0,1102.0,1166.0,65,0,0
2008-12-04 00:00:00+00:00,1144.0,1169.0,1111.0,1128.0,101,0,0
2008-12-05 00:00:00+00:00,1116.0,1180.0,1096.0,1178.0,107,0,0
2008-12-08 00:00:00+00:00,1201.0,1237.0,1197.0,1225.0,57,0,0
2008-12-09 00:00:00+00:00,1206.0,1252.0,1202.0,1212.0,95,0,0
2008-12-10 00:00:00+00:00,1217.0,1237.0,1204.0,1222.0,62,0,0
2008-12-11 00:00:00+00:00,1211.0,1229.0,1176.0,1180.0,76,0,0
2008-12-12 00:00:00+00:00,1156.0,1212.0,1156.0,1207.0,62,0,0
2008-12-15 00:00:00+00:00,1205.0,1207.0,1168.0,1182.0,56,0,0
2008-12-16 00:00:00+00:00,1192.0,1244.0,1192.0,1243.0,54,0,0
2008-12-17 00:00:00+00:00,1224.0,1242.0,1212.0,1226.0,59,0,0
2008-12-18 00:00:00+00:00,1231.0,1234.0,1193.0,1205.0,57,0,0
2008-12-19 00:00:00+00:00,1217.0,1235.0,1211.0,1217.0,49,0,0
2008-12-22 00:00:00+00:00,1217.0,1217.0,1169.0,1189.0,69,0,0
2008-12-23 00:00:00+00:00,1197.0,1204.0,1176.0,1183.0,43,0,0
2008-12-24 00:00:00+00:00,1184.0,1188.0,1179.0,1184.0,19,0,0
2008-12-26 00:00:00+00:00,1189.0,1190.0,1179.0,1185.0,19,0,0
2008-12-29 00:00:00+00:00,1187.0,1188.0,1158.0,1173.0,47,0,0
2008-12-30 00:00:00+00:00,1180.0,1203.0,1178.0,1201.0,30,0,0
2008-12-31 00:00:00+00:00,1202.0,1223.0,1200.0,1212.0,37,0,0
2009-01-02 00:00:00+00:00,1212.0,1266.0,1209.0,1264.0,63,0,0
2009-01-05 00:00:00+00:00,1259.0,1274.0,1245.0,1263.0,55,0,0
2009-01-06 00:00:00+00:00,1274.0,1286.0,1266.0,1274.0,41,0,0
2009-01-07 00:00:00+00:00,1250.0,1256.0,1228.0,1239.0,46,0,0
2009-01-08 00:00:00+00:00,1233.0,1253.0,1224.0,1253.0,39,0,0
2009-01-09 00:00:00+00:00,1255.0,1255.0,1218.0,1223.0,43,0,0
2009-01-12 00:00:00+00:00,1224.0,1225.0,1189.0,1201.0,50,0,0
2009-01-13 00:00:00+00:00,1199.0,1219.0,1187.0,1203.0,61,0,0
2009-01-14 00:00:00+00:00,1184.0,1190.0,1158.0,1163.0,44,0,0
2009-01-15 00:00:00+00:00,1157.0,1192.0,1142.0,1184.0,74,0,0
2009-01-16 00:00:00+00:00,1202.0,1203.0,1168.0,1198.0,67,0,0
2009-01-20 00:00:00+00:00,1192.0,1196.0,1137.0,1137.0,64,0,0
2009-01-21 00:00:00+00:00,1155.0,1186.0,1142.0,1186.0,58,0,0
2009-01-22 00:00:00+00:00,1161.0,1188.0,1150.0,1168.0,70,0,0
2009-01-23 00:00:00+00:00,1149.0,1193.0,1145.0,1176.0,70,0,0
2009-01-26 00:00:00+00:00,1176.0,1203.0,1169.0,1185.0,60,0,0
2009-01-27 00:00:00+00:00,1190.0,1202.0,1184.0,1194.0,33,0,0
2009-01-28 00:00:00+00:00,1215.0,1245.0,1213.0,1236.0,44,0,0
2009-01-29 00:00:00+00:00,1217.0,1221.0,1199.0,1204.0,32,0,0
2009-01-30 00:00:00+00:00,1210.0,1216.0,1177.0,1180.0,49,0,0
2009-02-02 00:00:00+00:00,1170.0,1203.0,1168.0,1196.0,45,0,0
2009-02-03 00:00:00+00:00,1197.0,1219.0,1181.0,1216.0,58,0,0
2009-02-04 00:00:00+00:00,1216.0,1244.0,1211.0,1215.0,66,0,0
2009-02-05 00:00:00+00:00,1201.0,1250.0,1200.0,1245.0,57,0,0
2009-02-06 00:00:00+00:00,1247.0,1280.0,1244.0,1277.0,43,0,0
2009-02-09 00:00:00+00:00,1277.0,1286.0,1268.0,1282.0,32,0,0
2009-02-10 00:00:00+00:00,1269.0,1287.0,1224.0,1229.0,87,0,0
2009-02-11 00:00:00+00:00,1229.0,1240.0,1209.0,1227.0,61,0,0
2009-02-12 00:00:00+00:00,1209.0,1243.0,1206.0,1243.0,41,0,0
2009-02-13 00:00:00+00:00,1241.0,1250.0,1232.0,1237.0,33,0,0
2009-02-17 00:00:00+00:00,1201.0,1204.0,1181.0,1187.0,33,0,0
2009-02-18 00:00:00+00:00,1194.0,1204.0,1173.0,1189.0,58,0,0
2009-02-19 00:00:00+00:00,1197.0,1202.0,1167.0,1168.0,42,0,0
2009-02-20 00:00:00+00:00,1161.0,1183.0,1153.0,1173.0,49,0,0
2009-02-23 00:00:00+00:00,1176.0,1180.0,1127.0,1129.0,60,0,0
2009-02-24 00:00:00+00:00,1133.0,1177.0,1133.0,1171.0,51,0,0
2009-02-25 00:00:00+00:00,1161.0,1184.0,1143.0,1161.0,83,0,0
2009-02-26 00:00:00+00:00,1170.0,1175.0,1127.0,1127.0,54,0,0
2009-02-27 00:00:00+00:00,1111.0,1135.0,1111.0,1117.0,43,0,0
2009-03-02 00:00:00+00:00,1099.0,1116.0,1075.0,1077.0,61,0,0
2009-03-03 00:00:00+00:00,1088.0,1102.0,1073.0,1081.0,52,0,0
2009-03-04 00:00:00+00:00,1098.0,1125.0,1094.0,1110.0,51,0,0
2009-03-05 00:00:00+00:00,1094.0,1106.0,1073.0,1075.0,48,0,0
2009-03-06 00:00:00+00:00,1078.0,1088.0,1044.0,1065.0,76,0,0
2009-03-09 00:00:00+00:00,1055.0,1087.0,1041.0,1044.0,82,0,0
2009-03-10 00:00:00+00:00,1064.0,1109.0,1060.0,1100.0,63,0,0
2009-03-11 00:00:00+00:00,1123.0,1166.0,1111.0,1163.0,453,0,0
2009-03-12 00:00:00+00:00,1163.0,1174.0,1148.0,1165.0,265,0,0
2009-03-15 00:00:00+00:00,1165.0,1178.0,1141.0,1151.0,281,0,0
2009-03-16 00:00:00+00:00,1151.0,1191.0,1147.0,1190.0,281,0,0
2009-03-17 00:00:00+00:00,1190.0,1225.0,1179.0,1209.0,394,0,0
2009-03-18 00:00:00+00:00,1209.0,1220.0,1192.0,1201.0,539,0,0
2009-03-19 00:00:00+00:00,1201.0,1217.0,1175.0,1183.0,351,0,0
2009-03-22 00:00:00+00:00,1183.0,1258.0,1183.0,1253.0,458,0,0
2009-03-23 00:00:00+00:00,1253.0,1256.0,1231.0,1232.0,467,0,0
2009-03-24 00:00:00+00:00,1232.0,1254.0,1205.0,1237.0,435,0,0
2009-03-25 00:00:00+00:00,1237.0,1281.0,1237.0,1274.0,587,0,0
2009-03-26 00:00:00+00:00,1274.0,1277.0,1248.0,1251.0,609,0,0
2009-03-29 00:00:00+00:00,1251.0,1255.0,1203.0,1224.0,413,0,0
2009-03-30 00:00:00+00:00,1224.0,1256.0,1222.0,1225.0,330,0,0
2009-03-31 00:00:00+00:00,1225.0,1253.0,1209.0,1249.0,740,0,0
2009-04-01 00:00:00+00:00,1249.0,1308.0,1247.0,1301.0,666,0,0
2009-04-02 00:00:00+00:00,1301.0,1312.0,1291.0,1312.0,448,0,0
2009-04-05 00:00:00+00:00,1312.0,1325.0,1283.0,1312.0,398,0,0
2009-04-06 00:00:00+00:00,1312.0,1315.0,1265.0,1279.0,462,0,0
2009-04-07 00:00:00+00:00,1279.0,1305.0,1265.0,1301.0,459,0,0
2009-04-08 00:00:00+00:00,1301.0,1341.0,1299.0,1337.0,469,0,0
2009-04-12 00:00:00+00:00,1337.0,1353.0,1321.0,1334.0,224,0,0
2009-04-13 00:00:00+00:00,1334.0,1341.0,1305.0,1306.0,442,0,0
2009-04-14 00:00:00+00:00,1306.0,1319.0,1293.0,1317.0,450,0,0
2009-04-15 00:00:00+00:00,1317.0,1358.0,1307.0,1342.0,482,0,0
2009-04-16 00:00:00+00:00,1342.0,1360.0,1336.0,1352.0,332,0,0
2009-04-19 00:00:00+00:00,1352.0,1352.0,1301.0,1314.0,390,0,0
2009-04-20 00:00:00+00:00,1314.0,1330.0,1300.0,1328.0,462,0,0
2009-04-21 00:00:00+00:00,1328.0,1361.0,1315.0,1332.0,491,0,0
2009-04-22 00:00:00+00:00,1332.0,1353.0,1319.0,1346.0,560,0,0
2009-04-23 00:00:00+00:00,1346.0,1378.0,1335.0,1369.0,428,0,0
2009-04-26 00:00:00+00:00,1369.0,1383.0,1350.0,1368.0,521,0,0
2009-04-27 00:00:00+00:00,1368.0,1378.0,1351.0,1357.0,561,0,0
2009-04-28 00:00:00+00:00,1357.0,1398.0,1356.0,1380.0,366,0,0
2009-04-29 00:00:00+00:00,1380.0,1418.0,1377.0,1391.0,435,0,0
2009-04-30 00:00:00+00:00,1391.0,1403.0,1382.0,1396.0,285,0,0
2009-05-03 00:00:00+00:00,1396.0,1426.0,1396.0,1426.0,397,0,0
2009-05-04 00:00:00+00:00,1426.0,1429.0,1407.0,1427.0,339,0,0
2009-05-05 00:00:00+00:00,1427.0,1435.0,1399.0,1419.0,529,0,0
2009-05-06 00:00:00+00:00,1419.0,1436.0,1375.0,1391.0,505,0,0
2009-05-07 00:00:00+00:00,1391.0,1411.0,1376.0,1391.0,496,0,0
2009-05-10 00:00:00+00:00,1391.0,1409.0,1367.0,1394.0,407,0,0
2009-05-11 00:00:00+00:00,1394.0,1406.0,1360.0,1385.0,352,0,0
2009-05-12 00:00:00+00:00,1385.0,1389.0,1338.0,1343.0,481,0,0
2009-05-13 00:00:00+00:00,1343.0,1368.0,1336.0,1355.0,476,0,0
2009-05-14 00:00:00+00:00,1355.0,1372.0,1341.0,1355.0,428,0,0
2009-05-17 00:00:00+00:00,1355.0,1392.0,1342.0,1389.0,449,0,0
2009-05-18 00:00:00+00:00,1389.0,1410.0,1379.0,1390.0,334,0,0
2009-05-19 00:00:00+00:00,1390.0,1422.0,1387.0,1393.0,547,0,0
2009-05-20 00:00:00+00:00,1393.0,1393.0,1352.0,1370.0,471,0,0
2009-05-21 00:00:00+00:00,1370.0,1379.0,1352.0,1361.0,333,0,0
2009-05-24 00:00:00+00:00,1361.0,1364.0,1350.0,1363.0,27,0,0
2009-05-25 00:00:00+00:00,1363.0,1414.0,1342.0,1411.0,540,0,0
2009-05-26 00:00:00+00:00,1411.0,1427.0,1396.0,1400.0,577,0,0
2009-05-27 00:00:00+00:00,1400.0,1423.0,1388.0,1417.0,612,0,0
2009-05-28 00:00:00+00:00,1417.0,1439.0,1410.0,1439.0,329,0,0
2009-05-31 00:00:00+00:00,1439.0,1481.0,1429.0,1469.0,495,0,0
2009-06-01 00:00:00+00:00,1469.0,1493.0,1463.0,1477.0,547,0,0
2009-06-02 00:00:00+00:00,1477.0,1483.0,1458.0,1475.0,357,0,0
2009-06-03 00:00:00+00:00,1475.0,1492.0,1472.0,1492.0,412,0,0
2009-06-04 00:00:00+00:00,1492.0,1510.0,1477.0,1492.0,403,0,0
2009-06-07 00:00:00+00:00,1492.0,1497.0,1465.0,1489.0,412,0,0
2009-06-08 00:00:00+00:00,1489.0,1508.0,1485.0,1498.0,396,0,0
2009-06-09 00:00:00+00:00,1498.0,1516.0,1472.0,1495.0,473,0,0
2009-06-10 00:00:00+00:00,1495.0,1511.0,1487.0,1488.0,284,0,0
2009-06-11 00:00:00+00:00,1488.0,1496.0,1468.0,1487.0,168,0,0
2009-06-14 00:00:00+00:00,1487.0,1487.0,1443.0,1457.0,211,0,0
2009-06-15 00:00:00+00:00,1457.0,1468.0,1441.0,1444.0,249,0,0
2009-06-16 00:00:00+00:00,1444.0,1469.0,1438.0,1453.0,285,0,0
2009-06-17 00:00:00+00:00,1453.0,1463.0,1443.0,1448.0,254,0,0
2009-06-18 00:00:00+00:00,1448.0,1475.0,1447.0,1467.0,281,0,0
2009-06-21 00:00:00+00:00,1467.0,1469.0,1420.0,1427.0,362,0,0
2009-06-22 00:00:00+00:00,1427.0,1433.0,1411.0,1424.0,412,0,0
2009-06-23 00:00:00+00:00,1424.0,1457.0,1421.0,1447.0,279,0,0
2009-06-24 00:00:00+00:00,1447.0,1477.0,1433.0,1474.0,426,0,0
2009-06-25 00:00:00+00:00,1474.0,1483.0,1465.0,1477.0,188,0,0
2009-06-28 00:00:00+00:00,1477.0,1493.0,1467.0,1482.0,225,0,0
2009-06-29 00:00:00+00:00,1482.0,1492.0,1466.0,1477.0,341,0,0
2009-06-30 00:00:00+00:00,1477.0,1497.0,1475.0,1479.0,258,0,0
2009-07-01 00:00:00+00:00,1479.0,1479.0,1439.0,1440.0,284,0,0
2009-07-02 00:00:00+00:00,1440.0,1451.0,1440.0,1444.0,62,0,0
2009-07-05 00:00:00+00:00,1444.0,1445.0,1423.0,1441.0,283,0,0
2009-07-06 00:00:00+00:00,1441.0,1447.0,1402.0,1407.0,334,0,0
2009-07-07 00:00:00+00:00,1407.0,1416.0,1393.0,1410.0,390,0,0
2009-07-08 00:00:00+00:00,1410.0,1422.0,1407.0,1414.0,285,0,0
2009-07-09 00:00:00+00:00,1414.0,1427.0,1404.0,1419.0,294,0,0
2009-07-12 00:00:00+00:00,1419.0,1447.0,1400.0,1443.0,337,0,0
2009-07-13 00:00:00+00:00,1443.0,1475.0,1438.0,1473.0,402,0,0
2009-07-14 00:00:00+00:00,1473.0,1500.0,1467.0,1496.0,286,0,0
2009-07-15 00:00:00+00:00,1496.0,1519.0,1488.0,1510.0,319,0,0
2009-07-16 00:00:00+00:00,1510.0,1525.0,1504.0,1524.0,280,0,0
2009-07-19 00:00:00+00:00,1524.0,1543.0,1523.0,1537.0,321,0,0
2009-07-20 00:00:00+00:00,1537.0,1559.0,1528.0,1559.0,401,0,0
2009-07-21 00:00:00+00:00,1559.0,1570.0,1545.0,1558.0,343,0,0
2009-07-22 00:00:00+00:00,1558.0,1603.0,1554.0,1572.0,426,0,0
2009-07-23 00:00:00+00:00,1572.0,1598.0,1571.0,1597.0,253,0,0
2009-07-26 00:00:00+00:00,1597.0,1608.0,1578.0,1597.0,415,0,0
2009-07-27 00:00:00+00:00,1597.0,1607.0,1581.0,1600.0,375,0,0
2009-07-28 00:00:00+00:00,1600.0,1603.0,1583.0,1600.0,417,0,0
2009-07-29 00:00:00+00:00,1600.0,1631.0,1599.0,1606.0,403,0,0
2009-07-30 00:00:00+00:00,1606.0,1618.0,1600.0,1601.0,409,0,0
2009-08-02 00:00:00+00:00,1601.0,1627.0,1600.0,1626.0,320,0,0
2009-08-03 00:00:00+00:00,1626.0,1632.0,1612.0,1630.0,426,0,0
2009-08-04 00:00:00+00:00,1630.0,1630.0,1602.0,1606.0,466,0,0
2009-08-05 00:00:00+00:00,1606.0,1622.0,1593.0,1600.0,355,0,0
2009-08-06 00:00:00+00:00,1600.0,1627.0,1595.0,1619.0,313,0,0
2009-08-09 00:00:00+00:00,1619.0,1619.0,1597.0,1611.0,347,0,0
2009-08-10 00:00:00+00:00,1611.0,1617.0,1585.0,1596.0,381,0,0
2009-08-11 00:00:00+00:00,1596.0,1633.0,1587.0,1620.0,323,0,0
2009-08-12 00:00:00+00:00,1620.0,1638.0,1609.0,1632.0,366,0,0
2009-08-13 00:00:00+00:00,1632.0,1633.0,1594.0,1609.0,272,0,0
2009-08-16 00:00:00+00:00,1609.0,1615.0,1561.0,1566.0,488,0,0
2009-08-17 00:00:00+00:00,1566.0,1587.0,1563.0,1584.0,337,0,0
2009-08-18 00:00:00+00:00,1584.0,1599.0,1564.0,1597.0,350,0,0
2009-08-19 00:00:00+00:00,1597.0,1618.0,1591.0,1613.0,218,0,0
2009-08-20 00:00:00+00:00,1613.0,1639.0,1600.0,1636.0,442,0,0
2009-08-23 00:00:00+00:00,1636.0,1647.0,1628.0,1633.0,340,0,0
2009-08-24 00:00:00+00:00,1633.0,1655.0,1625.0,1636.0,1284,0,0
2009-08-25 00:00:00+00:00,1636.0,1648.0,1627.0,1636.0,549,0,0
2009-08-26 00:00:00+00:00,1636.0,1643.0,1610.0,1639.0,420,0,0
2009-08-27 00:00:00+00:00,1639.0,1668.0,1630.0,1641.0,306,0,0
2009-08-30 00:00:00+00:00,1641.0,1644.0,1615.0,1624.0,209,0,0
2009-08-31 00:00:00+00:00,1624.0,1648.0,1590.0,1595.0,514,0,0
2009-09-01 00:00:00+00:00,1595.0,1602.0,1585.0,1592.0,442,0,0
2009-09-02 00:00:00+00:00,1592.0,1608.0,1584.0,1605.0,413,0,0
2009-09-03 00:00:00+00:00,1605.0,1640.0,1601.0,1638.0,247,0,0
2009-09-06 00:00:00+00:00,1638.0,1643.0,1633.0,1643.0,80,0,0
2009-09-07 00:00:00+00:00,1643.0,1655.0,1639.0,1651.0,399,0,0
2009-09-08 00:00:00+00:00,1651.0,1675.0,1644.0,1666.0,446,0,0
2009-09-09 00:00:00+00:00,1666.0,1685.0,1661.0,1683.0,301,0,0
2009-09-10 00:00:00+00:00,1683.0,1690.0,1673.0,1685.0,360,0,0
2009-09-13 00:00:00+00:00,1685.0,1692.0,1666.0,1686.0,159,0,0
2009-09-14 00:00:00+00:00,1686.0,1702.0,1680.0,1694.0,254,0,0
2009-09-15 00:00:00+00:00,1694.0,1723.0,1694.0,1717.0,161,0,0
2009-09-16 00:00:00+00:00,1717.0,1740.0,1713.0,1721.0,290,0,0
2009-09-17 00:00:00+00:00,1721.0,1731.0,1713.0,1724.0,319,0,0
2009-09-20 00:00:00+00:00,1724.0,1734.0,1707.0,1728.0,290,0,0
2009-09-21 00:00:00+00:00,1728.0,1741.0,1725.0,1733.0,169,0,0
2009-09-22 00:00:00+00:00,1733.0,1741.0,1729.0,1739.0,187,0,0
2009-09-23 00:00:00+00:00,1739.0,1753.0,1696.0,1701.0,464,0,0
2009-09-24 00:00:00+00:00,1701.0,1712.0,1691.0,1696.0,399,0,0
2009-09-27 00:00:00+00:00,1696.0,1732.0,1688.0,1728.0,193,0,0
2009-09-28 00:00:00+00:00,1728.0,1732.0,1707.0,1718.0,737,0,0
2009-09-29 00:00:00+00:00,1718.0,1726.0,1689.0,1723.0,425,0,0
2009-09-30 00:00:00+00:00,1723.0,1730.0,1671.0,1676.0,980,0,0
2009-10-01 00:00:00+00:00,1676.0,1680.0,1650.0,1662.0,351,0,0
2009-10-04 00:00:00+00:00,1662.0,1679.0,1658.0,1675.0,973,0,0
2009-10-05 00:00:00+00:00,1675.0,1711.0,1670.0,1704.0,975,0,0
2009-10-06 00:00:00+00:00,1704.0,1708.0,1686.0,1704.0,1343,0,0
2009-10-07 00:00:00+00:00,1704.0,1730.0,1697.0,1727.0,1194,0,0
2009-10-08 00:00:00+00:00,1727.0,1727.0,1706.0,1721.0,531,0,0
2009-10-11 00:00:00+00:00,1721.0,1740.0,1721.0,1732.0,222,0,0
2009-10-12 00:00:00+00:00,1732.0,1735.0,1716.0,1729.0,1164,0,0
2009-10-13 00:00:00+00:00,1729.0,1751.0,1723.0,1746.0,690,0,0
2009-10-14 00:00:00+00:00,1746.0,1753.0,1736.0,1742.0,992,0,0
2009-10-15 00:00:00+00:00,1742.0,1758.0,1725.0,1729.0,868,0,0
2009-10-18 00:00:00+00:00,1729.0,1757.0,1724.0,1754.0,757,0,0
2009-10-19 00:00:00+00:00,1754.0,1774.0,1744.0,1747.0,433,0,0
2009-10-20 00:00:00+00:00,1747.0,1780.0,1746.0,1769.0,861,0,0
2009-10-21 00:00:00+00:00,1769.0,1775.0,1738.0,1750.0,748,0,0
2009-10-22 00:00:00+00:00,1750.0,1779.0,1748.0,1758.0,404,0,0
2009-10-25 00:00:00+00:00,1758.0,1777.0,1738.0,1748.0,177,0,0
2009-10-26 00:00:00+00:00,1748.0,1752.0,1723.0,1727.0,579,0,0
2009-10-27 00:00:00+00:00,1727.0,1729.0,1687.0,1690.0,537,0,0
2009-10-28 00:00:00+00:00,1690.0,1709.0,1678.0,1706.0,408,0,0
2009-10-29 00:00:00+00:00,1706.0,1713.0,1679.0,1684.0,285,0,0
2009-11-01 00:00:00+00:00,1684.0,1688.0,1655.0,1680.0,365,0,0
2009-11-02 00:00:00+00:00,1680.0,1681.0,1651.0,1664.0,719,0,0
2009-11-03 00:00:00+00:00,1664.0,1700.0,1659.0,1694.0,698,0,0
2009-11-04 00:00:00+00:00,1694.0,1722.0,1672.0,1712.0,590,0,0
2009-11-05 00:00:00+00:00,1712.0,1737.0,1706.0,1722.0,283,0,0
2009-11-08 00:00:00+00:00,1722.0,1760.0,1722.0,1758.0,134,0,0
2009-11-09 00:00:00+00:00,1758.0,1777.0,1757.0,1766.0,189,0,0
2009-11-10 00:00:00+00:00,1766.0,1793.0,1763.0,1776.0,210,0,0
2009-11-11 00:00:00+00:00,1776.0,1794.0,1771.0,1779.0,232,0,0
2009-11-12 00:00:00+00:00,1779.0,1787.0,1769.0,1784.0,256,0,0
2009-11-15 00:00:00+00:00,1784.0,1813.0,1784.0,1812.0,146,0,0
2009-11-16 00:00:00+00:00,1812.0,1814.0,1796.0,1803.0,223,0,0
2009-11-17 00:00:00+00:00,1803.0,1814.0,1791.0,1798.0,140,0,0
2009-11-18 00:00:00+00:00,1798.0,1803.0,1761.0,1768.0,190,0,0
2009-11-19 00:00:00+00:00,1768.0,1776.0,1756.0,1760.0,115,0,0
2009-11-22 00:00:00+00:00,1760.0,1800.0,1760.0,1789.0,191,0,0
2009-11-23 00:00:00+00:00,1789.0,1792.0,1774.0,1781.0,269,0,0
2009-11-24 00:00:00+00:00,1781.0,1798.0,1777.0,1792.0,288,0,0
2009-11-25 00:00:00+00:00,1792.0,1796.0,1745.0,1749.0,117,0,0
2009-11-26 00:00:00+00:00,1749.0,1776.0,1722.0,1773.0,395,0,0
2009-11-29 00:00:00+00:00,1773.0,1774.0,1749.0,1752.0,318,0,0
2009-11-30 00:00:00+00:00,1752.0,1792.0,1751.0,1792.0,370,0,0
2009-12-01 00:00:00+00:00,1792.0,1805.0,1785.0,1794.0,166,0,0
2009-12-02 00:00:00+00:00,1794.0,1805.0,1785.0,1795.0,309,0,0
2009-12-03 00:00:00+00:00,1795.0,1815.0,1775.0,1807.0,144,0,0
2009-12-06 00:00:00+00:00,1807.0,1807.0,1778.0,1790.0,144,0,0
2009-12-07 00:00:00+00:00,1790.0,1792.0,1759.0,1782.0,214,0,0
2009-12-08 00:00:00+00:00,1782.0,1783.0,1757.0,1775.0,269,0,0
2009-12-09 00:00:00+00:00,1775.0,1807.0,1768.0,1802.0,308,0,0
2009-12-10 00:00:00+00:00,1802.0,1811.0,1796.0,1800.0,115,0,0
2009-12-13 00:00:00+00:00,1800.0,1809.0,1787.0,1802.0,85,0,0
2009-12-14 00:00:00+00:00,1802.0,1812.0,1796.0,1807.0,135,0,0
2009-12-15 00:00:00+00:00,1807.0,1813.0,1792.0,1809.0,145,0,0
2009-12-16 00:00:00+00:00,1809.0,1810.0,1776.0,1781.0,217,0,0
2009-12-17 00:00:00+00:00,1781.0,1803.0,1775.0,1793.0,99,0,0
2009-12-20 00:00:00+00:00,1793.0,1832.0,1793.0,1829.0,152,0,0
2009-12-21 00:00:00+00:00,1829.0,1841.0,1824.0,1835.0,283,0,0
2009-12-22 00:00:00+00:00,1835.0,1850.0,1834.0,1847.0,200,0,0
2009-12-23 00:00:00+00:00,1847.0,1867.0,1846.0,1867.0,123,0,0
2009-12-27 00:00:00+00:00,1867.0,1882.0,1863.0,1878.0,46,0,0
2009-12-28 00:00:00+00:00,1878.0,1882.0,1868.0,1872.0,76,0,0
2009-12-29 00:00:00+00:00,1872.0,1881.0,1863.0,1874.0,115,0,0
2009-12-30 00:00:00+00:00,1874.0,1882.0,1869.0,1871.0,45,0,0
2010-01-03 00:00:00+00:00,1871.0,1889.0,1866.0,1888.0,169,0,0
2010-01-04 00:00:00+00:00,1888.0,1889.0,1879.0,1883.0,132,0,0
2010-01-05 00:00:00+00:00,1883.0,1891.0,1875.0,1881.0,95,0,0
2010-01-06 00:00:00+00:00,1881.0,1885.0,1865.0,1870.0,179,0,0
2010-01-07 00:00:00+00:00,1870.0,1885.0,1865.0,1881.0,134,0,0
2010-01-10 00:00:00+00:00,1881.0,1899.0,1874.0,1881.0,86,0,0
2010-01-11 00:00:00+00:00,1881.0,1886.0,1861.0,1865.0,286,0,0
2010-01-12 00:00:00+00:00,1865.0,1872.0,1850.0,1864.0,206,0,0
2010-01-13 00:00:00+00:00,1864.0,1889.0,1864.0,1881.0,155,0,0
2010-01-14 00:00:00+00:00,1881.0,1894.0,1866.0,1871.0,280,0,0
2010-01-17 00:00:00+00:00,1871.0,1873.0,1858.0,1873.0,105,0,0
2010-01-18 00:00:00+00:00,1873.0,1889.0,1857.0,1886.0,205,0,0
2010-01-19 00:00:00+00:00,1886.0,1895.0,1845.0,1853.0,360,0,0
2010-01-20 00:00:00+00:00,1853.0,1884.0,1841.0,1846.0,338,0,0
2010-01-21 00:00:00+00:00,1846.0,1858.0,1825.0,1832.0,357,0,0
2010-01-22 00:00:00+00:00,1842.0,1849.0,1791.0,1795.0,70,0,0
2010-01-24 00:00:00+00:00,1832.0,1832.0,1793.0,1798.0,201,0,0
2010-01-25 00:00:00+00:00,1798.0,1817.0,1784.0,1815.0,440,0,0
2010-01-26 00:00:00+00:00,1815.0,1824.0,1790.0,1801.0,396,0,0
2010-01-27 00:00:00+00:00,1801.0,1822.0,1761.0,1766.0,482,0,0
2010-01-28 00:00:00+00:00,1766.0,1790.0,1760.0,1775.0,344,0,0
2010-01-31 00:00:00+00:00,1775.0,1775.0,1738.0,1745.0,368,0,0
2010-02-01 00:00:00+00:00,1745.0,1768.0,1744.0,1766.0,401,0,0
2010-02-02 00:00:00+00:00,1766.0,1780.0,1764.0,1772.0,187,0,0
2010-02-03 00:00:00+00:00,1772.0,1793.0,1739.0,1744.0,381,0,0
2010-02-04 00:00:00+00:00,1744.0,1746.0,1722.0,1737.0,794,0,0
2010-02-07 00:00:00+00:00,1737.0,1754.0,1732.0,1751.0,732,0,0
2010-02-08 00:00:00+00:00,1751.0,1758.0,1731.0,1755.0,922,0,0
2010-02-09 00:00:00+00:00,1755.0,1768.0,1737.0,1743.0,1680,0,0
2010-02-10 00:00:00+00:00,1751.0,1773.0,1737.0,1771.0,1573,0,0
2010-02-11 00:00:00+00:00,1747.0,1779.0,1737.0,1768.0,4083,0,0
2010-02-12 00:00:00+00:00,1777.0,1783.0,1755.0,1778.0,3708,0,0
2010-02-14 00:00:00+00:00,1778.0,1785.0,1776.0,1778.0,93,0,0
2010-02-15 00:00:00+00:00,1780.0,1799.0,1776.0,1797.0,865,0,0
2010-02-16 00:00:00+00:00,1780.0,1810.0,1778.0,1802.0,2541,0,0
2010-02-17 00:00:00+00:00,1800.0,1817.0,1798.0,1815.0,2213,0,0
2010-02-18 00:00:00+00:00,1812.0,1829.0,1802.0,1828.0,2263,0,0
2010-02-19 00:00:00+00:00,1809.0,1830.0,1802.0,1821.0,2091,0,0
2010-02-21 00:00:00+00:00,1821.0,1832.0,1810.0,1812.0,238,0,0
2010-02-22 00:00:00+00:00,1820.0,1832.0,1792.0,1793.0,1833,0,0
2010-02-23 00:00:00+00:00,1818.0,1828.0,1785.0,1813.0,2324,0,0
2010-02-24 00:00:00+00:00,1800.0,1819.0,1780.0,1783.0,2060,0,0
2010-02-25 00:00:00+00:00,1813.0,1822.0,1780.0,1817.0,2770,0,0
2010-02-26 00:00:00+00:00,1812.0,1822.0,1803.0,1819.0,1995,0,0
2010-02-28 00:00:00+00:00,1819.0,1845.0,1819.0,1843.0,834,0,0
2010-03-01 00:00:00+00:00,1823.0,1858.0,1823.0,1857.0,1423,0,0
2010-03-02 00:00:00+00:00,1845.0,1862.0,1842.0,1859.0,2006,0,0
2010-03-03 00:00:00+00:00,1852.0,1861.0,1844.0,1853.0,2321,0,0
2010-03-04 00:00:00+00:00,1851.0,1885.0,1844.0,1882.0,1818,0,0
2010-03-05 00:00:00+00:00,1858.0,1889.0,1858.0,1886.0,1371,0,0
2010-03-07 00:00:00+00:00,1886.0,1892.0,1882.0,1889.0,87,0,0
2010-03-08 00:00:00+00:00,1885.0,1905.0,1880.0,1903.0,1300,0,0
2010-03-09 00:00:00+00:00,1886.0,1918.0,1880.0,1916.0,1434,0,0
2010-03-10 00:00:00+00:00,1900.0,1920.0,1898.0,1915.0,1607,0,0
2010-03-11 00:00:00+00:00,1915.0,1931.0,1908.0,1922.0,1433,0,0
2010-03-12 00:00:00+00:00,1923.0,1931.0,1915.0,1923.0,1123,0,0
2010-03-14 00:00:00+00:00,1923.0,1924.0,1906.0,1909.0,106,0,0
2010-03-15 00:00:00+00:00,1924.0,1928.0,1906.0,1925.0,1261,0,0
2010-03-16 00:00:00+00:00,1919.0,1939.0,1917.0,1938.0,1246,0,0
2010-03-17 00:00:00+00:00,1928.0,1943.0,1927.0,1936.0,984,0,0
2010-03-18 00:00:00+00:00,1935.0,1949.0,1926.0,1927.0,1642,0,0
2010-03-19 00:00:00+00:00,1941.0,1949.0,1923.0,1929.0,1806,0,0
2010-03-21 00:00:00+00:00,1929.0,1955.0,1920.0,1949.0,1009,0,0
2010-03-22 00:00:00+00:00,1924.0,1963.0,1920.0,1963.0,2684,0,0
2010-03-23 00:00:00+00:00,1951.0,1963.0,1942.0,1952.0,2391,0,0
2010-03-24 00:00:00+00:00,1963.0,1975.0,1946.0,1947.0,2791,0,0
2010-03-25 00:00:00+00:00,1953.0,1975.0,1940.0,1951.0,3317,0,0
2010-03-26 00:00:00+00:00,1945.0,1964.0,1940.0,1951.0,2523,0,0
2010-03-28 00:00:00+00:00,1951.0,1967.0,1951.0,1961.0,614,0,0
2010-03-29 00:00:00+00:00,1954.0,1973.0,1953.0,1964.0,2662,0,0
2010-03-30 00:00:00+00:00,1965.0,1973.0,1953.0,1959.0,2179,0,0
2010-03-31 00:00:00+00:00,1965.0,1978.0,1942.0,1955.0,2890,0,0
2010-04-01 00:00:00+00:00,1959.0,1978.0,1942.0,1963.0,2045,0,0
2010-04-02 00:00:00+00:00,1957.0,1963.0,1951.0,1963.0,274,0,0
2010-04-04 00:00:00+00:00,1965.0,1980.0,1956.0,1975.0,231,0,0
2010-04-05 00:00:00+00:00,1966.0,1987.0,1956.0,1979.0,1861,0,0
2010-04-06 00:00:00+00:00,1976.0,1987.0,1965.0,1976.0,2719,0,0
2010-04-07 00:00:00+00:00,1977.0,1985.0,1960.0,1980.0,1977,0,0
2010-04-08 00:00:00+00:00,1974.0,1993.0,1960.0,1992.0,1766,0,0
2010-04-09 00:00:00+00:00,1980.0,1993.0,1976.0,1992.0,1446,0,0
2010-04-11 00:00:00+00:00,2000.0,2003.0,1989.0,1992.0,270,0,0
2010-04-12 00:00:00+00:00,2001.0,2011.0,1985.0,2009.0,1976,0,0
2010-04-13 00:00:00+00:00,1991.0,2029.0,1985.0,2028.0,2205,0,0
2010-04-14 00:00:00+00:00,2011.0,2039.0,2009.0,2030.0,2007,0,0
2010-04-15 00:00:00+00:00,2028.0,2039.0,1999.0,2013.0,3117,0,0
2010-04-16 00:00:00+00:00,2030.0,2036.0,1999.0,2013.0,3971,0,0
2010-04-18 00:00:00+00:00,2005.0,2017.0,1987.0,2012.0,1021,0,0
2010-04-19 00:00:00+00:00,2006.0,2041.0,1987.0,2040.0,2993,0,0
2010-04-20 00:00:00+00:00,2013.0,2041.0,2008.0,2037.0,2525,0,0
2010-04-21 00:00:00+00:00,2036.0,2040.0,2019.0,2021.0,2557,0,0
2010-04-22 00:00:00+00:00,2022.0,2046.0,2002.0,2034.0,3518,0,0
2010-04-23 00:00:00+00:00,2035.0,2054.0,2031.0,2054.0,3047,0,0
2010-04-25 00:00:00+00:00,2051.0,2052.0,2050.0,2051.0,45,0,0
2010-04-26 00:00:00+00:00,2050.0,2060.0,2044.0,2047.0,2695,0,0
2010-04-27 00:00:00+00:00,2046.0,2052.0,2000.0,2009.0,5430,0,0
2010-04-28 00:00:00+00:00,2010.0,2024.0,1991.0,2010.0,6747,0,0
2010-04-29 00:00:00+00:00,2011.0,2045.0,2006.0,2043.0,4757,0,0
2010-04-30 00:00:00+00:00,2042.0,2048.0,1999.0,1999.0,4871,0,0
2010-05-02 00:00:00+00:00,2004.0,2007.0,2001.0,2007.0,48,0,0
2010-05-03 00:00:00+00:00,2008.0,2039.0,2000.0,2027.0,2447,0,0
2010-05-04 00:00:00+00:00,2028.0,2029.0,1953.0,1968.0,5389,0,0
2010-05-05 00:00:00+00:00,1967.0,1973.0,1936.0,1962.0,6612,0,0
2010-05-06 00:00:00+00:00,1961.0,1964.0,1738.0,1877.0,12345,0,0
2010-05-07 00:00:00+00:00,1876.0,1909.0,1807.0,1852.0,19127,0,0
2010-05-09 00:00:00+00:00,1883.0,1887.0,1876.0,1881.0,254,0,0
2010-05-10 00:00:00+00:00,1882.0,1944.0,1873.0,1940.0,10736,0,0
2010-05-11 00:00:00+00:00,1941.0,1966.0,1916.0,1926.0,8448,0,0
2010-05-12 00:00:00+00:00,1925.0,1977.0,1918.0,1968.0,7058,0,0
2010-05-13 00:00:00+00:00,1969.0,1982.0,1940.0,1945.0,6551,0,0
2010-05-14 00:00:00+00:00,1944.0,1952.0,1884.0,1905.0,9284,0,0
2010-05-16 00:00:00+00:00,1906.0,1913.0,1905.0,1906.0,83,0,0
2010-05-17 00:00:00+00:00,1905.0,1920.0,1872.0,1918.0,11100,0,0
2010-05-18 00:00:00+00:00,1917.0,1933.0,1877.0,1879.0,11482,0,0
2010-05-19 00:00:00+00:00,1878.0,1894.0,1851.0,1872.0,12999,0,0
2010-05-20 00:00:00+00:00,1873.0,1876.0,1792.0,1793.0,15764,0,0
2010-05-21 00:00:00+00:00,1792.0,1835.0,1767.0,1821.0,16162,0,0
2010-05-23 00:00:00+00:00,1819.0,1821.0,1814.0,1818.0,56,0,0
2010-05-24 00:00:00+00:00,1817.0,1841.0,1797.0,1807.0,8752,0,0
2010-05-25 00:00:00+00:00,1806.0,1835.0,1756.0,1830.0,11974,0,0
2010-05-26 00:00:00+00:00,1829.0,1851.0,1785.0,1789.0,10654,0,0
2010-05-27 00:00:00+00:00,1790.0,1869.0,1788.0,1864.0,8345,0,0
2010-05-28 00:00:00+00:00,1865.0,1873.0,1835.0,1849.0,7341,0,0
2010-05-30 00:00:00+00:00,1850.0,1858.0,1849.0,1856.0,93,0,0
2010-05-31 00:00:00+00:00,1857.0,1865.0,1854.0,1860.0,1405,0,0
2010-06-01 00:00:00+00:00,1861.0,1877.0,1824.0,1834.0,8410,0,0
2010-06-02 00:00:00+00:00,1835.0,1881.0,1831.0,1876.0,7488,0,0
2010-06-03 00:00:00+00:00,1877.0,1898.0,1870.0,1892.0,6853,0,0
2010-06-04 00:00:00+00:00,1891.0,1903.0,1823.0,1830.0,10705,0,0
2010-06-06 00:00:00+00:00,1829.0,1830.0,1816.0,1819.0,264,0,0
2010-06-07 00:00:00+00:00,1820.0,1845.0,1793.0,1796.0,6393,0,0
2010-06-08 00:00:00+00:00,1797.0,1817.0,1769.0,1793.0,6597,0,0
2010-06-09 00:00:00+00:00,1792.0,1822.0,1773.0,1778.0,5587,0,0
2010-06-10 00:00:00+00:00,1779.0,1831.0,1775.0,1823.0,5160,0,0
2010-06-11 00:00:00+00:00,1822.0,1848.0,1807.0,1846.0,4192,0,0
2010-06-13 00:00:00+00:00,1850.0,1851.0,1849.0,1851.0,28,0,0
2010-06-14 00:00:00+00:00,1852.0,1876.0,1843.0,1846.0,3580,0,0
2010-06-15 00:00:00+00:00,1847.0,1898.0,1845.0,1891.0,3723,0,0
2010-06-16 00:00:00+00:00,1890.0,1913.0,1879.0,1902.0,3865,0,0
2010-06-17 00:00:00+00:00,1901.0,1918.0,1893.0,1907.0,4882,0,0
2010-06-18 00:00:00+00:00,1908.0,1924.0,1904.0,1912.0,3439,0,0
2010-06-20 00:00:00+00:00,1925.0,1932.0,1925.0,1928.0,77,0,0
2010-06-21 00:00:00+00:00,1929.0,1940.0,1883.0,1900.0,4309,0,0
2010-06-22 00:00:00+00:00,1899.0,1916.0,1876.0,1880.0,4569,0,0
2010-06-23 00:00:00+00:00,1881.0,1889.0,1857.0,1865.0,5187,0,0
2010-06-24 00:00:00+00:00,1866.0,1874.0,1837.0,1847.0,4939,0,0
2010-06-25 00:00:00+00:00,1848.0,1855.0,1826.0,1841.0,6614,0,0
2010-06-27 00:00:00+00:00,1840.0,1843.0,1838.0,1839.0,60,0,0
2010-06-28 00:00:00+00:00,1840.0,1850.0,1820.0,1831.0,5753,0,0
2010-06-29 00:00:00+00:00,1832.0,1838.0,1748.0,1763.0,8781,0,0
2010-06-30 00:00:00+00:00,1764.0,1776.0,1732.0,1733.0,8357,0,0
2010-07-01 00:00:00+00:00,1734.0,1745.0,1697.0,1730.0,10491,0,0
2010-07-02 00:00:00+00:00,1731.0,1745.0,1709.0,1727.0,7469,0,0
2010-07-04 00:00:00+00:00,1721.0,1722.0,1718.0,1721.0,45,0,0
2010-07-05 00:00:00+00:00,1720.0,1729.0,1718.0,1719.0,1504,0,0
2010-07-06 00:00:00+00:00,1718.0,1762.0,1706.0,1734.0,4504,0,0
2010-07-07 00:00:00+00:00,1733.0,1791.0,1722.0,1789.0,4095,0,0
2010-07-08 00:00:00+00:00,1790.0,1803.0,1775.0,1794.0,4398,0,0
2010-07-09 00:00:00+00:00,1795.0,1813.0,1789.0,1813.0,3246,0,0
2010-07-11 00:00:00+00:00,1809.0,1812.0,1809.0,1811.0,35,0,0
2010-07-12 00:00:00+00:00,1810.0,1830.0,1801.0,1825.0,3082,0,0
2010-07-13 00:00:00+00:00,1826.0,1865.0,1818.0,1863.0,4156,0,0
2010-07-14 00:00:00+00:00,1864.0,1866.0,1838.0,1853.0,3530,0,0
2010-07-15 00:00:00+00:00,1852.0,1864.0,1829.0,1856.0,4882,0,0
2010-07-16 00:00:00+00:00,1855.0,1856.0,1800.0,1802.0,4499,0,0
2010-07-18 00:00:00+00:00,1797.0,1800.0,1795.0,1799.0,63,0,0
2010-07-19 00:00:00+00:00,1800.0,1821.0,1793.0,1796.0,3845,0,0
2010-07-20 00:00:00+00:00,1797.0,1857.0,1783.0,1849.0,4806,0,0
2010-07-21 00:00:00+00:00,1850.0,1860.0,1811.0,1816.0,5262,0,0
2010-07-22 00:00:00+00:00,1817.0,1869.0,1813.0,1853.0,4721,0,0
2010-07-23 00:00:00+00:00,1854.0,1874.0,1845.0,1872.0,4545,0,0
2010-07-25 00:00:00+00:00,1876.0,1878.0,1872.0,1875.0,42,0,0
2010-07-26 00:00:00+00:00,1874.0,1888.0,1866.0,1885.0,3438,0,0
2010-07-27 00:00:00+00:00,1886.0,1901.0,1878.0,1886.0,3542,0,0
2010-07-28 00:00:00+00:00,1885.0,1895.0,1865.0,1867.0,3340,0,0
2010-07-29 00:00:00+00:00,1868.0,1885.0,1839.0,1856.0,5688,0,0
2010-07-30 00:00:00+00:00,1857.0,1873.0,1832.0,1864.0,6659,0,0
2010-08-01 00:00:00+00:00,1868.0,1870.0,1867.0,1868.0,63,0,0
2010-08-02 00:00:00+00:00,1869.0,1902.0,1867.0,1894.0,3912,0,0
2010-08-03 00:00:00+00:00,1895.0,1898.0,1880.0,1894.0,3486,0,0
2010-08-04 00:00:00+00:00,1895.0,1910.0,1883.0,1904.0,4336,0,0
2010-08-05 00:00:00+00:00,1905.0,1913.0,1891.0,1903.0,3136,0,0
2010-08-06 00:00:00+00:00,1902.0,1908.0,1872.0,1901.0,5420,0,0
2010-08-08 00:00:00+00:00,1906.0,1906.0,1902.0,1903.0,36,0,0
2010-08-09 00:00:00+00:00,1902.0,1918.0,1899.0,1914.0,3190,0,0
2010-08-10 00:00:00+00:00,1913.0,1914.0,1881.0,1897.0,5399,0,0
2010-08-11 00:00:00+00:00,1896.0,1896.0,1813.0,1820.0,6176,0,0
2010-08-12 00:00:00+00:00,1819.0,1838.0,1807.0,1831.0,5203,0,0
2010-08-13 00:00:00+00:00,1832.0,1843.0,1815.0,1818.0,5485,0,0
2010-08-15 00:00:00+00:00,1817.0,1818.0,1816.0,1818.0,16,0,0
2010-08-16 00:00:00+00:00,1817.0,1833.0,1800.0,1821.0,5954,0,0
2010-08-17 00:00:00+00:00,1820.0,1860.0,1817.0,1841.0,5095,0,0
2010-08-18 00:00:00+00:00,1840.0,1862.0,1831.0,1839.0,5148,0,0
2010-08-19 00:00:00+00:00,1838.0,1850.0,1810.0,1822.0,7026,0,0
2010-08-20 00:00:00+00:00,1823.0,1830.0,1809.0,1826.0,5439,0,0
2010-08-22 00:00:00+00:00,1825.0,1832.0,1825.0,1831.0,45,0,0
2010-08-23 00:00:00+00:00,1830.0,1842.0,1805.0,1806.0,5400,0,0
2010-08-24 00:00:00+00:00,1807.0,1809.0,1766.0,1773.0,7415,0,0
2010-08-25 00:00:00+00:00,1772.0,1798.0,1757.0,1791.0,7102,0,0
2010-08-26 00:00:00+00:00,1792.0,1803.0,1762.0,1763.0,7629,0,0
2010-08-27 00:00:00+00:00,1764.0,1792.0,1744.0,1789.0,8233,0,0
2010-08-29 00:00:00+00:00,1794.0,1798.0,1794.0,1795.0,28,0,0
2010-08-30 00:00:00+00:00,1794.0,1805.0,1768.0,1770.0,5402,0,0
2010-08-31 00:00:00+00:00,1771.0,1781.0,1754.0,1774.0,8592,0,0
2010-09-01 00:00:00+00:00,1773.0,1824.0,1771.0,1819.0,6489,0,0
2010-09-02 00:00:00+00:00,1818.0,1840.0,1812.0,1837.0,5546,0,0
2010-09-03 00:00:00+00:00,1836.0,1869.0,1834.0,1869.0,5461,0,0
2010-09-05 00:00:00+00:00,1867.0,1867.0,1865.0,1867.0,29,0,0
2010-09-06 00:00:00+00:00,1868.0,1877.0,1866.0,1869.0,862,0,0
2010-09-07 00:00:00+00:00,1870.0,1873.0,1853.0,1857.0,5689,0,0
2010-09-08 00:00:00+00:00,1858.0,1887.0,1851.0,1880.0,5241,0,0
2010-09-09 00:00:00+00:00,1881.0,1897.0,1874.0,1885.0,4472,0,0
2010-09-10 00:00:00+00:00,1886.0,1896.0,1879.0,1891.0,3842,0,0
2010-09-12 00:00:00+00:00,1898.0,1902.0,1898.0,1900.0,101,0,0
2010-09-13 00:00:00+00:00,1901.0,1924.0,1900.0,1921.0,2967,0,0
2010-09-14 00:00:00+00:00,1920.0,1938.0,1912.0,1922.0,2783,0,0
2010-09-15 00:00:00+00:00,1923.0,1943.0,1916.0,1940.0,2829,0,0
2010-09-16 00:00:00+00:00,1941.0,1957.0,1931.0,1957.0,2902,0,0
2010-09-17 00:00:00+00:00,1956.0,1972.0,1945.0,1955.0,3155,0,0
2010-09-19 00:00:00+00:00,1956.0,1956.0,1952.0,1952.0,43,0,0
2010-09-20 00:00:00+00:00,1951.0,1993.0,1950.0,1983.0,3398,0,0
2010-09-21 00:00:00+00:00,1985.0,2001.0,1978.0,1984.0,5668,0,0
2010-09-22 00:00:00+00:00,1983.0,1995.0,1972.0,1985.0,5577,0,0
2010-09-23 00:00:00+00:00,1985.0,2002.0,1964.0,1983.0,5202,0,0
2010-09-24 00:00:00+00:00,1982.0,2024.0,1981.0,2023.0,3962,0,0
2010-09-26 00:00:00+00:00,2024.0,2033.0,2024.0,2029.0,94,0,0
2010-09-27 00:00:00+00:00,2028.0,2030.0,2009.0,2010.0,3680,0,0
2010-09-28 00:00:00+00:00,2009.0,2022.0,1979.0,2013.0,5858,0,0
2010-09-29 00:00:00+00:00,2012.0,2020.0,2001.0,2011.0,5860,0,0
2010-09-30 00:00:00+00:00,2010.0,2030.0,1985.0,1998.0,6829,0,0
2010-10-01 00:00:00+00:00,1999.0,2017.0,1987.0,1997.0,5859,0,0
2010-10-03 00:00:00+00:00,1998.0,1998.0,1991.0,1991.0,58,0,0
2010-10-04 00:00:00+00:00,1990.0,1999.0,1963.0,1979.0,4715,0,0
2010-10-05 00:00:00+00:00,1980.0,2026.0,1977.0,2023.0,3972,0,0
2010-10-06 00:00:00+00:00,2024.0,2026.0,1991.0,2005.0,4218,0,0
2010-10-07 00:00:00+00:00,2006.0,2021.0,1996.0,2015.0,4958,0,0
2010-10-08 00:00:00+00:00,2016.0,2030.0,1984.0,2026.0,5612,0,0
2010-10-10 00:00:00+00:00,2025.0,2028.0,2025.0,2027.0,39,0,0
2010-10-11 00:00:00+00:00,2028.0,2035.0,2020.0,2027.0,2796,0,0
2010-10-12 00:00:00+00:00,2026.0,2044.0,2005.0,2040.0,5592,0,0
2010-10-13 00:00:00+00:00,2039.0,2066.0,2037.0,2056.0,2770,0,0
2010-10-14 00:00:00+00:00,2057.0,2073.0,2042.0,2071.0,3402,0,0
2010-10-15 00:00:00+00:00,2070.0,2095.0,2061.0,2094.0,3608,0,0
2010-10-17 00:00:00+00:00,2095.0,2098.0,2094.0,2096.0,20,0,0
2010-10-18 00:00:00+00:00,2095.0,2106.0,2058.0,2066.0,3264,0,0
2010-10-19 00:00:00+00:00,2067.0,2086.0,2053.0,2066.0,4096,0,0
2010-10-20 00:00:00+00:00,2065.0,2099.0,2064.0,2091.0,2875,0,0
2010-10-21 00:00:00+00:00,2090.0,2105.0,2068.0,2083.0,3620,0,0
2010-10-22 00:00:00+00:00,2082.0,2104.0,2078.0,2101.0,2415,0,0
2010-10-24 00:00:00+00:00,2105.0,2109.0,2103.0,2104.0,74,0,0
2010-10-25 00:00:00+00:00,2103.0,2126.0,2103.0,2110.0,2545,0,0
2010-10-26 00:00:00+00:00,2109.0,2123.0,2093.0,2120.0,2683,0,0
2010-10-27 00:00:00+00:00,2119.0,2126.0,2103.0,2121.0,3196,0,0
2010-10-28 00:00:00+00:00,2122.0,2138.0,2110.0,2128.0,3016,0,0
2010-10-29 00:00:00+00:00,2129.0,2136.0,2118.0,2125.0,2849,0,0
2010-10-31 00:00:00+00:00,2126.0,2134.0,2126.0,2132.0,35,0,0
2010-11-01 00:00:00+00:00,2133.0,2147.0,2116.0,2128.0,2806,0,0
2010-11-02 00:00:00+00:00,2129.0,2155.0,2128.0,2154.0,2498,0,0
2010-11-03 00:00:00+00:00,2153.0,2167.0,2131.0,2165.0,4119,0,0
2010-11-04 00:00:00+00:00,2166.0,2192.0,2164.0,2183.0,2704,0,0
2010-11-05 00:00:00+00:00,2184.0,2191.0,2178.0,2182.0,2885,0,0
2010-11-07 00:00:00+00:00,2181.0,2185.0,2179.0,2184.0,28,0,0
2010-11-08 00:00:00+00:00,2185.0,2190.0,2175.0,2181.0,2500,0,0
2010-11-09 00:00:00+00:00,2180.0,2199.0,2165.0,2176.0,2594,0,0
2010-11-10 00:00:00+00:00,2177.0,2188.0,2153.0,2159.0,3201,0,0
2010-11-11 00:00:00+00:00,2158.0,2176.0,2143.0,2170.0,2788,0,0
2010-11-12 00:00:00+00:00,2171.0,2174.0,2120.0,2136.0,4103,0,0
2010-11-14 00:00:00+00:00,2135.0,2139.0,2135.0,2138.0,52,0,0
2010-11-15 00:00:00+00:00,2139.0,2152.0,2123.0,2125.0,2598,0,0
2010-11-16 00:00:00+00:00,2126.0,2126.0,2085.0,2098.0,3700,0,0
2010-11-17 00:00:00+00:00,2099.0,2110.0,2089.0,2101.0,2936,0,0
2010-11-18 00:00:00+00:00,2100.0,2148.0,2100.0,2139.0,2788,0,0
2010-11-19 00:00:00+00:00,2138.0,2139.0,2121.0,2135.0,2378,0,0
2010-11-21 00:00:00+00:00,2145.0,2147.0,2142.0,2147.0,45,0,0
2010-11-22 00:00:00+00:00,2146.0,2156.0,2122.0,2151.0,3050,0,0
2010-11-23 00:00:00+00:00,2149.0,2152.0,2103.0,2120.0,3218,0,0
2010-11-24 00:00:00+00:00,2121.0,2163.0,2111.0,2158.0,3228,0,0
2010-11-25 00:00:00+00:00,2159.0,2161.0,2151.0,2158.0,1003,0,0
2010-11-26 00:00:00+00:00,2159.0,2160.0,2133.0,2143.0,2286,0,0
2010-11-28 00:00:00+00:00,2146.0,2157.0,2146.0,2149.0,130,0,0
2010-11-29 00:00:00+00:00,2150.0,2158.0,2116.0,2141.0,3538,0,0
2010-11-30 00:00:00+00:00,2142.0,2146.0,2108.0,2110.0,3702,0,0
2010-12-01 00:00:00+00:00,2111.0,2172.0,2109.0,2160.0,2947,0,0
2010-12-02 00:00:00+00:00,2161.0,2189.0,2155.0,2185.0,3072,0,0
2010-12-03 00:00:00+00:00,2184.0,2193.0,2166.0,2189.0,2802,0,0
2010-12-05 00:00:00+00:00,2188.0,2192.0,2187.0,2191.0,42,0,0
2010-12-06 00:00:00+00:00,2192.0,2192.0,2175.0,2189.0,2561,0,0
2010-12-07 00:00:00+00:00,2190.0,2215.0,2183.0,2187.0,2670,0,0
2010-12-08 00:00:00+00:00,2188.0,2205.0,2178.0,2204.0,2692,0,0
2010-12-09 00:00:00+00:00,2205.0,2213.0,2192.0,2201.0,2580,0,0
2010-12-10 00:00:00+00:00,2202.0,2216.0,2198.0,2215.0,2084,0,0
2010-12-12 00:00:00+00:00,2216.0,2216.0,2210.0,2210.0,43,0,0
2010-12-13 00:00:00+00:00,2211.0,2225.0,2205.0,2207.0,1914,0,0
2010-12-14 00:00:00+00:00,2208.0,2219.0,2204.0,2212.0,2451,0,0
2010-12-15 00:00:00+00:00,2213.0,2222.0,2195.0,2198.0,3066,0,0
2010-12-16 00:00:00+00:00,2199.0,2224.0,2196.0,2220.0,2861,0,0
2010-12-17 00:00:00+00:00,2221.0,2226.0,2215.0,2220.0,1992,0,0
2010-12-19 00:00:00+00:00,2216.0,2217.0,2215.0,2217.0,40,0,0
2010-12-20 00:00:00+00:00,2216.0,2230.0,2206.0,2220.0,1821,0,0
2010-12-21 00:00:00+00:00,2219.0,2237.0,2219.0,2231.0,1668,0,0
2010-12-22 00:00:00+00:00,2230.0,2238.0,2230.0,2237.0,1455,0,0
2010-12-23 00:00:00+00:00,2238.0,2239.0,2224.0,2231.0,1284,0,0
2010-12-26 00:00:00+00:00,2226.0,2227.0,2220.0,2223.0,68,0,0
2010-12-27 00:00:00+00:00,2222.0,2234.0,2207.0,2232.0,1221,0,0
2010-12-28 00:00:00+00:00,2233.0,2236.0,2221.0,2225.0,859,0,0
2010-12-29 00:00:00+00:00,2224.0,2235.0,2224.0,2231.0,1068,0,0
2010-12-30 00:00:00+00:00,2230.0,2233.0,2222.0,2225.0,1170,0,0
2010-12-31 00:00:00+00:00,2224.0,2229.0,2208.0,2212.0,490,0,0
2011-01-02 00:00:00+00:00,2223.0,2224.0,2219.0,2222.0,34,0,0
2011-01-03 00:00:00+00:00,2221.0,2268.0,2220.0,2251.0,1672,0,0
2011-01-04 00:00:00+00:00,2250.0,2263.0,2237.0,2246.0,1895,0,0
2011-01-05 00:00:00+00:00,2245.0,2272.0,2230.0,2271.0,1988,0,0
2011-01-06 00:00:00+00:00,2272.0,2279.0,2267.0,2276.0,1860,0,0
2011-01-07 00:00:00+00:00,2277.0,2282.0,2252.0,2276.0,2819,0,0
2011-01-09 00:00:00+00:00,2270.0,2271.0,2269.0,2270.0,17,0,0
2011-01-10 00:00:00+00:00,2269.0,2287.0,2261.0,2283.0,2228,0,0
2011-01-11 00:00:00+00:00,2284.0,2295.0,2278.0,2286.0,2003,0,0
2011-01-12 00:00:00+00:00,2287.0,2307.0,2286.0,2304.0,2172,0,0
2011-01-13 00:00:00+00:00,2305.0,2311.0,2297.0,2309.0,2089,0,0
2011-01-14 00:00:00+00:00,2308.0,2321.0,2298.0,2321.0,1726,0,0
2011-01-16 00:00:00+00:00,2320.0,2325.0,2319.0,2319.0,60,0,0
2011-01-17 00:00:00+00:00,2318.0,2321.0,2286.0,2295.0,1106,0,0
2011-01-18 00:00:00+00:00,2294.0,2346.0,2293.0,2331.0,2568,0,0
2011-01-19 00:00:00+00:00,2332.0,2338.0,2293.0,2293.0,2472,0,0
2011-01-20 00:00:00+00:00,2294.0,2299.0,2267.0,2283.0,2966,0,0
2011-01-21 00:00:00+00:00,2282.0,2300.0,2266.0,2267.0,2365,0,0
2011-01-23 00:00:00+00:00,2268.0,2270.0,2265.0,2267.0,52,0,0
2011-01-24 00:00:00+00:00,2268.0,2301.0,2265.0,2296.0,2058,0,0
2011-01-25 00:00:00+00:00,2297.0,2302.0,2282.0,2299.0,2554,0,0
2011-01-26 00:00:00+00:00,2298.0,2320.0,2298.0,2317.0,2372,0,0
2011-01-27 00:00:00+00:00,2316.0,2335.0,2313.0,2321.0,2456,0,0
2011-01-28 00:00:00+00:00,2322.0,2331.0,2258.0,2268.0,2855,0,0
2011-01-30 00:00:00+00:00,2263.0,2263.0,2251.0,2258.0,142,0,0
2011-01-31 00:00:00+00:00,2257.0,2286.0,2255.0,2285.0,2697,0,0
2011-02-01 00:00:00+00:00,2286.0,2328.0,2286.0,2321.0,2191,0,0
2011-02-02 00:00:00+00:00,2320.0,2328.0,2312.0,2319.0,1826,0,0
2011-02-03 00:00:00+00:00,2318.0,2326.0,2296.0,2322.0,2092,0,0
2011-02-04 00:00:00+00:00,2323.0,2338.0,2316.0,2336.0,1802,0,0
2011-02-06 00:00:00+00:00,2335.0,2336.0,2335.0,2335.0,7,0,0
2011-02-07 00:00:00+00:00,2336.0,2359.0,2335.0,2345.0,1447,0,0
2011-02-08 00:00:00+00:00,2344.0,2364.0,2342.0,2363.0,1473,0,0
2011-02-09 00:00:00+00:00,2362.0,2365.0,2350.0,2352.0,1855,0,0
2011-02-10 00:00:00+00:00,2353.0,2365.0,2338.0,2356.0,2328,0,0
2011-02-11 00:00:00+00:00,2357.0,2380.0,2348.0,2378.0,1772,0,0
2011-02-13 00:00:00+00:00,2376.0,2380.0,2376.0,2378.0,51,0,0
2011-02-14 00:00:00+00:00,2379.0,2388.0,2375.0,2379.0,1390,0,0
2011-02-15 00:00:00+00:00,2378.0,2385.0,2371.0,2383.0,1830,0,0
2011-02-16 00:00:00+00:00,2382.0,2403.0,2382.0,2391.0,1985,0,0
2011-02-17 00:00:00+00:00,2392.0,2401.0,2384.0,2394.0,1590,0,0
2011-02-18 00:00:00+00:00,2393.0,2400.0,2382.0,2391.0,1517,0,0
2011-02-20 00:00:00+00:00,2393.0,2394.0,2390.0,2390.0,36,0,0
2011-02-21 00:00:00+00:00,2387.0,2388.0,2362.0,2362.0,294,0,0
2011-02-22 00:00:00+00:00,2363.0,2366.0,2316.0,2322.0,3175,0,0
2011-02-23 00:00:00+00:00,2323.0,2335.0,2285.0,2306.0,3124,0,0
2011-02-24 00:00:00+00:00,2305.0,2321.0,2281.0,2315.0,3883,0,0
2011-02-25 00:00:00+00:00,2314.0,2349.0,2311.0,2346.0,2128,0,0
2011-02-27 00:00:00+00:00,2344.0,2344.0,2335.0,2340.0,107,0,0
2011-02-28 00:00:00+00:00,2341.0,2362.0,2336.0,2354.0,2164,0,0
2011-03-01 00:00:00+00:00,2355.0,2371.0,2304.0,2310.0,3145,0,0
2011-03-02 00:00:00+00:00,2311.0,2340.0,2301.0,2322.0,3467,0,0
2011-03-03 00:00:00+00:00,2323.0,2378.0,2323.0,2375.0,2760,0,0
2011-03-04 00:00:00+00:00,2376.0,2377.0,2343.0,2358.0,3110,0,0
2011-03-06 00:00:00+00:00,2360.0,2365.0,2357.0,2359.0,110,0,0
2011-03-07 00:00:00+00:00,2358.0,2373.0,2305.0,2328.0,3555,0,0
2011-03-08 00:00:00+00:00,2329.0,2347.0,2309.0,2333.0,3552,0,0
2011-03-09 00:00:00+00:00,2332.0,2339.0,2308.0,2311.0,3746,0,0
2011-03-10 00:00:00+00:00,2310.0,2312.0,2274.0,2286.0,4269,0,0
2011-03-11 00:00:00+00:00,2287.0,2305.0,2264.0,2298.0,4405,0,0
2011-03-13 00:00:00+00:00,2292.0,2299.0,2277.0,2287.0,244,0,0
2011-03-14 00:00:00+00:00,2288.0,2302.0,2273.0,2292.0,5722,0,0
2011-03-15 00:00:00+00:00,2293.0,2294.0,2216.0,2240.0,8393,0,0
2011-03-16 00:00:00+00:00,2249.0,2262.0,2186.0,2195.0,8385,0,0
2011-03-17 00:00:00+00:00,2196.0,2246.0,2192.0,2220.0,6512,0,0
2011-03-18 00:00:00+00:00,2221.0,2254.0,2215.0,2218.0,4222,0,0
2011-03-20 00:00:00+00:00,2223.0,2233.0,2223.0,2233.0,67,0,0
2011-03-21 00:00:00+00:00,2234.0,2271.0,2226.0,2256.0,3122,0,0
2011-03-22 00:00:00+00:00,2255.0,2264.0,2250.0,2255.0,2639,0,0
2011-03-23 00:00:00+00:00,2254.0,2275.0,2232.0,2266.0,3167,0,0
2011-03-24 00:00:00+00:00,2267.0,2331.0,2263.0,2317.0,3024,0,0
2011-03-25 00:00:00+00:00,2316.0,2330.0,2311.0,2315.0,2567,0,0
2011-03-27 00:00:00+00:00,2319.0,2322.0,2315.0,2321.0,123,0,0
2011-03-28 00:00:00+00:00,2322.0,2328.0,2296.0,2296.0,2607,0,0
2011-03-29 00:00:00+00:00,2297.0,2327.0,2290.0,2322.0,2735,0,0
2011-03-30 00:00:00+00:00,2323.0,2343.0,2322.0,2332.0,2368,0,0
2011-03-31 00:00:00+00:00,2331.0,2345.0,2327.0,2343.0,2296,0,0
2011-04-01 00:00:00+00:00,2342.0,2358.0,2333.0,2339.0,2608,0,0
2011-04-03 00:00:00+00:00,2338.0,2345.0,2337.0,2343.0,62,0,0
2011-04-04 00:00:00+00:00,2342.0,2350.0,2322.0,2341.0,2110,0,0
2011-04-05 00:00:00+00:00,2340.0,2342.0,2318.0,2327.0,2394,0,0
2011-04-06 00:00:00+00:00,2326.0,2350.0,2317.0,2327.0,2431,0,0
2011-04-07 00:00:00+00:00,2326.0,2344.0,2312.0,2330.0,2766,0,0
2011-04-08 00:00:00+00:00,2331.0,2343.0,2305.0,2317.0,2072,0,0
2011-04-10 00:00:00+00:00,2323.0,2333.0,2323.0,2330.0,139,0,0
2011-04-11 00:00:00+00:00,2331.0,2331.0,2302.0,2305.0,2654,0,0
2011-04-12 00:00:00+00:00,2304.0,2305.0,2285.0,2299.0,2917,0,0
2011-04-13 00:00:00+00:00,2298.0,2319.0,2295.0,2307.0,2912,0,0
2011-04-14 00:00:00+00:00,2308.0,2312.0,2288.0,2305.0,3374,0,0
2011-04-15 00:00:00+00:00,2304.0,2314.0,2290.0,2304.0,2133,0,0
2011-04-17 00:00:00+00:00,2309.0,2310.0,2307.0,2307.0,83,0,0
2011-04-18 00:00:00+00:00,2308.0,2310.0,2251.0,2285.0,3558,0,0
2011-04-19 00:00:00+00:00,2284.0,2322.0,2278.0,2320.0,2613,0,0
2011-04-20 00:00:00+00:00,2319.0,2379.0,2317.0,2377.0,2558,0,0
2011-04-21 00:00:00+00:00,2378.0,2383.0,2367.0,2374.0,1981,0,0
2011-04-24 00:00:00+00:00,2373.0,2378.0,2372.0,2378.0,58,0,0
2011-04-25 00:00:00+00:00,2379.0,2383.0,2372.0,2382.0,1078,0,0
2011-04-26 00:00:00+00:00,2383.0,2404.0,2375.0,2395.0,1957,0,0
2011-04-27 00:00:00+00:00,2396.0,2415.0,2389.0,2410.0,1940,0,0
2011-04-28 00:00:00+00:00,2411.0,2418.0,2398.0,2403.0,1768,0,0
2011-04-29 00:00:00+00:00,2404.0,2414.0,2400.0,2406.0,1276,0,0
2011-05-01 00:00:00+00:00,2412.0,2414.0,2406.0,2409.0,90,0,0
2011-05-02 00:00:00+00:00,2408.0,2429.0,2396.0,2403.0,2042,0,0
2011-05-03 00:00:00+00:00,2402.0,2405.0,2376.0,2392.0,1988,0,0
2011-05-04 00:00:00+00:00,2393.0,2398.0,2367.0,2389.0,2750,0,0
2011-05-05 00:00:00+00:00,2390.0,2400.0,2364.0,2375.0,3089,0,0
2011-05-06 00:00:00+00:00,2376.0,2409.0,2373.0,2382.0,3295,0,0
2011-05-09 00:00:00+00:00,2386.0,2398.0,2374.0,2389.0,2620,0,0
2011-05-10 00:00:00+00:00,2390.0,2414.0,2383.0,2413.0,2350,0,0
2011-05-11 00:00:00+00:00,2414.0,2415.0,2374.0,2383.0,2750,0,0
2011-05-12 00:00:00+00:00,2384.0,2409.0,2369.0,2406.0,3056,0,0
2011-05-13 00:00:00+00:00,2405.0,2414.0,2376.0,2377.0,2872,0,0
2011-05-15 00:00:00+00:00,2365.0,2367.0,2359.0,2361.0,135,0,0
2011-05-16 00:00:00+00:00,2362.0,2373.0,2326.0,2328.0,3792,0,0
2011-05-17 00:00:00+00:00,2329.0,2346.0,2318.0,2343.0,3987,0,0
2011-05-18 00:00:00+00:00,2342.0,2367.0,2333.0,2365.0,2599,0,0
2011-05-19 00:00:00+00:00,2364.0,2373.0,2354.0,2368.0,3000,0,0
2011-05-20 00:00:00+00:00,2367.0,2373.0,2347.0,2352.0,2940,0,0
2011-05-22 00:00:00+00:00,2342.0,2343.0,2333.0,2340.0,127,0,0
2011-05-23 00:00:00+00:00,2341.0,2341.0,2305.0,2315.0,2754,0,0
2011-05-24 00:00:00+00:00,2316.0,2324.0,2297.0,2299.0,2681,0,0
2011-05-25 00:00:00+00:00,2298.0,2321.0,2281.0,2308.0,2865,0,0
2011-05-26 00:00:00+00:00,2309.0,2331.0,2303.0,2327.0,2408,0,0
2011-05-27 00:00:00+00:00,2326.0,2338.0,2322.0,2336.0,1499,0,0
2011-05-29 00:00:00+00:00,2332.0,2334.0,2331.0,2332.0,33,0,0
2011-05-30 00:00:00+00:00,2333.0,2338.0,2331.0,2338.0,373,0,0
2011-05-31 00:00:00+00:00,2339.0,2380.0,2339.0,2377.0,2275,0,0
2011-06-01 00:00:00+00:00,2376.0,2381.0,2314.0,2318.0,2822,0,0
2011-06-02 00:00:00+00:00,2319.0,2335.0,2314.0,2325.0,3241,0,0
2011-06-03 00:00:00+00:00,2326.0,2328.0,2289.0,2293.0,3117,0,0
2011-06-05 00:00:00+00:00,2291.0,2293.0,2286.0,2292.0,51,0,0
2011-06-06 00:00:00+00:00,2293.0,2299.0,2271.0,2272.0,3088,0,0
2011-06-07 00:00:00+00:00,2273.0,2288.0,2268.0,2276.0,2740,0,0
2011-06-08 00:00:00+00:00,2277.0,2277.0,2245.0,2251.0,3303,0,0
2011-06-09 00:00:00+00:00,2250.0,2266.0,2245.0,2252.0,2485,0,0
2011-06-10 00:00:00+00:00,2253.0,2254.0,2219.0,2221.0,2730,0,0
2011-06-12 00:00:00+00:00,2222.0,2222.0,2219.0,2219.0,66,0,0
2011-06-13 00:00:00+00:00,2220.0,2233.0,2214.0,2223.0,3039,0,0
2011-06-14 00:00:00+00:00,2224.0,2255.0,2219.0,2247.0,2823,0,0
2011-06-15 00:00:00+00:00,2246.0,2247.0,2203.0,2211.0,3513,0,0
2011-06-16 00:00:00+00:00,2212.0,2217.0,2180.0,2205.0,4515,0,0
2011-06-17 00:00:00+00:00,2206.0,2222.0,2189.0,2192.0,3075,0,0
2011-06-19 00:00:00+00:00,2189.0,2192.0,2186.0,2188.0,116,0,0
2011-06-20 00:00:00+00:00,2189.0,2210.0,2177.0,2207.0,2498,0,0
2011-06-21 00:00:00+00:00,2206.0,2253.0,2201.0,2247.0,2626,0,0
2011-06-22 00:00:00+00:00,2248.0,2254.0,2224.0,2226.0,2378,0,0
2011-06-23 00:00:00+00:00,2227.0,2256.0,2203.0,2249.0,4351,0,0
2011-06-24 00:00:00+00:00,2250.0,2260.0,2211.0,2215.0,2917,0,0
2011-06-26 00:00:00+00:00,2214.0,2214.0,2198.0,2205.0,222,0,0
2011-06-27 00:00:00+00:00,2204.0,2269.0,2200.0,2260.0,3341,0,0
2011-06-28 00:00:00+00:00,2259.0,2288.0,2245.0,2286.0,2959,0,0
2011-06-29 00:00:00+00:00,2285.0,2303.0,2278.0,2296.0,3406,0,0
2011-06-30 00:00:00+00:00,2295.0,2326.0,2291.0,2323.0,2435,0,0
2011-07-01 00:00:00+00:00,2324.0,2363.0,2320.0,2360.0,2558,0,0
2011-07-03 00:00:00+00:00,2357.0,2359.0,2357.0,2358.0,62,0,0
2011-07-05 00:00:00+00:00,2365.0,2375.0,2355.0,2373.0,2212,0,0
2011-07-06 00:00:00+00:00,2372.0,2383.0,2362.0,2382.0,2681,0,0
2011-07-07 00:00:00+00:00,2383.0,2418.0,2381.0,2417.0,2838,0,0
2011-07-08 00:00:00+00:00,2418.0,2424.0,2378.0,2405.0,3322,0,0
2011-07-10 00:00:00+00:00,2402.0,2403.0,2392.0,2397.0,181,0,0
2011-07-11 00:00:00+00:00,2398.0,2401.0,2353.0,2365.0,3678,0,0
2011-07-12 00:00:00+00:00,2366.0,2368.0,2328.0,2343.0,4826,0,0
2011-07-13 00:00:00+00:00,2344.0,2377.0,2332.0,2340.0,3754,0,0
2011-07-14 00:00:00+00:00,2339.0,2370.0,2317.0,2342.0,4421,0,0
2011-07-15 00:00:00+00:00,2343.0,2356.0,2334.0,2354.0,3982,0,0
2011-07-17 00:00:00+00:00,2353.0,2356.0,2351.0,2353.0,91,0,0
2011-07-18 00:00:00+00:00,2352.0,2354.0,2321.0,2345.0,3762,0,0
2011-07-19 00:00:00+00:00,2346.0,2413.0,2345.0,2408.0,3723,0,0
2011-07-20 00:00:00+00:00,2407.0,2415.0,2367.0,2378.0,3605,0,0
2011-07-21 00:00:00+00:00,2379.0,2416.0,2370.0,2412.0,4914,0,0
2011-07-22 00:00:00+00:00,2411.0,2432.0,2398.0,2427.0,2980,0,0
2011-07-24 00:00:00+00:00,2400.0,2407.0,2381.0,2407.0,330,0,0
2011-07-25 00:00:00+00:00,2408.0,2436.0,2400.0,2424.0,3923,0,0
2011-07-26 00:00:00+00:00,2425.0,2437.0,2415.0,2423.0,3426,0,0
2011-07-27 00:00:00+00:00,2424.0,2428.0,2358.0,2359.0,3476,0,0
2011-07-28 00:00:00+00:00,2358.0,2401.0,2358.0,2371.0,3731,0,0
2011-07-29 00:00:00+00:00,2370.0,2387.0,2340.0,2366.0,6214,0,0
2011-07-31 00:00:00+00:00,2387.0,2396.0,2385.0,2388.0,312,0,0
2011-08-01 00:00:00+00:00,2389.0,2397.0,2323.0,2352.0,5289,0,0
2011-08-02 00:00:00+00:00,2351.0,2353.0,2284.0,2287.0,5387,0,0
2011-08-03 00:00:00+00:00,2288.0,2316.0,2255.0,2312.0,6106,0,0
2011-08-04 00:00:00+00:00,2311.0,2320.0,2195.0,2203.0,8940,0,0
2011-08-05 00:00:00+00:00,2202.0,2239.0,2129.0,2196.0,13787,0,0
2011-08-07 00:00:00+00:00,2135.0,2153.0,2127.0,2143.0,947,0,0
2011-08-08 00:00:00+00:00,2144.0,2171.0,2016.0,2025.0,15514,0,0
2011-08-09 00:00:00+00:00,2024.0,2168.0,1973.0,2161.0,21525,0,0
2011-08-10 00:00:00+00:00,2162.0,2165.0,2067.0,2087.0,17674,0,0
2011-08-11 00:00:00+00:00,2088.0,2184.0,2058.0,2157.0,17731,0,0
2011-08-12 00:00:00+00:00,2156.0,2192.0,2115.0,2179.0,12245,0,0
2011-08-14 00:00:00+00:00,2178.0,2190.0,2178.0,2189.0,300,0,0
2011-08-15 00:00:00+00:00,2190.0,2211.0,2177.0,2203.0,6525,0,0
2011-08-16 00:00:00+00:00,2204.0,2211.0,2164.0,2187.0,8277,0,0
2011-08-17 00:00:00+00:00,2188.0,2214.0,2157.0,2168.0,6726,0,0
2011-08-18 00:00:00+00:00,2169.0,2169.0,2053.0,2073.0,11693,0,0
2011-08-19 00:00:00+00:00,2074.0,2102.0,2034.0,2036.0,11037,0,0
2011-08-21 00:00:00+00:00,2037.0,2037.0,2022.0,2034.0,326,0,0
2011-08-22 00:00:00+00:00,2033.0,2085.0,2029.0,2042.0,7360,0,0
2011-08-23 00:00:00+00:00,2043.0,2129.0,2037.0,2118.0,6773,0,0
2011-08-24 00:00:00+00:00,2119.0,2147.0,2096.0,2119.0,7008,0,0
2011-08-25 00:00:00+00:00,2118.0,2152.0,2101.0,2118.0,7323,0,0
2011-08-26 00:00:00+00:00,2119.0,2169.0,2081.0,2159.0,7896,0,0
2011-08-28 00:00:00+00:00,2162.0,2169.0,2158.0,2167.0,192,0,0
2011-08-29 00:00:00+00:00,2168.0,2225.0,2162.0,2220.0,5339,0,0
2011-08-30 00:00:00+00:00,2219.0,2249.0,2201.0,2223.0,7423,0,0
2011-08-31 00:00:00+00:00,2224.0,2267.0,2222.0,2243.0,7002,0,0
2011-09-01 00:00:00+00:00,2244.0,2264.0,2215.0,2216.0,5503,0,0
2011-09-02 00:00:00+00:00,2215.0,2222.0,2156.0,2169.0,5251,0,0
2011-09-04 00:00:00+00:00,2157.0,2159.0,2149.0,2158.0,204,0,0
2011-09-05 00:00:00+00:00,2156.0,2157.0,2108.0,2117.0,3111,0,0
2011-09-06 00:00:00+00:00,2116.0,2173.0,2111.0,2170.0,9588,0,0
2011-09-07 00:00:00+00:00,2171.0,2229.0,2169.0,2229.0,6542,0,0
2011-09-08 00:00:00+00:00,2228.0,2242.0,2202.0,2209.0,5941,0,0
2011-09-09 00:00:00+00:00,2208.0,2226.0,2148.0,2163.0,6931,0,0
2011-09-11 00:00:00+00:00,2142.0,2157.0,2142.0,2154.0,230,0,0
2011-09-12 00:00:00+00:00,2155.0,2207.0,2120.0,2199.0,7400,0,0
2011-09-13 00:00:00+00:00,2198.0,2224.0,2165.0,2212.0,7892,0,0
2011-09-14 00:00:00+00:00,2211.0,2276.0,2190.0,2252.0,7414,0,0
2011-09-15 00:00:00+00:00,2253.0,2292.0,2243.0,2287.0,6620,0,0
2011-09-16 00:00:00+00:00,2288.0,2308.0,2273.0,2304.0,5593,0,0
2011-09-18 00:00:00+00:00,2288.0,2289.0,2280.0,2284.0,285,0,0
2011-09-19 00:00:00+00:00,2285.0,2318.0,2258.0,2295.0,6409,0,0
2011-09-20 00:00:00+00:00,2296.0,2336.0,2288.0,2304.0,7118,0,0
2011-09-21 00:00:00+00:00,2305.0,2319.0,2245.0,2250.0,8002,0,0
2011-09-22 00:00:00+00:00,2251.0,2253.0,2149.0,2191.0,10672,0,0
2011-09-23 00:00:00+00:00,2192.0,2214.0,2138.0,2203.0,10404,0,0
2011-09-25 00:00:00+00:00,2197.0,2231.0,2194.0,2227.0,492,0,0
2011-09-26 00:00:00+00:00,2228.0,2236.0,2166.0,2226.0,9961,0,0
2011-09-27 00:00:00+00:00,2227.0,2289.0,2225.0,2254.0,7612,0,0
2011-09-28 00:00:00+00:00,2253.0,2280.0,2216.0,2217.0,8925,0,0
2011-09-29 00:00:00+00:00,2218.0,2264.0,2157.0,2198.0,9919,0,0
2011-09-30 00:00:00+00:00,2197.0,2199.0,2139.0,2139.0,8662,0,0
2011-10-02 00:00:00+00:00,2128.0,2136.0,2123.0,2134.0,312,0,0
2011-10-03 00:00:00+00:00,2133.0,2152.0,2064.0,2069.0,9563,0,0
2011-10-04 00:00:00+00:00,2070.0,2131.0,2040.0,2124.0,10987,0,0
2011-10-05 00:00:00+00:00,2125.0,2186.0,2104.0,2158.0,9419,0,0
2011-10-06 00:00:00+00:00,2157.0,2218.0,2153.0,2210.0,8757,0,0
2011-10-07 00:00:00+00:00,2211.0,2231.0,2188.0,2200.0,9719,0,0
2011-10-09 00:00:00+00:00,2211.0,2222.0,2209.0,2221.0,213,0,0
2011-10-10 00:00:00+00:00,2222.0,2282.0,2222.0,2278.0,7109,0,0
2011-10-11 00:00:00+00:00,2279.0,2300.0,2266.0,2287.0,7909,0,0
2011-10-12 00:00:00+00:00,2286.0,2332.0,2278.0,2302.0,8603,0,0
2011-10-13 00:00:00+00:00,2303.0,2340.0,2293.0,2331.0,9082,0,0
2011-10-14 00:00:00+00:00,2332.0,2370.0,2324.0,2370.0,6696,0,0
2011-10-16 00:00:00+00:00,2371.0,2377.0,2370.0,2374.0,159,0,0
2011-10-17 00:00:00+00:00,2375.0,2392.0,2316.0,2325.0,8075,0,0
2011-10-18 00:00:00+00:00,2324.0,2375.0,2309.0,2345.0,9671,0,0
2011-10-19 00:00:00+00:00,2346.0,2360.0,2310.0,2325.0,8535,0,0
2011-10-20 00:00:00+00:00,2326.0,2337.0,2273.0,2305.0,9031,0,0
2011-10-21 00:00:00+00:00,2304.0,2349.0,2303.0,2334.0,6787,0,0
2011-10-23 00:00:00+00:00,2327.0,2338.0,2325.0,2336.0,262,0,0
2011-10-24 00:00:00+00:00,2337.0,2390.0,2329.0,2375.0,6621,0,0
2011-10-25 00:00:00+00:00,2376.0,2391.0,2320.0,2327.0,6586,0,0
2011-10-26 00:00:00+00:00,2326.0,2354.0,2291.0,2338.0,6938,0,0
2011-10-27 00:00:00+00:00,2339.0,2413.0,2334.0,2403.0,7011,0,0
2011-10-28 00:00:00+00:00,2404.0,2405.0,2383.0,2402.0,5141,0,0
2011-10-30 00:00:00+00:00,2403.0,2403.0,2390.0,2390.0,89,0,0
2011-10-31 00:00:00+00:00,2391.0,2397.0,2349.0,2352.0,6256,0,0
2011-11-01 00:00:00+00:00,2353.0,2360.0,2287.0,2303.0,9266,0,0
2011-11-02 00:00:00+00:00,2302.0,2334.0,2297.0,2312.0,7001,0,0
2011-11-03 00:00:00+00:00,2311.0,2370.0,2283.0,2366.0,8351,0,0
2011-11-04 00:00:00+00:00,2365.0,2369.0,2331.0,2354.0,6073,0,0
2011-11-06 00:00:00+00:00,2369.0,2370.0,2358.0,2362.0,132,0,0
2011-11-07 00:00:00+00:00,2361.0,2384.0,2324.0,2376.0,7606,0,0
2011-11-08 00:00:00+00:00,2375.0,2403.0,2359.0,2400.0,6804,0,0
2011-11-09 00:00:00+00:00,2399.0,2401.0,2307.0,2313.0,9463,0,0
2011-11-10 00:00:00+00:00,2312.0,2348.0,2291.0,2312.0,9196,0,0
2011-11-11 00:00:00+00:00,2313.0,2364.0,2306.0,2357.0,6141,0,0
2011-11-13 00:00:00+00:00,2361.0,2366.0,2360.0,2364.0,86,0,0
2011-11-14 00:00:00+00:00,2363.0,2366.0,2331.0,2345.0,6139,0,0
2011-11-15 00:00:00+00:00,2346.0,2375.0,2311.0,2361.0,6914,0,0
2011-11-16 00:00:00+00:00,2362.0,2372.0,2309.0,2312.0,8406,0,0
2011-11-17 00:00:00+00:00,2313.0,2334.0,2257.0,2264.0,9892,0,0
2011-11-18 00:00:00+00:00,2265.0,2291.0,2250.0,2253.0,7453,0,0
2011-11-20 00:00:00+00:00,2242.0,2243.0,2235.0,2241.0,138,0,0
2011-11-21 00:00:00+00:00,2240.0,2244.0,2188.0,2215.0,7855,0,0
2011-11-22 00:00:00+00:00,2216.0,2228.0,2192.0,2217.0,7253,0,0
2011-11-23 00:00:00+00:00,2216.0,2216.0,2163.0,2168.0,8655,0,0
2011-11-24 00:00:00+00:00,2175.0,2186.0,2152.0,2158.0,3219,0,0
2011-11-25 00:00:00+00:00,2159.0,2182.0,2136.0,2149.0,6336,0,0
2011-11-27 00:00:00+00:00,2181.0,2188.0,2179.0,2181.0,217,0,0
2011-11-28 00:00:00+00:00,2182.0,2228.0,2180.0,2221.0,5215,0,0
2011-11-29 00:00:00+00:00,2220.0,2245.0,2202.0,2204.0,5970,0,0
2011-11-30 00:00:00+00:00,2205.0,2297.0,2196.0,2294.0,6335,0,0
2011-12-01 00:00:00+00:00,2295.0,2315.0,2284.0,2310.0,4887,0,0
2011-12-02 00:00:00+00:00,2309.0,2344.0,2301.0,2306.0,5158,0,0
2011-12-04 00:00:00+00:00,2316.0,2321.0,2315.0,2315.0,116,0,0
2011-12-05 00:00:00+00:00,2314.0,2344.0,2312.0,2323.0,4822,0,0
2011-12-06 00:00:00+00:00,2322.0,2342.0,2313.0,2326.0,4812,0,0
2011-12-07 00:00:00+00:00,2325.0,2344.0,2292.0,2324.0,5889,0,0
2011-12-08 00:00:00+00:00,2323.0,2341.0,2276.0,2280.0,7922,0,0
2011-12-09 00:00:00+00:00,2279.0,2326.0,2269.0,2321.0,6571,0,0
2011-12-11 00:00:00+00:00,2320.0,2324.0,2319.0,2322.0,73,0,0
2011-12-12 00:00:00+00:00,2321.0,2326.0,2274.0,2296.0,5339,0,0
2011-12-13 00:00:00+00:00,2295.0,2318.0,2258.0,2269.0,6546,0,0
2011-12-14 00:00:00+00:00,2270.0,2280.0,2220.0,2232.0,6945,0,0
2011-12-15 00:00:00+00:00,2231.0,2256.0,2219.0,2230.0,5252,0,0
2011-12-16 00:00:00+00:00,2231.0,2268.0,2230.0,2238.0,4987,0,0
2011-12-18 00:00:00+00:00,2237.0,2242.0,2237.0,2238.0,82,0,0
2011-12-19 00:00:00+00:00,2239.0,2255.0,2208.0,2225.0,5979,0,0
2011-12-20 00:00:00+00:00,2224.0,2287.0,2222.0,2271.0,4685,0,0
2011-12-21 00:00:00+00:00,2272.0,2295.0,2222.0,2246.0,5654,0,0
2011-12-22 00:00:00+00:00,2245.0,2272.0,2238.0,2271.0,3970,0,0
2011-12-23 00:00:00+00:00,2272.0,2286.0,2266.0,2286.0,2324,0,0
2011-12-27 00:00:00+00:00,2289.0,2300.0,2279.0,2286.0,1397,0,0
2011-12-28 00:00:00+00:00,2287.0,2296.0,2260.0,2269.0,2864,0,0
2011-12-29 00:00:00+00:00,2268.0,2286.0,2263.0,2283.0,2691,0,0
2011-12-30 00:00:00+00:00,2284.0,2288.0,2278.0,2278.0,1855,0,0
2012-01-03 00:00:00+00:00,2324.0,2332.0,2312.0,2321.0,3314,0,0
2012-01-04 00:00:00+00:00,2320.0,2333.0,2307.0,2332.0,3245,0,0
2012-01-05 00:00:00+00:00,2331.0,2352.0,2314.0,2347.0,3961,0,0
2012-01-06 00:00:00+00:00,2346.0,2363.0,2337.0,2356.0,3230,0,0
2012-01-08 00:00:00+00:00,2359.0,2359.0,2346.0,2350.0,96,0,0
2012-01-09 00:00:00+00:00,2349.0,2365.0,2340.0,2354.0,3664,0,0
2012-01-10 00:00:00+00:00,2355.0,2380.0,2354.0,2359.0,2857,0,0
2012-01-11 00:00:00+00:00,2360.0,2375.0,2355.0,2369.0,2976,0,0
2012-01-12 00:00:00+00:00,2368.0,2385.0,2358.0,2383.0,3179,0,0
2012-01-13 00:00:00+00:00,2384.0,2389.0,2351.0,2371.0,3577,0,0
2012-01-15 00:00:00+00:00,2372.0,2374.0,2369.0,2372.0,59,0,0
2012-01-16 00:00:00+00:00,2371.0,2388.0,2364.0,2386.0,1900,0,0
2012-01-17 00:00:00+00:00,2385.0,2403.0,2384.0,2395.0,2833,0,0
2012-01-18 00:00:00+00:00,2396.0,2425.0,2390.0,2423.0,3301,0,0
2012-01-19 00:00:00+00:00,2424.0,2444.0,2421.0,2431.0,3216,0,0
2012-01-20 00:00:00+00:00,2430.0,2437.0,2425.0,2436.0,2293,0,0
2012-01-22 00:00:00+00:00,2432.0,2433.0,2429.0,2430.0,57,0,0
2012-01-23 00:00:00+00:00,2429.0,2454.0,2423.0,2438.0,2791,0,0
2012-01-24 00:00:00+00:00,2437.0,2471.0,2422.0,2463.0,3228,0,0
2012-01-25 00:00:00+00:00,2462.0,2469.0,2439.0,2459.0,3585,0,0
2012-01-26 00:00:00+00:00,2460.0,2478.0,2443.0,2453.0,3164,0,0
2012-01-27 00:00:00+00:00,2452.0,2466.0,2447.0,2461.0,3450,0,0
2012-01-29 00:00:00+00:00,2460.0,2463.0,2457.0,2458.0,59,0,0
2012-01-30 00:00:00+00:00,2457.0,2467.0,2431.0,2465.0,3327,0,0
2012-01-31 00:00:00+00:00,2464.0,2480.0,2451.0,2458.0,3803,0,0
2012-02-01 00:00:00+00:00,2459.0,2496.0,2456.0,2492.0,3375,0,0
2012-02-02 00:00:00+00:00,2493.0,2503.0,2482.0,2494.0,2724,0,0
2012-02-03 00:00:00+00:00,2495.0,2532.0,2492.0,2529.0,2680,0,0
2012-02-05 00:00:00+00:00,2523.0,2523.0,2520.0,2523.0,33,0,0
2012-02-06 00:00:00+00:00,2522.0,2530.0,2512.0,2529.0,2356,0,0
2012-02-07 00:00:00+00:00,2528.0,2537.0,2514.0,2529.0,2964,0,0
2012-02-08 00:00:00+00:00,2530.0,2549.0,2523.0,2541.0,2771,0,0
2012-02-09 00:00:00+00:00,2540.0,2567.0,2538.0,2562.0,3938,0,0
2012-02-10 00:00:00+00:00,2561.0,2563.0,2537.0,2551.0,3358,0,0
2012-02-12 00:00:00+00:00,2562.0,2563.0,2558.0,2561.0,58,0,0
2012-02-13 00:00:00+00:00,2560.0,2573.0,2554.0,2567.0,2783,0,0
2012-02-14 00:00:00+00:00,2566.0,2580.0,2555.0,2578.0,3062,0,0
2012-02-15 00:00:00+00:00,2579.0,2602.0,2551.0,2552.0,5218,0,0
2012-02-16 00:00:00+00:00,2553.0,2596.0,2545.0,2594.0,4330,0,0
2012-02-17 00:00:00+00:00,2595.0,2598.0,2573.0,2584.0,2604,0,0
2012-02-19 00:00:00+00:00,2596.0,2598.0,2596.0,2598.0,45,0,0
2012-02-20 00:00:00+00:00,2597.0,2601.0,2585.0,2586.0,1370,0,0
2012-02-21 00:00:00+00:00,2587.0,2603.0,2575.0,2592.0,3320,0,0
2012-02-22 00:00:00+00:00,2593.0,2602.0,2576.0,2581.0,3113,0,0
2012-02-23 00:00:00+00:00,2580.0,2606.0,2571.0,2605.0,3364,0,0
2012-02-24 00:00:00+00:00,2606.0,2610.0,2597.0,2601.0,2479,0,0
2012-02-26 00:00:00+00:00,2602.0,2605.0,2601.0,2603.0,32,0,0
2012-02-27 00:00:00+00:00,2602.0,2616.0,2578.0,2608.0,3219,0,0
2012-02-28 00:00:00+00:00,2609.0,2634.0,2607.0,2631.0,3386,0,0
2012-02-29 00:00:00+00:00,2630.0,2644.0,2614.0,2622.0,4480,0,0
2012-03-01 00:00:00+00:00,2621.0,2648.0,2615.0,2647.0,4324,0,0
2012-03-02 00:00:00+00:00,2648.0,2649.0,2632.0,2643.0,3228,0,0
2012-03-04 00:00:00+00:00,2640.0,2644.0,2640.0,2641.0,34,0,0
2012-03-05 00:00:00+00:00,2642.0,2643.0,2605.0,2615.0,3858,0,0
2012-03-06 00:00:00+00:00,2616.0,2617.0,2574.0,2593.0,4431,0,0
2012-03-07 00:00:00+00:00,2592.0,2614.0,2592.0,2606.0,4048,0,0
2012-03-08 00:00:00+00:00,2605.0,2643.0,2604.0,2635.0,2908,0,0
2012-03-09 00:00:00+00:00,2634.0,2651.0,2630.0,2648.0,2901,0,0
2012-03-11 00:00:00+00:00,2645.0,2646.0,2644.0,2646.0,26,0,0
2012-03-12 00:00:00+00:00,2645.0,2651.0,2634.0,2651.0,2472,0,0
2012-03-13 00:00:00+00:00,2650.0,2701.0,2650.0,2695.0,3881,0,0
2012-03-14 00:00:00+00:00,2694.0,2716.0,2690.0,2703.0,3505,0,0
2012-03-15 00:00:00+00:00,2704.0,2720.0,2701.0,2713.0,3085,0,0
2012-03-16 00:00:00+00:00,2712.0,2723.0,2706.0,2712.0,3223,0,0
2012-03-18 00:00:00+00:00,2711.0,2717.0,2711.0,2717.0,85,0,0
2012-03-19 00:00:00+00:00,2718.0,2738.0,2703.0,2732.0,3274,0,0
2012-03-20 00:00:00+00:00,2731.0,2742.0,2710.0,2737.0,3205,0,0
2012-03-21 00:00:00+00:00,2736.0,2752.0,2733.0,2740.0,2929,0,0
2012-03-22 00:00:00+00:00,2739.0,2744.0,2719.0,2736.0,3827,0,0
2012-03-23 00:00:00+00:00,2737.0,2750.0,2714.0,2732.0,2950,0,0
2012-03-25 00:00:00+00:00,2735.0,2741.0,2734.0,2740.0,89,0,0
2012-03-26 00:00:00+00:00,2741.0,2783.0,2734.0,2782.0,2902,0,0
2012-03-27 00:00:00+00:00,2781.0,2792.0,2775.0,2781.0,2701,0,0
2012-03-28 00:00:00+00:00,2782.0,2793.0,2754.0,2772.0,3300,0,0
2012-03-29 00:00:00+00:00,2773.0,2776.0,2740.0,2757.0,3455,0,0
2012-03-30 00:00:00+00:00,2758.0,2774.0,2741.0,2756.0,2893,0,0
2012-04-01 00:00:00+00:00,2761.0,2766.0,2761.0,2763.0,47,0,0
2012-04-02 00:00:00+00:00,2764.0,2785.0,2745.0,2779.0,2852,0,0
2012-04-03 00:00:00+00:00,2778.0,2792.0,2764.0,2777.0,3443,0,0
2012-04-04 00:00:00+00:00,2776.0,2777.0,2726.0,2739.0,4323,0,0
2012-04-05 00:00:00+00:00,2738.0,2764.0,2723.0,2758.0,3613,0,0
2012-04-06 00:00:00+00:00,2759.0,2764.0,2758.0,2759.0,237,0,0
2012-04-08 00:00:00+00:00,2726.0,2729.0,2723.0,2727.0,98,0,0
2012-04-09 00:00:00+00:00,2726.0,2751.0,2722.0,2734.0,2390,0,0
2012-04-10 00:00:00+00:00,2735.0,2749.0,2687.0,2706.0,4596,0,0
2012-04-11 00:00:00+00:00,2705.0,2727.0,2701.0,2711.0,4187,0,0
2012-04-12 00:00:00+00:00,2710.0,2743.0,2708.0,2740.0,4201,0,0
2012-04-13 00:00:00+00:00,2741.0,2746.0,2697.0,2697.0,4788,0,0
2012-04-15 00:00:00+00:00,2695.0,2697.0,2690.0,2694.0,164,0,0
2012-04-16 00:00:00+00:00,2693.0,2713.0,2660.0,2667.0,5707,0,0
2012-04-17 00:00:00+00:00,2668.0,2731.0,2657.0,2721.0,3826,0,0
2012-04-18 00:00:00+00:00,2722.0,2731.0,2698.0,2706.0,4055,0,0
2012-04-19 00:00:00+00:00,2705.0,2738.0,2675.0,2692.0,6486,0,0
2012-04-20 00:00:00+00:00,2693.0,2711.0,2673.0,2678.0,5223,0,0
2012-04-22 00:00:00+00:00,2672.0,2676.0,2670.0,2674.0,75,0,0
2012-04-23 00:00:00+00:00,2675.0,2678.0,2628.0,2656.0,5193,0,0
2012-04-24 00:00:00+00:00,2655.0,2680.0,2628.0,2675.0,4660,0,0
2012-04-25 00:00:00+00:00,2674.0,2710.0,2668.0,2708.0,4210,0,0
2012-04-26 00:00:00+00:00,2707.0,2733.0,2698.0,2719.0,3858,0,0
2012-04-27 00:00:00+00:00,2718.0,2749.0,2712.0,2741.0,3664,0,0
2012-04-29 00:00:00+00:00,2743.0,2747.0,2742.0,2743.0,135,0,0
2012-04-30 00:00:00+00:00,2742.0,2747.0,2719.0,2724.0,3195,0,0
2012-05-01 00:00:00+00:00,2723.0,2756.0,2714.0,2724.0,2447,0,0
2012-05-02 00:00:00+00:00,2723.0,2735.0,2706.0,2732.0,3655,0,0
2012-05-03 00:00:00+00:00,2733.0,2741.0,2696.0,2699.0,3538,0,0
2012-05-04 00:00:00+00:00,2698.0,2703.0,2628.0,2628.0,4051,0,0
2012-05-06 00:00:00+00:00,2614.0,2615.0,2591.0,2602.0,420,0,0
2012-05-07 00:00:00+00:00,2601.0,2651.0,2597.0,2643.0,3661,0,0
2012-05-08 00:00:00+00:00,2642.0,2644.0,2586.0,2626.0,4901,0,0
2012-05-09 00:00:00+00:00,2627.0,2635.0,2587.0,2611.0,6434,0,0
2012-05-10 00:00:00+00:00,2610.0,2639.0,2602.0,2607.0,5145,0,0
2012-05-11 00:00:00+00:00,2606.0,2643.0,2601.0,2615.0,4748,0,0
2012-05-13 00:00:00+00:00,2606.0,2609.0,2599.0,2606.0,160,0,0
2012-05-14 00:00:00+00:00,2605.0,2616.0,2585.0,2594.0,4890,0,0
2012-05-15 00:00:00+00:00,2595.0,2617.0,2576.0,2584.0,5833,0,0
2012-05-16 00:00:00+00:00,2583.0,2597.0,2556.0,2565.0,5862,0,0
2012-05-17 00:00:00+00:00,2564.0,2572.0,2506.0,2513.0,6577,0,0
2012-05-18 00:00:00+00:00,2514.0,2522.0,2470.0,2472.0,6951,0,0
2012-05-20 00:00:00+00:00,2473.0,2479.0,2466.0,2479.0,251,0,0
2012-05-21 00:00:00+00:00,2478.0,2547.0,2477.0,2547.0,5292,0,0
2012-05-22 00:00:00+00:00,2548.0,2562.0,2523.0,2534.0,5473,0,0
2012-05-23 00:00:00+00:00,2533.0,2553.0,2499.0,2532.0,6911,0,0
2012-05-24 00:00:00+00:00,2533.0,2557.0,2511.0,2537.0,6830,0,0
2012-05-25 00:00:00+00:00,2538.0,2552.0,2519.0,2527.0,4846,0,0
2012-05-27 00:00:00+00:00,2538.0,2539.0,2534.0,2538.0,167,0,0
2012-05-28 00:00:00+00:00,2537.0,2551.0,2535.0,2536.0,1583,0,0
2012-05-29 00:00:00+00:00,2537.0,2571.0,2533.0,2556.0,5475,0,0
2012-05-30 00:00:00+00:00,2555.0,2557.0,2521.0,2532.0,5929,0,0
2012-05-31 00:00:00+00:00,2531.0,2544.0,2507.0,2523.0,6157,0,0
2012-06-01 00:00:00+00:00,2522.0,2523.0,2457.0,2458.0,7284,0,0
2012-06-03 00:00:00+00:00,2461.0,2462.0,2435.0,2437.0,376,0,0
2012-06-04 00:00:00+00:00,2438.0,2481.0,2435.0,2477.0,6150,0,0
2012-06-05 00:00:00+00:00,2476.0,2499.0,2461.0,2495.0,5666,0,0
2012-06-06 00:00:00+00:00,2496.0,2555.0,2493.0,2554.0,5633,0,0
2012-06-07 00:00:00+00:00,2553.0,2570.0,2532.0,2539.0,5026,0,0
2012-06-08 00:00:00+00:00,2538.0,2563.0,2518.0,2562.0,4354,0,0
2012-06-10 00:00:00+00:00,2596.0,2603.0,2590.0,2594.0,262,0,0
2012-06-11 00:00:00+00:00,2595.0,2597.0,2512.0,2517.0,5252,0,0
2012-06-12 00:00:00+00:00,2518.0,2548.0,2510.0,2544.0,5263,0,0
2012-06-13 00:00:00+00:00,2543.0,2555.0,2516.0,2528.0,5011,0,0
2012-06-14 00:00:00+00:00,2529.0,2544.0,2511.0,2538.0,5677,0,0
2012-06-15 00:00:00+00:00,2539.0,2570.0,2535.0,2566.0,4535,0,0
2012-06-17 00:00:00+00:00,2580.0,2588.0,2575.0,2581.0,294,0,0
2012-06-18 00:00:00+00:00,2582.0,2599.0,2552.0,2596.0,5604,0,0
2012-06-19 00:00:00+00:00,2597.0,2629.0,2588.0,2616.0,4531,0,0
2012-06-20 00:00:00+00:00,2617.0,2631.0,2601.0,2619.0,5928,0,0
2012-06-21 00:00:00+00:00,2618.0,2623.0,2552.0,2558.0,5837,0,0
2012-06-22 00:00:00+00:00,2559.0,2585.0,2552.0,2579.0,4075,0,0
2012-06-24 00:00:00+00:00,2578.0,2579.0,2571.0,2573.0,144,0,0
2012-06-25 00:00:00+00:00,2572.0,2573.0,2524.0,2535.0,4404,0,0
2012-06-26 00:00:00+00:00,2536.0,2554.0,2528.0,2549.0,4891,0,0
2012-06-27 00:00:00+00:00,2548.0,2575.0,2547.0,2560.0,3866,0,0
2012-06-28 00:00:00+00:00,2561.0,2569.0,2508.0,2526.0,5270,0,0
2012-06-29 00:00:00+00:00,2525.0,2620.0,2523.0,2618.0,5726,0,0
2012-07-01 00:00:00+00:00,2619.0,2620.0,2613.0,2615.0,117,0,0
2012-07-02 00:00:00+00:00,2614.0,2624.0,2604.0,2618.0,4546,0,0
2012-07-03 00:00:00+00:00,2619.0,2647.0,2617.0,2645.0,2848,0,0
2012-07-04 00:00:00+00:00,2646.0,2649.0,2637.0,2641.0,1215,0,0
2012-07-05 00:00:00+00:00,2642.0,2660.0,2628.0,2647.0,4760,0,0
2012-07-06 00:00:00+00:00,2646.0,2648.0,2595.0,2614.0,4550,0,0
2012-07-08 00:00:00+00:00,2607.0,2609.0,2606.0,2607.0,54,0,0
2012-07-09 00:00:00+00:00,2608.0,2619.0,2596.0,2609.0,3984,0,0
2012-07-10 00:00:00+00:00,2608.0,2629.0,2573.0,2581.0,4432,0,0
2012-07-11 00:00:00+00:00,2580.0,2593.0,2547.0,2572.0,4715,0,0
2012-07-12 00:00:00+00:00,2571.0,2572.0,2521.0,2545.0,4853,0,0
2012-07-13 00:00:00+00:00,2544.0,2589.0,2544.0,2582.0,3628,0,0
2012-07-15 00:00:00+00:00,2581.0,2581.0,2578.0,2579.0,45,0,0
2012-07-16 00:00:00+00:00,2578.0,2588.0,2565.0,2575.0,3221,0,0
2012-07-17 00:00:00+00:00,2576.0,2598.0,2552.0,2591.0,4660,0,0
2012-07-18 00:00:00+00:00,2590.0,2637.0,2581.0,2633.0,3999,0,0
2012-07-19 00:00:00+00:00,2634.0,2662.0,2633.0,2657.0,4363,0,0
2012-07-20 00:00:00+00:00,2656.0,2662.0,2617.0,2619.0,4552,0,0
2012-07-22 00:00:00+00:00,2614.0,2617.0,2610.0,2610.0,115,0,0
2012-07-23 00:00:00+00:00,2609.0,2612.0,2548.0,2581.0,5115,0,0
2012-07-24 00:00:00+00:00,2582.0,2594.0,2521.0,2523.0,5782,0,0
2012-07-25 00:00:00+00:00,2522.0,2565.0,2522.0,2549.0,5910,0,0
2012-07-26 00:00:00+00:00,2548.0,2597.0,2534.0,2580.0,6783,0,0
2012-07-27 00:00:00+00:00,2579.0,2650.0,2577.0,2647.0,5514,0,0
2012-07-29 00:00:00+00:00,2644.0,2646.0,2641.0,2642.0,96,0,0
2012-07-30 00:00:00+00:00,2641.0,2662.0,2632.0,2641.0,4521,0,0
2012-07-31 00:00:00+00:00,2640.0,2656.0,2636.0,2640.0,4517,0,0
2012-08-01 00:00:00+00:00,2639.0,2660.0,2624.0,2633.0,4914,0,0
2012-08-02 00:00:00+00:00,2632.0,2652.0,2604.0,2622.0,7335,0,0
2012-08-03 00:00:00+00:00,2621.0,2685.0,2620.0,2676.0,4863,0,0
2012-08-05 00:00:00+00:00,2678.0,2680.0,2674.0,2680.0,103,0,0
2012-08-06 00:00:00+00:00,2700.9,2703.4,2700.1,2701.2,397,0,0
2012-08-07 00:00:00+00:00,2691.9,2726.7,2689.8,2712.9,9630,0,0
2012-08-08 00:00:00+00:00,2713.1,2720.4,2704.4,2708.2,9588,0,0
2012-08-09 00:00:00+00:00,2708.4,2724.5,2705.2,2719.6,9479,0,0
2012-08-10 00:00:00+00:00,2719.5,2719.6,2712.6,2714.1,8713,0,0
2012-08-13 00:00:00+00:00,2723.0,2731.1,2707.3,2727.8,8201,0,0
2012-08-14 00:00:00+00:00,2727.9,2743.3,2721.7,2724.7,9437,0,0
2012-08-15 00:00:00+00:00,2724.6,2742.7,2719.1,2741.3,7843,0,0
2012-08-16 00:00:00+00:00,2741.4,2773.8,2738.9,2766.3,8548,0,0
2012-08-17 00:00:00+00:00,2766.4,2767.7,2763.4,2765.4,7742,0,0
2012-08-20 00:00:00+00:00,2776.9,2784.2,2767.2,2782.7,7835,0,0
2012-08-21 00:00:00+00:00,2782.4,2802.4,2761.8,2771.1,9088,0,0
2012-08-22 00:00:00+00:00,2771.2,2789.2,2759.2,2782.1,10331,0,0
2012-08-23 00:00:00+00:00,2781.9,2791.8,2754.4,2761.8,10781,0,0
2012-08-24 00:00:00+00:00,2761.9,2763.7,2760.2,2762.6,9514,0,0
2012-08-27 00:00:00+00:00,2786.8,2795.7,2776.7,2783.6,8009,0,0
2012-08-28 00:00:00+00:00,2783.4,2790.7,2771.3,2784.4,9453,0,0
2012-08-29 00:00:00+00:00,2784.6,2790.3,2771.2,2780.9,7835,0,0
2012-08-30 00:00:00+00:00,2780.6,2781.9,2750.4,2752.8,8289,0,0
2012-08-31 00:00:00+00:00,2752.9,2757.9,2752.3,2755.8,9963,0,0
2012-09-03 00:00:00+00:00,2773.3,2781.2,2759.7,2777.6,4403,0,0
2012-09-04 00:00:00+00:00,2777.3,2782.6,2743.2,2773.1,9433,0,0
2012-09-05 00:00:00+00:00,2772.9,2780.6,2757.2,2767.7,10166,0,0
2012-09-06 00:00:00+00:00,2767.4,2830.1,2767.2,2826.6,10018,0,0
2012-09-07 00:00:00+00:00,2826.4,2827.4,2823.9,2826.4,9390,0,0
2012-09-10 00:00:00+00:00,2821.8,2823.4,2781.9,2785.9,7839,0,0
2012-09-11 00:00:00+00:00,2786.4,2799.7,2777.9,2778.3,9060,0,0
2012-09-12 00:00:00+00:00,2778.4,2800.2,2774.7,2795.4,12296,0,0
2012-09-13 00:00:00+00:00,2795.6,2840.9,2784.4,2831.3,10661,0,0
2012-09-14 00:00:00+00:00,2831.4,2835.4,2831.1,2833.8,9831,0,0
2012-09-17 00:00:00+00:00,2853.0,2857.6,2844.9,2852.8,7689,0,0
2012-09-18 00:00:00+00:00,2853.1,2858.9,2843.1,2858.6,7692,0,0
2012-09-19 00:00:00+00:00,2858.4,2870.8,2849.1,2861.9,8477,0,0
2012-09-20 00:00:00+00:00,2862.2,2862.4,2841.9,2860.7,9249,0,0
2012-09-21 00:00:00+00:00,2860.6,2866.7,2860.4,2865.7,9481,0,0
2012-09-24 00:00:00+00:00,2860.5,2861.4,2831.4,2845.6,10157,0,0
2012-09-25 00:00:00+00:00,2845.4,2857.9,2803.7,2811.1,9659,0,0
2012-09-26 00:00:00+00:00,2810.9,2812.1,2767.1,2784.9,10233,0,0
2012-09-27 00:00:00+00:00,2785.2,2826.2,2783.2,2821.3,10697,0,0
2012-09-28 00:00:00+00:00,2821.2,2821.9,2817.6,2819.3,10709,0,0
2012-10-01 00:00:00+00:00,2789.9,2827.4,2783.1,2793.6,12534,0,0
2012-10-02 00:00:00+00:00,2793.4,2812.6,2777.4,2799.3,12078,0,0
2012-10-03 00:00:00+00:00,2799.4,2823.7,2792.9,2820.4,10905,0,0
2012-10-04 00:00:00+00:00,2820.3,2834.7,2812.9,2828.7,11747,0,0
2012-10-05 00:00:00+00:00,2828.8,2832.4,2828.3,2831.1,10125,0,0
2012-10-08 00:00:00+00:00,2807.9,2808.1,2779.7,2782.4,10204,0,0
2012-10-09 00:00:00+00:00,2782.8,2791.9,2735.6,2738.1,12337,0,0
2012-10-10 00:00:00+00:00,2738.3,2748.8,2720.5,2723.1,11936,0,0
2012-10-11 00:00:00+00:00,2723.0,2750.8,2717.8,2721.7,10183,0,0
2012-10-12 00:00:00+00:00,2722.0,2733.6,2713.0,2717.6,11463,0,0
2012-10-15 00:00:00+00:00,2714.7,2741.6,2712.2,2739.1,10494,0,0
2012-10-16 00:00:00+00:00,2738.8,2782.7,2735.5,2770.4,10459,0,0
2012-10-17 00:00:00+00:00,2770.3,2784.3,2759.3,2776.1,10192,0,0
2012-10-18 00:00:00+00:00,2775.9,2779.6,2733.2,2739.6,11708,0,0
2012-10-19 00:00:00+00:00,2739.7,2742.9,2738.7,2739.9,10736,0,0
2012-10-22 00:00:00+00:00,2670.7,2699.4,2663.6,2697.9,11796,0,0
2012-10-23 00:00:00+00:00,2697.8,2700.9,2657.8,2668.9,13632,0,0
2012-10-24 00:00:00+00:00,2668.7,2685.9,2652.1,2659.6,12712,0,0
2012-10-25 00:00:00+00:00,2659.8,2678.9,2610.1,2652.2,13841,0,0
2012-10-26 00:00:00+00:00,2652.3,2653.7,2644.8,2645.7,15147,0,0
2012-10-29 00:00:00+00:00,2657.2,2662.6,2638.4,2640.2,5042,0,0
2012-10-30 00:00:00+00:00,2640.1,2668.2,2632.4,2663.4,5462,0,0
2012-10-31 00:00:00+00:00,2663.7,2682.9,2635.6,2639.2,11805,0,0
2012-11-01 00:00:00+00:00,2639.4,2694.9,2633.7,2690.9,10828,0,0
2012-11-02 00:00:00+00:00,2691.1,2693.1,2689.8,2689.9,11322,0,0
2012-11-05 00:00:00+00:00,2643.2,2678.2,2641.2,2661.9,10439,0,0
2012-11-06 00:00:00+00:00,2662.2,2695.7,2661.2,2675.9,9926,0,0
2012-11-07 00:00:00+00:00,2675.8,2689.9,2601.2,2619.9,17712,0,0
2012-11-08 00:00:00+00:00,2619.7,2625.1,2570.8,2578.8,15443,0,0
2012-11-09 00:00:00+00:00,2578.7,2586.2,2577.3,2583.9,14772,0,0
2012-11-12 00:00:00+00:00,2583.2,2599.7,2574.4,2578.4,11303,0,0
2012-11-13 00:00:00+00:00,2578.6,2586.2,2553.6,2571.8,14491,0,0
2012-11-14 00:00:00+00:00,2571.6,2586.3,2527.8,2533.8,13482,0,0
2012-11-15 00:00:00+00:00,2533.7,2541.9,2513.7,2523.1,14412,0,0
2012-11-16 00:00:00+00:00,2522.9,2523.2,2517.7,2522.8,15500,0,0
2012-11-19 00:00:00+00:00,2543.9,2596.2,2538.8,2586.1,11833,0,0
2012-11-20 00:00:00+00:00,2585.9,2598.2,2569.7,2593.2,12540,0,0
2012-11-21 00:00:00+00:00,2593.3,2604.2,2578.8,2603.6,12003,0,0
2012-11-22 00:00:00+00:00,2603.4,2607.9,2598.9,2603.2,4002,0,0
2012-11-23 00:00:00+00:00,2603.3,2603.9,2601.6,2602.4,6432,0,0
2012-11-26 00:00:00+00:00,2628.7,2651.7,2624.7,2650.9,10147,0,0
2012-11-27 00:00:00+00:00,2651.1,2658.7,2637.6,2638.7,11631,0,0
2012-11-28 00:00:00+00:00,2638.8,2665.5,2611.7,2660.3,11960,0,0
2012-11-29 00:00:00+00:00,2660.4,2688.3,2659.9,2673.2,11850,0,0
2012-11-30 00:00:00+00:00,2673.0,2682.0,2671.7,2679.2,10775,0,0
2012-12-03 00:00:00+00:00,2678.2,2697.9,2666.1,2668.9,11153,0,0
2012-12-04 00:00:00+00:00,2668.6,2675.1,2650.2,2660.8,11718,0,0
2012-12-05 00:00:00+00:00,2660.7,2679.2,2623.4,2637.2,12960,0,0
2012-12-06 00:00:00+00:00,2637.3,2661.4,2620.7,2655.4,13211,0,0
2012-12-07 00:00:00+00:00,2655.2,2656.3,2653.8,2654.9,12455,0,0
2012-12-10 00:00:00+00:00,2639.7,2660.4,2625.9,2646.4,10474,0,0
2012-12-11 00:00:00+00:00,2646.3,2695.4,2644.3,2685.4,10419,0,0
2012-12-12 00:00:00+00:00,2685.6,2694.9,2667.1,2671.9,11052,0,0
2012-12-13 00:00:00+00:00,2672.1,2687.8,2641.7,2656.9,10710,0,0
2012-12-14 00:00:00+00:00,2657.2,2657.9,2647.8,2657.6,9846,0,0
2012-12-17 00:00:00+00:00,2638.7,2673.2,2613.3,2666.5,10673,0,0
2012-12-18 00:00:00+00:00,2666.7,2708.2,2665.9,2703.8,10325,0,0
2012-12-19 00:00:00+00:00,2703.9,2714.9,2686.4,2688.3,10421,0,0
2012-12-20 00:00:00+00:00,2688.2,2702.8,2678.9,2691.6,19776,0,0
2012-12-21 00:00:00+00:00,2692.1,2694.0,2691.1,2692.4,32598,0,0
2012-12-24 00:00:00+00:00,2661.5,2664.8,2648.9,2653.3,11235,0,0
2012-12-26 00:00:00+00:00,2656.4,2660.7,2627.9,2633.2,12938,0,0
2012-12-27 00:00:00+00:00,2632.9,2639.2,2595.7,2630.3,24576,0,0
2012-12-28 00:00:00+00:00,2629.7,2633.7,2627.9,2630.9,23858,0,0
2012-12-31 00:00:00+00:00,2593.2,2663.8,2584.3,2661.4,23645,0,0
2013-01-02 00:00:00+00:00,2690.8,2745.9,2690.8,2745.1,22921,0,0
2013-01-03 00:00:00+00:00,2744.6,2749.2,2727.7,2730.3,19848,0,0
2013-01-04 00:00:00+00:00,2730.8,2731.2,2726.7,2727.4,22771,0,0
2013-01-07 00:00:00+00:00,2719.8,2724.7,2705.7,2721.4,19023,0,0
2013-01-08 00:00:00+00:00,2721.7,2728.2,2704.2,2717.6,20399,0,0
2013-01-09 00:00:00+00:00,2718.4,2734.7,2715.4,2727.4,20061,0,0
2013-01-10 00:00:00+00:00,2727.7,2747.9,2723.2,2743.9,22008,0,0
2013-01-11 00:00:00+00:00,2744.2,2748.6,2744.2,2746.2,19286,0,0
2013-01-14 00:00:00+00:00,2747.6,2753.9,2723.9,2735.7,20343,0,0
2013-01-15 00:00:00+00:00,2735.4,2736.8,2709.9,2722.2,21475,0,0
2013-01-16 00:00:00+00:00,2722.4,2741.9,2715.2,2730.7,20246,0,0
2013-01-17 00:00:00+00:00,2730.9,2756.4,2721.4,2740.7,20138,0,0
2013-01-18 00:00:00+00:00,2741.8,2742.2,2738.7,2739.2,19097,0,0
2013-01-21 00:00:00+00:00,2738.4,2747.4,2737.2,2746.6,6748,0,0
2013-01-22 00:00:00+00:00,2745.9,2758.7,2726.7,2758.2,21541,0,0
2013-01-23 00:00:00+00:00,2759.9,2773.1,2736.3,2736.8,19106,0,0
2013-01-24 00:00:00+00:00,2734.4,2746.7,2713.7,2718.4,23788,0,0
2013-01-25 00:00:00+00:00,2718.7,2720.9,2717.7,2719.9,22691,0,0
2013-01-28 00:00:00+00:00,2733.9,2751.7,2731.9,2739.2,18980,0,0
2013-01-29 00:00:00+00:00,2739.3,2751.7,2721.7,2750.4,18157,0,0
2013-01-30 00:00:00+00:00,2751.2,2756.7,2737.2,2740.2,18963,0,0
2013-01-31 00:00:00+00:00,2739.8,2750.9,2729.2,2735.0,17970,0,0
2013-02-01 00:00:00+00:00,2735.8,2739.4,2735.7,2739.2,19363,0,0
2013-02-04 00:00:00+00:00,2762.4,2762.6,2713.7,2714.7,19453,0,0
2013-02-05 00:00:00+00:00,2713.8,2762.7,2712.4,2757.4,18786,0,0
2013-02-06 00:00:00+00:00,2757.8,2760.4,2737.2,2744.9,21273,0,0
2013-02-07 00:00:00+00:00,2742.3,2750.6,2714.9,2747.8,21148,0,0
2013-02-08 00:00:00+00:00,2745.4,2745.8,2744.1,2744.7,16587,0,0
2013-02-11 00:00:00+00:00,2772.9,2782.4,2764.9,2772.7,15922,0,0
2013-02-12 00:00:00+00:00,2772.8,2775.4,2761.9,2766.3,19389,0,0
2013-02-13 00:00:00+00:00,2766.7,2782.7,2763.9,2770.9,17768,0,0
2013-02-14 00:00:00+00:00,2769.8,2775.7,2756.9,2769.7,17629,0,0
2013-02-15 00:00:00+00:00,2769.9,2772.6,2769.9,2770.3,17263,0,0
2013-02-18 00:00:00+00:00,2760.7,2765.9,2759.8,2762.1,7099,0,0
2013-02-19 00:00:00+00:00,2763.7,2784.6,2759.8,2783.1,16404,0,0
2013-02-20 00:00:00+00:00,2782.9,2785.4,2725.7,2734.9,19611,0,0
2013-02-21 00:00:00+00:00,2735.7,2739.9,2699.2,2715.6,24311,0,0
2013-02-22 00:00:00+00:00,2715.7,2717.9,2715.4,2717.2,19972,0,0
2013-02-25 00:00:00+00:00,2736.3,2764.2,2694.9,2698.5,26262,0,0
2013-02-26 00:00:00+00:00,2698.8,2717.7,2690.7,2710.6,31089,0,0
2013-02-27 00:00:00+00:00,2710.8,2756.4,2702.9,2740.6,26679,0,0
2013-02-28 00:00:00+00:00,2739.7,2760.4,2732.2,2732.6,20872,0,0
2013-03-01 00:00:00+00:00,2733.2,2738.8,2728.7,2731.1,25381,0,0
2013-03-04 00:00:00+00:00,2744.9,2762.9,2732.3,2762.9,20894,0,0
2013-03-05 00:00:00+00:00,2762.7,2803.2,2760.7,2799.2,20481,0,0
2013-03-06 00:00:00+00:00,2798.6,2808.2,2787.9,2789.9,17412,0,0
2013-03-07 00:00:00+00:00,2790.2,2800.7,2787.7,2798.8,17122,0,0
2013-03-08 00:00:00+00:00,2798.1,2799.4,2795.8,2796.2,18300,0,0
2013-03-11 00:00:00+00:00,2797.9,2810.9,2790.3,2809.7,14164,0,0
2013-03-12 00:00:00+00:00,2809.6,2810.8,2789.2,2802.4,16975,0,0
2013-03-13 00:00:00+00:00,2802.6,2807.4,2786.8,2799.8,14242,0,0
2013-03-14 00:00:00+00:00,2799.7,2811.7,2796.4,2804.1,12219,0,0
2013-03-15 00:00:00+00:00,2803.5,2804.0,2802.6,2804.0,14120,0,0
2013-03-18 00:00:00+00:00,2757.5,2803.2,2753.9,2794.6,22335,0,0
2013-03-19 00:00:00+00:00,2794.7,2805.9,2761.4,2783.2,23242,0,0
2013-03-20 00:00:00+00:00,2783.7,2812.2,2777.9,2793.2,19407,0,0
2013-03-21 00:00:00+00:00,2793.1,2793.8,2766.7,2776.1,22079,0,0
2013-03-22 00:00:00+00:00,2775.9,2776.1,2773.2,2773.4,18749,0,0
2013-03-25 00:00:00+00:00,2799.1,2816.9,2776.7,2792.6,22498,0,0
2013-03-26 00:00:00+00:00,2791.9,2807.7,2790.2,2807.6,18016,0,0
2013-03-27 00:00:00+00:00,2807.4,2810.7,2782.2,2807.7,19190,0,0
2013-03-28 00:00:00+00:00,2807.9,2819.1,2797.1,2818.2,19264,0,0
2013-03-29 00:00:00+00:00,2818.4,2819.2,2818.2,2818.3,22,0,0
2013-04-01 00:00:00+00:00,2817.4,2820.7,2792.8,2794.2,13254,0,0
2013-04-02 00:00:00+00:00,2794.9,2827.9,2791.4,2818.9,20405,0,0
2013-04-03 00:00:00+00:00,2819.3,2824.1,2787.4,2792.9,21014,0,0
2013-04-04 00:00:00+00:00,2793.2,2806.4,2777.9,2788.7,24169,0,0
2013-04-05 00:00:00+00:00,2789.2,2790.6,2788.7,2789.2,21300,0,0
2013-04-08 00:00:00+00:00,2769.3,2792.7,2762.7,2792.2,19492,0,0
2013-04-09 00:00:00+00:00,2793.4,2815.2,2780.9,2804.7,19947,0,0
2013-04-10 00:00:00+00:00,2805.4,2861.9,2800.4,2856.4,18378,0,0
2013-04-11 00:00:00+00:00,2856.7,2860.7,2847.9,2858.9,19664,0,0
2013-04-12 00:00:00+00:00,2859.8,2860.4,2858.3,2859.9,21996,0,0
2013-04-15 00:00:00+00:00,2851.3,2855.9,2774.8,2790.1,29792,0,0
2013-04-16 00:00:00+00:00,2789.6,2837.9,2788.4,2833.9,27448,0,0
2013-04-17 00:00:00+00:00,2833.8,2835.2,2764.4,2779.4,30209,0,0
2013-04-18 00:00:00+00:00,2777.8,2793.9,2729.9,2756.7,31607,0,0
2013-04-19 00:00:00+00:00,2755.2,2758.2,2751.2,2755.4,26003,0,0
2013-04-22 00:00:00+00:00,2778.1,2815.4,2777.8,2807.9,25672,0,0
2013-04-23 00:00:00+00:00,2808.2,2848.2,2790.7,2845.9,28491,0,0
2013-04-24 00:00:00+00:00,2847.2,2847.3,2821.7,2828.4,25660,0,0
2013-04-25 00:00:00+00:00,2828.2,2859.2,2822.0,2849.9,24325,0,0
2013-04-26 00:00:00+00:00,2848.9,2849.8,2827.4,2838.8,24616,0,0
2013-04-29 00:00:00+00:00,2838.4,2876.7,2832.7,2866.1,9770,0,0
2013-04-30 00:00:00+00:00,2865.2,2888.4,2858.8,2887.9,10391,0,0
2013-05-01 00:00:00+00:00,2887.8,2891.7,2867.2,2871.9,8583,0,0
2013-05-02 00:00:00+00:00,2871.8,2915.4,2871.8,2908.1,11321,0,0
2013-05-03 00:00:00+00:00,2907.8,2952.2,2905.2,2942.4,9055,0,0
2013-05-06 00:00:00+00:00,2948.4,2958.9,2941.7,2953.1,7055,0,0
2013-05-07 00:00:00+00:00,2953.0,2961.4,2941.9,2952.2,8969,0,0
2013-05-08 00:00:00+00:00,2951.9,2969.4,2946.4,2966.6,8228,0,0
2013-05-09 00:00:00+00:00,2963.9,2980.2,2952.4,2965.1,9540,0,0
2013-05-10 00:00:00+00:00,2965.2,2979.6,2961.1,2978.6,10871,0,0
2013-05-13 00:00:00+00:00,2971.9,2989.4,2962.4,2982.9,9901,0,0
2013-05-14 00:00:00+00:00,2981.6,3005.4,2972.2,2997.7,8818,0,0
2013-05-15 00:00:00+00:00,2997.8,3005.2,2982.7,3004.9,9994,0,0
2013-05-16 00:00:00+00:00,3006.7,3018.4,2995.9,3000.7,10906,0,0
2013-05-17 00:00:00+00:00,3000.6,3027.7,2997.7,3023.7,10200,0,0
2013-05-20 00:00:00+00:00,3020.6,3031.9,3010.2,3021.9,9617,0,0
2013-05-21 00:00:00+00:00,3021.2,3036.7,3010.3,3021.7,10167,0,0
2013-05-22 00:00:00+00:00,3021.8,3053.3,2983.6,3006.8,14826,0,0
2013-05-23 00:00:00+00:00,3005.9,3008.1,2961.3,2995.4,18988,0,0
2013-05-24 00:00:00+00:00,2995.7,3002.7,2963.2,2992.4,15146,0,0
2013-05-27 00:00:00+00:00,2991.3,3004.2,2984.7,2999.9,5331,0,0
2013-05-28 00:00:00+00:00,2999.6,3036.4,2997.9,3006.2,12937,0,0
2013-05-29 00:00:00+00:00,3005.4,3008.2,2978.4,2994.1,14985,0,0
2013-05-30 00:00:00+00:00,2994.2,3025.4,2981.7,3010.2,14255,0,0
2013-05-31 00:00:00+00:00,3009.8,3022.7,2977.1,2977.1,14501,0,0
2013-06-03 00:00:00+00:00,2981.4,2994.9,2950.1,2987.4,16557,0,0
2013-06-04 00:00:00+00:00,2987.0,3006.6,2960.9,2976.3,15475,0,0
2013-06-05 00:00:00+00:00,2970.9,2977.3,2931.9,2938.9,18352,0,0
2013-06-06 00:00:00+00:00,2939.4,2953.9,2910.4,2949.7,17385,0,0
2013-06-07 00:00:00+00:00,2949.2,2991.9,2941.8,2985.1,18303,0,0
2013-06-10 00:00:00+00:00,2979.2,3004.1,2976.4,2988.0,13830,0,0
2013-06-11 00:00:00+00:00,2988.1,2989.4,2950.1,2966.6,16230,0,0
2013-06-12 00:00:00+00:00,2966.5,2978.4,2919.1,2921.7,14764,0,0
2013-06-13 00:00:00+00:00,2920.7,2968.4,2897.2,2962.6,17882,0,0
2013-06-14 00:00:00+00:00,2962.3,2967.2,2937.9,2940.8,12816,0,0
2013-06-17 00:00:00+00:00,2940.7,2988.6,2940.0,2971.7,13016,0,0
2013-06-18 00:00:00+00:00,2971.5,3000.7,2969.4,2996.2,12600,0,0
2013-06-19 00:00:00+00:00,2996.1,3001.9,2957.4,2959.0,13751,0,0
2013-06-20 00:00:00+00:00,2958.9,2960.9,2880.9,2883.9,19267,0,0
2013-06-21 00:00:00+00:00,2884.2,2904.4,2851.2,2870.6,19391,0,0
2013-06-24 00:00:00+00:00,2871.8,2876.7,2824.2,2852.7,20923,0,0
2013-06-25 00:00:00+00:00,2852.3,2879.2,2836.4,2865.3,18581,0,0
2013-06-26 00:00:00+00:00,2865.2,2898.7,2851.8,2891.7,15369,0,0
2013-06-27 00:00:00+00:00,2891.4,2923.7,2888.1,2905.7,13192,0,0
2013-06-28 00:00:00+00:00,2905.6,2926.9,2889.9,2905.9,14126,0,0
2013-07-01 00:00:00+00:00,2910.3,2950.6,2898.2,2923.1,14130,0,0
2013-07-02 00:00:00+00:00,2923.3,2945.2,2911.6,2926.8,13907,0,0
2013-07-03 00:00:00+00:00,2927.2,2952.9,2901.2,2940.7,12480,0,0
2013-07-04 00:00:00+00:00,2939.7,2971.1,2939.3,2969.6,5678,0,0
2013-07-05 00:00:00+00:00,2968.7,2975.1,2932.4,2967.1,14418,0,0
2013-07-08 00:00:00+00:00,2965.8,2982.4,2953.4,2967.3,12410,0,0
2013-07-09 00:00:00+00:00,2966.9,2989.4,2963.7,2980.7,11517,0,0
2013-07-10 00:00:00+00:00,2980.9,3009.8,2973.7,3008.8,13044,0,0
2013-07-11 00:00:00+00:00,3009.4,3061.7,3009.4,3058.1,13561,0,0
2013-07-12 00:00:00+00:00,3058.2,3074.4,3053.4,3069.2,10333,0,0
2013-07-15 00:00:00+00:00,3067.2,3081.1,3067.2,3077.9,8126,0,0
2013-07-16 00:00:00+00:00,3078.6,3084.7,3067.9,3077.3,9292,0,0
2013-07-17 00:00:00+00:00,3077.2,3090.2,3069.7,3079.2,11708,0,0
2013-07-18 00:00:00+00:00,3079.7,3090.9,3050.2,3053.7,10530,0,0
2013-07-19 00:00:00+00:00,3052.7,3053.7,3034.7,3047.7,10411,0,0
2013-07-22 00:00:00+00:00,3048.4,3059.2,3042.9,3053.4,9229,0,0
2013-07-23 00:00:00+00:00,3053.9,3064.4,3028.2,3048.4,9168,0,0
2013-07-24 00:00:00+00:00,3048.2,3061.7,3033.2,3057.4,10452,0,0
2013-07-25 00:00:00+00:00,3057.7,3062.8,3032.2,3058.9,10904,0,0
2013-07-26 00:00:00+00:00,3057.9,3077.9,3042.2,3077.2,10301,0,0
2013-07-29 00:00:00+00:00,3075.4,3082.9,3061.3,3072.4,9887,0,0
2013-07-30 00:00:00+00:00,3071.9,3098.9,3070.2,3088.9,9364,0,0
2013-07-31 00:00:00+00:00,3089.1,3109.4,3083.7,3097.2,11953,0,0
2013-08-01 00:00:00+00:00,3097.3,3127.9,3094.4,3123.4,11053,0,0
2013-08-02 00:00:00+00:00,3123.3,3142.4,3116.9,3140.8,9666,0,0
2013-08-05 00:00:00+00:00,3138.9,3143.7,3131.7,3140.2,7746,0,0
2013-08-06 00:00:00+00:00,3139.7,3142.9,3109.9,3121.4,8228,0,0
2013-08-07 00:00:00+00:00,3121.2,3122.9,3094.4,3121.4,9789,0,0
2013-08-08 00:00:00+00:00,3121.6,3137.0,3109.5,3130.6,9731,0,0
2013-08-09 00:00:00+00:00,3130.7,3135.6,3108.0,3114.6,10628,0,0
2013-08-12 00:00:00+00:00,3114.7,3130.3,3095.3,3127.6,9403,0,0
2013-08-13 00:00:00+00:00,3126.1,3147.9,3105.2,3138.2,9638,0,0
2013-08-14 00:00:00+00:00,3137.9,3143.7,3118.8,3118.8,10595,0,0
2013-08-15 00:00:00+00:00,3119.2,3119.2,3066.7,3072.9,12147,0,0
2013-08-16 00:00:00+00:00,3073.2,3089.9,3068.4,3069.8,10694,0,0
2013-08-19 00:00:00+00:00,3068.9,3100.7,3065.7,3070.9,10991,0,0
2013-08-20 00:00:00+00:00,3070.8,3096.9,3063.7,3082.1,11158,0,0
2013-08-21 00:00:00+00:00,3082.4,3098.2,3059.9,3061.2,12016,0,0
2013-08-22 00:00:00+00:00,3060.7,3106.4,3054.9,3104.4,10429,0,0
2013-08-23 00:00:00+00:00,3104.6,3126.4,3095.9,3121.7,10764,0,0
2013-08-26 00:00:00+00:00,3120.4,3147.2,3117.4,3122.9,8404,0,0
2013-08-27 00:00:00+00:00,3123.1,3124.8,3052.7,3061.8,13925,0,0
2013-08-28 00:00:00+00:00,3061.7,3084.7,3056.7,3066.4,12690,0,0
2013-08-29 00:00:00+00:00,3067.3,3108.9,3064.1,3092.7,11832,0,0
2013-08-30 00:00:00+00:00,3092.6,3102.8,3061.7,3078.4,13578,0,0
2013-09-02 00:00:00+00:00,3088.9,3112.9,3088.9,3108.8,5621,0,0
2013-09-03 00:00:00+00:00,3108.2,3112.6,3075.2,3088.2,14231,0,0
2013-09-04 00:00:00+00:00,3088.3,3130.4,3082.6,3130.1,11210,0,0
2013-09-05 00:00:00+00:00,3129.9,3136.7,3123.2,3128.7,11204,0,0
2013-09-06 00:00:00+00:00,3128.6,3148.2,3096.2,3133.7,13201,0,0
2013-09-09 00:00:00+00:00,3131.7,3174.2,3131.3,3168.9,10998,0,0
2013-09-10 00:00:00+00:00,3169.2,3188.2,3166.4,3183.4,11574,0,0
2013-09-11 00:00:00+00:00,3183.6,3186.9,3159.1,3182.7,11268,0,0
2013-09-12 00:00:00+00:00,3182.8,3185.7,3169.4,3177.8,9769,0,0
2013-09-13 00:00:00+00:00,3177.9,3181.4,3160.9,3180.7,7779,0,0
2013-09-16 00:00:00+00:00,3206.8,3218.1,3161.4,3166.7,10359,0,0
2013-09-17 00:00:00+00:00,3164.9,3194.2,3161.4,3191.7,7849,0,0
2013-09-18 00:00:00+00:00,3191.2,3233.9,3188.4,3229.9,10579,0,0
2013-09-19 00:00:00+00:00,3229.7,3242.2,3229.4,3237.2,10116,0,0
2013-09-20 00:00:00+00:00,3237.9,3247.8,3224.1,3225.6,10016,0,0
2013-09-23 00:00:00+00:00,3229.7,3243.4,3204.2,3216.4,11167,0,0
2013-09-24 00:00:00+00:00,3216.7,3236.2,3208.4,3219.7,9937,0,0
2013-09-25 00:00:00+00:00,3219.9,3225.9,3201.3,3207.2,11239,0,0
2013-09-26 00:00:00+00:00,3207.4,3240.2,3207.4,3233.9,9764,0,0
2013-09-27 00:00:00+00:00,3234.2,3238.4,3208.7,3228.6,9527,0,0
2013-09-30 00:00:00+00:00,3217.3,3228.9,3184.4,3225.4,12857,0,0
2013-10-01 00:00:00+00:00,3225.3,3256.8,3219.2,3254.6,12184,0,0
2013-10-02 00:00:00+00:00,3255.4,3256.7,3226.4,3245.7,12484,0,0
2013-10-03 00:00:00+00:00,3245.3,3254.2,3195.7,3206.8,14060,0,0
2013-10-04 00:00:00+00:00,3206.9,3245.4,3205.4,3240.7,10441,0,0
2013-10-07 00:00:00+00:00,3229.3,3238.7,3207.9,3213.2,11323,0,0
2013-10-08 00:00:00+00:00,3213.1,3220.5,3150.2,3152.7,14729,0,0
2013-10-09 00:00:00+00:00,3151.3,3169.7,3116.4,3139.2,15134,0,0
2013-10-10 00:00:00+00:00,3139.1,3214.8,3138.4,3198.3,13025,0,0
2013-10-11 00:00:00+00:00,3198.4,3236.4,3181.9,3235.4,13286,0,0
2013-10-14 00:00:00+00:00,3206.2,3260.4,3203.4,3259.2,12637,0,0
2013-10-15 00:00:00+00:00,3258.7,3269.3,3240.2,3248.8,14573,0,0
2013-10-16 00:00:00+00:00,3249.4,3282.4,3240.7,3268.9,15252,0,0
2013-10-17 00:00:00+00:00,3268.7,3312.7,3261.6,3312.4,12515,0,0
2013-10-18 00:00:00+00:00,3315.2,3354.4,3312.9,3352.4,11519,0,0
2013-10-21 00:00:00+00:00,3350.9,3368.4,3349.2,3360.3,10139,0,0
2013-10-22 00:00:00+00:00,3359.9,3383.2,3344.4,3364.4,12578,0,0
2013-10-23 00:00:00+00:00,3364.2,3364.7,3328.4,3348.7,12755,0,0
2013-10-24 00:00:00+00:00,3349.2,3385.7,3341.7,3383.7,12423,0,0
2013-10-25 00:00:00+00:00,3383.9,3398.4,3368.1,3382.7,11437,0,0
2013-10-28 00:00:00+00:00,3381.6,3396.2,3366.9,3376.7,10409,0,0
2013-10-29 00:00:00+00:00,3376.8,3397.9,3374.7,3394.0,11061,0,0
2013-10-30 00:00:00+00:00,3394.5,3407.2,3371.0,3394.4,12135,0,0
2013-10-31 00:00:00+00:00,3394.1,3399.4,3366.9,3383.2,12680,0,0
2013-11-01 00:00:00+00:00,3383.3,3393.9,3363.1,3373.1,11452,0,0
2013-11-04 00:00:00+00:00,3373.2,3392.7,3372.4,3383.9,9503,0,0
2013-11-05 00:00:00+00:00,3382.9,3394.9,3360.4,3385.3,10421,0,0
2013-11-06 00:00:00+00:00,3382.9,3399.9,3372.4,3378.8,10881,0,0
2013-11-07 00:00:00+00:00,3378.7,3389.9,3317.5,3325.8,14497,0,0
2013-11-08 00:00:00+00:00,3325.0,3365.9,3314.0,3363.2,14729,0,0
2013-11-11 00:00:00+00:00,3364.3,3368.4,3349.2,3358.3,9816,0,0
2013-11-12 00:00:00+00:00,3358.7,3369.7,3347.4,3367.4,11281,0,0
2013-11-13 00:00:00+00:00,3366.9,3409.2,3341.4,3402.7,11396,0,0
2013-11-14 00:00:00+00:00,3399.9,3417.9,3389.4,3413.7,11780,0,0
2013-11-15 00:00:00+00:00,3413.4,3423.2,3407.4,3419.2,9455,0,0
2013-11-18 00:00:00+00:00,3418.6,3427.7,3382.2,3388.4,10668,0,0
2013-11-19 00:00:00+00:00,3388.7,3399.9,3370.3,3375.9,11775,0,0
2013-11-20 00:00:00+00:00,3375.8,3397.7,3357.7,3367.2,13505,0,0
2013-11-21 00:00:00+00:00,3367.4,3404.9,3359.4,3401.9,10980,0,0
2013-11-22 00:00:00+00:00,3401.4,3421.4,3398.9,3420.2,9882,0,0
2013-11-25 00:00:00+00:00,3421.2,3436.2,3419.3,3427.7,8999,0,0
2013-11-26 00:00:00+00:00,3427.6,3454.6,3421.9,3446.6,7933,0,0
2013-11-27 00:00:00+00:00,3446.9,3470.7,3444.6,3468.7,7719,0,0
2013-11-28 00:00:00+00:00,3469.2,3482.6,3467.6,3481.4,3250,0,0
2013-11-29 00:00:00+00:00,3480.7,3495.4,3479.2,3490.4,5194,0,0
2013-12-02 00:00:00+00:00,3493.8,3499.9,3476.2,3482.9,9435,0,0
2013-12-03 00:00:00+00:00,3483.2,3487.7,3464.4,3474.7,10629,0,0
2013-12-04 00:00:00+00:00,3474.9,3491.9,3451.7,3481.7,12756,0,0
2013-12-05 00:00:00+00:00,3481.9,3489.9,3467.7,3476.4,12610,0,0
2013-12-06 00:00:00+00:00,3475.8,3509.3,3475.4,3503.7,11623,0,0
2013-12-09 00:00:00+00:00,3506.3,3523.2,3504.7,3517.8,8809,0,0
2013-12-10 00:00:00+00:00,3517.2,3522.9,3506.4,3515.4,8808,0,0
2013-12-11 00:00:00+00:00,3514.9,3520.4,3462.9,3469.2,10922,0,0
2013-12-12 00:00:00+00:00,3469.7,3477.9,3454.2,3454.7,12107,0,0
2013-12-13 00:00:00+00:00,3454.9,3476.9,3448.9,3458.1,9589,0,0
2013-12-16 00:00:00+00:00,3456.8,3494.2,3433.7,3471.2,11045,0,0
2013-12-17 00:00:00+00:00,3471.1,3482.4,3460.1,3463.1,9037,0,0
2013-12-18 00:00:00+00:00,3463.0,3512.9,3421.0,3510.6,12316,0,0
2013-12-19 00:00:00+00:00,3510.9,3515.9,3481.4,3496.3,11542,0,0
2013-12-20 00:00:00+00:00,3496.4,3540.2,3496.4,3536.4,9616,0,0
2013-12-23 00:00:00+00:00,3544.8,3570.2,3544.4,3569.4,7891,0,0
2013-12-24 00:00:00+00:00,3568.9,3575.0,3563.8,3573.8,4385,0,0
2013-12-26 00:00:00+00:00,3574.7,3585.8,3571.0,3585.5,4602,0,0
2013-12-27 00:00:00+00:00,3585.3,3589.5,3569.8,3572.6,6470,0,0
2013-12-30 00:00:00+00:00,3572.8,3575.9,3558.4,3569.9,6533,0,0
2013-12-31 00:00:00+00:00,3569.8,3590.4,3567.3,3581.2,3597,0,0
2014-01-02 00:00:00+00:00,3590.2,3590.2,3551.8,3562.9,8019,0,0
2014-01-03 00:00:00+00:00,3563.2,3568.9,3531.9,3532.3,7864,0,0
2014-01-06 00:00:00+00:00,3532.2,3543.7,3509.7,3520.7,9637,0,0
2014-01-07 00:00:00+00:00,3520.6,3561.7,3520.6,3554.3,7379,0,0
2014-01-08 00:00:00+00:00,3554.2,3573.9,3548.6,3567.9,8776,0,0
2014-01-09 00:00:00+00:00,3568.2,3581.2,3540.2,3553.7,9393,0,0
2014-01-10 00:00:00+00:00,3553.8,3576.2,3534.7,3567.9,9961,0,0
2014-01-13 00:00:00+00:00,3567.8,3571.7,3497.7,3514.4,10073,0,0
2014-01-14 00:00:00+00:00,3515.4,3580.9,3508.4,3578.3,9598,0,0
2014-01-15 00:00:00+00:00,3578.2,3614.4,3575.4,3603.4,8582,0,0
2014-01-16 00:00:00+00:00,3603.2,3613.2,3598.7,3601.2,8601,0,0
2014-01-17 00:00:00+00:00,3601.6,3613.7,3579.4,3589.6,9011,0,0
2014-01-20 00:00:00+00:00,3589.4,3593.9,3582.7,3593.3,3235,0,0
2014-01-21 00:00:00+00:00,3593.2,3616.9,3584.7,3612.6,9389,0,0
2014-01-22 00:00:00+00:00,3612.7,3634.9,3610.1,3631.9,9245,0,0
2014-01-23 00:00:00+00:00,3632.1,3640.7,3587.7,3621.2,12961,0,0
2014-01-24 00:00:00+00:00,3621.7,3627.1,3534.4,3534.8,15782,0,0
2014-01-27 00:00:00+00:00,3534.9,3551.4,3480.3,3484.4,19922,0,0
2014-01-28 00:00:00+00:00,3483.9,3511.4,3473.7,3507.9,15007,0,0
2014-01-29 00:00:00+00:00,3507.8,3534.1,3460.4,3481.7,20460,0,0
2014-01-30 00:00:00+00:00,3481.8,3543.2,3477.2,3516.4,17167,0,0
2014-01-31 00:00:00+00:00,3516.7,3538.7,3485.8,3520.7,18642,0,0
2014-02-03 00:00:00+00:00,3520.9,3535.7,3431.7,3443.7,36338,0,0
2014-02-04 00:00:00+00:00,3443.9,3479.9,3437.7,3459.2,32418,0,0
2014-02-05 00:00:00+00:00,3457.6,3468.7,3418.7,3454.8,33565,0,0
2014-02-06 00:00:00+00:00,3454.9,3502.2,3450.9,3493.4,29216,0,0
2014-02-07 00:00:00+00:00,3493.6,3564.2,3482.3,3563.4,28214,0,0
2014-02-10 00:00:00+00:00,3564.3,3582.9,3552.9,3582.8,21666,0,0
2014-02-11 00:00:00+00:00,3582.4,3629.4,3581.4,3616.9,23127,0,0
2014-02-12 00:00:00+00:00,3617.2,3636.9,3613.9,3624.4,20498,0,0
2014-02-13 00:00:00+00:00,3624.3,3657.2,3598.9,3654.6,20297,0,0
2014-02-14 00:00:00+00:00,3654.7,3670.4,3639.7,3664.1,20811,0,0
2014-02-17 00:00:00+00:00,3663.1,3675.1,3659.1,3669.8,6885,0,0
2014-02-18 00:00:00+00:00,3665.1,3684.9,3654.1,3676.6,18289,0,0
2014-02-19 00:00:00+00:00,3676.4,3679.6,3645.7,3656.9,22129,0,0
2014-02-20 00:00:00+00:00,3656.7,3676.4,3638.7,3669.3,23728,0,0
2014-02-21 00:00:00+00:00,3669.4,3686.2,3660.9,3664.9,19156,0,0
2014-02-24 00:00:00+00:00,3666.2,3700.9,3655.0,3687.2,18286,0,0
2014-02-25 00:00:00+00:00,3686.9,3697.4,3668.2,3690.3,19944,0,0
2014-02-26 00:00:00+00:00,3690.4,3701.4,3662.2,3677.4,19778,0,0
2014-02-27 00:00:00+00:00,3677.7,3704.2,3660.9,3704.2,23552,0,0
2014-02-28 00:00:00+00:00,3703.9,3722.4,3665.2,3697.9,21935,0,0
2014-03-03 00:00:00+00:00,3676.9,3679.8,3636.4,3669.2,34859,0,0
2014-03-04 00:00:00+00:00,3669.6,3722.2,3668.8,3716.7,25854,0,0
2014-03-05 00:00:00+00:00,3716.8,3732.4,3711.7,3729.9,17068,0,0
2014-03-06 00:00:00+00:00,3729.4,3737.2,3708.9,3723.3,17837,0,0
2014-03-07 00:00:00+00:00,3723.2,3739.9,3685.4,3704.2,22909,0,0
2014-03-10 00:00:00+00:00,3703.8,3710.7,3683.7,3708.6,20953,0,0
2014-03-11 00:00:00+00:00,3708.7,3725.4,3680.7,3686.4,20349,0,0
2014-03-12 00:00:00+00:00,3686.2,3708.7,3661.4,3708.2,21830,0,0
2014-03-13 00:00:00+00:00,3708.1,3721.4,3635.2,3653.4,28126,0,0
2014-03-14 00:00:00+00:00,3653.8,3659.7,3625.7,3627.3,27708,0,0
2014-03-17 00:00:00+00:00,3627.5,3678.6,3607.9,3659.4,24966,0,0
2014-03-18 00:00:00+00:00,3659.7,3707.9,3645.4,3702.1,20916,0,0
2014-03-19 00:00:00+00:00,3702.4,3711.2,3658.7,3675.9,22306,0,0
2014-03-20 00:00:00+00:00,3678.2,3703.4,3663.4,3698.1,24226,0,0
2014-03-21 00:00:00+00:00,3698.4,3719.5,3641.4,3648.2,24455,0,0
2014-03-24 00:00:00+00:00,3649.7,3664.4,3583.2,3621.6,29563,0,0
2014-03-25 00:00:00+00:00,3621.7,3659.9,3599.2,3632.2,27322,0,0
2014-03-26 00:00:00+00:00,3632.6,3655.4,3578.9,3583.7,30229,0,0
2014-03-27 00:00:00+00:00,3584.4,3593.4,3543.4,3565.4,35561,0,0
2014-03-28 00:00:00+00:00,3566.4,3608.7,3559.2,3569.9,25123,0,0
2014-03-31 00:00:00+00:00,3584.1,3618.7,3581.7,3590.4,23981,0,0
2014-04-01 00:00:00+00:00,3590.7,3659.1,3586.2,3658.4,19235,0,0
2014-04-02 00:00:00+00:00,3657.7,3674.9,3649.7,3667.2,21112,0,0
2014-04-03 00:00:00+00:00,3666.7,3675.8,3615.8,3641.4,22467,0,0
2014-04-04 00:00:00+00:00,3641.7,3664.2,3530.4,3538.2,35076,0,0
2014-04-07 00:00:00+00:00,3548.3,3550.2,3481.7,3507.2,37008,0,0
2014-04-08 00:00:00+00:00,3507.3,3542.9,3497.9,3535.8,32362,0,0
2014-04-09 00:00:00+00:00,3535.9,3601.4,3533.6,3601.1,24511,0,0
2014-04-10 00:00:00+00:00,3600.7,3606.9,3477.9,3492.7,36644,0,0
2014-04-11 00:00:00+00:00,3492.9,3501.2,3438.9,3446.9,43823,0,0
2014-04-14 00:00:00+00:00,3440.9,3492.4,3433.2,3478.6,34826,0,0
2014-04-15 00:00:00+00:00,3478.7,3508.2,3412.9,3506.7,42572,0,0
2014-04-16 00:00:00+00:00,3506.9,3531.8,3487.4,3508.7,37488,0,0
2014-04-17 00:00:00+00:00,3510.7,3550.4,3500.2,3534.2,28916,0,0
2014-04-18 00:00:00+00:00,3533.6,3533.6,3531.7,3531.8,60,0,0
2014-04-21 00:00:00+00:00,3534.7,3562.2,3524.9,3560.7,16610,0,0
2014-04-22 00:00:00+00:00,3560.9,3596.4,3553.7,3593.2,19819,0,0
2014-04-23 00:00:00+00:00,3592.9,3599.4,3553.7,3596.8,24349,0,0
2014-04-24 00:00:00+00:00,3596.7,3625.7,3552.4,3599.7,28496,0,0
2014-04-25 00:00:00+00:00,3599.4,3599.4,3524.2,3531.7,30877,0,0
2014-04-28 00:00:00+00:00,3537.3,3569.9,3488.4,3548.9,34758,0,0
2014-04-29 00:00:00+00:00,3549.3,3578.4,3537.7,3564.6,26165,0,0
2014-04-30 00:00:00+00:00,3564.2,3585.4,3546.2,3584.7,26977,0,0
2014-05-01 00:00:00+00:00,3585.4,3612.4,3578.2,3596.4,18991,0,0
2014-05-02 00:00:00+00:00,3598.2,3610.7,3576.7,3585.1,25881,0,0
2014-05-05 00:00:00+00:00,3586.8,3603.9,3554.4,3600.4,23131,0,0
2014-05-06 00:00:00+00:00,3600.9,3609.7,3553.4,3557.9,23553,0,0
2014-05-07 00:00:00+00:00,3558.7,3573.1,3504.4,3547.9,29743,0,0
2014-05-08 00:00:00+00:00,3547.7,3583.7,3522.7,3536.9,26461,0,0
2014-05-09 00:00:00+00:00,3537.4,3555.7,3514.2,3553.7,28711,0,0
2014-05-12 00:00:00+00:00,3553.2,3613.9,3553.1,3613.7,18721,0,0
2014-05-13 00:00:00+00:00,3613.9,3624.7,3604.4,3610.4,21346,0,0
2014-05-14 00:00:00+00:00,3609.9,3615.4,3584.1,3598.7,20789,0,0
2014-05-15 00:00:00+00:00,3599.2,3607.4,3541.4,3563.9,30386,0,0
2014-05-16 00:00:00+00:00,3564.2,3590.4,3544.2,3587.2,27186,0,0
2014-05-19 00:00:00+00:00,3589.4,3618.4,3566.4,3612.1,22156,0,0
2014-05-20 00:00:00+00:00,3612.2,3624.7,3585.7,3600.3,26421,0,0
2014-05-21 00:00:00+00:00,3599.9,3636.2,3594.4,3632.9,22638,0,0
2014-05-22 00:00:00+00:00,3632.6,3660.2,3631.7,3649.7,18907,0,0
2014-05-23 00:00:00+00:00,3649.8,3677.4,3645.7,3676.9,13547,0,0
2014-05-26 00:00:00+00:00,3679.2,3692.9,3678.2,3691.2,3996,0,0
2014-05-27 00:00:00+00:00,3689.7,3723.4,3686.7,3723.4,15212,0,0
2014-05-28 00:00:00+00:00,3723.2,3730.7,3708.2,3716.7,16794,0,0
2014-05-29 00:00:00+00:00,3716.9,3737.2,3713.4,3736.2,15149,0,0
2014-05-30 00:00:00+00:00,3736.4,3740.4,3715.8,3734.9,17195,0,0
2014-06-02 00:00:00+00:00,3735.4,3741.9,3708.2,3728.7,17980,0,0
2014-06-03 00:00:00+00:00,3728.9,3735.4,3714.1,3732.4,15649,0,0
2014-06-04 00:00:00+00:00,3732.8,3749.0,3713.7,3744.0,13529,0,0
2014-06-05 00:00:00+00:00,3743.5,3781.9,3734.0,3776.6,17797,0,0
2014-06-06 00:00:00+00:00,3776.3,3793.9,3775.8,3793.9,17723,0,0
2014-06-09 00:00:00+00:00,3798.9,3802.7,3783.0,3792.5,13855,0,0
2014-06-10 00:00:00+00:00,3792.6,3802.4,3784.7,3802.4,15545,0,0
2014-06-11 00:00:00+00:00,3802.7,3803.9,3778.7,3798.8,14635,0,0
2014-06-12 00:00:00+00:00,3798.7,3805.8,3751.4,3773.7,17745,0,0
2014-06-13 00:00:00+00:00,3773.2,3784.3,3759.9,3774.0,15047,0,0
2014-06-16 00:00:00+00:00,3775.8,3789.0,3755.9,3778.3,20121,0,0
2014-06-17 00:00:00+00:00,3778.4,3790.7,3768.6,3779.8,16312,0,0
2014-06-18 00:00:00+00:00,3779.6,3806.7,3764.3,3801.9,15826,0,0
2014-06-19 00:00:00+00:00,3802.2,3809.7,3781.3,3794.4,14807,0,0
2014-06-20 00:00:00+00:00,3794.3,3806.4,3791.8,3801.9,12248,0,0
2014-06-23 00:00:00+00:00,3800.1,3814.2,3793.4,3802.3,14138,0,0
2014-06-24 00:00:00+00:00,3802.2,3835.9,3789.4,3800.6,14923,0,0
2014-06-25 00:00:00+00:00,3800.4,3831.1,3791.2,3821.9,18387,0,0
2014-06-26 00:00:00+00:00,3821.6,3829.6,3796.9,3826.7,17680,0,0
2014-06-27 00:00:00+00:00,3826.8,3844.6,3816.7,3842.9,16248,0,0
2014-06-30 00:00:00+00:00,3839.2,3859.2,3835.4,3855.1,13895,0,0
2014-07-01 00:00:00+00:00,3855.2,3902.4,3853.1,3893.9,13610,0,0
2014-07-02 00:00:00+00:00,3893.8,3903.7,3890.7,3898.9,13294,0,0
2014-07-03 00:00:00+00:00,3899.1,3925.4,3895.8,3923.4,11708,0,0
2014-07-04 00:00:00+00:00,3921.8,3923.9,3919.2,3921.4,2170,0,0
2014-07-07 00:00:00+00:00,3920.7,3923.2,3903.3,3911.2,14170,0,0
2014-07-08 00:00:00+00:00,3911.4,3913.7,3846.9,3867.8,20316,0,0
2014-07-09 00:00:00+00:00,3868.2,3895.4,3861.9,3892.4,19998,0,0
2014-07-10 00:00:00+00:00,3892.7,3894.9,3836.9,3878.7,26976,0,0
2014-07-11 00:00:00+00:00,3878.6,3904.7,3877.4,3903.9,19239,0,0
2014-07-14 00:00:00+00:00,3904.4,3936.7,3903.9,3927.4,13699,0,0
2014-07-15 00:00:00+00:00,3927.2,3939.7,3886.2,3923.9,20439,0,0
2014-07-16 00:00:00+00:00,3924.4,3946.9,3919.3,3926.4,18332,0,0
2014-07-17 00:00:00+00:00,3926.9,3933.2,3865.4,3873.1,29572,0,0
2014-07-18 00:00:00+00:00,3873.6,3941.7,3860.4,3938.8,23369,0,0
2014-07-21 00:00:00+00:00,3937.4,3940.8,3915.9,3930.6,21147,0,0
2014-07-22 00:00:00+00:00,3929.8,3965.8,3929.8,3950.8,18890,0,0
2014-07-23 00:00:00+00:00,3949.8,3989.6,3949.8,3983.6,19032,0,0
2014-07-24 00:00:00+00:00,3984.1,3997.6,3969.4,3972.4,19308,0,0
2014-07-25 00:00:00+00:00,3971.9,3972.4,3943.4,3964.2,19534,0,0
2014-07-28 00:00:00+00:00,3961.4,3976.4,3935.7,3965.4,22210,0,0
2014-07-29 00:00:00+00:00,3964.2,3983.4,3954.8,3964.2,22312,0,0
2014-07-30 00:00:00+00:00,3962.9,3989.2,3959.7,3975.4,27259,0,0
2014-07-31 00:00:00+00:00,3975.7,3976.2,3886.9,3892.7,29392,0,0
2014-08-01 00:00:00+00:00,3893.1,3906.2,3853.4,3879.7,31988,0,0
2014-08-04 00:00:00+00:00,3879.4,3921.7,3873.4,3902.1,21747,0,0
2014-08-05 00:00:00+00:00,3901.9,3905.0,3857.1,3879.3,26871,0,0
2014-08-06 00:00:00+00:00,3879.0,3896.5,3847.4,3874.4,25631,0,0
2014-08-07 00:00:00+00:00,3871.9,3895.1,3843.6,3857.3,28060,0,0
2014-08-08 00:00:00+00:00,3859.0,3888.9,3829.4,3884.3,28419,0,0
2014-08-11 00:00:00+00:00,3876.3,3920.2,3876.3,3909.6,16321,0,0
2014-08-12 00:00:00+00:00,3909.4,3919.6,3885.9,3909.6,18695,0,0
2014-08-13 00:00:00+00:00,3910.2,3951.2,3905.2,3950.3,15295,0,0
2014-08-14 00:00:00+00:00,3950.1,3975.2,3941.9,3973.7,14710,0,0
2014-08-15 00:00:00+00:00,3974.4,3996.4,3949.4,3985.7,21034,0,0
2014-08-18 00:00:00+00:00,3995.9,4021.4,3994.4,4017.4,12996,0,0
2014-08-19 00:00:00+00:00,4015.6,4040.4,4015.4,4034.7,11506,0,0
2014-08-20 00:00:00+00:00,4034.6,4046.4,4028.9,4039.9,13227,0,0
2014-08-21 00:00:00+00:00,4040.2,4048.7,4032.9,4048.7,12204,0,0
2014-08-22 00:00:00+00:00,4048.8,4060.7,4036.7,4051.4,15853,0,0
2014-08-25 00:00:00+00:00,4056.1,4078.4,4056.1,4063.4,10601,0,0
2014-08-26 00:00:00+00:00,4063.3,4075.5,4061.7,4072.9,10905,0,0
2014-08-27 00:00:00+00:00,4073.0,4076.7,4063.5,4072.1,9579,0,0
2014-08-28 00:00:00+00:00,4072.2,4073.9,4054.2,4073.7,13486,0,0
2014-08-29 00:00:00+00:00,4073.4,4084.9,4061.1,4081.7,10814,0,0
2014-09-01 00:00:00+00:00,4077.3,4083.9,4075.1,4083.4,5266,0,0
2014-09-02 00:00:00+00:00,4081.1,4094.9,4077.4,4094.4,12800,0,0
2014-09-03 00:00:00+00:00,4094.7,4113.4,4062.0,4071.0,17439,0,0
2014-09-04 00:00:00+00:00,4071.5,4099.9,4055.4,4071.6,17505,0,0
2014-09-05 00:00:00+00:00,4071.7,4088.4,4051.2,4087.3,20240,0,0
2014-09-08 00:00:00+00:00,4086.3,4103.9,4074.7,4094.4,13269,0,0
2014-09-09 00:00:00+00:00,4094.3,4109.9,4052.9,4064.9,22555,0,0
2014-09-10 00:00:00+00:00,4064.4,4095.2,4053.8,4092.7,19044,0,0
2014-09-11 00:00:00+00:00,4092.8,4095.2,4059.2,4095.2,18264,0,0
2014-09-12 00:00:00+00:00,4095.1,4095.9,4056.4,4069.8,18070,0,0
2014-09-15 00:00:00+00:00,4067.2,4075.9,4017.2,4033.0,19444,0,0
2014-09-16 00:00:00+00:00,4033.5,4072.9,4011.2,4065.7,16193,0,0
2014-09-17 00:00:00+00:00,4065.6,4090.4,4046.4,4073.6,17294,0,0
2014-09-18 00:00:00+00:00,4073.7,4105.9,4067.7,4105.4,14547,0,0
2014-09-19 00:00:00+00:00,4104.7,4124.7,4082.2,4097.9,19314,0,0
2014-09-22 00:00:00+00:00,4095.7,4098.8,4043.4,4057.2,21116,0,0
2014-09-23 00:00:00+00:00,4057.1,4068.4,4035.6,4037.8,20044,0,0
2014-09-24 00:00:00+00:00,4037.1,4096.9,4035.7,4093.8,18270,0,0
2014-09-25 00:00:00+00:00,4094.7,4095.2,4005.4,4013.8,23729,0,0
2014-09-26 00:00:00+00:00,4013.7,4057.9,4009.4,4052.7,21159,0,0
2014-09-29 00:00:00+00:00,4053.2,4058.6,4005.7,4040.7,23951,0,0
2014-09-30 00:00:00+00:00,4040.1,4070.7,4030.9,4043.4,22359,0,0
2014-10-01 00:00:00+00:00,4043.3,4051.9,3971.2,3989.6,27594,0,0
2014-10-02 00:00:00+00:00,3989.7,3999.7,3933.9,3980.8,31259,0,0
2014-10-03 00:00:00+00:00,3980.9,4040.7,3976.9,4024.9,19826,0,0
2014-10-06 00:00:00+00:00,4022.8,4046.4,4002.4,4009.7,25207,0,0
2014-10-07 00:00:00+00:00,4009.4,4016.2,3955.2,3956.1,29211,0,0
2014-10-08 00:00:00+00:00,3956.3,4047.2,3936.2,4039.4,31546,0,0
2014-10-09 00:00:00+00:00,4039.3,4053.2,3953.4,3957.9,41326,0,0
2014-10-10 00:00:00+00:00,3957.6,3973.1,3869.7,3870.9,44402,0,0
2014-10-13 00:00:00+00:00,3855.7,3892.9,3801.7,3802.7,45255,0,0
2014-10-14 00:00:00+00:00,3801.7,3858.9,3799.4,3824.7,48459,0,0
2014-10-15 00:00:00+00:00,3824.6,3837.9,3698.4,3750.9,59094,0,0
2014-10-16 00:00:00+00:00,3751.4,3793.4,3691.4,3750.9,63625,0,0
2014-10-17 00:00:00+00:00,3751.1,3847.8,3749.8,3813.7,42189,0,0
2014-10-20 00:00:00+00:00,3813.2,3886.2,3801.2,3884.7,38543,0,0
2014-10-21 00:00:00+00:00,3884.6,3983.4,3854.1,3982.8,37062,0,0
2014-10-22 00:00:00+00:00,3983.6,3990.9,3947.2,3956.8,36440,0,0
2014-10-23 00:00:00+00:00,3956.7,4031.4,3946.9,4011.9,34271,0,0
2014-10-24 00:00:00+00:00,4011.6,4044.6,3977.9,4039.7,34411,0,0
2014-10-27 00:00:00+00:00,4043.3,4057.2,4017.2,4048.3,30896,0,0
2014-10-28 00:00:00+00:00,4048.1,4106.9,4045.1,4100.9,24389,0,0
2014-10-29 00:00:00+00:00,4100.6,4103.4,4062.1,4078.9,29944,0,0
2014-10-30 00:00:00+00:00,4078.2,4108.2,4050.0,4098.7,32244,0,0
2014-10-31 00:00:00+00:00,4099.4,4169.2,4096.0,4156.7,30259,0,0
2014-11-03 00:00:00+00:00,4153.3,4179.3,4147.9,4161.4,23631,0,0
2014-11-04 00:00:00+00:00,4161.7,4169.2,4124.9,4150.1,27034,0,0
2014-11-05 00:00:00+00:00,4149.9,4181.7,4138.9,4147.4,27394,0,0
2014-11-06 00:00:00+00:00,4147.6,4168.9,4132.7,4167.9,25945,0,0
2014-11-07 00:00:00+00:00,4167.8,4180.6,4137.6,4159.3,23481,0,0
2014-11-10 00:00:00+00:00,4153.3,4179.7,4145.2,4172.3,19566,0,0
2014-11-11 00:00:00+00:00,4172.4,4187.4,4162.9,4185.3,16172,0,0
2014-11-12 00:00:00+00:00,4185.7,4199.7,4167.7,4195.2,19104,0,0
2014-11-13 00:00:00+00:00,4195.4,4227.9,4192.7,4205.3,24845,0,0
2014-11-14 00:00:00+00:00,4205.9,4224.4,4196.9,4224.4,24294,0,0
2014-11-17 00:00:00+00:00,4223.4,4225.7,4193.2,4214.2,24388,0,0
2014-11-18 00:00:00+00:00,4211.8,4247.7,4201.9,4238.2,18763,0,0
2014-11-19 00:00:00+00:00,4238.4,4241.4,4203.4,4224.4,21367,0,0
2014-11-20 00:00:00+00:00,4223.1,4246.7,4200.9,4244.9,20733,0,0
2014-11-21 00:00:00+00:00,4245.1,4283.2,4235.9,4249.8,24827,0,0
2014-11-24 00:00:00+00:00,4249.2,4284.9,4246.6,4281.4,17152,0,0
2014-11-25 00:00:00+00:00,4281.7,4301.7,4275.4,4292.8,20236,0,0
2014-11-26 00:00:00+00:00,4292.9,4321.2,4286.1,4320.2,16730,0,0
2014-11-27 00:00:00+00:00,4320.6,4329.4,4309.9,4329.2,5695,0,0
2014-11-28 00:00:00+00:00,4325.2,4346.1,4316.2,4336.1,14289,0,0
2014-12-01 00:00:00+00:00,4328.0,4333.6,4271.8,4284.2,36594,0,0
2014-12-02 00:00:00+00:00,4284.4,4312.2,4283.4,4306.2,27940,0,0
2014-12-03 00:00:00+00:00,4306.4,4317.9,4285.6,4310.6,21994,0,0
2014-12-04 00:00:00+00:00,4310.7,4326.9,4291.4,4312.7,25346,0,0
2014-12-05 00:00:00+00:00,4312.6,4325.2,4301.4,4310.7,17646,0,0
2014-12-08 00:00:00+00:00,4312.9,4318.9,4257.4,4281.1,25173,0,0
2014-12-09 00:00:00+00:00,4280.6,4296.4,4215.1,4290.9,34966,0,0
2014-12-10 00:00:00+00:00,4289.8,4296.2,4217.6,4225.4,40739,0,0
2014-12-11 00:00:00+00:00,4224.6,4296.5,4218.5,4226.3,39651,0,0
2014-12-12 00:00:00+00:00,4226.5,4252.8,4192.5,4199.3,38752,0,0
2014-12-15 00:00:00+00:00,4188.8,4235.8,4143.1,4157.9,54253,0,0
2014-12-16 00:00:00+00:00,4161.9,4189.6,4082.9,4089.7,37176,0,0
2014-12-17 00:00:00+00:00,4090.3,4174.7,4084.9,4162.1,25378,0,0
2014-12-18 00:00:00+00:00,4162.4,4274.1,4152.9,4273.7,22312,0,0
2014-12-19 00:00:00+00:00,4273.2,4304.9,4258.2,4286.1,38648,0,0
2014-12-22 00:00:00+00:00,4284.0,4300.2,4276.7,4287.8,25937,0,0
2014-12-23 00:00:00+00:00,4288.6,4306.9,4272.4,4277.1,22565,0,0
2014-12-24 00:00:00+00:00,4275.7,4295.7,4274.1,4280.5,7940,0,0
2014-12-26 00:00:00+00:00,4281.6,4321.4,4281.5,4310.7,7106,0,0
2014-12-29 00:00:00+00:00,4312.2,4320.3,4297.8,4317.4,19815,0,0
2014-12-30 00:00:00+00:00,4317.6,4318.4,4275.9,4285.2,19864,0,0
2014-12-31 00:00:00+00:00,4283.9,4306.9,4231.2,4236.9,15905,0,0
2015-01-02 00:00:00+00:00,4236.8,4275.7,4204.4,4225.6,36747,0,0
2015-01-05 00:00:00+00:00,4220.1,4223.9,4149.7,4170.7,48032,0,0
2015-01-06 00:00:00+00:00,4170.8,4176.7,4087.7,4104.9,56765,0,0
2015-01-07 00:00:00+00:00,4105.1,4169.3,4103.9,4159.3,47951,0,0
2015-01-08 00:00:00+00:00,4158.9,4247.7,4158.2,4235.8,34638,0,0
2015-01-09 00:00:00+00:00,4236.9,4257.4,4186.7,4211.4,44072,0,0
2015-01-12 00:00:00+00:00,4207.6,4232.9,4157.0,4175.0,41984,0,0
2015-01-13 00:00:00+00:00,4175.1,4253.7,4131.7,4169.4,48723,0,0
2015-01-14 00:00:00+00:00,4169.2,4173.6,4106.3,4155.4,63745,0,0
2015-01-15 00:00:00+00:00,4155.3,4195.7,4084.1,4084.9,68276,0,0
2015-01-16 00:00:00+00:00,4085.0,4143.2,4047.6,4137.9,52505,0,0
2015-01-19 00:00:00+00:00,4144.1,4160.9,4119.2,4132.6,18713,0,0
2015-01-20 00:00:00+00:00,4133.6,4181.2,4115.2,4171.6,48786,0,0
2015-01-21 00:00:00+00:00,4172.9,4211.2,4142.9,4190.8,47248,0,0
2015-01-22 00:00:00+00:00,4190.6,4274.4,4170.9,4274.4,46683,0,0
2015-01-23 00:00:00+00:00,4273.9,4291.7,4256.3,4277.7,38262,0,0
2015-01-26 00:00:00+00:00,4271.0,4283.7,4237.2,4274.9,38820,0,0
2015-01-27 00:00:00+00:00,4275.1,4277.9,4149.2,4216.7,47666,0,0
2015-01-28 00:00:00+00:00,4216.0,4240.9,4125.8,4130.6,54509,0,0
2015-01-29 00:00:00+00:00,4131.7,4203.4,4101.8,4202.4,54797,0,0
2015-01-30 00:00:00+00:00,4201.9,4213.3,4142.9,4149.6,53714,0,0
2015-02-02 00:00:00+00:00,4147.7,4194.9,4092.7,4188.9,55625,0,0
2015-02-03 00:00:00+00:00,4188.7,4229.0,4172.1,4219.3,49332,0,0
2015-02-04 00:00:00+00:00,4218.8,4248.2,4193.3,4198.4,45194,0,0
2015-02-05 00:00:00+00:00,4198.1,4257.1,4183.0,4255.4,42533,0,0
2015-02-06 00:00:00+00:00,4255.6,4270.8,4212.4,4227.4,37835,0,0
2015-02-09 00:00:00+00:00,4234.2,4234.4,4204.2,4219.9,40219,0,0
2015-02-10 00:00:00+00:00,4219.5,4286.7,4213.8,4281.4,34575,0,0
2015-02-11 00:00:00+00:00,4281.6,4323.8,4274.3,4314.4,32360,0,0
2015-02-12 00:00:00+00:00,4315.5,4348.4,4288.1,4345.2,35717,0,0
2015-02-13 00:00:00+00:00,4344.9,4383.4,4343.2,4382.2,23746,0,0
2015-02-16 00:00:00+00:00,4380.8,4389.7,4370.9,4376.3,8378,0,0
2015-02-17 00:00:00+00:00,4366.9,4387.4,4364.9,4384.4,26897,0,0
2015-02-18 00:00:00+00:00,4384.0,4392.9,4373.2,4388.5,23256,0,0
2015-02-19 00:00:00+00:00,4388.7,4416.5,4375.6,4416.4,23295,0,0
2015-02-20 00:00:00+00:00,4415.7,4444.3,4395.6,4441.1,27817,0,0
2015-02-23 00:00:00+00:00,4440.6,4449.2,4429.9,4446.1,19881,0,0
2015-02-24 00:00:00+00:00,4446.2,4455.2,4430.7,4450.0,21213,0,0
2015-02-25 00:00:00+00:00,4449.7,4460.2,4429.0,4437.5,20021,0,0
2015-02-26 00:00:00+00:00,4437.0,4463.4,4431.0,4461.3,25415,0,0
2015-02-27 00:00:00+00:00,4461.8,4461.8,4435.3,4441.2,21461,0,0
2015-03-02 00:00:00+00:00,4446.7,4482.0,4446.6,4477.4,20093,0,0
2015-03-03 00:00:00+00:00,4477.9,4478.5,4432.1,4457.3,23392,0,0
2015-03-04 00:00:00+00:00,4457.2,4457.8,4418.9,4443.2,26337,0,0
2015-03-05 00:00:00+00:00,4443.1,4464.3,4432.4,4450.1,24118,0,0
2015-03-06 00:00:00+00:00,4449.9,4458.9,4389.1,4399.3,30426,0,0
2015-03-09 00:00:00+00:00,4407.6,4424.0,4391.3,4412.7,29125,0,0
2015-03-10 00:00:00+00:00,4412.6,4414.5,4328.0,4333.4,35042,0,0
2015-03-11 00:00:00+00:00,4333.6,4346.6,4303.2,4310.9,31618,0,0
2015-03-12 00:00:00+00:00,4311.0,4338.3,4297.7,4332.7,27598,0,0
2015-03-13 00:00:00+00:00,4332.5,4346.3,4287.3,4311.6,30591,0,0
2015-03-16 00:00:00+00:00,4312.0,4370.6,4298.1,4358.4,23453,0,0
2015-03-17 00:00:00+00:00,4358.0,4384.1,4347.6,4377.8,26274,0,0
2015-03-18 00:00:00+00:00,4377.3,4440.7,4342.7,4429.3,32578,0,0
2015-03-19 00:00:00+00:00,4428.7,4441.1,4418.2,4427.4,30166,0,0
2015-03-20 00:00:00+00:00,4426.4,4478.2,4422.3,4457.7,22725,0,0
2015-03-23 00:00:00+00:00,4452.8,4467.3,4443.2,4444.8,23550,0,0
2015-03-24 00:00:00+00:00,4444.6,4467.4,4430.8,4436.2,25789,0,0
2015-03-25 00:00:00+00:00,4436.3,4444.9,4326.8,4332.7,32801,0,0
2015-03-26 00:00:00+00:00,4333.3,4338.9,4276.4,4321.4,40677,0,0
2015-03-27 00:00:00+00:00,4321.7,4341.4,4305.7,4331.7,33156,0,0
2015-03-30 00:00:00+00:00,4331.9,4386.2,4324.1,4377.2,28420,0,0
2015-03-31 00:00:00+00:00,4376.4,4381.5,4326.9,4329.3,31343,0,0
2015-04-01 00:00:00+00:00,4328.4,4340.3,4268.9,4320.7,42162,0,0
2015-04-02 00:00:00+00:00,4320.2,4327.3,4295.3,4315.7,29062,0,0
2015-04-03 00:00:00+00:00,4314.8,4320.3,4268.9,4270.3,3886,0,0
2015-04-06 00:00:00+00:00,4274.0,4361.2,4271.8,4346.9,17723,0,0
2015-04-07 00:00:00+00:00,4346.7,4378.7,4336.9,4340.8,23218,0,0
2015-04-08 00:00:00+00:00,4340.9,4383.1,4334.2,4382.6,30470,0,0
2015-04-09 00:00:00+00:00,4382.7,4407.1,4359.1,4404.4,28065,0,0
2015-04-10 00:00:00+00:00,4404.6,4422.2,4392.1,4421.7,20328,0,0
2015-04-13 00:00:00+00:00,4421.9,4447.7,4406.0,4409.5,22781,0,0
2015-04-14 00:00:00+00:00,4409.6,4420.6,4373.5,4402.8,27319,0,0
2015-04-15 00:00:00+00:00,4402.9,4435.2,4395.0,4430.0,23336,0,0
2015-04-16 00:00:00+00:00,4430.1,4435.6,4404.6,4421.1,25116,0,0
2015-04-17 00:00:00+00:00,4420.9,4424.2,4331.6,4350.4,32450,0,0
2015-04-20 00:00:00+00:00,4365.2,4423.9,4359.9,4413.7,23932,0,0
2015-04-21 00:00:00+00:00,4412.1,4449.7,4410.3,4436.9,26539,0,0
2015-04-22 00:00:00+00:00,4436.7,4465.9,4405.2,4444.4,29759,0,0
2015-04-23 00:00:00+00:00,4444.7,4503.1,4424.4,4500.1,30344,0,0
2015-04-24 00:00:00+00:00,4500.2,4542.7,4495.9,4535.6,26423,0,0
2015-04-27 00:00:00+00:00,4539.3,4561.7,4515.7,4530.1,15852,0,0
2015-04-28 00:00:00+00:00,4529.9,4536.6,4477.4,4520.4,32811,0,0
2015-04-29 00:00:00+00:00,4520.3,4520.3,4462.0,4479.5,38003,0,0
2015-04-30 00:00:00+00:00,4479.9,4483.8,4392.9,4420.9,41325,0,0
2015-05-01 00:00:00+00:00,4420.8,4477.2,4416.1,4475.8,21146,0,0
2015-05-04 00:00:00+00:00,4477.6,4509.9,4463.6,4480.9,27605,0,0
2015-05-05 00:00:00+00:00,4479.7,4485.6,4405.4,4416.4,37665,0,0
2015-05-06 00:00:00+00:00,4416.3,4429.6,4348.7,4380.3,40833,0,0
2015-05-07 00:00:00+00:00,4380.1,4413.4,4337.2,4404.5,38927,0,0
2015-05-08 00:00:00+00:00,4405.0,4465.7,4405.0,4455.3,27783,0,0
2015-05-11 00:00:00+00:00,4454.7,4467.4,4429.8,4432.3,26891,0,0
2015-05-12 00:00:00+00:00,4432.2,4442.0,4377.7,4426.0,36643,0,0
2015-05-13 00:00:00+00:00,4425.8,4462.0,4421.2,4430.7,32027,0,0
2015-05-14 00:00:00+00:00,4430.8,4495.7,4416.6,4492.7,23101,0,0
2015-05-15 00:00:00+00:00,4492.5,4510.1,4481.2,4492.0,23569,0,0
2015-05-18 00:00:00+00:00,4493.9,4520.5,4473.6,4511.7,22623,0,0
2015-05-19 00:00:00+00:00,4512.0,4526.7,4497.6,4501.1,22574,0,0
2015-05-20 00:00:00+00:00,4501.3,4534.5,4483.3,4503.2,23663,0,0
2015-05-21 00:00:00+00:00,4502.4,4536.9,4487.6,4529.7,18363,0,0
2015-05-22 00:00:00+00:00,4529.6,4543.2,4522.7,4527.8,17746,0,0
2015-05-25 00:00:00+00:00,4529.5,4537.9,4518.8,4526.0,2719,0,0
2015-05-26 00:00:00+00:00,4527.7,4529.2,4456.2,4481.3,29712,0,0
2015-05-27 00:00:00+00:00,4482.3,4550.8,4474.3,4540.2,21864,0,0
2015-05-28 00:00:00+00:00,4540.4,4547.3,4521.9,4543.7,26489,0,0
2015-05-29 00:00:00+00:00,4543.9,4545.2,4497.6,4509.4,28761,0,0
2015-06-01 00:00:00+00:00,4514.7,4538.7,4487.1,4525.1,32151,0,0
2015-06-02 00:00:00+00:00,4525.4,4530.9,4481.4,4502.7,33128,0,0
2015-06-03 00:00:00+00:00,4502.6,4540.2,4501.4,4526.3,31656,0,0
2015-06-04 00:00:00+00:00,4526.2,4527.8,4473.0,4495.0,39987,0,0
2015-06-05 00:00:00+00:00,4495.9,4505.7,4449.3,4478.2,35193,0,0
2015-06-08 00:00:00+00:00,4481.8,4483.4,4422.4,4436.2,34514,0,0
2015-06-09 00:00:00+00:00,4436.7,4441.2,4390.6,4432.3,35143,0,0
2015-06-10 00:00:00+00:00,4432.1,4498.0,4430.6,4488.0,24385,0,0
2015-06-11 00:00:00+00:00,4488.2,4511.7,4479.5,4491.3,27925,0,0
2015-06-12 00:00:00+00:00,4492.2,4492.4,4447.2,4453.2,24462,0,0
2015-06-15 00:00:00+00:00,4442.8,4444.1,4393.6,4435.4,30999,0,0
2015-06-16 00:00:00+00:00,4434.4,4464.1,4403.9,4459.1,27382,0,0
2015-06-17 00:00:00+00:00,4459.4,4482.3,4439.8,4459.1,29250,0,0
2015-06-18 00:00:00+00:00,4458.9,4540.6,4446.7,4535.7,28229,0,0
2015-06-19 00:00:00+00:00,4535.9,4545.1,4507.2,4507.2,21222,0,0
2015-06-22 00:00:00+00:00,4517.2,4557.7,4516.8,4542.2,27021,0,0
2015-06-23 00:00:00+00:00,4542.1,4554.1,4528.4,4547.9,22042,0,0
2015-06-24 00:00:00+00:00,4548.0,4561.1,4520.9,4525.9,29114,0,0
2015-06-25 00:00:00+00:00,4525.7,4553.4,4506.7,4512.2,28455,0,0
2015-06-26 00:00:00+00:00,4513.7,4522.4,4467.1,4484.9,29809,0,0
2015-06-29 00:00:00+00:00,4427.5,4458.4,4376.7,4390.7,47911,0,0
2015-06-30 00:00:00+00:00,4390.9,4420.1,4380.3,4402.3,48255,0,0
2015-07-01 00:00:00+00:00,4402.4,4449.7,4397.2,4431.1,37023,0,0
2015-07-02 00:00:00+00:00,4430.9,4448.8,4415.8,4436.0,27650,0,0
2015-07-03 00:00:00+00:00,4436.1,4443.2,4419.3,4424.3,12815,0,0
2015-07-06 00:00:00+00:00,4374.3,4444.1,4350.4,4434.6,43276,0,0
2015-07-07 00:00:00+00:00,4434.4,4455.4,4342.0,4429.2,49394,0,0
2015-07-08 00:00:00+00:00,4429.0,4430.8,4344.5,4354.5,55881,0,0
2015-07-09 00:00:00+00:00,4355.1,4415.7,4339.3,4347.8,46727,0,0
2015-07-10 00:00:00+00:00,4348.3,4433.4,4346.7,4418.2,34390,0,0
2015-07-13 00:00:00+00:00,4389.4,4498.4,4382.2,4493.9,33414,0,0
2015-07-14 00:00:00+00:00,4494.6,4536.7,4491.8,4527.4,20267,0,0
2015-07-15 00:00:00+00:00,4528.2,4546.4,4516.1,4542.5,25272,0,0
2015-07-16 00:00:00+00:00,4542.6,4614.8,4537.9,4613.3,22371,0,0
2015-07-17 00:00:00+00:00,4612.3,4659.9,4612.3,4659.7,20299,0,0
2015-07-20 00:00:00+00:00,4656.3,4693.7,4655.0,4678.6,19679,0,0
2015-07-21 00:00:00+00:00,4678.5,4691.0,4622.1,4628.0,27358,0,0
2015-07-22 00:00:00+00:00,4627.8,4643.2,4596.0,4629.0,31282,0,0
2015-07-23 00:00:00+00:00,4629.1,4641.6,4591.2,4639.5,32271,0,0
2015-07-24 00:00:00+00:00,4639.4,4645.7,4551.5,4558.6,31757,0,0
2015-07-27 00:00:00+00:00,4569.0,4574.9,4510.6,4526.5,39005,0,0
2015-07-28 00:00:00+00:00,4526.4,4568.2,4504.0,4565.7,38006,0,0
2015-07-29 00:00:00+00:00,4566.2,4586.6,4551.0,4572.6,37862,0,0
2015-07-30 00:00:00+00:00,4575.4,4606.3,4540.4,4602.5,34029,0,0
2015-07-31 00:00:00+00:00,4602.4,4616.3,4583.8,4593.5,32486,0,0
2015-08-03 00:00:00+00:00,4590.9,4606.8,4548.3,4580.9,38264,0,0
2015-08-04 00:00:00+00:00,4580.7,4588.7,4550.7,4561.8,39620,0,0
2015-08-05 00:00:00+00:00,4562.1,4635.2,4557.1,4600.8,33894,0,0
2015-08-06 00:00:00+00:00,4599.5,4613.7,4507.4,4531.6,35912,0,0
2015-08-07 00:00:00+00:00,4531.5,4537.9,4484.7,4521.4,37726,0,0
2015-08-10 00:00:00+00:00,4518.0,4583.2,4517.2,4579.9,29832,0,0
2015-08-11 00:00:00+00:00,4581.2,4587.7,4489.4,4517.7,45005,0,0
2015-08-12 00:00:00+00:00,4517.9,4538.8,4435.6,4535.8,59154,0,0
2015-08-13 00:00:00+00:00,4535.4,4560.6,4512.7,4521.7,41201,0,0
2015-08-14 00:00:00+00:00,4520.9,4535.7,4502.2,4530.1,32663,0,0
2015-08-17 00:00:00+00:00,4535.5,4570.8,4506.7,4567.0,32386,0,0
2015-08-18 00:00:00+00:00,4564.8,4574.5,4534.7,4543.1,34757,0,0
2015-08-19 00:00:00+00:00,4543.9,4553.0,4484.5,4505.5,46963,0,0
2015-08-20 00:00:00+00:00,4505.4,4513.9,4361.6,4365.3,52609,0,0
2015-08-21 00:00:00+00:00,4365.1,4369.5,4199.4,4199.6,74585,0,0
2015-08-24 00:00:00+00:00,4196.3,4198.9,3905.2,4013.3,110108,0,0
2015-08-25 00:00:00+00:00,4012.5,4207.3,4000.7,4021.2,112066,0,0
2015-08-26 00:00:00+00:00,4024.9,4230.7,3962.1,4211.9,121110,0,0
2015-08-27 00:00:00+00:00,4212.0,4333.7,4208.6,4329.1,83653,0,0
2015-08-28 00:00:00+00:00,4328.6,4342.9,4284.2,4327.7,76417,0,0
2015-08-31 00:00:00+00:00,4325.5,4329.8,4260.7,4268.7,66787,0,0
2015-09-01 00:00:00+00:00,4268.8,4269.7,4120.3,4152.4,97083,0,0
2015-09-02 00:00:00+00:00,4152.6,4265.2,4137.4,4262.3,84510,0,0
2015-09-03 00:00:00+00:00,4263.6,4305.6,4221.2,4232.0,72429,0,0
2015-09-04 00:00:00+00:00,4232.4,4238.1,4156.4,4181.9,77611,0,0
2015-09-07 00:00:00+00:00,4182.6,4244.4,4182.5,4210.9,27035,0,0
2015-09-08 00:00:00+00:00,4214.6,4305.7,4209.7,4300.1,54236,0,0
2015-09-09 00:00:00+00:00,4300.3,4369.9,4240.7,4256.4,64159,0,0
2015-09-10 00:00:00+00:00,4255.4,4327.2,4227.3,4298.7,74583,0,0
2015-09-11 00:00:00+00:00,4296.9,4320.2,4259.9,4320.1,50386,0,0
2015-09-14 00:00:00+00:00,4328.1,4357.0,4292.2,4307.9,50134,0,0
2015-09-15 00:00:00+00:00,4308.0,4372.2,4290.5,4362.6,44163,0,0
2015-09-16 00:00:00+00:00,4361.7,4391.2,4343.8,4387.2,40575,0,0
2015-09-17 00:00:00+00:00,4387.6,4450.2,4366.2,4377.6,51815,0,0
2015-09-18 00:00:00+00:00,4377.8,4391.6,4309.1,4324.3,61981,0,0
2015-09-21 00:00:00+00:00,4332.9,4372.4,4297.7,4354.4,56312,0,0
2015-09-22 00:00:00+00:00,4354.2,4356.3,4232.1,4273.9,63466,0,0
2015-09-23 00:00:00+00:00,4274.3,4303.6,4232.9,4279.9,56142,0,0
2015-09-24 00:00:00+00:00,4279.4,4289.6,4196.9,4258.6,72580,0,0
2015-09-25 00:00:00+00:00,4258.7,4326.2,4197.2,4224.1,66867,0,0
2015-09-28 00:00:00+00:00,4214.2,4249.8,4090.7,4110.9,72690,0,0
2015-09-29 00:00:00+00:00,4112.6,4154.9,4051.9,4085.4,78804,0,0
2015-09-30 00:00:00+00:00,4087.5,4179.9,4076.9,4164.6,63766,0,0
2015-10-01 00:00:00+00:00,4164.8,4236.3,4126.9,4202.2,69541,0,0
2015-10-02 00:00:00+00:00,4201.5,4267.1,4121.9,4266.6,68521,0,0
2015-10-05 00:00:00+00:00,4267.8,4339.2,4261.2,4320.4,51549,0,0
2015-10-06 00:00:00+00:00,4322.3,4331.7,4272.9,4290.4,59790,0,0
2015-10-07 00:00:00+00:00,4291.8,4342.8,4277.4,4336.4,63744,0,0
2015-10-08 00:00:00+00:00,4332.5,4357.2,4274.2,4351.2,61164,0,0
2015-10-09 00:00:00+00:00,4351.4,4378.4,4333.7,4368.8,46002,0,0
2015-10-12 00:00:00+00:00,4363.4,4390.4,4355.4,4387.2,38640,0,0
2015-10-13 00:00:00+00:00,4386.1,4399.9,4347.3,4349.1,44428,0,0
2015-10-14 00:00:00+00:00,4349.6,4374.2,4327.6,4340.2,49968,0,0
2015-10-15 00:00:00+00:00,4340.3,4420.5,4340.3,4420.3,45635,0,0
2015-10-16 00:00:00+00:00,4420.5,4438.2,4404.8,4435.7,41146,0,0
2015-10-19 00:00:00+00:00,4442.8,4464.0,4419.8,4462.7,43067,0,0
2015-10-20 00:00:00+00:00,4462.8,4464.4,4423.1,4432.1,42582,0,0
2015-10-21 00:00:00+00:00,4432.5,4464.9,4402.9,4413.1,51952,0,0
2015-10-22 00:00:00+00:00,4413.8,4573.1,4409.9,4571.3,52260,0,0
2015-10-23 00:00:00+00:00,4572.9,4644.8,4570.5,4625.2,53369,0,0
2015-10-26 00:00:00+00:00,4620.8,4638.3,4600.1,4627.3,44318,0,0
2015-10-27 00:00:00+00:00,4626.3,4659.4,4609.7,4651.7,45171,0,0
2015-10-28 00:00:00+00:00,4649.7,4685.6,4608.7,4675.1,49726,0,0
2015-10-29 00:00:00+00:00,4674.9,4677.6,4650.2,4672.7,41236,0,0
2015-10-30 00:00:00+00:00,4672.1,4697.8,4648.9,4648.9,41456,0,0
2015-11-02 00:00:00+00:00,4652.3,4707.0,4633.2,4695.8,35273,0,0
2015-11-03 00:00:00+00:00,4696.7,4734.8,4684.7,4719.3,35648,0,0
2015-11-04 00:00:00+00:00,4719.9,4736.3,4697.9,4715.1,47412,0,0
2015-11-05 00:00:00+00:00,4717.3,4731.7,4677.7,4704.2,46663,0,0
2015-11-06 00:00:00+00:00,4703.4,4712.6,4663.1,4705.4,51158,0,0
2015-11-09 00:00:00+00:00,4700.2,4713.4,4625.9,4650.9,46909,0,0
2015-11-10 00:00:00+00:00,4653.1,4666.0,4616.4,4645.3,46357,0,0
2015-11-11 00:00:00+00:00,4645.2,4678.4,4629.4,4635.3,41662,0,0
2015-11-12 00:00:00+00:00,4635.4,4655.4,4583.4,4588.4,48016,0,0
2015-11-13 00:00:00+00:00,4585.1,4592.6,4497.6,4500.4,54414,0,0
2015-11-16 00:00:00+00:00,4490.9,4566.9,4456.4,4564.4,58604,0,0
2015-11-17 00:00:00+00:00,4563.9,4597.4,4551.4,4570.9,49700,0,0
2015-11-18 00:00:00+00:00,4569.4,4656.3,4555.9,4650.8,46836,0,0
2015-11-19 00:00:00+00:00,4650.6,4677.6,4646.4,4660.9,42294,0,0
2015-11-20 00:00:00+00:00,4660.4,4691.7,4652.9,4686.4,37818,0,0
2015-11-23 00:00:00+00:00,4690.2,4706.5,4653.8,4674.3,38227,0,0
2015-11-24 00:00:00+00:00,4674.4,4684.5,4620.1,4665.6,46196,0,0
2015-11-25 00:00:00+00:00,4665.1,4684.1,4659.3,4677.6,30997,0,0
2015-11-26 00:00:00+00:00,4679.6,4703.1,4678.6,4695.1,11678,0,0
2015-11-27 00:00:00+00:00,4694.3,4698.4,4664.4,4683.8,26780,0,0
2015-11-30 00:00:00+00:00,4683.4,4699.8,4652.6,4678.9,35117,0,0
2015-12-01 00:00:00+00:00,4678.7,4715.7,4675.7,4714.4,35259,0,0
2015-12-02 00:00:00+00:00,4714.0,4739.2,4678.2,4697.7,42113,0,0
2015-12-03 00:00:00+00:00,4697.8,4729.7,4578.6,4615.7,64053,0,0
2015-12-04 00:00:00+00:00,4615.6,4722.2,4602.6,4713.2,57859,0,0
2015-12-07 00:00:00+00:00,4720.3,4728.9,4670.2,4700.3,54323,0,0
2015-12-08 00:00:00+00:00,4701.7,4708.9,4640.8,4692.3,57842,0,0
2015-12-09 00:00:00+00:00,4691.7,4707.1,4593.4,4623.4,70661,0,0
2015-12-10 00:00:00+00:00,4624.0,4673.9,4618.5,4644.9,58579,0,0
2015-12-11 00:00:00+00:00,4645.5,4658.5,4532.4,4536.4,52164,0,0
2015-12-14 00:00:00+00:00,4535.8,4578.7,4477.0,4571.6,35503,0,0
2015-12-15 00:00:00+00:00,4570.8,4636.7,4566.2,4606.7,25897,0,0
2015-12-16 00:00:00+00:00,4605.9,4673.0,4593.2,4655.3,25003,0,0
2015-12-17 00:00:00+00:00,4653.1,4687.3,4568.5,4572.8,24830,0,0
2015-12-18 00:00:00+00:00,4571.7,4591.8,4511.6,4512.1,27681,0,0
2015-12-21 00:00:00+00:00,4516.7,4577.6,4516.7,4577.0,24627,0,0
2015-12-22 00:00:00+00:00,4577.3,4600.6,4548.0,4596.1,22988,0,0
2015-12-23 00:00:00+00:00,4595.9,4626.4,4589.4,4613.9,18473,0,0
2015-12-24 00:00:00+00:00,4613.4,4634.9,4607.3,4615.3,8856,0,0
2015-12-28 00:00:00+00:00,4615.9,4625.7,4576.9,4623.2,16816,0,0
2015-12-29 00:00:00+00:00,4623.8,4702.3,4616.4,4694.4,15450,0,0
2015-12-30 00:00:00+00:00,4694.8,4699.0,4648.5,4651.9,15781,0,0
2015-12-31 00:00:00+00:00,4653.9,4659.5,4585.4,4598.5,16266,0,0
2016-01-04 00:00:00+00:00,4597.4,4611.2,4436.9,4513.2,30731,0,0
2016-01-05 00:00:00+00:00,4513.1,4530.2,4464.8,4488.2,29266,0,0
2016-01-06 00:00:00+00:00,4488.4,4494.6,4393.8,4457.4,32252,0,0
2016-01-07 00:00:00+00:00,4455.9,4466.1,4291.2,4299.2,36903,0,0
2016-01-08 00:00:00+00:00,4300.6,4377.2,4264.7,4270.4,35487,0,0
2016-01-11 00:00:00+00:00,4270.3,4311.7,4216.4,4278.3,36670,0,0
2016-01-12 00:00:00+00:00,4276.3,4352.9,4244.1,4316.9,34318,0,0
2016-01-13 00:00:00+00:00,4314.8,4372.0,4175.0,4185.5,34170,0,0
2016-01-14 00:00:00+00:00,4186.3,4307.6,4131.9,4257.3,36855,0,0
2016-01-15 00:00:00+00:00,4256.4,4275.9,4083.7,4137.5,37289,0,0
2016-01-18 00:00:00+00:00,4152.1,4185.2,4115.4,4140.0,25446,0,0
2016-01-19 00:00:00+00:00,4142.7,4223.7,4099.1,4149.1,36358,0,0
2016-01-20 00:00:00+00:00,4148.2,4177.8,3991.2,4135.6,40335,0,0
2016-01-21 00:00:00+00:00,4135.7,4200.6,4093.3,4137.9,41295,0,0
2016-01-22 00:00:00+00:00,4138.7,4260.1,4127.6,4258.4,33384,0,0
2016-01-25 00:00:00+00:00,4253.9,4267.4,4187.9,4197.5,32679,0,0
2016-01-26 00:00:00+00:00,4198.6,4251.2,4141.8,4218.3,33532,0,0
2016-01-27 00:00:00+00:00,4218.4,4226.4,4110.0,4150.4,34447,0,0
2016-01-28 00:00:00+00:00,4150.9,4206.0,4114.5,4155.7,37506,0,0
2016-01-29 00:00:00+00:00,4156.4,4274.8,4136.4,4274.5,35718,0,0
2016-02-01 00:00:00+00:00,4271.9,4316.6,4236.3,4294.8,33721,0,0
2016-02-02 00:00:00+00:00,4293.4,4293.4,4179.0,4195.5,31345,0,0
2016-02-03 00:00:00+00:00,4196.7,4221.6,4097.7,4178.7,35657,0,0
2016-02-04 00:00:00+00:00,4179.1,4209.7,4118.7,4153.3,35167,0,0
2016-02-05 00:00:00+00:00,4151.9,4177.8,4007.0,4022.5,33539,0,0
2016-02-08 00:00:00+00:00,4024.0,4050.0,3888.1,3968.8,34432,0,0
2016-02-09 00:00:00+00:00,3967.5,4008.9,3902.7,3946.1,35981,0,0
2016-02-10 00:00:00+00:00,3946.3,4045.5,3927.2,3966.3,35135,0,0
2016-02-11 00:00:00+00:00,3967.2,3988.6,3873.0,3966.1,35181,0,0
2016-02-12 00:00:00+00:00,3966.0,4021.4,3958.5,4017.4,32090,0,0
2016-02-15 00:00:00+00:00,4017.3,4095.2,4017.3,4081.8,19191,0,0
2016-02-16 00:00:00+00:00,4076.8,4105.6,4048.3,4092.1,29653,0,0
2016-02-17 00:00:00+00:00,4092.9,4209.6,4069.4,4209.2,28272,0,0
2016-02-18 00:00:00+00:00,4210.8,4227.9,4145.1,4159.2,27377,0,0
2016-02-19 00:00:00+00:00,4160.3,4175.2,4120.9,4162.7,25882,0,0
2016-02-22 00:00:00+00:00,4160.7,4234.6,4147.9,4209.9,24463,0,0
2016-02-23 00:00:00+00:00,4208.4,4216.8,4155.4,4157.2,27241,0,0
2016-02-24 00:00:00+00:00,4156.4,4219.1,4085.7,4218.5,28319,0,0
2016-02-25 00:00:00+00:00,4219.1,4248.9,4171.9,4245.1,29136,0,0
2016-02-26 00:00:00+00:00,4247.2,4293.8,4225.8,4233.3,26184,0,0
2016-02-29 00:00:00+00:00,4230.4,4263.1,4184.8,4200.8,30114,0,0
2016-03-01 00:00:00+00:00,4199.6,4338.7,4180.6,4336.9,28202,0,0
2016-03-02 00:00:00+00:00,4337.8,4357.6,4299.9,4326.1,27640,0,0
2016-03-03 00:00:00+00:00,4326.9,4345.2,4294.9,4325.1,24366,0,0
2016-03-04 00:00:00+00:00,4324.7,4355.9,4297.0,4327.9,24513,0,0
2016-03-07 00:00:00+00:00,4321.4,4330.8,4270.1,4302.7,24778,0,0
2016-03-08 00:00:00+00:00,4303.4,4309.2,4252.5,4274.2,27502,0,0
2016-03-09 00:00:00+00:00,4274.0,4299.0,4257.4,4294.3,35269,0,0
2016-03-10 00:00:00+00:00,4294.0,4346.6,4230.3,4287.3,44458,0,0
2016-03-11 00:00:00+00:00,4288.0,4362.3,4282.4,4355.4,32427,0,0
2016-03-14 00:00:00+00:00,4356.4,4379.2,4339.9,4365.6,22633,0,0
2016-03-15 00:00:00+00:00,4365.4,4371.5,4338.5,4368.4,24986,0,0
2016-03-16 00:00:00+00:00,4368.5,4415.7,4348.4,4397.1,28180,0,0
2016-03-17 00:00:00+00:00,4397.5,4420.3,4367.2,4404.0,30754,0,0
2016-03-18 00:00:00+00:00,4403.7,4419.6,4384.6,4410.4,26383,0,0
2016-03-21 00:00:00+00:00,4405.5,4431.5,4386.6,4425.6,27339,0,0
2016-03-22 00:00:00+00:00,4424.8,4450.3,4393.6,4445.3,28445,0,0
2016-03-23 00:00:00+00:00,4445.1,4449.9,4393.5,4404.2,26132,0,0
2016-03-24 00:00:00+00:00,4403.8,4409.9,4374.2,4409.6,25396,0,0
2016-03-28 00:00:00+00:00,4413.0,4434.6,4391.6,4399.7,17225,0,0
2016-03-29 00:00:00+00:00,4397.4,4473.5,4383.9,4469.9,27881,0,0
2016-03-30 00:00:00+00:00,4470.5,4519.8,4465.4,4489.3,24213,0,0
2016-03-31 00:00:00+00:00,4488.2,4504.4,4470.5,4483.1,23563,0,0
2016-04-01 00:00:00+00:00,4484.8,4533.7,4450.6,4531.6,30333,0,0
2016-04-04 00:00:00+00:00,4537.9,4550.0,4502.9,4505.8,24139,0,0
2016-04-05 00:00:00+00:00,4506.7,4507.1,4464.4,4482.5,29700,0,0
2016-04-06 00:00:00+00:00,4482.1,4544.9,4474.1,4539.0,26534,0,0
2016-04-07 00:00:00+00:00,4540.0,4545.5,4458.6,4475.3,28659,0,0
2016-04-08 00:00:00+00:00,4473.5,4516.9,4459.1,4474.4,28281,0,0
2016-04-11 00:00:00+00:00,4475.2,4516.9,4451.7,4453.0,32947,0,0
2016-04-12 00:00:00+00:00,4452.4,4504.1,4433.2,4494.7,30629,0,0
2016-04-13 00:00:00+00:00,4494.2,4560.1,4492.3,4553.9,27581,0,0
2016-04-14 00:00:00+00:00,4552.4,4569.5,4536.4,4554.3,23391,0,0
2016-04-15 00:00:00+00:00,4552.9,4559.8,4529.6,4541.2,19908,0,0
2016-04-18 00:00:00+00:00,4545.3,4570.2,4506.8,4556.7,25363,0,0
2016-04-19 00:00:00+00:00,4556.4,4593.8,4514.5,4535.9,24591,0,0
2016-04-20 00:00:00+00:00,4537.5,4562.8,4516.2,4540.9,24484,0,0
2016-04-21 00:00:00+00:00,4539.0,4558.5,4494.4,4505.4,29654,0,0
2016-04-22 00:00:00+00:00,4505.6,4507.6,4438.2,4474.6,28360,0,0
2016-04-25 00:00:00+00:00,4473.9,4485.9,4443.0,4480.8,24094,0,0
2016-04-26 00:00:00+00:00,4480.4,4496.6,4414.8,4417.7,23789,0,0
2016-04-27 00:00:00+00:00,4417.5,4440.5,4380.2,4440.3,25906,0,0
2016-04-28 00:00:00+00:00,4440.0,4448.8,4354.2,4391.8,29434,0,0
2016-04-29 00:00:00+00:00,4391.3,4398.0,4304.7,4339.9,29791,0,0
2016-05-02 00:00:00+00:00,4343.0,4387.0,4324.7,4380.0,24591,0,0
2016-05-03 00:00:00+00:00,4379.9,4381.4,4328.1,4344.9,27315,0,0
2016-05-04 00:00:00+00:00,4345.0,4350.0,4300.2,4316.5,28318,0,0
2016-05-05 00:00:00+00:00,4315.9,4347.3,4298.3,4302.4,25583,0,0
2016-05-06 00:00:00+00:00,4302.8,4329.9,4275.7,4329.7,26873,0,0
2016-05-09 00:00:00+00:00,4334.3,4362.3,4322.5,4340.1,23021,0,0
2016-05-10 00:00:00+00:00,4340.2,4404.5,4328.8,4400.2,20659,0,0
2016-05-11 00:00:00+00:00,4399.7,4408.3,4355.1,4356.6,21465,0,0
2016-05-12 00:00:00+00:00,4356.3,4386.0,4311.6,4341.4,25758,0,0
2016-05-13 00:00:00+00:00,4341.2,4365.5,4308.1,4326.9,29223,0,0
2016-05-16 00:00:00+00:00,4329.3,4396.6,4309.2,4377.5,19731,0,0
2016-05-17 00:00:00+00:00,4376.6,4395.1,4310.2,4322.5,26152,0,0
2016-05-18 00:00:00+00:00,4322.2,4360.8,4303.8,4337.8,32480,0,0
2016-05-19 00:00:00+00:00,4337.0,4341.9,4283.0,4319.0,31105,0,0
2016-05-20 00:00:00+00:00,4319.3,4380.8,4315.4,4362.8,21841,0,0
2016-05-23 00:00:00+00:00,4365.4,4383.3,4349.3,4353.7,23263,0,0
2016-05-24 00:00:00+00:00,4353.4,4450.1,4342.7,4446.3,18453,0,0
2016-05-25 00:00:00+00:00,4446.8,4490.2,4443.1,4476.9,19134,0,0
2016-05-26 00:00:00+00:00,4477.5,4494.2,4463.9,4493.7,18932,0,0
2016-05-27 00:00:00+00:00,4493.1,4512.3,4488.8,4510.5,13655,0,0
2016-05-30 00:00:00+00:00,4515.0,4523.5,4511.9,4521.7,6161,0,0
2016-05-31 00:00:00+00:00,4520.3,4526.8,4496.9,4521.8,16662,0,0
2016-06-01 00:00:00+00:00,4521.5,4535.6,4502.5,4520.2,19400,0,0
2016-06-02 00:00:00+00:00,4520.9,4532.4,4486.6,4529.8,20039,0,0
2016-06-03 00:00:00+00:00,4530.2,4533.0,4478.4,4507.8,20268,0,0
2016-06-06 00:00:00+00:00,4508.8,4536.5,4502.5,4523.8,16277,0,0
2016-06-07 00:00:00+00:00,4524.8,4544.6,4511.2,4512.4,13379,0,0
2016-06-08 00:00:00+00:00,4511.9,4530.2,4504.2,4518.1,13289,0,0
2016-06-09 00:00:00+00:00,4517.4,4521.4,4493.7,4512.3,15581,0,0
2016-06-10 00:00:00+00:00,4512.5,4512.8,4446.5,4462.1,18007,0,0
2016-06-13 00:00:00+00:00,4452.9,4461.0,4418.1,4419.4,25948,0,0
2016-06-14 00:00:00+00:00,4419.2,4438.9,4390.7,4422.7,24134,0,0
2016-06-15 00:00:00+00:00,4421.9,4441.9,4403.1,4408.8,24227,0,0
2016-06-16 00:00:00+00:00,4409.0,4427.5,4359.3,4420.5,27339,0,0
2016-06-17 00:00:00+00:00,4420.7,4437.8,4361.2,4373.5,24252,0,0
2016-06-20 00:00:00+00:00,4393.6,4445.5,4392.3,4415.2,20101,0,0
2016-06-21 00:00:00+00:00,4411.7,4423.8,4396.3,4404.8,26606,0,0
2016-06-22 00:00:00+00:00,4405.0,4442.3,4398.8,4402.0,33345,0,0
2016-06-23 00:00:00+00:00,4401.4,4486.5,4398.5,4486.5,41902,0,0
2016-06-24 00:00:00+00:00,4485.3,4501.2,4218.0,4282.9,85028,0,0
2016-06-27 00:00:00+00:00,4269.9,4275.2,4178.0,4183.5,62503,0,0
2016-06-28 00:00:00+00:00,4182.4,4293.9,4178.3,4290.9,43812,0,0
2016-06-29 00:00:00+00:00,4291.5,4387.8,4277.9,4387.4,39001,0,0
2016-06-30 00:00:00+00:00,4387.3,4418.2,4346.5,4407.7,39399,0,0
2016-07-01 00:00:00+00:00,4407.3,4453.9,4393.1,4436.6,36003,0,0
2016-07-04 00:00:00+00:00,4444.7,4458.3,4433.1,4446.9,15235,0,0
2016-07-05 00:00:00+00:00,4443.7,4444.5,4384.5,4413.9,35718,0,0
2016-07-06 00:00:00+00:00,4413.7,4447.3,4371.5,4443.3,44684,0,0
2016-07-07 00:00:00+00:00,4442.9,4468.0,4433.4,4458.7,38177,0,0
2016-07-08 00:00:00+00:00,4458.5,4530.3,4445.8,4526.8,29165,0,0
2016-07-11 00:00:00+00:00,4523.8,4570.3,4521.9,4556.2,31150,0,0
2016-07-12 00:00:00+00:00,4555.4,4588.2,4551.9,4574.6,27936,0,0
2016-07-13 00:00:00+00:00,4574.4,4589.2,4564.7,4565.4,30325,0,0
2016-07-14 00:00:00+00:00,4565.1,4612.9,4558.4,4595.0,36022,0,0
2016-07-15 00:00:00+00:00,4595.1,4609.5,4578.6,4588.1,30507,0,0
2016-07-18 00:00:00+00:00,4564.4,4627.8,4564.4,4614.7,26018,0,0
2016-07-19 00:00:00+00:00,4612.1,4616.6,4594.3,4612.1,26092,0,0
2016-07-20 00:00:00+00:00,4612.7,4665.3,4603.0,4661.2,21026,0,0
2016-07-21 00:00:00+00:00,4658.8,4668.1,4633.4,4645.1,26283,0,0
2016-07-22 00:00:00+00:00,4644.6,4670.4,4635.1,4663.6,23858,0,0
2016-07-25 00:00:00+00:00,4664.9,4674.5,4649.9,4663.4,25698,0,0
2016-07-26 00:00:00+00:00,4663.9,4693.2,4646.7,4692.0,28657,0,0
2016-07-27 00:00:00+00:00,4691.9,4719.0,4688.4,4717.6,28363,0,0
2016-07-28 00:00:00+00:00,4717.1,4737.9,4696.0,4735.4,30391,0,0
2016-07-29 00:00:00+00:00,4736.2,4742.9,4715.2,4730.4,30215,0,0
2016-08-01 00:00:00+00:00,4743.1,4766.9,4727.6,4753.3,26917,0,0
2016-08-02 00:00:00+00:00,4754.1,4764.7,4688.2,4720.1,30736,0,0
2016-08-03 00:00:00+00:00,4720.2,4733.9,4702.4,4730.3,30523,0,0
2016-08-04 00:00:00+00:00,4730.1,4748.7,4717.9,4747.8,27726,0,0
2016-08-05 00:00:00+00:00,4748.1,4800.4,4745.4,4788.9,20577,0,0
2016-08-08 00:00:00+00:00,4784.1,4801.8,4768.1,4782.5,18137,0,0
2016-08-09 00:00:00+00:00,4782.1,4810.7,4779.7,4795.1,17945,0,0
2016-08-10 00:00:00+00:00,4795.2,4802.5,4770.5,4783.1,20952,0,0
2016-08-11 00:00:00+00:00,4782.7,4813.7,4777.7,4802.6,19635,0,0
2016-08-12 00:00:00+00:00,4802.7,4807.5,4790.2,4806.9,17941,0,0
2016-08-15 00:00:00+00:00,4807.9,4837.9,4806.8,4825.4,15116,0,0
2016-08-16 00:00:00+00:00,4825.6,4825.6,4797.3,4801.6,20821,0,0
2016-08-17 00:00:00+00:00,4801.2,4809.0,4772.5,4806.9,24464,0,0
2016-08-18 00:00:00+00:00,4807.0,4814.4,4793.2,4807.0,22203,0,0
2016-08-19 00:00:00+00:00,4807.8,4817.0,4787.5,4807.8,21824,0,0
2016-08-22 00:00:00+00:00,4807.2,4818.3,4790.0,4811.0,26980,0,0
2016-08-23 00:00:00+00:00,4811.2,4836.7,4806.9,4817.4,23883,0,0
2016-08-24 00:00:00+00:00,4817.7,4821.8,4770.1,4785.1,27136,0,0
2016-08-25 00:00:00+00:00,4784.3,4793.4,4767.9,4781.9,30511,0,0
2016-08-26 00:00:00+00:00,4781.1,4816.9,4757.0,4785.6,33892,0,0
2016-08-29 00:00:00+00:00,4784.9,4805.0,4772.5,4793.4,23879,0,0
2016-08-30 00:00:00+00:00,4793.7,4797.8,4759.5,4776.8,24368,0,0
2016-08-31 00:00:00+00:00,4776.7,4777.4,4751.0,4770.3,27173,0,0
2016-09-01 00:00:00+00:00,4770.7,4793.5,4749.2,4773.4,30088,0,0
2016-09-02 00:00:00+00:00,4773.9,4816.4,4771.9,4794.2,27886,0,0
2016-09-05 00:00:00+00:00,4799.2,4804.1,4781.6,4791.4,12817,0,0
2016-09-06 00:00:00+00:00,4792.3,4830.4,4787.2,4829.9,24589,0,0
2016-09-07 00:00:00+00:00,4829.5,4839.2,4812.6,4828.1,23847,0,0
2016-09-08 00:00:00+00:00,4828.0,4836.1,4789.8,4796.2,29581,0,0
2016-09-09 00:00:00+00:00,4796.1,4797.1,4670.4,4671.9,32054,0,0
2016-09-12 00:00:00+00:00,4668.8,4773.5,4629.1,4767.0,46264,0,0
2016-09-13 00:00:00+00:00,4766.0,4766.0,4700.6,4734.0,45733,0,0
2016-09-14 00:00:00+00:00,4733.2,4771.8,4724.1,4734.7,41889,0,0
2016-09-15 00:00:00+00:00,4735.6,4826.4,4718.3,4814.4,37556,0,0
2016-09-16 00:00:00+00:00,4814.1,4822.4,4792.1,4817.6,38298,0,0
2016-09-19 00:00:00+00:00,4818.2,4844.5,4786.5,4798.6,30835,0,0
2016-09-20 00:00:00+00:00,4798.5,4824.1,4792.4,4801.8,31210,0,0
2016-09-21 00:00:00+00:00,4802.0,4857.9,4791.0,4852.8,36355,0,0
2016-09-22 00:00:00+00:00,4852.0,4895.6,4845.3,4890.3,25603,0,0
2016-09-23 00:00:00+00:00,4890.4,4892.3,4852.1,4861.1,25219,0,0
2016-09-26 00:00:00+00:00,4854.0,4862.1,4811.0,4818.1,19275,0,0
2016-09-27 00:00:00+00:00,4817.4,4868.1,4803.5,4862.3,22628,0,0
2016-09-28 00:00:00+00:00,4862.4,4876.7,4848.9,4871.1,21146,0,0
2016-09-29 00:00:00+00:00,4871.2,4879.2,4816.7,4844.5,26380,0,0
2016-09-30 00:00:00+00:00,4845.3,4888.9,4815.0,4870.0,25627,0,0
2016-10-03 00:00:00+00:00,4869.1,4880.6,4845.1,4871.4,24634,0,0
2016-10-04 00:00:00+00:00,4870.6,4891.4,4840.2,4859.1,34228,0,0
2016-10-05 00:00:00+00:00,4859.4,4892.1,4852.0,4878.8,27422,0,0
2016-10-06 00:00:00+00:00,4878.7,4884.8,4850.0,4874.0,26636,0,0
2016-10-07 00:00:00+00:00,4873.9,4886.7,4839.3,4863.4,36369,0,0
2016-10-10 00:00:00+00:00,4875.2,4905.8,4866.0,4894.7,22339,0,0
2016-10-11 00:00:00+00:00,4895.6,4899.4,4801.4,4827.5,32782,0,0
2016-10-12 00:00:00+00:00,4826.5,4842.0,4803.4,4808.3,33192,0,0
2016-10-13 00:00:00+00:00,4808.0,4816.0,4757.6,4799.0,37170,0,0
2016-10-14 00:00:00+00:00,4800.1,4845.7,4790.4,4809.6,35674,0,0
2016-10-17 00:00:00+00:00,4807.2,4815.5,4785.2,4806.4,33823,0,0
2016-10-18 00:00:00+00:00,4806.1,4861.2,4803.5,4829.1,26525,0,0
2016-10-19 00:00:00+00:00,4829.2,4844.7,4814.9,4833.4,19381,0,0
2016-10-20 00:00:00+00:00,4834.0,4851.2,4803.6,4848.5,18311,0,0
2016-10-21 00:00:00+00:00,4847.9,4852.8,4819.5,4848.2,25546,0,0
2016-10-24 00:00:00+00:00,4851.7,4912.3,4846.7,4911.8,20911,0,0
2016-10-25 00:00:00+00:00,4911.7,4923.3,4877.7,4883.4,23616,0,0
2016-10-26 00:00:00+00:00,4882.8,4886.4,4844.4,4857.8,22541,0,0
2016-10-27 00:00:00+00:00,4858.2,4884.1,4809.0,4827.5,21554,0,0
2016-10-28 00:00:00+00:00,4826.9,4847.8,4791.1,4810.1,27414,0,0
2016-10-31 00:00:00+00:00,4795.6,4833.3,4792.5,4807.9,17708,0,0
2016-11-01 00:00:00+00:00,4807.8,4821.0,4723.8,4759.1,22193,0,0
2016-11-02 00:00:00+00:00,4760.0,4772.8,4714.1,4724.3,27814,0,0
2016-11-03 00:00:00+00:00,4724.2,4731.5,4669.9,4671.4,24902,0,0
2016-11-04 00:00:00+00:00,4671.0,4697.2,4653.0,4659.5,23551,0,0
2016-11-07 00:00:00+00:00,4710.8,4783.4,4710.8,4783.0,16590,0,0
2016-11-08 00:00:00+00:00,4782.7,4824.2,4754.8,4803.0,22018,0,0
2016-11-09 00:00:00+00:00,4803.3,4837.5,4558.0,4822.1,90129,0,0
2016-11-10 00:00:00+00:00,4821.6,4881.1,4682.2,4742.7,52380,0,0
2016-11-11 00:00:00+00:00,4744.5,4762.0,4685.5,4753.5,44212,0,0
2016-11-14 00:00:00+00:00,4757.4,4787.4,4676.8,4696.0,39595,0,0
2016-11-15 00:00:00+00:00,4696.1,4779.5,4687.5,4764.4,29053,0,0
2016-11-16 00:00:00+00:00,4765.6,4795.0,4735.9,4783.2,27074,0,0
2016-11-17 00:00:00+00:00,4782.1,4830.8,4778.8,4830.7,24038,0,0
2016-11-18 00:00:00+00:00,4830.8,4840.8,4803.8,4808.0,21035,0,0
2016-11-21 00:00:00+00:00,4808.9,4861.7,4802.2,4856.7,18686,0,0
2016-11-22 00:00:00+00:00,4856.4,4884.4,4855.8,4876.9,20321,0,0
2016-11-23 00:00:00+00:00,4876.3,4881.3,4830.4,4850.3,26819,0,0
2016-11-24 00:00:00+00:00,4849.3,4862.6,4838.2,4862.6,11028,0,0
2016-11-25 00:00:00+00:00,4860.8,4869.7,4851.9,4869.7,16053,0,0
2016-11-28 00:00:00+00:00,4860.9,4878.6,4840.8,4856.1,28516,0,0
2016-11-29 00:00:00+00:00,4856.8,4897.0,4846.8,4872.9,26762,0,0
2016-11-30 00:00:00+00:00,4872.5,4883.3,4812.0,4816.2,36631,0,0
2016-12-01 00:00:00+00:00,4817.6,4825.5,4722.0,4732.0,48832,0,0
2016-12-02 00:00:00+00:00,4732.2,4758.0,4705.5,4737.4,41506,0,0
2016-12-05 00:00:00+00:00,4713.4,4794.7,4699.7,4780.0,48520,0,0
2016-12-06 00:00:00+00:00,4779.7,4795.5,4766.7,4788.1,34657,0,0
2016-12-07 00:00:00+00:00,4787.6,4855.1,4762.7,4843.7,40326,0,0
2016-12-08 00:00:00+00:00,4843.1,4868.9,4835.7,4862.7,46002,0,0
2016-12-09 00:00:00+00:00,4862.5,4896.9,4851.2,4892.2,30077,0,0
2016-12-12 00:00:00+00:00,4893.5,4915.4,4852.9,4865.5,36773,0,0
2016-12-13 00:00:00+00:00,4865.0,4962.3,4859.5,4940.1,35935,0,0
2016-12-14 00:00:00+00:00,4938.3,4957.4,4911.6,4928.6,42269,0,0
2016-12-15 00:00:00+00:00,4926.6,4959.7,4915.6,4934.8,55424,0,0
2016-12-16 00:00:00+00:00,4936.1,4949.8,4902.7,4914.3,36269,0,0
2016-12-19 00:00:00+00:00,4912.3,4964.1,4910.6,4937.5,27264,0,0
2016-12-20 00:00:00+00:00,4936.4,4961.0,4935.6,4952.9,24549,0,0
2016-12-21 00:00:00+00:00,4953.4,4957.4,4937.1,4943.8,20105,0,0
2016-12-22 00:00:00+00:00,4944.6,4949.9,4915.1,4930.8,23876,0,0
2016-12-23 00:00:00+00:00,4930.7,4941.7,4921.1,4940.5,17484,0,0
2016-12-27 00:00:00+00:00,4939.0,4992.3,4937.6,4957.8,16117,0,0
2016-12-28 00:00:00+00:00,4957.6,4976.8,4918.3,4918.9,27765,0,0
2016-12-29 00:00:00+00:00,4920.5,4931.3,4899.3,4916.8,29569,0,0
2016-12-30 00:00:00+00:00,4916.2,4936.6,4847.9,4862.9,36223,0,0
2017-01-03 00:00:00+00:00,4884.3,4924.9,4874.8,4907.9,38348,0,0
2017-01-04 00:00:00+00:00,4908.5,4944.5,4904.1,4934.4,29006,0,0
2017-01-05 00:00:00+00:00,4934.2,4967.4,4921.7,4965.5,32902,0,0
2017-01-06 00:00:00+00:00,4964.3,5020.9,4956.1,5006.9,30740,0,0
2017-01-09 00:00:00+00:00,5006.9,5033.1,5005.1,5023.3,25263,0,0
2017-01-10 00:00:00+00:00,5024.6,5050.4,5010.1,5034.9,28214,0,0
2017-01-11 00:00:00+00:00,5033.7,5050.7,5010.9,5049.9,39799,0,0
2017-01-12 00:00:00+00:00,5046.8,5046.8,4993.9,5040.2,37030,0,0
2017-01-13 00:00:00+00:00,5038.7,5066.9,5038.4,5065.4,29398,0,0
2017-01-16 00:00:00+00:00,5058.8,5059.6,5046.9,5053.8,9459,0,0
2017-01-17 00:00:00+00:00,5053.2,5056.2,5028.9,5042.9,33231,0,0
2017-01-18 00:00:00+00:00,5042.3,5060.1,5037.7,5055.7,28396,0,0
2017-01-19 00:00:00+00:00,5056.4,5078.2,5040.2,5058.2,28334,0,0
2017-01-20 00:00:00+00:00,5057.1,5085.7,5048.5,5062.5,35532,0,0
2017-01-23 00:00:00+00:00,5061.1,5073.2,5034.5,5067.1,33198,0,0
2017-01-24 00:00:00+00:00,5065.7,5107.7,5063.2,5103.2,25164,0,0
2017-01-25 00:00:00+00:00,5103.4,5153.0,5102.7,5152.6,22029,0,0
2017-01-26 00:00:00+00:00,5151.2,5171.5,5146.1,5149.5,28557,0,0
2017-01-27 00:00:00+00:00,5149.2,5171.1,5142.1,5165.8,25305,0,0
2017-01-30 00:00:00+00:00,5148.3,5156.8,5098.0,5127.9,27207,0,0
2017-01-31 00:00:00+00:00,5127.8,5136.3,5086.8,5134.3,31649,0,0
2017-02-01 00:00:00+00:00,5134.8,5161.5,5125.3,5152.8,33749,0,0
2017-02-02 00:00:00+00:00,5152.9,5162.0,5123.3,5132.7,34947,0,0
2017-02-03 00:00:00+00:00,5130.3,5165.6,5122.4,5158.4,29982,0,0
2017-02-06 00:00:00+00:00,5160.9,5166.8,5142.8,5161.6,28018,0,0
2017-02-07 00:00:00+00:00,5159.8,5195.9,5157.4,5178.5,23073,0,0
2017-02-08 00:00:00+00:00,5177.1,5201.2,5167.6,5194.1,27244,0,0
2017-02-09 00:00:00+00:00,5194.0,5223.0,5190.0,5213.6,24376,0,0
2017-02-10 00:00:00+00:00,5213.3,5234.9,5211.4,5229.3,26586,0,0
2017-02-13 00:00:00+00:00,5226.6,5262.2,5226.6,5260.4,20707,0,0
2017-02-14 00:00:00+00:00,5256.5,5276.4,5238.4,5272.1,25182,0,0
2017-02-15 00:00:00+00:00,5271.5,5311.6,5262.9,5311.6,25434,0,0
2017-02-16 00:00:00+00:00,5311.3,5316.1,5287.3,5299.1,29412,0,0
2017-02-17 00:00:00+00:00,5299.0,5325.1,5284.7,5324.1,28558,0,0
2017-02-20 00:00:00+00:00,5321.6,5343.3,5318.3,5339.2,10409,0,0
2017-02-21 00:00:00+00:00,5336.3,5352.3,5329.6,5342.8,20607,0,0
2017-02-22 00:00:00+00:00,5342.4,5354.7,5335.4,5351.8,22349,0,0
2017-02-23 00:00:00+00:00,5350.4,5359.3,5309.3,5328.8,24986,0,0
2017-02-24 00:00:00+00:00,5326.8,5342.3,5296.5,5341.5,28275,0,0
2017-02-27 00:00:00+00:00,5336.0,5349.0,5321.3,5340.3,30817,0,0
2017-02-28 00:00:00+00:00,5340.0,5347.6,5314.8,5333.1,25662,0,0
2017-03-01 00:00:00+00:00,5330.7,5398.1,5328.2,5382.2,33476,0,0
2017-03-02 00:00:00+00:00,5380.6,5390.8,5355.1,5357.8,29635,0,0
2017-03-03 00:00:00+00:00,5357.9,5372.2,5343.2,5370.2,30572,0,0
2017-03-06 00:00:00+00:00,5369.7,5370.0,5337.8,5350.3,23639,0,0
2017-03-07 00:00:00+00:00,5352.1,5372.8,5340.1,5348.4,21055,0,0
2017-03-08 00:00:00+00:00,5347.4,5376.2,5332.0,5360.9,28752,0,0
2017-03-09 00:00:00+00:00,5359.9,5371.0,5334.5,5368.5,29786,0,0
2017-03-10 00:00:00+00:00,5368.2,5394.1,5362.7,5381.4,29736,0,0
2017-03-13 00:00:00+00:00,5379.9,5395.8,5370.5,5394.3,20593,0,0
2017-03-14 00:00:00+00:00,5393.5,5394.8,5359.0,5380.0,21895,0,0
2017-03-15 00:00:00+00:00,5379.8,5426.6,5375.6,5412.1,25501,0,0
2017-03-16 00:00:00+00:00,5412.3,5433.3,5397.1,5410.7,24368,0,0
2017-03-17 00:00:00+00:00,5410.6,5422.8,5404.7,5405.7,19998,0,0
2017-03-20 00:00:00+00:00,5402.9,5425.4,5392.5,5413.9,19259,0,0
2017-03-21 00:00:00+00:00,5412.9,5438.9,5328.3,5332.6,45008,0,0
2017-03-22 00:00:00+00:00,5332.1,5373.0,5312.3,5361.0,44582,0,0
2017-03-23 00:00:00+00:00,5361.9,5374.5,5344.5,5353.6,41249,0,0
2017-03-24 00:00:00+00:00,5353.7,5392.0,5344.5,5376.5,37590,0,0
2017-03-27 00:00:00+00:00,5355.6,5382.7,5314.6,5378.7,45164,0,0
2017-03-28 00:00:00+00:00,5379.5,5422.7,5360.7,5404.7,35806,0,0
2017-03-29 00:00:00+00:00,5405.3,5435.5,5401.7,5433.4,28006,0,0
2017-03-30 00:00:00+00:00,5433.0,5448.0,5424.7,5437.5,26313,0,0
2017-03-31 00:00:00+00:00,5438.0,5450.7,5418.2,5436.7,25118,0,0
2017-04-03 00:00:00+00:00,5433.0,5452.4,5400.9,5430.4,34996,0,0
2017-04-04 00:00:00+00:00,5430.3,5445.4,5403.4,5444.9,29511,0,0
2017-04-05 00:00:00+00:00,5444.4,5479.8,5407.5,5410.8,37120,0,0
2017-04-06 00:00:00+00:00,5412.3,5435.5,5388.8,5423.4,43097,0,0
2017-04-07 00:00:00+00:00,5424.1,5434.4,5380.3,5420.1,48847,0,0
2017-04-10 00:00:00+00:00,5416.8,5442.1,5404.4,5423.9,33554,0,0
2017-04-11 00:00:00+00:00,5423.6,5426.6,5356.6,5403.3,53446,0,0
2017-04-12 00:00:00+00:00,5401.5,5411.3,5367.8,5368.2,47106,0,0
2017-04-13 00:00:00+00:00,5369.0,5398.8,5348.3,5355.5,44965,0,0
2017-04-17 00:00:00+00:00,5350.8,5398.8,5346.4,5395.9,25416,0,0
2017-04-18 00:00:00+00:00,5395.4,5404.5,5374.8,5390.0,42398,0,0
2017-04-19 00:00:00+00:00,5389.9,5430.0,5387.3,5392.8,32322,0,0
2017-04-20 00:00:00+00:00,5392.9,5454.3,5392.9,5442.4,35280,0,0
2017-04-21 00:00:00+00:00,5441.8,5453.0,5427.0,5441.3,31601,0,0
2017-04-24 00:00:00+00:00,5491.3,5513.1,5478.6,5502.6,35849,0,0
2017-04-25 00:00:00+00:00,5501.1,5557.6,5498.6,5546.6,23237,0,0
2017-04-26 00:00:00+00:00,5545.9,5562.9,5535.7,5535.7,35479,0,0
2017-04-27 00:00:00+00:00,5535.9,5600.5,5534.5,5587.3,30361,0,0
2017-04-28 00:00:00+00:00,5585.3,5598.3,5573.6,5583.1,29768,0,0
2017-05-01 00:00:00+00:00,5581.8,5639.4,5575.0,5632.9,20528,0,0
2017-05-02 00:00:00+00:00,5630.5,5644.2,5624.1,5624.6,24209,0,0
2017-05-03 00:00:00+00:00,5619.5,5631.4,5607.9,5610.3,25381,0,0
2017-05-04 00:00:00+00:00,5608.9,5634.6,5605.4,5628.4,34138,0,0
2017-05-05 00:00:00+00:00,5627.1,5650.8,5612.9,5650.8,28248,0,0
2017-05-08 00:00:00+00:00,5657.2,5659.2,5633.4,5656.3,30587,0,0
2017-05-09 00:00:00+00:00,5655.3,5689.8,5652.0,5682.4,24960,0,0
2017-05-10 00:00:00+00:00,5680.4,5682.4,5661.4,5676.9,27314,0,0
2017-05-11 00:00:00+00:00,5673.7,5674.9,5636.7,5670.2,28273,0,0
2017-05-12 00:00:00+00:00,5669.8,5689.8,5655.9,5689.5,26744,0,0
2017-05-15 00:00:00+00:00,5689.5,5706.6,5682.1,5704.1,20848,0,0
2017-05-16 00:00:00+00:00,5701.3,5725.2,5693.1,5721.4,22799,0,0
2017-05-17 00:00:00+00:00,5719.0,5719.0,5570.6,5572.0,57011,0,0
2017-05-18 00:00:00+00:00,5572.3,5644.5,5546.6,5628.0,68586,0,0
2017-05-19 00:00:00+00:00,5627.9,5672.7,5617.5,5650.0,36768,0,0
2017-05-22 00:00:00+00:00,5649.0,5701.3,5643.9,5699.3,33653,0,0
2017-05-23 00:00:00+00:00,5699.1,5714.6,5684.8,5707.1,34591,0,0
2017-05-24 00:00:00+00:00,5706.1,5732.6,5701.6,5730.6,29978,0,0
2017-05-25 00:00:00+00:00,5729.8,5792.9,5728.6,5780.4,34193,0,0
2017-05-26 00:00:00+00:00,5779.9,5790.1,5768.5,5789.1,27238,0,0
2017-05-29 00:00:00+00:00,5790.8,5798.7,5788.6,5792.3,5981,0,0
2017-05-30 00:00:00+00:00,5791.3,5799.6,5774.3,5790.1,27651,0,0
2017-05-31 00:00:00+00:00,5790.0,5815.3,5760.9,5800.5,38012,0,0
2017-06-01 00:00:00+00:00,5800.8,5821.2,5777.6,5819.8,34822,0,0
2017-06-02 00:00:00+00:00,5819.4,5884.1,5819.4,5883.5,38093,0,0
2017-06-05 00:00:00+00:00,5875.3,5888.5,5870.3,5878.2,24369,0,0
2017-06-06 00:00:00+00:00,5877.8,5890.8,5847.0,5859.3,32461,0,0
2017-06-07 00:00:00+00:00,5860.0,5882.5,5843.4,5876.3,36117,0,0
2017-06-08 00:00:00+00:00,5876.5,5894.8,5851.5,5888.6,36288,0,0
2017-06-09 00:00:00+00:00,5886.5,5897.6,5660.0,5738.3,68384,0,0
2017-06-12 00:00:00+00:00,5737.6,5739.5,5633.6,5711.4,78679,0,0
2017-06-13 00:00:00+00:00,5711.0,5760.3,5704.6,5752.9,47100,0,0
2017-06-14 00:00:00+00:00,5751.5,5778.9,5679.1,5721.1,62508,0,0
2017-06-15 00:00:00+00:00,5722.3,5723.0,5633.1,5700.6,65655,0,0
2017-06-16 00:00:00+00:00,5700.7,5718.1,5652.8,5676.5,53671,0,0
2017-06-19 00:00:00+00:00,5683.9,5775.9,5674.0,5762.7,42090,0,0
2017-06-20 00:00:00+00:00,5760.6,5776.7,5723.2,5725.8,47360,0,0
2017-06-21 00:00:00+00:00,5726.4,5791.8,5692.8,5789.6,59087,0,0
2017-06-22 00:00:00+00:00,5788.7,5807.7,5766.1,5778.7,45788,0,0
2017-06-23 00:00:00+00:00,5779.6,5810.9,5757.7,5808.0,38922,0,0
2017-06-26 00:00:00+00:00,5799.0,5847.4,5763.6,5773.4,52103,0,0
2017-06-27 00:00:00+00:00,5774.9,5778.0,5664.1,5668.1,63266,0,0
2017-06-28 00:00:00+00:00,5668.7,5762.9,5626.1,5761.8,61488,0,0
2017-06-29 00:00:00+00:00,5762.2,5769.4,5596.7,5645.1,83060,0,0
2017-06-30 00:00:00+00:00,5644.4,5681.2,5617.6,5650.5,63217,0,0
2017-07-03 00:00:00+00:00,5655.6,5686.3,5578.3,5585.6,42870,0,0
2017-07-04 00:00:00+00:00,5585.3,5614.2,5557.6,5577.4,20823,0,0
2017-07-05 00:00:00+00:00,5573.3,5663.9,5561.9,5647.6,60967,0,0
2017-07-06 00:00:00+00:00,5647.5,5647.5,5577.0,5593.3,65717,0,0
2017-07-07 00:00:00+00:00,5593.8,5674.1,5587.1,5652.2,46222,0,0
2017-07-10 00:00:00+00:00,5657.6,5708.7,5647.4,5690.4,41728,0,0
2017-07-11 00:00:00+00:00,5688.3,5719.7,5664.9,5715.8,47542,0,0
2017-07-12 00:00:00+00:00,5716.4,5785.6,5709.3,5783.4,45230,0,0
2017-07-13 00:00:00+00:00,5783.3,5807.5,5774.6,5795.5,43506,0,0
2017-07-14 00:00:00+00:00,5793.6,5844.8,5784.2,5840.4,35342,0,0
2017-07-17 00:00:00+00:00,5842.8,5860.1,5828.9,5855.4,36063,0,0
2017-07-18 00:00:00+00:00,5854.6,5895.1,5817.9,5893.3,41008,0,0
2017-07-19 00:00:00+00:00,5891.8,5922.6,5885.6,5916.1,35092,0,0
2017-07-20 00:00:00+00:00,5915.3,5934.7,5894.9,5927.2,37944,0,0
2017-07-21 00:00:00+00:00,5926.9,5927.4,5887.9,5917.1,40160,0,0
2017-07-24 00:00:00+00:00,5917.1,5953.6,5902.1,5923.6,33597,0,0
2017-07-25 00:00:00+00:00,5924.5,5945.3,5915.1,5932.0,37179,0,0
2017-07-26 00:00:00+00:00,5931.5,5956.7,5925.2,5951.5,35715,0,0
2017-07-27 00:00:00+00:00,5952.2,5995.0,5844.3,5903.6,67778,0,0
2017-07-28 00:00:00+00:00,5903.3,5917.0,5848.2,5911.0,55963,0,0
2017-07-31 00:00:00+00:00,5907.3,5931.7,5869.8,5883.4,47280,0,0
2017-08-01 00:00:00+00:00,5885.3,5929.8,5874.0,5929.3,40305,0,0
2017-08-02 00:00:00+00:00,5928.8,5946.1,5856.3,5914.6,55404,0,0
2017-08-03 00:00:00+00:00,5914.0,5922.9,5877.4,5888.2,44185,0,0
2017-08-04 00:00:00+00:00,5887.8,5912.2,5874.4,5898.3,42178,0,0
2017-08-07 00:00:00+00:00,5900.2,5937.5,5897.6,5936.8,25909,0,0
2017-08-08 00:00:00+00:00,5936.5,5973.1,5908.6,5913.8,36932,0,0
2017-08-09 00:00:00+00:00,5915.5,5924.6,5862.4,5923.6,61101,0,0
2017-08-10 00:00:00+00:00,5922.4,5922.4,5764.6,5768.9,70119,0,0
2017-08-11 00:00:00+00:00,5769.2,5843.7,5758.0,5836.5,67082,0,0
2017-08-14 00:00:00+00:00,5841.0,5916.2,5840.9,5912.5,42811,0,0
2017-08-15 00:00:00+00:00,5911.4,5940.2,5892.4,5909.7,44110,0,0
2017-08-16 00:00:00+00:00,5908.8,5944.9,5897.4,5915.0,47277,0,0
2017-08-17 00:00:00+00:00,5914.5,5918.2,5781.0,5788.5,69613,0,0
2017-08-18 00:00:00+00:00,5787.2,5830.5,5768.0,5796.5,72034,0,0
2017-08-21 00:00:00+00:00,5806.4,5810.9,5747.8,5791.7,57150,0,0
2017-08-22 00:00:00+00:00,5791.1,5878.1,5789.6,5875.6,35479,0,0
2017-08-23 00:00:00+00:00,5875.1,5879.3,5836.8,5840.0,44240,0,0
2017-08-24 00:00:00+00:00,5840.7,5871.3,5800.8,5842.9,54419,0,0
2017-08-25 00:00:00+00:00,5841.8,5871.9,5814.9,5823.6,52080,0,0
2017-08-28 00:00:00+00:00,5809.4,5854.0,5798.8,5842.0,45248,0,0
2017-08-29 00:00:00+00:00,5843.2,5872.1,5773.2,5865.0,66096,0,0
2017-08-30 00:00:00+00:00,5864.9,5940.8,5858.8,5931.0,43234,0,0
2017-08-31 00:00:00+00:00,5932.0,5995.3,5928.7,5992.5,42036,0,0
2017-09-01 00:00:00+00:00,5992.6,6016.5,5971.2,5985.3,40643,0,0
2017-09-04 00:00:00+00:00,5950.7,5978.8,5943.3,5975.6,19890,0,0
2017-09-05 00:00:00+00:00,5972.7,5981.6,5887.8,5938.1,66600,0,0
2017-09-06 00:00:00+00:00,5938.8,5964.1,5907.8,5949.6,57295,0,0
2017-09-07 00:00:00+00:00,5947.7,5978.7,5939.4,5966.1,70305,0,0
2017-09-08 00:00:00+00:00,5966.8,5969.2,5904.6,5913.7,56650,0,0
2017-09-11 00:00:00+00:00,5942.5,5990.0,5937.3,5983.2,51419,0,0
2017-09-12 00:00:00+00:00,5981.5,6002.3,5965.9,5998.9,77299,0,0
2017-09-13 00:00:00+00:00,5999.2,6003.4,5973.9,6001.3,47455,0,0
2017-09-14 00:00:00+00:00,5997.0,5999.2,5961.3,5962.8,39730,0,0
2017-09-15 00:00:00+00:00,5961.7,6007.9,5936.8,5987.3,54178,0,0
2017-09-18 00:00:00+00:00,5990.0,6012.4,5961.7,5982.5,44576,0,0
2017-09-19 00:00:00+00:00,5984.1,5998.9,5969.3,5987.4,49727,0,0
2017-09-20 00:00:00+00:00,5985.7,5994.7,5924.9,5971.3,68300,0,0
2017-09-21 00:00:00+00:00,5968.9,5974.4,5913.4,5936.9,64701,0,0
2017-09-22 00:00:00+00:00,5938.0,5939.6,5905.6,5929.0,49290,0,0
2017-09-25 00:00:00+00:00,5924.5,5948.4,5835.0,5873.3,88494,0,0
2017-09-26 00:00:00+00:00,5873.7,5906.9,5857.1,5885.1,70165,0,0
2017-09-27 00:00:00+00:00,5884.7,5957.2,5880.8,5932.3,68026,0,0
2017-09-28 00:00:00+00:00,5930.4,5942.5,5905.8,5934.0,49206,0,0
2017-09-29 00:00:00+00:00,5931.8,5979.7,5927.4,5972.9,43687,0,0
2017-10-02 00:00:00+00:00,5977.9,6004.9,5953.5,5980.8,49535,0,0
2017-10-03 00:00:00+00:00,5979.5,5999.9,5974.0,5993.9,38012,0,0
2017-10-04 00:00:00+00:00,5991.9,6009.7,5973.9,5998.8,41273,0,0
2017-10-05 00:00:00+00:00,5997.9,6063.2,5996.3,6057.7,47069,0,0
2017-10-06 00:00:00+00:00,6057.3,6066.7,6033.1,6059.8,40176,0,0
2017-10-09 00:00:00+00:00,6060.3,6079.2,6050.2,6057.7,33252,0,0
2017-10-10 00:00:00+00:00,6057.9,6083.7,6034.1,6060.8,47181,0,0
2017-10-11 00:00:00+00:00,6059.7,6081.4,6048.7,6078.4,35277,0,0
2017-10-12 00:00:00+00:00,6077.9,6092.2,6061.5,6069.3,36839,0,0
2017-10-13 00:00:00+00:00,6067.3,6100.2,6064.1,6095.6,35026,0,0
2017-10-16 00:00:00+00:00,6097.7,6117.7,6094.0,6116.2,33290,0,0
2017-10-17 00:00:00+00:00,6115.4,6121.7,6101.3,6118.2,29165,0,0
2017-10-18 00:00:00+00:00,6118.8,6128.9,6104.4,6115.4,34054,0,0
2017-10-19 00:00:00+00:00,6116.3,6119.1,6048.4,6095.9,68746,0,0
2017-10-20 00:00:00+00:00,6093.3,6126.9,6087.9,6108.2,44419,0,0
2017-10-23 00:00:00+00:00,6109.8,6122.7,6059.2,6063.8,36751,0,0
2017-10-24 00:00:00+00:00,6062.8,6090.7,6055.3,6072.3,41367,0,0
2017-10-25 00:00:00+00:00,6071.8,6085.7,6008.6,6064.4,80859,0,0
2017-10-26 00:00:00+00:00,6063.3,6095.3,6034.4,6088.3,67309,0,0
2017-10-27 00:00:00+00:00,6091.0,6224.8,6078.3,6215.1,72266,0,0
2017-10-30 00:00:00+00:00,6209.7,6250.7,6201.4,6220.7,64837,0,0
2017-10-31 00:00:00+00:00,6218.9,6257.9,6218.7,6250.4,38786,0,0
2017-11-01 00:00:00+00:00,6252.7,6283.5,6222.9,6234.5,82556,0,0
2017-11-02 00:00:00+00:00,6228.9,6261.8,6191.9,6258.0,102535,0,0
2017-11-03 00:00:00+00:00,6249.8,6295.9,6235.2,6288.9,60294,0,0
2017-11-06 00:00:00+00:00,6286.3,6316.7,6267.6,6312.2,64465,0,0
2017-11-07 00:00:00+00:00,6310.4,6331.6,6296.7,6314.5,66546,0,0
2017-11-08 00:00:00+00:00,6309.2,6345.9,6301.9,6340.9,45554,0,0
2017-11-09 00:00:00+00:00,6341.0,6351.6,6245.3,6313.2,120445,0,0
2017-11-10 00:00:00+00:00,6310.2,6318.0,6278.7,6306.4,81195,0,0
2017-11-13 00:00:00+00:00,6309.4,6323.2,6279.4,6311.4,53278,0,0
2017-11-14 00:00:00+00:00,6309.4,6316.4,6261.2,6292.5,62498,0,0
2017-11-15 00:00:00+00:00,6289.3,6289.6,6226.2,6259.2,84668,0,0
2017-11-16 00:00:00+00:00,6258.8,6352.7,6254.9,6340.1,57968,0,0
2017-11-17 00:00:00+00:00,6336.4,6345.9,6306.4,6307.4,57759,0,0
2017-11-20 00:00:00+00:00,6306.8,6323.4,6286.2,6311.4,59897,0,0
2017-11-21 00:00:00+00:00,6309.5,6379.7,6305.6,6373.8,39117,0,0
2017-11-22 00:00:00+00:00,6372.8,6389.7,6369.6,6382.1,36150,0,0
2017-11-23 00:00:00+00:00,6381.8,6392.2,6370.3,6379.4,14510,0,0
2017-11-24 00:00:00+00:00,6377.0,6409.9,6374.2,6408.8,24823,0,0
2017-11-27 00:00:00+00:00,6408.5,6420.7,6391.2,6411.0,47314,0,0
2017-11-28 00:00:00+00:00,6405.1,6424.7,6384.2,6418.4,69493,0,0
2017-11-29 00:00:00+00:00,6416.9,6423.5,6278.4,6299.5,135759,0,0
2017-11-30 00:00:00+00:00,6302.0,6372.4,6284.3,6351.1,112592,0,0
2017-12-01 00:00:00+00:00,6350.0,6364.2,6241.8,6341.4,173809,0,0
2017-12-04 00:00:00+00:00,6384.0,6386.2,6245.9,6255.2,144468,0,0
2017-12-05 00:00:00+00:00,6256.9,6335.9,6228.3,6264.7,120888,0,0
2017-12-06 00:00:00+00:00,6268.0,6303.3,6228.8,6297.1,149411,0,0
2017-12-07 00:00:00+00:00,6292.9,6331.9,6284.4,6320.4,122542,0,0
2017-12-08 00:00:00+00:00,6321.5,6375.1,6316.8,6337.8,80927,0,0
2017-12-11 00:00:00+00:00,6345.8,6406.9,6337.2,6402.3,92512,0,0
2017-12-12 00:00:00+00:00,6400.4,6405.2,6369.1,6381.5,109973,0,0
2017-12-13 00:00:00+00:00,6379.9,6416.6,6363.0,6396.9,92101,0,0
2017-12-14 00:00:00+00:00,6397.3,6422.2,6383.0,6384.8,83496,0,0
2017-12-15 00:00:00+00:00,6403.4,6479.7,6383.4,6478.4,85861,0,0
2017-12-18 00:00:00+00:00,6478.8,6521.2,6478.8,6513.6,53204,0,0
2017-12-19 00:00:00+00:00,6514.3,6524.9,6459.1,6482.7,68590,0,0
2017-12-20 00:00:00+00:00,6482.3,6509.2,6443.9,6465.4,69390,0,0
2017-12-21 00:00:00+00:00,6467.7,6500.9,6456.6,6469.9,65194,0,0
2017-12-22 00:00:00+00:00,6470.3,6481.9,6447.9,6463.8,56564,0,0
2017-12-26 00:00:00+00:00,6457.9,6460.7,6412.8,6438.6,29961,0,0
2017-12-27 00:00:00+00:00,6440.2,6451.6,6418.1,6428.7,60210,0,0
2017-12-28 00:00:00+00:00,6429.3,6453.9,6427.5,6433.8,40108,0,0
2017-12-29 00:00:00+00:00,6435.8,6456.9,6374.9,6385.4,44753,0,0
2018-01-02 00:00:00+00:00,6410.5,6514.3,6388.9,6506.3,44424,0,0
2018-01-03 00:00:00+00:00,6503.9,6581.9,6503.1,6574.2,53119,0,0
2018-01-04 00:00:00+00:00,6574.8,6607.6,6570.6,6596.8,65521,0,0
2018-01-05 00:00:00+00:00,6597.8,6660.3,6590.3,6658.4,42570,0,0
2018-01-08 00:00:00+00:00,6660.5,6680.8,6643.7,6678.8,63960,0,0
2018-01-09 00:00:00+00:00,6679.0,6697.7,6657.4,6671.7,76582,0,0
2018-01-10 00:00:00+00:00,6670.0,6677.4,6618.7,6666.7,109750,0,0
2018-01-11 00:00:00+00:00,6664.5,6718.9,6654.3,6713.9,78065,0,0
2018-01-12 00:00:00+00:00,6713.5,6767.8,6693.6,6765.4,78135,0,0
2018-01-15 00:00:00+00:00,6775.8,6788.7,6763.4,6771.2,38737,0,0
2018-01-16 00:00:00+00:00,6773.3,6835.9,6719.2,6751.4,145462,0,0
2018-01-17 00:00:00+00:00,6754.2,6824.5,6735.3,6811.5,120768,0,0
2018-01-18 00:00:00+00:00,6810.9,6826.2,6784.2,6803.5,103678,0,0
2018-01-19 00:00:00+00:00,6806.4,6844.6,6790.1,6832.9,67706,0,0
2018-01-22 00:00:00+00:00,6817.3,6929.5,6812.7,6920.3,51381,0,0
2018-01-23 00:00:00+00:00,6918.9,6969.4,6908.4,6948.7,73135,0,0
2018-01-24 00:00:00+00:00,6944.4,6992.4,6876.9,6921.8,104604,0,0
2018-01-25 00:00:00+00:00,6918.9,6975.6,6890.6,6926.0,81747,0,0
2018-01-26 00:00:00+00:00,6925.4,7019.3,6922.8,7017.6,69539,0,0
2018-01-29 00:00:00+00:00,7020.4,7035.4,6965.0,6979.9,94874,0,0
2018-01-30 00:00:00+00:00,6980.9,6991.1,6890.0,6927.9,121481,0,0
2018-01-31 00:00:00+00:00,6929.2,6979.2,6910.1,6917.8,110390,0,0
2018-02-01 00:00:00+00:00,6968.0,6976.2,6873.6,6923.1,83677,0,0
2018-02-02 00:00:00+00:00,6945.3,6952.2,6749.3,6750.5,184856,0,0
2018-02-05 00:00:00+00:00,6731.8,6806.7,6382.5,6459.9,151662,0,0
2018-02-06 00:00:00+00:00,6469.3,6673.2,6254.0,6628.2,316485,0,0
2018-02-07 00:00:00+00:00,6651.9,6711.0,6525.7,6542.5,250366,0,0
2018-02-08 00:00:00+00:00,6541.9,6611.9,6296.3,6329.6,247258,0,0
2018-02-09 00:00:00+00:00,6325.1,6448.7,6157.3,6407.4,300729,0,0
2018-02-12 00:00:00+00:00,6433.3,6561.3,6408.3,6520.3,211394,0,0
2018-02-13 00:00:00+00:00,6525.6,6563.8,6464.6,6553.7,181786,0,0
2018-02-14 00:00:00+00:00,6546.8,6682.1,6450.9,6667.0,183279,0,0
2018-02-15 00:00:00+00:00,6672.0,6818.3,6661.6,6811.7,162216,0,0
2018-02-16 00:00:00+00:00,6808.7,6851.2,6753.8,6779.3,153240,0,0
2018-02-19 00:00:00+00:00,6782.5,6811.9,6750.7,6772.5,46069,0,0
2018-02-20 00:00:00+00:00,6778.8,6838.1,6717.6,6785.8,163144,0,0
2018-02-21 00:00:00+00:00,6783.8,6878.1,6734.3,6748.8,164776,0,0
2018-02-22 00:00:00+00:00,6747.0,6825.3,6689.6,6790.0,177883,0,0
2018-02-23 00:00:00+00:00,6786.5,6905.8,6777.5,6903.1,132279,0,0
2018-02-26 00:00:00+00:00,6913.0,7002.0,6885.5,6999.0,100155,0,0
2018-02-27 00:00:00+00:00,6997.2,7003.6,6899.7,6908.0,168745,0,0
2018-02-28 00:00:00+00:00,6913.5,6966.0,6854.0,6876.3,171430,0,0
2018-03-01 00:00:00+00:00,6874.6,6894.4,6685.3,6761.4,262734,0,0
2018-03-02 00:00:00+00:00,6765.5,6818.8,6642.6,6802.5,248416,0,0
2018-03-05 00:00:00+00:00,6789.0,6900.6,6739.7,6876.0,197052,0,0
2018-03-06 00:00:00+00:00,6879.2,6936.3,6869.1,6906.7,162203,0,0
2018-03-07 00:00:00+00:00,6829.3,6933.3,6795.9,6919.6,175498,0,0
2018-03-08 00:00:00+00:00,6918.2,6973.0,6910.2,6968.6,118351,0,0
2018-03-09 00:00:00+00:00,6964.0,7100.2,6960.3,7094.4,99927,0,0
2018-03-12 00:00:00+00:00,7100.3,7156.6,7097.8,7133.5,82132,0,0
2018-03-13 00:00:00+00:00,7132.8,7186.8,7023.8,7043.6,136386,0,0
2018-03-14 00:00:00+00:00,7034.2,7096.2,7011.2,7033.9,135905,0,0
2018-03-15 00:00:00+00:00,7036.1,7074.3,7002.0,7049.9,119683,0,0
2018-03-16 00:00:00+00:00,7047.7,7060.1,7008.7,7019.6,79960,0,0
2018-03-19 00:00:00+00:00,7016.5,7018.5,6798.4,6891.2,141247,0,0
2018-03-20 00:00:00+00:00,6885.6,6904.8,6840.3,6894.8,292057,0,0
2018-03-21 00:00:00+00:00,6891.6,6927.2,6819.8,6859.4,267679,0,0
2018-03-22 00:00:00+00:00,6860.9,6891.9,6664.1,6673.0,436168,0,0
2018-03-23 00:00:00+00:00,6665.8,6699.0,6500.4,6532.2,500955,0,0
2018-03-26 00:00:00+00:00,6516.8,6761.1,6507.2,6758.7,428857,0,0
2018-03-27 00:00:00+00:00,6758.1,6831.7,6472.6,6534.7,414350,0,0
2018-03-28 00:00:00+00:00,6528.7,6566.9,6407.8,6475.1,522058,0,0
2018-03-29 00:00:00+00:00,6475.8,6640.2,6431.8,6557.3,441928,0,0
2018-04-02 00:00:00+00:00,6561.6,6575.9,6316.4,6401.7,355719,0,0
2018-04-03 00:00:00+00:00,6398.7,6484.0,6340.9,6458.2,397384,0,0
2018-04-04 00:00:00+00:00,6452.1,6579.4,6291.6,6569.1,432691,0,0
2018-04-05 00:00:00+00:00,6574.5,6641.8,6546.9,6593.6,373823,0,0
2018-04-06 00:00:00+00:00,6591.9,6599.1,6397.3,6441.3,434563,0,0
2018-04-09 00:00:00+00:00,6462.3,6607.3,6450.2,6482.8,377741,0,0
2018-04-10 00:00:00+00:00,6477.6,6640.7,6461.0,6611.9,431096,0,0
2018-04-11 00:00:00+00:00,6615.2,6652.8,6540.3,6583.8,350769,0,0
2018-04-12 00:00:00+00:00,6585.5,6683.7,6579.6,6663.1,297773,0,0
2018-04-13 00:00:00+00:00,6647.1,6703.1,6596.6,6629.4,308960,0,0
2018-04-16 00:00:00+00:00,6668.1,6710.6,6630.8,6693.2,287723,0,0
2018-04-17 00:00:00+00:00,6696.2,6836.1,6690.2,6816.9,257544,0,0
2018-04-18 00:00:00+00:00,6814.3,6858.5,6789.0,6838.1,242745,0,0
2018-04-19 00:00:00+00:00,6847.2,6858.7,6747.7,6769.5,311416,0,0
2018-04-20 00:00:00+00:00,6773.2,6782.8,6639.2,6669.8,309568,0,0
2018-04-23 00:00:00+00:00,6703.8,6721.8,6610.8,6652.7,298205,0,0
2018-04-24 00:00:00+00:00,6656.1,6711.8,6461.8,6520.5,374712,0,0
2018-04-25 00:00:00+00:00,6520.0,6570.5,6424.4,6566.6,369571,0,0
2018-04-26 00:00:00+00:00,6593.5,6786.1,6554.0,6736.4,344864,0,0
2018-04-27 00:00:00+00:00,6735.6,6766.0,6617.0,6663.2,412777,0,0
2018-04-30 00:00:00+00:00,6661.3,6713.0,6591.2,6598.5,340340,0,0
2018-05-01 00:00:00+00:00,6604.0,6735.9,6575.1,6714.2,299782,0,0
2018-05-02 00:00:00+00:00,6712.8,6725.7,6621.3,6624.3,323765,0,0
2018-05-03 00:00:00+00:00,6624.9,6666.5,6534.9,6662.3,429287,0,0
2018-05-04 00:00:00+00:00,6662.1,6783.5,6606.5,6771.8,336636,0,0
2018-05-07 00:00:00+00:00,6770.0,6846.8,6770.0,6813.9,273701,0,0
2018-05-08 00:00:00+00:00,6811.8,6832.9,6764.3,6815.4,332437,0,0
2018-05-09 00:00:00+00:00,6820.1,6894.4,6802.3,6890.5,238417,0,0
2018-05-10 00:00:00+00:00,6890.6,6965.3,6882.5,6945.7,207475,0,0
2018-05-11 00:00:00+00:00,6947.0,6971.2,6918.9,6950.9,204291,0,0
2018-05-14 00:00:00+00:00,6967.0,7004.8,6947.3,6959.8,208748,0,0
2018-05-15 00:00:00+00:00,6963.1,6968.1,6846.2,6882.5,273800,0,0
2018-05-16 00:00:00+00:00,6880.7,6940.9,6863.8,6922.5,221856,0,0
2018-05-17 00:00:00+00:00,6922.2,6948.9,6862.4,6891.7,228469,0,0
2018-05-18 00:00:00+00:00,6889.4,6923.0,6849.6,6861.1,248679,0,0
2018-05-21 00:00:00+00:00,6928.0,6945.1,6870.0,6902.7,205279,0,0
2018-05-22 00:00:00+00:00,6902.5,6943.5,6878.6,6896.3,186699,0,0
2018-05-23 00:00:00+00:00,6893.9,6949.9,6818.6,6945.1,286916,0,0
2018-05-24 00:00:00+00:00,6946.6,6963.0,6874.6,6944.6,263869,0,0
2018-05-25 00:00:00+00:00,6948.2,6992.8,6932.2,6948.1,260736,0,0
2018-05-28 00:00:00+00:00,6972.8,6997.5,6960.2,6983.5,85046,0,0
2018-05-29 00:00:00+00:00,6979.4,6984.4,6881.0,6938.0,368424,0,0
2018-05-30 00:00:00+00:00,6935.1,6983.6,6908.6,6972.9,239927,0,0
2018-05-31 00:00:00+00:00,6961.5,7013.8,6948.3,6972.2,308295,0,0
2018-06-01 00:00:00+00:00,6970.8,7081.2,6968.8,7072.7,214360,0,0
2018-06-04 00:00:00+00:00,7070.0,7143.6,7064.9,7141.2,205311,0,0
2018-06-05 00:00:00+00:00,7140.4,7179.7,7129.8,7174.9,199630,0,0
2018-06-06 00:00:00+00:00,7174.4,7215.4,7139.5,7210.0,188830,0,0
2018-06-07 00:00:00+00:00,7208.4,7226.3,7109.4,7153.8,250560,0,0
2018-06-08 00:00:00+00:00,7147.5,7155.8,7070.9,7144.0,159718,0,0
2018-06-11 00:00:00+00:00,7130.7,7183.5,7121.5,7159.4,151268,0,0
2018-06-12 00:00:00+00:00,7161.1,7211.6,7150.3,7210.2,148998,0,0
2018-06-13 00:00:00+00:00,7207.5,7258.1,7190.7,7201.6,176175,0,0
2018-06-14 00:00:00+00:00,7204.9,7293.5,7178.0,7283.5,199566,0,0
2018-06-15 00:00:00+00:00,7277.1,7290.8,7219.6,7255.7,249677,0,0
2018-06-18 00:00:00+00:00,7253.7,7266.5,7185.2,7250.2,165759,0,0
2018-06-19 00:00:00+00:00,7250.0,7254.6,7135.4,7232.2,306712,0,0
2018-06-20 00:00:00+00:00,7231.5,7311.8,7203.9,7290.6,151363,0,0
2018-06-21 00:00:00+00:00,7290.0,7335.1,7204.6,7206.6,190029,0,0
2018-06-22 00:00:00+00:00,7205.5,7252.9,7177.7,7201.6,146743,0,0
2018-06-25 00:00:00+00:00,7200.4,7202.5,6977.2,7049.8,248383,0,0
2018-06-26 00:00:00+00:00,7051.0,7110.1,7021.3,7071.8,186522,0,0
2018-06-27 00:00:00+00:00,7080.6,7131.7,6968.4,6979.2,242505,0,0
2018-06-28 00:00:00+00:00,6974.6,7056.4,6936.6,7038.2,227919,0,0
2018-06-29 00:00:00+00:00,7042.9,7103.3,7026.5,7053.1,171868,0,0
2018-07-02 00:00:00+00:00,7058.7,7100.6,6968.9,7096.7,230436,0,0
2018-07-03 00:00:00+00:00,7093.5,7146.7,7005.9,7007.0,175590,0,0
2018-07-04 00:00:00+00:00,7001.0,7035.5,6998.9,7025.0,61075,0,0
2018-07-05 00:00:00+00:00,7023.1,7108.4,6998.8,7106.0,201160,0,0
2018-07-06 00:00:00+00:00,7097.0,7218.3,7082.0,7212.9,201598,0,0
2018-07-09 00:00:00+00:00,7218.5,7285.3,7216.0,7283.8,130010,0,0
2018-07-10 00:00:00+00:00,7281.4,7315.5,7242.6,7255.6,144092,0,0
2018-07-11 00:00:00+00:00,7253.5,7273.0,7188.0,7237.4,228055,0,0
2018-07-12 00:00:00+00:00,7241.4,7369.9,7233.3,7364.7,158615,0,0
2018-07-13 00:00:00+00:00,7363.6,7397.2,7350.8,7376.0,136656,0,0
2018-07-16 00:00:00+00:00,7387.0,7398.3,7300.2,7304.7,140684,0,0
2018-07-17 00:00:00+00:00,7302.4,7420.8,7278.2,7409.2,154416,0,0
2018-07-18 00:00:00+00:00,7411.8,7423.2,7367.8,7384.9,124787,0,0
2018-07-19 00:00:00+00:00,7385.9,7402.3,7341.3,7353.6,162516,0,0
2018-07-20 00:00:00+00:00,7370.7,7400.3,7337.5,7345.9,179715,0,0
2018-07-23 00:00:00+00:00,7345.9,7420.9,7300.3,7410.3,153135,0,0
2018-07-24 00:00:00+00:00,7407.9,7478.7,7376.2,7399.9,185379,0,0
2018-07-25 00:00:00+00:00,7401.4,7518.1,7386.8,7472.5,174066,0,0
2018-07-26 00:00:00+00:00,7393.9,7437.2,7354.9,7414.2,202992,0,0
2018-07-27 00:00:00+00:00,7420.3,7455.7,7253.2,7290.4,255283,0,0
2018-07-30 00:00:00+00:00,7285.5,7299.0,7156.7,7198.1,248556,0,0
2018-07-31 00:00:00+00:00,7198.9,7288.1,7179.1,7282.1,216563,0,0
2018-08-01 00:00:00+00:00,7282.2,7293.9,7231.1,7274.4,222678,0,0
2018-08-02 00:00:00+00:00,7280.1,7384.3,7204.7,7380.9,216311,0,0
2018-08-03 00:00:00+00:00,7378.6,7405.4,7352.7,7393.2,183437,0,0
2018-08-06 00:00:00+00:00,7402.4,7440.1,7378.1,7432.9,149380,0,0
2018-08-07 00:00:00+00:00,7431.2,7477.3,7431.0,7468.9,141690,0,0
2018-08-08 00:00:00+00:00,7464.9,7486.8,7433.5,7452.8,125933,0,0
2018-08-09 00:00:00+00:00,7455.9,7495.9,7450.1,7459.9,115352,0,0
2018-08-10 00:00:00+00:00,7460.1,7460.2,7379.2,7415.8,194291,0,0
2018-08-13 00:00:00+00:00,7404.1,7468.9,7369.0,7408.5,209456,0,0
2018-08-14 00:00:00+00:00,7413.5,7455.1,7387.7,7450.9,161667,0,0
2018-08-15 00:00:00+00:00,7449.1,7452.3,7306.0,7368.2,259793,0,0
2018-08-16 00:00:00+00:00,7365.3,7421.2,7350.7,7367.6,183683,0,0
2018-08-17 00:00:00+00:00,7367.1,7393.2,7309.3,7374.7,195532,0,0
2018-08-20 00:00:00+00:00,7381.1,7408.6,7340.2,7369.2,158133,0,0
2018-08-21 00:00:00+00:00,7368.5,7440.4,7357.7,7364.9,137905,0,0
2018-08-22 00:00:00+00:00,7360.5,7429.7,7340.4,7417.6,126897,0,0
2018-08-23 00:00:00+00:00,7421.4,7461.4,7398.6,7409.9,97639,0,0
2018-08-24 00:00:00+00:00,7411.3,7488.2,7410.3,7483.5,116886,0,0
2018-08-28 00:00:00+00:00,7579.1,7589.1,7556.6,7572.9,49750,0,0
2018-08-29 00:00:00+00:00,7569.6,7666.3,7569.6,7664.6,49361,0,0
2018-08-30 00:00:00+00:00,7664.6,7689.4,7618.7,7634.6,71375,0,0
2018-08-31 00:00:00+00:00,7631.4,7674.9,7626.4,7666.6,68287,0,0
2018-09-03 00:00:00+00:00,7662.8,7680.5,7652.8,7675.0,22892,0,0
2018-09-04 00:00:00+00:00,7673.8,7687.2,7581.3,7637.2,87290,0,0
2018-09-05 00:00:00+00:00,7636.9,7638.1,7498.6,7531.6,104257,0,0
2018-09-06 00:00:00+00:00,7527.4,7539.0,7404.0,7449.2,106834,0,0
2018-09-07 00:00:00+00:00,7448.7,7489.4,7388.6,7428.9,120489,0,0
2018-09-10 00:00:00+00:00,7428.8,7480.5,7411.0,7456.2,89163,0,0
2018-09-11 00:00:00+00:00,7456.2,7520.8,7401.4,7510.0,90052,0,0
2018-09-12 00:00:00+00:00,7510.9,7537.9,7422.4,7479.4,108455,0,0
2018-09-13 00:00:00+00:00,7477.9,7579.0,7467.0,7562.5,86555,0,0
2018-09-14 00:00:00+00:00,7559.7,7595.9,7517.4,7541.9,54692,0,0
2018-09-17 00:00:00+00:00,7533.5,7546.7,7430.0,7435.5,79272,0,0
2018-09-18 00:00:00+00:00,7435.7,7535.9,7395.0,7501.0,77332,0,0
2018-09-19 00:00:00+00:00,7499.8,7518.1,7443.1,7501.4,68870,0,0
2018-09-20 00:00:00+00:00,7501.2,7589.4,7486.6,7586.1,64431,0,0
2018-09-21 00:00:00+00:00,7573.2,7609.9,7521.1,7521.1,68774,0,0
2018-09-24 00:00:00+00:00,7513.2,7568.8,7449.6,7566.6,77357,0,0
2018-09-25 00:00:00+00:00,7566.8,7578.9,7526.9,7573.4,65093,0,0
2018-09-26 00:00:00+00:00,7573.1,7643.5,7553.2,7566.2,68248,0,0
2018-09-27 00:00:00+00:00,7566.0,7662.0,7562.2,7640.0,65888,0,0
2018-09-28 00:00:00+00:00,7638.4,7652.5,7593.5,7643.7,82608,0,0
2018-10-01 00:00:00+00:00,7648.6,7706.4,7630.2,7652.2,85674,0,0
2018-10-02 00:00:00+00:00,7649.7,7690.6,7608.2,7635.7,93357,0,0
2018-10-03 00:00:00+00:00,7631.8,7682.2,7619.9,7629.6,82210,0,0
2018-10-04 00:00:00+00:00,7627.3,7627.6,7434.5,7500.8,125632,0,0
2018-10-05 00:00:00+00:00,7501.3,7518.1,7325.9,7416.9,133892,0,0
2018-10-08 00:00:00+00:00,7425.7,7432.9,7267.3,7372.5,135667,0,0
2018-10-09 00:00:00+00:00,7371.1,7436.3,7318.2,7375.8,119097,0,0
2018-10-10 00:00:00+00:00,7374.9,7393.6,6981.8,6985.0,158518,0,0
2018-10-11 00:00:00+00:00,6991.7,7121.9,6892.3,7027.7,192812,0,0
2018-10-12 00:00:00+00:00,7023.9,7182.1,7019.0,7168.6,151049,0,0
2018-10-15 00:00:00+00:00,7161.9,7163.1,7044.3,7055.8,131875,0,0
2018-10-16 00:00:00+00:00,7053.8,7345.3,7050.8,7328.0,124437,0,0
2018-10-17 00:00:00+00:00,7329.7,7355.0,7208.9,7302.4,137411,0,0
2018-10-18 00:00:00+00:00,7291.3,7293.3,7081.9,7142.4,143524,0,0
2018-10-19 00:00:00+00:00,7140.5,7231.6,7081.2,7092.4,148515,0,0
2018-10-22 00:00:00+00:00,7061.8,7199.3,7046.3,7146.6,158472,0,0
2018-10-23 00:00:00+00:00,7146.6,7153.0,6934.0,7129.2,182956,0,0
2018-10-24 00:00:00+00:00,7124.1,7163.1,6776.5,6864.0,178347,0,0
2018-10-25 00:00:00+00:00,6865.9,7066.0,6807.3,6879.7,192916,0,0
2018-10-26 00:00:00+00:00,6879.5,6977.0,6725.2,6859.0,239833,0,0
2018-10-29 00:00:00+00:00,6881.7,6983.7,6573.1,6713.8,210745,0,0
2018-10-30 00:00:00+00:00,6704.2,6841.5,6653.4,6834.5,214387,0,0
2018-10-31 00:00:00+00:00,6855.4,7030.8,6808.5,6951.1,191827,0,0
2018-11-01 00:00:00+00:00,6944.8,7072.3,6929.3,7020.0,166859,0,0
2018-11-02 00:00:00+00:00,6967.4,7135.3,6905.6,6968.7,190346,0,0
2018-11-05 00:00:00+00:00,6961.1,6992.8,6859.5,6943.7,138524,0,0
2018-11-06 00:00:00+00:00,6943.2,7027.7,6900.6,7007.1,132894,0,0
2018-11-07 00:00:00+00:00,6999.1,7218.5,6965.1,7213.7,158032,0,0
2018-11-08 00:00:00+00:00,7200.6,7220.1,7123.1,7140.7,133785,0,0
2018-11-09 00:00:00+00:00,7135.5,7156.9,6980.4,7019.7,141580,0,0
2018-11-12 00:00:00+00:00,7014.6,7095.7,6818.4,6832.8,169448,0,0
2018-11-13 00:00:00+00:00,6836.4,6954.7,6794.6,6849.1,177355,0,0
2018-11-14 00:00:00+00:00,6846.4,6919.5,6736.8,6772.7,174381,0,0
2018-11-15 00:00:00+00:00,6772.5,6910.6,6702.4,6877.6,186658,0,0
2018-11-16 00:00:00+00:00,6878.1,6901.7,6796.8,6887.0,159583,0,0
2018-11-19 00:00:00+00:00,6864.9,6926.2,6624.9,6666.8,174660,0,0
2018-11-20 00:00:00+00:00,6655.7,6662.5,6442.2,6515.3,189596,0,0
2018-11-21 00:00:00+00:00,6519.5,6640.9,6501.9,6569.8,150589,0,0
2018-11-22 00:00:00+00:00,6573.1,6591.1,6500.4,6514.9,57495,0,0
2018-11-23 00:00:00+00:00,6516.0,6595.3,6489.5,6524.7,92597,0,0
2018-11-26 00:00:00+00:00,6537.0,6692.1,6524.9,6637.1,132382,0,0
2018-11-27 00:00:00+00:00,6635.0,6719.0,6609.6,6714.2,146147,0,0
2018-11-28 00:00:00+00:00,6714.0,6919.6,6705.8,6912.3,138058,0,0
2018-11-29 00:00:00+00:00,6904.3,6940.2,6840.4,6903.0,133710,0,0
2018-11-30 00:00:00+00:00,6901.3,6964.1,6868.8,6961.4,112746,0,0
2018-12-03 00:00:00+00:00,7047.5,7137.1,7014.6,7053.7,149587,0,0
2018-12-04 00:00:00+00:00,7049.2,7053.5,6781.9,6800.9,181020,0,0
2018-12-05 00:00:00+00:00,6794.0,6861.1,6789.5,6839.2,37933,0,0
2018-12-06 00:00:00+00:00,6829.0,6850.9,6628.2,6839.5,204493,0,0
2018-12-07 00:00:00+00:00,6833.4,6853.7,6593.2,6629.9,193901,0,0
2018-12-10 00:00:00+00:00,6592.7,6714.3,6535.7,6693.3,193966,0,0
2018-12-11 00:00:00+00:00,6694.0,6809.3,6651.6,6682.1,188543,0,0
2018-12-12 00:00:00+00:00,6683.4,6872.5,6683.4,6765.5,173729,0,0
2018-12-13 00:00:00+00:00,6765.8,6837.5,6722.9,6744.5,155872,0,0
2018-12-14 00:00:00+00:00,6744.5,6760.4,6583.6,6583.6,113987,0,0
2018-12-17 00:00:00+00:00,6575.3,6635.2,6401.4,6470.1,136056,0,0
2018-12-18 00:00:00+00:00,6468.0,6555.6,6434.8,6438.5,140981,0,0
2018-12-19 00:00:00+00:00,6438.5,6580.4,6279.0,6326.2,190921,0,0
2018-12-20 00:00:00+00:00,6327.9,6382.7,6159.6,6298.8,251280,0,0
2018-12-21 00:00:00+00:00,6291.7,6316.8,6009.5,6058.5,242327,0,0
2018-12-24 00:00:00+00:00,6010.2,6104.8,5870.1,5871.5,148217,0,0
2018-12-27 00:00:00+00:00,6258.3,6315.5,6037.1,6291.5,187217,0,0
2018-12-28 00:00:00+00:00,6291.8,6385.7,6227.2,6279.3,241896,0,0
2018-12-31 00:00:00+00:00,6331.3,6360.0,6266.7,6336.0,156529,0,0
2019-01-02 00:00:00+00:00,6332.5,6393.2,6138.2,6246.0,230973,0,0
2019-01-03 00:00:00+00:00,6246.0,6288.1,6133.6,6154.6,217962,0,0
2019-01-04 00:00:00+00:00,6154.2,6447.7,6122.1,6416.9,213514,0,0
2019-01-07 00:00:00+00:00,6437.1,6522.7,6390.8,6491.9,196286,0,0
2019-01-08 00:00:00+00:00,6491.2,6573.9,6455.3,6538.8,199449,0,0
2019-01-09 00:00:00+00:00,6538.9,6631.3,6533.1,6590.3,190484,0,0
2019-01-10 00:00:00+00:00,6590.3,6628.7,6515.0,6614.1,203481,0,0
2019-01-11 00:00:00+00:00,6611.9,6619.7,6559.8,6601.2,152130,0,0
2019-01-14 00:00:00+00:00,6585.2,6589.0,6510.7,6535.0,149609,0,0
2019-01-15 00:00:00+00:00,6533.1,6676.6,6530.6,6666.2,160601,0,0
2019-01-16 00:00:00+00:00,6664.6,6723.4,6650.9,6658.1,151258,0,0
2019-01-17 00:00:00+00:00,6657.3,6748.3,6601.0,6718.7,159526,0,0
2019-01-18 00:00:00+00:00,6710.2,6816.5,6700.9,6795.0,157770,0,0
2019-01-21 00:00:00+00:00,6777.4,6783.2,6732.1,6752.1,68256,0,0
2019-01-22 00:00:00+00:00,6742.8,6768.3,6602.7,6642.8,177874,0,0
2019-01-23 00:00:00+00:00,6640.7,6715.0,6583.8,6660.5,178832,0,0
2019-01-24 00:00:00+00:00,6654.1,6710.0,6644.7,6676.9,183764,0,0
2019-01-25 00:00:00+00:00,6673.4,6802.5,6668.7,6787.4,163172,0,0
2019-01-28 00:00:00+00:00,6774.1,6783.1,6642.3,6692.6,165938,0,0
2019-01-29 00:00:00+00:00,6688.6,6715.7,6611.7,6675.9,175314,0,0
2019-01-30 00:00:00+00:00,6676.4,6838.4,6652.0,6831.3,181230,0,0
2019-01-31 00:00:00+00:00,6843.4,6937.0,6833.4,6924.1,180277,0,0
2019-02-01 00:00:00+00:00,6897.8,6921.5,6854.8,6871.9,175631,0,0
2019-02-04 00:00:00+00:00,6854.4,6973.9,6852.1,6939.9,122145,0,0
2019-02-05 00:00:00+00:00,6929.2,7029.1,6923.5,7007.6,120869,0,0
2019-02-06 00:00:00+00:00,7003.8,7033.0,6966.9,6983.1,126986,0,0
2019-02-07 00:00:00+00:00,6980.7,6988.4,6850.9,6897.7,168307,0,0
2019-02-08 00:00:00+00:00,6897.7,6917.4,6832.8,6915.8,171521,0,0
2019-02-11 00:00:00+00:00,6917.8,6962.3,6888.4,6902.4,137777,0,0
2019-02-12 00:00:00+00:00,6898.6,7020.8,6896.7,7011.8,111191,0,0
2019-02-13 00:00:00+00:00,7008.2,7062.5,7004.7,7009.5,111101,0,0
2019-02-14 00:00:00+00:00,7006.2,7049.1,6964.0,7008.8,156551,0,0
2019-02-15 00:00:00+00:00,7008.4,7086.8,6967.7,7056.8,146471,0,0
2019-02-18 00:00:00+00:00,7056.1,7075.9,7049.4,7074.1,54703,0,0
2019-02-19 00:00:00+00:00,7069.9,7088.6,7029.4,7062.1,116574,0,0
2019-02-20 00:00:00+00:00,7056.5,7095.8,7023.2,7062.4,142838,0,0
2019-02-21 00:00:00+00:00,7060.7,7104.9,6996.4,7028.4,137990,0,0
2019-02-22 00:00:00+00:00,7028.4,7093.9,7011.4,7092.5,106632,0,0
2019-02-25 00:00:00+00:00,7104.1,7162.0,7095.6,7114.6,122084,0,0
2019-02-26 00:00:00+00:00,7113.5,7145.2,7067.4,7104.8,137638,0,0
2019-02-27 00:00:00+00:00,7099.5,7126.2,7042.5,7117.8,108364,0,0
2019-02-28 00:00:00+00:00,7112.4,7123.1,7065.3,7102.5,121077,0,0
2019-03-01 00:00:00+00:00,7096.8,7157.8,7091.2,7151.7,107748,0,0
2019-03-04 00:00:00+00:00,7176.1,7207.6,7070.3,7139.6,109344,0,0
2019-03-05 00:00:00+00:00,7137.8,7178.1,7120.1,7155.1,97227,0,0
2019-03-06 00:00:00+00:00,7145.8,7166.3,7102.8,7105.6,98782,0,0
2019-03-07 00:00:00+00:00,7102.2,7117.7,7000.6,7024.9,109105,0,0
2019-03-08 00:00:00+00:00,7023.8,7031.2,6936.2,7028.8,92551,0,0
2019-03-11 00:00:00+00:00,7020.4,7174.0,6996.3,7170.0,78481,0,0
2019-03-12 00:00:00+00:00,7168.8,7220.4,7158.6,7209.3,83958,0,0
2019-03-13 00:00:00+00:00,7208.0,7293.5,7180.0,7269.5,86858,0,0
2019-03-14 00:00:00+00:00,7268.9,7287.5,7236.5,7241.3,88682,0,0
2019-03-15 00:00:00+00:00,7244.4,7331.6,7241.1,7315.9,86478,0,0
2019-03-18 00:00:00+00:00,7310.4,7350.1,7292.5,7332.9,76399,0,0
2019-03-19 00:00:00+00:00,7334.0,7391.7,7321.7,7348.7,88726,0,0
2019-03-20 00:00:00+00:00,7349.4,7424.2,7317.0,7366.5,108162,0,0
2019-03-21 00:00:00+00:00,7371.0,7509.3,7334.4,7498.9,108403,0,0
2019-03-22 00:00:00+00:00,7495.3,7513.8,7321.8,7329.5,154960,0,0
2019-03-25 00:00:00+00:00,7352.0,7360.0,7259.8,7332.4,158309,0,0
2019-03-26 00:00:00+00:00,7328.4,7418.0,7311.2,7352.8,122149,0,0
2019-03-27 00:00:00+00:00,7351.4,7376.8,7249.5,7297.0,139561,0,0
2019-03-28 00:00:00+00:00,7294.6,7344.7,7261.5,7328.7,128611,0,0
2019-03-29 00:00:00+00:00,7328.0,7388.7,7324.6,7387.4,102934,0,0
2019-04-01 00:00:00+00:00,7410.8,7482.3,7408.6,7473.3,100884,0,0
2019-04-02 00:00:00+00:00,7467.8,7506.9,7458.8,7490.3,79188,0,0
2019-04-03 00:00:00+00:00,7492.5,7591.2,7487.7,7555.2,93278,0,0
2019-04-04 00:00:00+00:00,7554.2,7570.9,7495.4,7535.9,88721,0,0
2019-04-05 00:00:00+00:00,7535.5,7584.8,7529.2,7583.5,72096,0,0
2019-04-08 00:00:00+00:00,7585.2,7604.1,7536.5,7601.9,72640,0,0
2019-04-09 00:00:00+00:00,7600.3,7608.3,7553.4,7563.9,73396,0,0
2019-04-10 00:00:00+00:00,7565.5,7621.2,7550.4,7620.2,71309,0,0
2019-04-11 00:00:00+00:00,7619.4,7635.0,7579.3,7596.5,71241,0,0
2019-04-12 00:00:00+00:00,7594.2,7642.4,7588.4,7630.9,67070,0,0
2019-04-15 00:00:00+00:00,7633.8,7636.6,7576.5,7627.8,56051,0,0
2019-04-16 00:00:00+00:00,7629.9,7671.9,7626.5,7654.2,65165,0,0
2019-04-17 00:00:00+00:00,7654.3,7711.2,7646.3,7666.5,77191,0,0
2019-04-18 00:00:00+00:00,7670.6,7701.3,7641.2,7694.4,79100,0,0
2019-04-22 00:00:00+00:00,7695.7,7725.7,7650.6,7719.8,61095,0,0
2019-04-23 00:00:00+00:00,7716.1,7823.0,7704.8,7812.1,69422,0,0
2019-04-24 00:00:00+00:00,7812.4,7828.5,7782.9,7819.5,72603,0,0
2019-04-25 00:00:00+00:00,7836.5,7859.5,7775.2,7779.5,83219,0,0
2019-04-26 00:00:00+00:00,7777.7,7828.5,7739.4,7819.8,87926,0,0
2019-04-29 00:00:00+00:00,7823.5,7851.5,7789.4,7789.6,63138,0,0
2019-04-30 00:00:00+00:00,7788.6,7840.3,7724.3,7834.6,80369,0,0
2019-05-01 00:00:00+00:00,7831.4,7852.4,7720.9,7722.6,88415,0,0
2019-05-02 00:00:00+00:00,7722.9,7790.6,7668.4,7723.9,108319,0,0
2019-05-03 00:00:00+00:00,7721.6,7859.0,7720.6,7858.7,70424,0,0
2019-05-06 00:00:00+00:00,7732.4,7804.8,7654.4,7737.0,143005,0,0
2019-05-07 00:00:00+00:00,7738.1,7791.3,7570.3,7659.5,162719,0,0
2019-05-08 00:00:00+00:00,7659.0,7686.4,7590.9,7629.9,137227,0,0
2019-05-09 00:00:00+00:00,7627.6,7633.2,7470.7,7582.9,157095,0,0
2019-05-10 00:00:00+00:00,7569.1,7640.8,7424.3,7598.7,184262,0,0
2019-05-13 00:00:00+00:00,7523.0,7540.4,7293.4,7302.0,173424,0,0
2019-05-14 00:00:00+00:00,7300.5,7448.8,7279.5,7414.4,133114,0,0
2019-05-15 00:00:00+00:00,7411.0,7525.9,7340.1,7514.1,127815,0,0
2019-05-16 00:00:00+00:00,7511.0,7627.0,7459.9,7589.0,128441,0,0
2019-05-17 00:00:00+00:00,7584.5,7606.3,7492.9,7498.3,157463,0,0
2019-05-20 00:00:00+00:00,7509.6,7547.0,7349.9,7393.1,161331,0,0
2019-05-21 00:00:00+00:00,7398.6,7473.4,7388.4,7449.8,115139,0,0
2019-05-22 00:00:00+00:00,7448.0,7463.1,7379.7,7416.0,109231,0,0
2019-05-23 00:00:00+00:00,7417.3,7423.9,7258.8,7305.8,148128,0,0
2019-05-24 00:00:00+00:00,7306.7,7370.5,7292.6,7303.5,110658,0,0
2019-05-27 00:00:00+00:00,7310.6,7330.9,7286.0,7311.0,38094,0,0
2019-05-28 00:00:00+00:00,7309.2,7364.0,7272.0,7282.8,125922,0,0
2019-05-29 00:00:00+00:00,7277.6,7287.0,7174.6,7206.4,144718,0,0
2019-05-30 00:00:00+00:00,7204.2,7262.8,7199.2,7245.9,114515,0,0
2019-05-31 00:00:00+00:00,7243.6,7247.9,7122.3,7130.3,144342,0,0
2019-06-03 00:00:00+00:00,7100.2,7126.9,6936.2,7003.6,112123,0,0
2019-06-04 00:00:00+00:00,7004.5,7180.5,6976.5,7180.2,81020,0,0
2019-06-05 00:00:00+00:00,7184.4,7239.2,7144.9,7225.7,84079,0,0
2019-06-06 00:00:00+00:00,7192.3,7293.8,7174.5,7258.0,77000,0,0
2019-06-07 00:00:00+00:00,7257.0,7447.2,7252.7,7421.7,69314,0,0
2019-06-10 00:00:00+00:00,7470.6,7573.8,7427.1,7514.0,70197,0,0
2019-06-11 00:00:00+00:00,7512.8,7595.6,7487.9,7513.6,73325,0,0
2019-06-12 00:00:00+00:00,7509.8,7525.8,7456.6,7470.7,70039,0,0
2019-06-13 00:00:00+00:00,7469.4,7530.2,7416.3,7506.4,77855,0,0
2019-06-14 00:00:00+00:00,7494.2,7516.3,7447.2,7479.4,59228,0,0
2019-06-17 00:00:00+00:00,7478.9,7548.0,7477.9,7536.7,49291,0,0
2019-06-18 00:00:00+00:00,7539.3,7690.8,7512.0,7642.3,62752,0,0
2019-06-19 00:00:00+00:00,7644.7,7682.6,7602.1,7667.6,63306,0,0
2019-06-20 00:00:00+00:00,7666.0,7790.2,7663.5,7734.6,71986,0,0
2019-06-21 00:00:00+00:00,7732.0,7773.1,7695.5,7717.0,73263,0,0
2019-06-24 00:00:00+00:00,7714.3,7765.2,7713.9,7727.8,85159,0,0
2019-06-25 00:00:00+00:00,7729.5,7751.2,7580.3,7604.3,114601,0,0
2019-06-26 00:00:00+00:00,7604.1,7690.1,7587.2,7613.6,75174,0,0
2019-06-27 00:00:00+00:00,7617.0,7684.7,7614.0,7657.6,63917,0,0
2019-06-28 00:00:00+00:00,7661.6,7698.9,7637.0,7695.4,55896,0,0
2019-07-01 00:00:00+00:00,7771.2,7823.8,7732.5,7764.8,68072,0,0
2019-07-02 00:00:00+00:00,7763.7,7817.2,7736.5,7815.2,56457,0,0
2019-07-03 00:00:00+00:00,7811.8,7866.4,7798.3,7861.3,41984,0,0
2019-07-04 00:00:00+00:00,7872.1,7879.9,7855.1,7874.3,19464,0,0
2019-07-05 00:00:00+00:00,7874.6,7881.7,7771.2,7827.6,53330,0,0
2019-07-08 00:00:00+00:00,7836.0,7837.9,7753.2,7777.1,54706,0,0
2019-07-09 00:00:00+00:00,7774.0,7834.6,7719.0,7823.6,51692,0,0
2019-07-10 00:00:00+00:00,7821.5,7926.1,7787.8,7900.0,65075,0,0
2019-07-11 00:00:00+00:00,7900.4,7937.7,7871.2,7894.4,57397,0,0
2019-07-12 00:00:00+00:00,7893.6,7944.2,7888.8,7934.4,48102,0,0
2019-07-15 00:00:00+00:00,7934.7,7969.7,7919.6,7962.0,43302,0,0
2019-07-16 00:00:00+00:00,7961.6,7979.0,7902.0,7915.7,47698,0,0
2019-07-17 00:00:00+00:00,7918.9,7944.1,7846.1,7847.7,46923,0,0
2019-07-18 00:00:00+00:00,7853.7,7934.9,7811.5,7928.2,58065,0,0
2019-07-19 00:00:00+00:00,7938.0,7961.2,7797.5,7800.6,63777,0,0
2019-07-22 00:00:00+00:00,7815.7,7918.8,7809.4,7909.3,56283,0,0
2019-07-23 00:00:00+00:00,7912.6,7968.3,7891.4,7923.9,51175,0,0
2019-07-24 00:00:00+00:00,7932.8,8034.4,7908.7,7984.2,52346,0,0
2019-07-25 00:00:00+00:00,7989.7,8017.8,7901.8,7965.1,62305,0,0
2019-07-26 00:00:00+00:00,7980.6,8025.1,7971.9,8000.1,45339,0,0
2019-07-29 00:00:00+00:00,8009.3,8017.1,7938.1,7990.6,43319,0,0
2019-07-30 00:00:00+00:00,7988.2,8005.4,7914.9,7974.0,55062,0,0
2019-07-31 00:00:00+00:00,7979.1,7987.1,7769.6,7826.2,66080,0,0
2019-08-01 00:00:00+00:00,7818.2,8001.5,7764.2,7777.3,91018,0,0
2019-08-02 00:00:00+00:00,7786.5,7792.9,7639.8,7696.8,104049,0,0
2019-08-05 00:00:00+00:00,7676.6,7696.2,7352.3,7360.2,113114,0,0
2019-08-06 00:00:00+00:00,7329.7,7541.7,7216.8,7510.0,129306,0,0
2019-08-07 00:00:00+00:00,7509.1,7570.1,7380.9,7543.6,114810,0,0
2019-08-08 00:00:00+00:00,7538.5,7730.6,7519.1,7721.2,85513,0,0
2019-08-09 00:00:00+00:00,7692.8,7713.7,7587.7,7659.5,95460,0,0
2019-08-12 00:00:00+00:00,7656.5,7700.9,7527.2,7563.4,89516,0,0
2019-08-13 00:00:00+00:00,7563.2,7781.4,7505.9,7742.7,92781,0,0
2019-08-14 00:00:00+00:00,7733.9,7754.7,7465.9,7466.4,106912,0,0
2019-08-15 00:00:00+00:00,7466.6,7560.3,7377.5,7496.8,119406,0,0
2019-08-16 00:00:00+00:00,7496.2,7623.0,7491.8,7601.5,79420,0,0
2019-08-19 00:00:00+00:00,7619.0,7740.7,7617.3,7711.5,70874,0,0
2019-08-20 00:00:00+00:00,7711.1,7741.9,7645.9,7649.4,78142,0,0
2019-08-21 00:00:00+00:00,7644.4,7756.2,7644.4,7747.2,65733,0,0
2019-08-22 00:00:00+00:00,7746.9,7772.3,7646.2,7698.3,80857,0,0
2019-08-23 00:00:00+00:00,7706.0,7753.7,7440.2,7484.4,101202,0,0
2019-08-26 00:00:00+00:00,7403.5,7618.5,7349.9,7581.7,105151,0,0
2019-08-27 00:00:00+00:00,7583.3,7641.9,7530.9,7558.7,88797,0,0
2019-08-28 00:00:00+00:00,7559.7,7599.1,7497.9,7574.6,85637,0,0
2019-08-29 00:00:00+00:00,7577.1,7722.2,7541.2,7698.1,75946,0,0
2019-08-30 00:00:00+00:00,7690.7,7762.5,7639.4,7670.2,78106,0,0
2019-09-02 00:00:00+00:00,7602.3,7690.0,7576.3,7609.2,43288,0,0
2019-09-03 00:00:00+00:00,7615.8,7671.55,7582.75,7611.85,88136,0,0
2019-09-04 00:00:00+00:00,7606.65,7724.95,7603.85,7717.65,68150,0,0
2019-09-05 00:00:00+00:00,7718.15,7880.55,7711.65,7845.05,71615,0,0
2019-09-06 00:00:00+00:00,7851.45,7889.15,7833.35,7860.35,65671,0,0
2019-09-09 00:00:00+00:00,7852.25,7883.05,7793.95,7830.05,60591,0,0
2019-09-10 00:00:00+00:00,7827.05,7852.65,7740.45,7816.35,77018,0,0
2019-09-11 00:00:00+00:00,7810.05,7894.45,7782.05,7889.75,69231,0,0
2019-09-12 00:00:00+00:00,7886.25,7976.95,7881.65,7908.15,78598,0,0
2019-09-13 00:00:00+00:00,7911.55,7952.85,7877.15,7884.65,54351,0,0
2019-09-16 00:00:00+00:00,7827.05,7869.05,7772.85,7864.55,64473,0,0
2019-09-17 00:00:00+00:00,7859.85,7894.85,7824.95,7893.55,50943,0,0
2019-09-18 00:00:00+00:00,7888.55,7904.65,7788.35,7899.75,55780,0,0
2019-09-19 00:00:00+00:00,7897.25,7948.75,7827.55,7895.75,69212,0,0
2019-09-20 00:00:00+00:00,7889.35,7928.35,7789.05,7809.65,65831,0,0
2019-09-23 00:00:00+00:00,7821.95,7873.35,7786.55,7847.75,65387,0,0
2019-09-24 00:00:00+00:00,7843.55,7880.05,7682.65,7717.85,78189,0,0
2019-09-25 00:00:00+00:00,7712.75,7825.05,7644.95,7803.45,77906,0,0
2019-09-26 00:00:00+00:00,7798.75,7822.65,7715.45,7767.05,72183,0,0
2019-09-27 00:00:00+00:00,7760.65,7801.65,7622.95,7698.05,79199,0,0
2019-09-30 00:00:00+00:00,7723.25,7770.85,7688.35,7767.35,68110,0,0
2019-10-01 00:00:00+00:00,7760.25,7821.75,7671.25,7692.85,75945,0,0
2019-10-02 00:00:00+00:00,7689.75,7710.05,7511.95,7538.05,88723,0,0
2019-10-03 00:00:00+00:00,7533.45,7645.95,7459.95,7641.75,86071,0,0
2019-10-04 00:00:00+00:00,7633.65,7758.75,7610.05,7750.35,72931,0,0
2019-10-07 00:00:00+00:00,7674.25,7785.35,7674.25,7723.05,69534,0,0
2019-10-08 00:00:00+00:00,7716.85,7771.05,7600.75,7608.05,89500,0,0
2019-10-09 00:00:00+00:00,7604.85,7718.65,7594.35,7689.85,77380,0,0
2019-10-10 00:00:00+00:00,7684.55,7784.45,7570.95,7773.55,92519,0,0
2019-10-11 00:00:00+00:00,7768.55,7905.85,7753.85,7844.85,78231,0,0
2019-10-14 00:00:00+00:00,7838.75,7882.85,7794.25,7847.55,64566,0,0
2019-10-15 00:00:00+00:00,7844.65,7960.55,7844.65,7947.25,58721,0,0
2019-10-16 00:00:00+00:00,7942.35,7949.05,7895.55,7939.65,66232,0,0
2019-10-17 00:00:00+00:00,7936.65,7982.65,7911.75,7942.25,65259,0,0
2019-10-18 00:00:00+00:00,7937.15,7946.45,7824.95,7872.65,67679,0,0
2019-10-21 00:00:00+00:00,7853.75,7941.25,7853.75,7938.45,58013,0,0
2019-10-22 00:00:00+00:00,7935.25,7980.05,7827.05,7831.95,59522,0,0
2019-10-23 00:00:00+00:00,7834.45,7908.15,7800.55,7908.15,67030,0,0
2019-10-24 00:00:00+00:00,7911.05,7975.15,7903.65,7915.75,58673,0,0
2019-10-25 00:00:00+00:00,7915.25,8032.85,7910.05,8028.65,53162,0,0
2019-10-28 00:00:00+00:00,8042.35,8119.05,8041.65,8103.95,48401,0,0
2019-10-29 00:00:00+00:00,8097.55,8110.95,8043.45,8049.65,48544,0,0
2019-10-30 00:00:00+00:00,8048.15,8132.65,8019.35,8110.45,54092,0,0
2019-10-31 00:00:00+00:00,8119.25,8130.15,8038.25,8084.25,65636,0,0
2019-11-01 00:00:00+00:00,8080.65,8161.45,8079.15,8156.15,51011,0,0
2019-11-04 00:00:00+00:00,8162.25,8228.65,8161.25,8212.35,46614,0,0
2019-11-05 00:00:00+00:00,8209.65,8242.75,8189.05,8204.15,50708,0,0
2019-11-06 00:00:00+00:00,8198.45,8222.35,8155.65,8205.55,49720,0,0
2019-11-07 00:00:00+00:00,8201.75,8273.55,8180.45,8222.75,56142,0,0
2019-11-08 00:00:00+00:00,8220.25,8256.95,8183.75,8252.35,52770,0,0
2019-11-11 00:00:00+00:00,8246.65,8253.85,8200.05,8247.45,48081,0,0
2019-11-12 00:00:00+00:00,8242.55,8292.45,8221.45,8266.25,54420,0,0
2019-11-13 00:00:00+00:00,8263.35,8274.55,8212.85,8263.35,59648,0,0
2019-11-14 00:00:00+00:00,8260.25,8276.95,8209.55,8264.35,64401,0,0
2019-11-15 00:00:00+00:00,8257.45,8318.65,8254.15,8318.65,48545,0,0
2019-11-18 00:00:00+00:00,8312.75,8357.45,8273.05,8330.55,51308,0,0
2019-11-19 00:00:00+00:00,8327.85,8372.55,8306.85,8331.55,50456,0,0
2019-11-20 00:00:00+00:00,8322.55,8338.45,8222.45,8282.35,71336,0,0
2019-11-21 00:00:00+00:00,8235.95,8298.85,8231.25,8272.25,77855,0,0
2019-11-22 00:00:00+00:00,8267.65,8305.05,8226.65,8277.15,57414,0,0
2019-11-25 00:00:00+00:00,8301.85,8372.95,8290.85,8370.95,39186,0,0
2019-11-26 00:00:00+00:00,8367.05,8414.55,8360.25,8398.85,51422,0,0
2019-11-27 00:00:00+00:00,8395.25,8453.85,8390.75,8452.95,40502,0,0
2019-11-28 00:00:00+00:00,8443.25,8444.15,8409.85,8441.45,24511,0,0
2019-11-29 00:00:00+00:00,8436.35,8445.45,8403.25,8418.45,36083,0,0
2019-12-02 00:00:00+00:00,8422.95,8453.05,8272.95,8308.25,63635,0,0
2019-12-03 00:00:00+00:00,8306.75,8333.15,8165.05,8254.25,80065,0,0
2019-12-04 00:00:00+00:00,8248.75,8315.45,8216.85,8295.25,68279,0,0
2019-12-05 00:00:00+00:00,8288.95,8334.65,8270.05,8307.55,63088,0,0
2019-12-06 00:00:00+00:00,8303.65,8405.45,8303.65,8400.95,47424,0,0
2019-12-09 00:00:00+00:00,8401.85,8423.85,8343.35,8349.75,47198,0,0
2019-12-10 00:00:00+00:00,8347.85,8393.85,8292.75,8366.55,66153,0,0
2019-12-11 00:00:00+00:00,8360.65,8407.85,8341.05,8407.55,57496,0,0
2019-12-12 00:00:00+00:00,8401.65,8492.55,8376.85,8471.65,72952,0,0
2019-12-13 00:00:00+00:00,8484.05,8519.35,8432.15,8495.05,64288,0,0
2019-12-16 00:00:00+00:00,8507.55,8585.75,8500.75,8584.55,44361,0,0
2019-12-17 00:00:00+00:00,8576.25,8594.15,8560.95,8579.75,46733,0,0
2019-12-18 00:00:00+00:00,8569.65,8609.35,8563.65,8603.65,38872,0,0
2019-12-19 00:00:00+00:00,8599.45,8659.75,8575.75,8659.55,38923,0,0
2019-12-20 00:00:00+00:00,8653.95,8692.45,8633.95,8688.35,42081,0,0
2019-12-23 00:00:00+00:00,8689.25,8712.55,8678.45,8708.15,31441,0,0
2019-12-24 00:00:00+00:00,8705.35,8709.95,8680.15,8709.45,18402,0,0
2019-12-26 00:00:00+00:00,8710.25,8778.35,8709.15,8776.15,20753,0,0
2019-12-27 00:00:00+00:00,8778.65,8817.55,8746.95,8760.15,39908,0,0
2019-12-30 00:00:00+00:00,8763.95,8786.95,8669.45,8713.85,49859,0,0
2019-12-31 00:00:00+00:00,8709.05,8754.35,8670.85,8754.25,40661,0,0
2020-01-02 00:00:00+00:00,8754.05,8883.75,8751.25,8883.55,48120,0,0
2020-01-03 00:00:00+00:00,8876.15,8888.85,8717.15,8793.55,87554,0,0
2020-01-06 00:00:00+00:00,8740.55,8855.65,8706.25,8837.85,74706,0,0
2020-01-07 00:00:00+00:00,8834.95,8876.75,8808.75,8829.55,68297,0,0
2020-01-08 00:00:00+00:00,8821.95,8954.05,8661.65,8931.85,101954,0,0
2020-01-09 00:00:00+00:00,8931.25,9003.85,8913.85,8994.75,67082,0,0
2020-01-10 00:00:00+00:00,8991.45,9037.75,8949.85,8963.95,55863,0,0
2020-01-13 00:00:00+00:00,8967.35,9079.25,8967.35,9077.35,49006,0,0
2020-01-14 00:00:00+00:00,9073.95,9099.05,9019.45,9051.75,70891,0,0
2020-01-15 00:00:00+00:00,9047.35,9079.35,9007.35,9050.95,65639,0,0
2020-01-16 00:00:00+00:00,9048.35,9127.25,9047.95,9126.85,50650,0,0
2020-01-17 00:00:00+00:00,9124.65,9177.15,9117.15,9161.45,46973,0,0
2020-01-20 00:00:00+00:00,9165.45,9175.65,9147.75,9167.35,21146,0,0
2020-01-21 00:00:00+00:00,9163.05,9186.85,9103.05,9166.45,64168,0,0
2020-01-22 00:00:00+00:00,9169.35,9241.05,9166.55,9180.25,59377,0,0
2020-01-23 00:00:00+00:00,9178.55,9245.85,9139.45,9243.55,75009,0,0
2020-01-24 00:00:00+00:00,9241.65,9275.35,9099.35,9129.45,72251,0,0
2020-01-27 00:00:00+00:00,9045.95,9058.65,8916.95,8954.65,109984,0,0
2020-01-28 00:00:00+00:00,8944.75,9127.15,8943.45,9119.35,84292,0,0
2020-01-29 00:00:00+00:00,9112.55,9150.85,9066.05,9100.15,80024,0,0
2020-01-30 00:00:00+00:00,9108.05,9232.25,8995.05,9232.15,115164,0,0
2020-01-31 00:00:00+00:00,9214.85,9240.35,8960.55,9007.25,110759,0,0
2020-02-03 00:00:00+00:00,8970.75,9149.45,8970.75,9101.75,108266,0,0
2020-02-04 00:00:00+00:00,9091.25,9353.75,9066.25,9351.25,85758,0,0
2020-02-05 00:00:00+00:00,9351.75,9455.35,9311.35,9384.35,105592,0,0
2020-02-06 00:00:00+00:00,9382.15,9457.55,9353.55,9457.25,92115,0,0
2020-02-07 00:00:00+00:00,9457.05,9460.75,9375.35,9393.05,86423,0,0
2020-02-10 00:00:00+00:00,9389.65,9521.65,9322.05,9520.25,80611,0,0
2020-02-11 00:00:00+00:00,9513.35,9599.95,9492.75,9526.35,79935,0,0
2020-02-12 00:00:00+00:00,9524.55,9618.85,9515.35,9618.65,70907,0,0
2020-02-13 00:00:00+00:00,9610.25,9635.75,9501.05,9619.25,90785,0,0
2020-02-14 00:00:00+00:00,9616.05,9650.05,9582.05,9624.75,72914,0,0
2020-02-17 00:00:00+00:00,9628.75,9679.45,9627.45,9661.75,31967,0,0
2020-02-18 00:00:00+00:00,9578.35,9645.95,9525.15,9636.15,82297,0,0
2020-02-19 00:00:00+00:00,9632.35,9738.25,9630.55,9726.25,60934,0,0
2020-02-20 00:00:00+00:00,9732.05,9752.55,9506.85,9611.25,94668,0,0
2020-02-21 00:00:00+00:00,9605.65,9613.15,9402.65,9448.85,108070,0,0
2020-02-24 00:00:00+00:00,9329.75,9355.75,9034.75,9091.95,279117,0,0
2020-02-25 00:00:00+00:00,9075.65,9216.25,8804.45,8868.05,147117,0,0
2020-02-26 00:00:00+00:00,8874.35,9031.35,8703.25,8814.95,163088,0,0
2020-02-27 00:00:00+00:00,8811.15,8871.05,8327.55,8335.15,172703,0,0
2020-02-28 00:00:00+00:00,8348.15,8569.25,8124.35,8543.45,200638,0,0
2020-03-02 00:00:00+00:00,8316.35,8880.45,8226.25,8817.75,196403,0,0
2020-03-03 00:00:00+00:00,8832.05,9000.55,8539.35,8557.25,169592,0,0
2020-03-04 00:00:00+00:00,8560.55,8949.25,8510.95,8888.05,148368,0,0
2020-03-05 00:00:00+00:00,8884.35,8897.55,8611.75,8673.05,147951,0,0
2020-03-06 00:00:00+00:00,8663.95,8725.55,8313.55,8501.45,169934,0,0
2020-03-09 00:00:00+00:00,8316.55,8316.55,7840.05,7917.95,80841,0,0
2020-03-10 00:00:00+00:00,7900.55,8383.75,7824.75,8362.25,148746,0,0
2020-03-11 00:00:00+00:00,8330.05,8339.95,7898.35,8011.65,146544,0,0
2020-03-12 00:00:00+00:00,7997.65,8109.05,7136.55,7167.15,128124,0,0
2020-03-13 00:00:00+00:00,7141.95,7978.85,6947.85,7827.35,110168,0,0
2020-03-16 00:00:00+00:00,7900.65,7900.65,6930.85,7062.65,64240,0,0
2020-03-17 00:00:00+00:00,7027.55,7553.55,6953.65,7365.85,101012,0,0
2020-03-18 00:00:00+00:00,7359.25,7392.65,6823.45,7251.65,91604,0,0
2020-03-19 00:00:00+00:00,7239.35,7518.05,6887.85,7198.95,137502,0,0
2020-03-20 00:00:00+00:00,7186.15,7645.5,6905.7,6946.9,131524,0,0
2020-03-23 00:00:00+00:00,6748.0,7327.6,6642.6,6980.7,140701,0,0
2020-03-24 00:00:00+00:00,7036.9,7577.6,7031.0,7556.9,137878,0,0
2020-03-25 00:00:00+00:00,7543.3,7768.2,7381.0,7485.5,159244,0,0
2020-03-26 00:00:00+00:00,7492.8,7910.0,7324.5,7878.9,143316,0,0
2020-03-27 00:00:00+00:00,7895.5,7908.8,7568.6,7573.0,136986,0,0
2020-03-30 00:00:00+00:00,7430.3,7900.1,7415.4,7870.3,138922,0,0
2020-03-31 00:00:00+00:00,7869.0,8010.4,7763.3,7798.6,132096,0,0
2020-04-01 00:00:00+00:00,7778.0,7784.1,7421.4,7480.0,128678,0,0
2020-04-02 00:00:00+00:00,7486.5,7671.5,7391.5,7637.7,130420,0,0
2020-04-03 00:00:00+00:00,7635.4,7675.9,7440.6,7539.4,118251,0,0
2020-04-06 00:00:00+00:00,7600.9,8109.2,7600.9,8048.8,118412,0,0
2020-04-07 00:00:00+00:00,8035.1,8312.6,7957.8,8008.4,147848,0,0
2020-04-08 00:00:00+00:00,8019.5,8253.1,7963.3,8210.6,133068,0,0
2020-04-09 00:00:00+00:00,8194.4,8337.4,8114.3,8252.2,137100,0,0
2020-04-13 00:00:00+00:00,8291.5,8349.8,8085.1,8349.6,103029,0,0
2020-04-14 00:00:00+00:00,8351.8,8720.8,8332.6,8714.9,108270,0,0
2020-04-15 00:00:00+00:00,8709.2,8710.6,8497.2,8585.1,115749,0,0
2020-04-16 00:00:00+00:00,8591.3,8852.7,8511.2,8845.5,122845,0,0
2020-04-17 00:00:00+00:00,8920.2,8977.0,8701.1,8821.5,125223,0,0
2020-04-20 00:00:00+00:00,8791.9,8857.0,8698.4,8722.7,117645,0,0
2020-04-21 00:00:00+00:00,8714.8,8773.8,8356.6,8451.3,139730,0,0
2020-04-22 00:00:00+00:00,8462.0,8710.1,8414.9,8647.1,112324,0,0
2020-04-23 00:00:00+00:00,8652.3,8798.2,8594.5,8613.9,113052,0,0
2020-04-24 00:00:00+00:00,8581.7,8791.7,8509.9,8776.2,104863,0,0
2020-04-27 00:00:00+00:00,8811.9,8908.4,8742.1,8829.2,97548,0,0
2020-04-28 00:00:00+00:00,8823.1,8956.3,8666.8,8710.5,103209,0,0
2020-04-29 00:00:00+00:00,8773.8,9127.9,8746.1,9127.9,106748,0,0
2020-04-30 00:00:00+00:00,9103.8,9155.0,8867.2,8881.5,117243,0,0
2020-05-01 00:00:00+00:00,8854.7,8888.6,8682.3,8715.7,107849,0,0
2020-05-04 00:00:00+00:00,8613.2,8838.3,8570.1,8820.4,114045,0,0
2020-05-05 00:00:00+00:00,8814.0,9031.5,8810.0,8943.8,100062,0,0
2020-05-06 00:00:00+00:00,8930.6,9066.3,8888.2,8958.9,109487,0,0
2020-05-07 00:00:00+00:00,8965.0,9135.8,8940.3,9128.7,103748,0,0
2020-05-08 00:00:00+00:00,9117.1,9244.6,9110.7,9228.1,96631,0,0
2020-05-11 00:00:00+00:00,9191.2,9346.2,9125.7,9287.2,105199,0,0
2020-05-12 00:00:00+00:00,9294.0,9352.9,9048.6,9053.9,115613,0,0
2020-05-13 00:00:00+00:00,9038.9,9210.5,8886.9,9020.9,135065,0,0
2020-05-14 00:00:00+00:00,9029.9,9111.2,8855.1,9095.7,137411,0,0
2020-05-15 00:00:00+00:00,9089.8,9157.1,8932.5,9125.7,125315,0,0
2020-05-18 00:00:00+00:00,9127.0,9368.2,9119.6,9324.6,105352,0,0
2020-05-19 00:00:00+00:00,9326.0,9422.6,9290.3,9302.6,112295,0,0
2020-05-20 00:00:00+00:00,9293.4,9499.3,9276.3,9496.4,98675,0,0
2020-05-21 00:00:00+00:00,9496.3,9513.2,9356.2,9362.2,102243,0,0
2020-05-22 00:00:00+00:00,9359.6,9425.5,9244.8,9424.3,105516,0,0
2020-05-25 00:00:00+00:00,9410.7,9540.0,9400.6,9533.0,43662,0,0
2020-05-26 00:00:00+00:00,9524.9,9607.0,9376.1,9414.5,98953,0,0
2020-05-27 00:00:00+00:00,9404.3,9510.5,9177.0,9443.2,110982,0,0
2020-05-28 00:00:00+00:00,9431.2,9569.1,9322.6,9463.9,107082,0,0
2020-05-29 00:00:00+00:00,9456.6,9591.5,9374.4,9589.3,110744,0,0
2020-06-01 00:00:00+00:00,9486.5,9608.9,9452.3,9597.9,96320,0,0
2020-06-02 00:00:00+00:00,9595.9,9672.6,9508.8,9662.2,89587,0,0
2020-06-03 00:00:00+00:00,9661.6,9731.5,9638.4,9692.9,95801,0,0
2020-06-04 00:00:00+00:00,9689.8,9745.1,9575.3,9646.2,106072,0,0
2020-06-05 00:00:00+00:00,9643.6,9846.9,9604.9,9807.8,102082,0,0
2020-06-08 00:00:00+00:00,9812.6,9902.3,9749.0,9885.4,100002,0,0
2020-06-09 00:00:00+00:00,9884.1,10006.8,9813.3,9962.6,103597,0,0
2020-06-10 00:00:00+00:00,9965.9,10156.9,9959.6,10088.1,107408,0,0
2020-06-11 00:00:00+00:00,10089.5,10106.2,9584.2,9622.0,141388,0,0
2020-06-12 00:00:00+00:00,9614.8,9848.9,9495.8,9645.8,123796,0,0
2020-06-15 00:00:00+00:00,9536.6,9814.9,9382.9,9813.6,116427,0,0
2020-06-16 00:00:00+00:00,9809.8,10011.9,9797.8,9968.8,104958,0,0
2020-06-17 00:00:00+00:00,9966.5,10058.8,9926.8,9997.8,100038,0,0
2020-06-18 00:00:00+00:00,9988.6,10040.1,9878.1,10001.1,105372,0,0
2020-06-19 00:00:00+00:00,9992.7,10122.0,9932.1,9937.0,102524,0,0
2020-06-22 00:00:00+00:00,9890.5,10143.1,9854.9,10135.7,101992,0,0
2020-06-23 00:00:00+00:00,10132.5,10307.3,9984.4,10188.2,107630,0,0
2020-06-24 00:00:00+00:00,10195.7,10253.0,9937.9,10025.6,122685,0,0
2020-06-25 00:00:00+00:00,10015.5,10118.0,9898.1,10107.4,114102,0,0
2020-06-26 00:00:00+00:00,10105.7,10131.4,9836.7,9856.3,106554,0,0
2020-06-29 00:00:00+00:00,9814.6,10007.8,9742.1,10000.2,114035,0,0
2020-06-30 00:00:00+00:00,9993.2,10181.7,9950.3,10150.5,96913,0,0
2020-07-01 00:00:00+00:00,10149.4,10321.8,10087.3,10269.9,90805,0,0
2020-07-02 00:00:00+00:00,10271.0,10432.0,10259.7,10359.4,94485,0,0
2020-07-03 00:00:00+00:00,10357.1,10399.0,10319.7,10340.0,38547,0,0
2020-07-06 00:00:00+00:00,10364.0,10624.5,10361.4,10608.4,97319,0,0
2020-07-07 00:00:00+00:00,10610.3,10703.8,10516.9,10536.7,105536,0,0
2020-07-08 00:00:00+00:00,10541.1,10683.7,10516.1,10683.2,105451,0,0
2020-07-09 00:00:00+00:00,10694.6,10784.3,10571.6,10735.8,104854,0,0
2020-07-10 00:00:00+00:00,10738.7,10858.5,10637.6,10853.6,106377,0,0
2020-07-13 00:00:00+00:00,10867.2,11070.2,10575.4,10611.4,114024,0,0
2020-07-14 00:00:00+00:00,10626.2,10704.4,10371.7,10655.7,133428,0,0
2020-07-15 00:00:00+00:00,10726.6,10778.4,10563.9,10698.3,116097,0,0
2020-07-16 00:00:00+00:00,10696.1,10709.9,10490.3,10544.2,119533,0,0
2020-07-17 00:00:00+00:00,10543.5,10681.0,10537.9,10632.8,98295,0,0
2020-07-20 00:00:00+00:00,10625.5,10972.5,10559.0,10957.9,104098,0,0
2020-07-21 00:00:00+00:00,10955.5,11070.5,10797.7,10855.4,111858,0,0
2020-07-22 00:00:00+00:00,10863.9,10928.6,10774.9,10855.0,109147,0,0
2020-07-23 00:00:00+00:00,10860.0,10950.5,10527.8,10575.3,115136,0,0
2020-07-24 00:00:00+00:00,10581.1,10610.6,10316.6,10471.7,125860,0,0
2020-07-27 00:00:00+00:00,10500.6,10696.9,10414.6,10693.1,106892,0,0
2020-07-28 00:00:00+00:00,10693.5,10771.0,10527.3,10559.4,108680,0,0
2020-07-29 00:00:00+00:00,10571.4,10712.4,10525.9,10710.3,96244,0,0
2020-07-30 00:00:00+00:00,10710.2,10907.0,10515.5,10900.8,118195,0,0
2020-07-31 00:00:00+00:00,10921.5,10951.2,10704.2,10923.8,119968,0,0
2020-08-03 00:00:00+00:00,10951.6,11085.4,10888.9,11061.8,101147,0,0
2020-08-04 00:00:00+00:00,11064.4,11106.9,10995.7,11088.1,100940,0,0
2020-08-05 00:00:00+00:00,11091.2,11156.0,11068.5,11105.7,88932,0,0
2020-08-06 00:00:00+00:00,11103.0,11282.5,11062.5,11266.8,97955,0,0
2020-08-07 00:00:00+00:00,11267.3,11290.8,11043.5,11137.9,112731,0,0
2020-08-10 00:00:00+00:00,11148.5,11154.5,10937.2,11085.9,100994,0,0
2020-08-11 00:00:00+00:00,11074.5,11164.5,10853.8,10916.5,110344,0,0
2020-08-12 00:00:00+00:00,10941.3,11192.1,10887.1,11123.3,104444,0,0
2020-08-13 00:00:00+00:00,11121.1,11272.9,11102.1,11187.6,100087,0,0
2020-08-14 00:00:00+00:00,11186.2,11243.4,11102.9,11151.1,98903,0,0
2020-08-17 00:00:00+00:00,11149.3,11307.1,11149.3,11292.2,77095,0,0
2020-08-18 00:00:00+00:00,11290.5,11421.5,11275.8,11418.9,85334,0,0
2020-08-19 00:00:00+00:00,11418.6,11441.3,11303.3,11322.9,85516,0,0
2020-08-20 00:00:00+00:00,11324.5,11499.7,11225.2,11484.0,99755,0,0
2020-08-21 00:00:00+00:00,11482.6,11576.4,11410.7,11567.2,102101,0,0
2020-08-24 00:00:00+00:00,11586.9,11726.4,11532.2,11637.2,107703,0,0
2020-08-25 00:00:00+00:00,11640.3,11746.1,11579.6,11740.1,99954,0,0
2020-08-26 00:00:00+00:00,11740.0,12004.8,11730.3,11990.3,101876,0,0
2020-08-27 00:00:00+00:00,11984.3,12048.6,11838.1,11950.3,102601,0,0
2020-08-28 00:00:00+00:00,11953.5,12020.5,11923.3,12002.0,112163,0,0
2020-08-31 00:00:00+00:00,12004.4,12167.7,11992.4,12105.4,106861,0,0
2020-09-01 00:00:00+00:00,12113.3,12331.0,12096.0,12331.0,113063,0,0
2020-09-02 00:00:00+00:00,12327.1,12467.1,12175.1,12410.6,119511,0,0
2020-09-03 00:00:00+00:00,12410.0,12438.5,11659.5,11803.2,145862,0,0
2020-09-04 00:00:00+00:00,11732.1,11843.4,11143.1,11543.1,171522,0,0
2020-09-07 00:00:00+00:00,11531.1,11546.1,11307.9,11501.4,73632,0,0
2020-09-08 00:00:00+00:00,11506.0,11584.5,11042.0,11043.2,153407,0,0
2020-09-09 00:00:00+00:00,11000.8,11478.8,10935.8,11370.1,148628,0,0
2020-09-10 00:00:00+00:00,11378.9,11566.2,11088.9,11175.9,147317,0,0
2020-09-11 00:00:00+00:00,11191.0,11355.0,10937.5,11071.5,113604,0,0
2020-09-14 00:00:00+00:00,11113.0,11360.5,11103.0,11272.3,110692,0,0
2020-09-15 00:00:00+00:00,11279.4,11494.4,11246.4,11459.1,101542,0,0
2020-09-16 00:00:00+00:00,11469.2,11551.2,11240.2,11267.4,109928,0,0
2020-09-17 00:00:00+00:00,11274.3,11305.0,10921.3,11084.0,139591,0,0
2020-09-18 00:00:00+00:00,11071.6,11179.1,10759.6,10950.1,135194,0,0
2020-09-21 00:00:00+00:00,10937.2,11025.7,10673.7,10998.2,148033,0,0
2020-09-22 00:00:00+00:00,10979.5,11207.0,10914.0,11168.7,132755,0,0
2020-09-23 00:00:00+00:00,11173.5,11238.0,10802.7,10835.7,131891,0,0
2020-09-24 00:00:00+00:00,10814.2,11027.8,10677.8,10929.8,150052,0,0
2020-09-25 00:00:00+00:00,10936.2,11181.9,10830.2,11146.2,129013,0,0
2020-09-28 00:00:00+00:00,11167.7,11420.4,11157.1,11406.6,112281,0,0
2020-09-29 00:00:00+00:00,11404.2,11464.7,11305.9,11337.4,112597,0,0
2020-09-30 00:00:00+00:00,11328.6,11541.1,11182.9,11372.4,136947,0,0
2020-10-01 00:00:00+00:00,11396.4,11612.7,11395.4,11586.4,117559,0,0
2020-10-02 00:00:00+00:00,11584.2,11618.7,11219.7,11268.4,146061,0,0
2020-10-05 00:00:00+00:00,11327.8,11511.3,11282.3,11485.8,106076,0,0
2020-10-06 00:00:00+00:00,11484.5,11538.0,11211.5,11217.8,113222,0,0
2020-10-07 00:00:00+00:00,11234.0,11519.2,11222.0,11486.7,108018,0,0
2020-10-08 00:00:00+00:00,11484.6,11591.8,11484.1,11571.6,100016,0,0
2020-10-09 00:00:00+00:00,11575.6,11751.6,11566.6,11739.1,92827,0,0
2020-10-12 00:00:00+00:00,11702.1,12210.9,11702.1,12106.4,120806,0,0
2020-10-13 00:00:00+00:00,12114.8,12262.5,12033.5,12092.0,138770,0,0
2020-10-14 00:00:00+00:00,12092.1,12189.9,11915.9,11958.9,120505,0,0
2020-10-15 00:00:00+00:00,11962.6,11995.6,11751.4,11896.6,127289,0,0
2020-10-16 00:00:00+00:00,11907.0,12036.0,11807.0,11811.5,117957,0,0
2020-10-19 00:00:00+00:00,11833.2,11964.5,11608.7,11707.5,113824,0,0
2020-10-20 00:00:00+00:00,11719.5,11806.2,11613.7,11664.2,126774,0,0
2020-10-21 00:00:00+00:00,11693.4,11793.4,11600.9,11701.4,121923,0,0
2020-10-22 00:00:00+00:00,11690.1,11738.4,11526.4,11669.6,114475,0,0
2020-10-23 00:00:00+00:00,11687.1,11706.1,11566.3,11685.1,103848,0,0
2020-10-26 00:00:00+00:00,11639.2,11709.9,11358.6,11511.9,118856,0,0
2020-10-27 00:00:00+00:00,11513.1,11637.4,11493.1,11571.6,111357,0,0
2020-10-28 00:00:00+00:00,11567.6,11581.4,11139.6,11193.4,135478,0,0
2020-10-29 00:00:00+00:00,11200.1,11470.8,11159.3,11260.6,139542,0,0
2020-10-30 00:00:00+00:00,11225.1,11294.6,10959.4,11098.4,153951,0,0
2020-11-02 00:00:00+00:00,11044.0,11225.5,10956.8,11084.5,137381,0,0
2020-11-03 00:00:00+00:00,11083.5,11361.0,11077.5,11260.3,162835,0,0
2020-11-04 00:00:00+00:00,11260.3,11857.0,11244.2,11828.0,285747,20,0
2020-11-05 00:00:00+00:00,11827.2,12130.3,11783.5,12103.7,184878,110,0
2020-11-06 00:00:00+00:00,12103.7,12116.9,11878.1,12103.0,177834,110,0
2020-11-09 00:00:00+00:00,12167.0,12417.5,11822.7,11855.8,234260,0,0
2020-11-10 00:00:00+00:00,11855.8,11910.1,11513.1,11633.5,244356,100,0
2020-11-11 00:00:00+00:00,11633.5,11926.4,11584.6,11903.7,170505,100,0
2020-11-12 00:00:00+00:00,11903.2,11983.8,11785.3,11872.9,176490,110,0
2020-11-13 00:00:00+00:00,11872.9,11960.4,11809.7,11953.3,137851,110,0
2020-11-16 00:00:00+00:00,11964.6,12072.1,11860.1,12048.9,148954,100,0
2020-11-17 00:00:00+00:00,12048.9,12099.8,11967.5,11977.1,130241,110,0
2020-11-18 00:00:00+00:00,11977.1,12035.9,11871.9,11879.8,136808,10,0
2020-11-19 00:00:00+00:00,11879.8,12008.0,11813.3,11972.2,122807,100,0
2020-11-20 00:00:00+00:00,11972.2,12028.6,11882.1,11916.5,111723,110,0
2020-11-23 00:00:00+00:00,11904.1,12009.9,11817.6,11924.9,127108,110,0
2020-11-24 00:00:00+00:00,11924.6,12113.4,11881.9,12109.9,119602,110,0
2020-11-25 00:00:00+00:00,12109.9,12186.0,12087.0,12176.1,118274,110,0
2020-11-26 00:00:00+00:00,12176.1,12230.2,12135.4,12162.4,33898,110,0
2020-11-27 00:00:00+00:00,12167.5,12316.1,12145.6,12278.6,67048,110,0
2020-11-30 00:00:00+00:00,12300.9,12343.8,12094.5,12327.3,155694,110,0
2020-12-01 00:00:00+00:00,12327.3,12515.2,12316.0,12463.8,130503,110,0
2020-12-02 00:00:00+00:00,12463.8,12475.0,12317.3,12467.1,123636,110,0
2020-12-03 00:00:00+00:00,12467.1,12541.4,12445.6,12490.9,105995,100,0
2020-12-04 00:00:00+00:00,12490.9,12537.0,12450.2,12511.0,85861,100,0
2020-12-07 00:00:00+00:00,12525.6,12613.6,12476.4,12574.1,100314,110,0
2020-12-08 00:00:00+00:00,12573.9,12654.0,12504.0,12648.9,97634,110,0
2020-12-09 00:00:00+00:00,12648.9,12675.5,12308.2,12354.7,155007,110,0
2020-12-10 00:00:00+00:00,12354.7,12450.0,12219.7,12393.0,156491,110,0
2020-12-11 00:00:00+00:00,12393.0,12415.0,12236.0,12373.7,137695,110,0
2020-12-14 00:00:00+00:00,12416.8,12545.2,12387.2,12479.8,130246,110,0
2020-12-15 00:00:00+00:00,12479.6,12613.5,12417.8,12610.9,142237,110,0
2020-12-16 00:00:00+00:00,12610.9,12698.7,12566.7,12689.0,112066,110,0
2020-12-17 00:00:00+00:00,12689.0,12766.2,12666.3,12766.0,102647,110,0
2020-12-18 00:00:00+00:00,12766.0,12795.1,12603.1,12760.2,138158,110,0
2020-12-21 00:00:00+00:00,12754.2,12775.2,12454.9,12703.4,208838,110,0
2020-12-22 00:00:00+00:00,12703.4,12758.5,12588.6,12720.9,167768,100,0
2020-12-23 00:00:00+00:00,12720.9,12734.1,12619.1,12670.2,134085,110,0
2020-12-24 00:00:00+00:00,12670.2,12719.0,12626.8,12696.0,72334,110,0
2020-12-28 00:00:00+00:00,12668.9,12856.6,12653.8,12856.3,103531,110,0
2020-12-29 00:00:00+00:00,12856.3,12915.4,12805.7,12872.6,123473,110,0
2020-12-30 00:00:00+00:00,12872.6,12906.1,12817.4,12856.0,110230,110,0
2020-12-31 00:00:00+00:00,12856.0,12900.7,12794.2,12899.5,89743,110,0
2021-01-04 00:00:00+00:00,12884.2,12956.9,12519.4,12701.7,197475,100,0
2021-01-05 00:00:00+00:00,12701.4,12816.7,12608.4,12816.7,161767,110,0
2021-01-06 00:00:00+00:00,12816.4,12840.5,12488.2,12670.1,232812,110,0
2021-01-07 00:00:00+00:00,12670.1,12956.0,12643.2,12938.6,150752,110,0
2021-01-08 00:00:00+00:00,12938.6,13137.6,12916.2,13136.1,164604,110,0
2021-01-11 00:00:00+00:00,13083.2,13103.2,12870.9,12918.7,164601,100,0
2021-01-12 00:00:00+00:00,12918.9,12957.3,12766.1,12895.4,152364,110,0
2021-01-13 00:00:00+00:00,12895.4,13001.4,12819.4,12989.8,130165,110,0
2021-01-14 00:00:00+00:00,12989.8,13027.6,12879.8,12913.4,132086,100,0
2021-01-15 00:00:00+00:00,12913.4,12929.5,12743.3,12775.0,173263,110,0
2021-01-18 00:00:00+00:00,12773.7,12823.1,12727.9,12810.0,45278,120,0
2021-01-19 00:00:00+00:00,12811.9,13045.9,12811.9,13045.3,123840,110,0
2021-01-20 00:00:00+00:00,13045.3,13328.2,13020.2,13304.3,121650,110,0
2021-01-21 00:00:00+00:00,13304.3,13424.9,13284.9,13398.7,123626,110,0
2021-01-22 00:00:00+00:00,13398.8,13402.3,13302.3,13356.1,127053,110,0
2021-01-25 00:00:00+00:00,13371.7,13557.4,13192.1,13466.1,182975,110,0
2021-01-26 00:00:00+00:00,13459.0,13602.7,13383.7,13557.0,148872,110,0
2021-01-27 00:00:00+00:00,13553.7,13589.9,12888.2,13063.4,245858,110,0
2021-01-28 00:00:00+00:00,13054.5,13397.8,12910.3,13160.0,253888,110,0
2021-01-29 00:00:00+00:00,13160.2,13188.5,12834.7,12877.5,280619,110,0
2021-02-01 00:00:00+00:00,12852.6,13275.3,12731.3,13238.1,211702,110,0
2021-02-02 00:00:00+00:00,13234.5,13511.3,13234.5,13500.8,170445,110,0
2021-02-03 00:00:00+00:00,13510.3,13588.2,13391.5,13419.7,164389,110,0
2021-02-04 00:00:00+00:00,13437.5,13571.2,13348.2,13568.7,139301,110,0
2021-02-05 00:00:00+00:00,13558.9,13639.3,13520.3,13605.5,131113,110,0
2021-02-08 00:00:00+00:00,13624.3,13693.7,13597.9,13687.4,117025,100,0
2021-02-09 00:00:00+00:00,13684.4,13736.6,13635.6,13699.1,105142,110,0
2021-02-10 00:00:00+00:00,13698.0,13770.9,13519.1,13666.1,168304,100,0
2021-02-11 00:00:00+00:00,13663.5,13744.8,13614.5,13712.5,142898,110,0
2021-02-12 00:00:00+00:00,13709.8,13821.3,13647.5,13819.3,112258,110,0
2021-02-15 00:00:00+00:00,13827.7,13880.6,13811.2,13872.3,31345,110,0
2021-02-16 00:00:00+00:00,13870.8,13903.1,13718.6,13756.6,150129,110,0
2021-02-17 00:00:00+00:00,13756.3,13784.5,13543.3,13698.5,185999,110,0
2021-02-18 00:00:00+00:00,13699.1,13721.9,13468.6,13638.6,184111,110,0
2021-02-19 00:00:00+00:00,13637.2,13727.9,13534.2,13570.4,176762,100,0
2021-02-22 00:00:00+00:00,13582.1,13629.1,13215.6,13218.8,221393,110,0
2021-02-23 00:00:00+00:00,13225.2,13336.2,12758.2,13158.9,293556,110,0
2021-02-24 00:00:00+00:00,13170.0,13334.1,12959.1,13314.6,262406,110,0
2021-02-25 00:00:00+00:00,13297.8,13353.6,12764.6,12782.1,321493,100,0
2021-02-26 00:00:00+00:00,12795.1,13089.8,12662.8,12906.6,351903,110,0
2021-03-01 00:00:00+00:00,12972.2,13318.7,12947.7,13313.0,197661,110,0
2021-03-02 00:00:00+00:00,13309.2,13329.0,13050.2,13056.0,237276,110,0
2021-03-03 00:00:00+00:00,13061.7,13192.4,12664.9,12680.2,270526,0,0
2021-03-04 00:00:00+00:00,12680.4,12796.4,12306.9,12432.9,367675,110,0
2021-03-05 00:00:00+00:00,12432.9,12697.5,12208.8,12656.0,361283,110,0
2021-03-08 00:00:00+00:00,12721.6,12760.7,12285.4,12337.9,297491,100,0
2021-03-09 00:00:00+00:00,12337.0,12868.2,12327.5,12791.0,223794,110,0
2021-03-10 00:00:00+00:00,12811.1,12994.0,12704.8,12790.8,257556,110,0
2021-03-11 00:00:00+00:00,12790.1,13120.1,12725.4,13042.9,197927,110,0
2021-03-12 00:00:00+00:00,13049.7,13094.3,12768.3,12934.0,173108,100,0
2021-03-15 00:00:00+00:00,12948.3,13099.6,12872.8,13082.3,206054,110,0
2021-03-16 00:00:00+00:00,13082.8,13297.2,13057.0,13163.2,208142,100,0
2021-03-17 00:00:00+00:00,13174.6,13289.6,12953.4,13186.1,222555,0,0
2021-03-18 00:00:00+00:00,13195.4,13285.4,12781.2,12812.2,249918,110,0
2021-03-19 00:00:00+00:00,12812.5,12915.7,12700.0,12846.2,243176,110,0
2021-03-22 00:00:00+00:00,12829.2,13174.6,12806.3,13083.8,173026,110,0
2021-03-23 00:00:00+00:00,13084.7,13189.5,12997.3,13049.0,225425,100,0
2021-03-24 00:00:00+00:00,13067.1,13162.3,12801.8,12813.8,234260,110,0
2021-03-25 00:00:00+00:00,12814.6,12877.4,12628.1,12807.6,277469,110,0
2021-03-26 00:00:00+00:00,12811.9,13006.5,12694.3,12977.5,223183,110,0
2021-03-29 00:00:00+00:00,12994.0,13020.2,12825.2,12981.0,246866,110,0
2021-03-30 00:00:00+00:00,12991.8,13001.7,12794.5,12906.2,199369,110,0
2021-03-31 00:00:00+00:00,12906.7,13174.4,12875.9,13106.1,152815,110,0
2021-04-01 00:00:00+00:00,13111.8,13349.2,13107.7,13345.5,139337,110,0
2021-04-02 00:00:00+00:00,13345.1,13406.8,13342.1,13362.2,21971,110,0
2021-04-05 00:00:00+00:00,13354.2,13630.6,13319.6,13615.4,99238,110,0
2021-04-06 00:00:00+00:00,13618.6,13668.1,13537.8,13598.4,147380,110,0
2021-04-07 00:00:00+00:00,13593.9,13655.8,13527.8,13635.8,137497,110,0
2021-04-08 00:00:00+00:00,13632.2,13804.4,13630.4,13801.6,126765,110,0
2021-04-09 00:00:00+00:00,13800.7,13855.4,13663.6,13823.4,137779,110,0
2021-04-12 00:00:00+00:00,13832.2,13846.6,13747.1,13839.1,146382,110,0
2021-04-13 00:00:00+00:00,13839.0,14009.0,13788.0,13988.2,139205,110,0
2021-04-14 00:00:00+00:00,13990.6,14043.9,13787.9,13840.9,163713,110,0
2021-04-15 00:00:00+00:00,13839.6,14048.8,13804.3,14010.8,143445,110,0
2021-04-16 00:00:00+00:00,14009.1,14073.9,13967.1,14042.1,140349,110,0
2021-04-19 00:00:00+00:00,14000.2,14067.1,13836.4,13908.1,181178,110,0
2021-04-20 00:00:00+00:00,13913.7,13948.8,13734.8,13748.5,191972,110,0
2021-04-21 00:00:00+00:00,13754.8,13942.2,13716.2,13907.4,160333,110,0
2021-04-22 00:00:00+00:00,13905.2,13959.2,13717.5,13777.5,193031,110,0
2021-04-23 00:00:00+00:00,13768.4,13996.8,13754.0,13922.0,126497,110,0
2021-04-26 00:00:00+00:00,13933.9,14052.4,13881.6,14037.1,126084,110,0
2021-04-27 00:00:00+00:00,14040.6,14065.1,13928.6,13966.9,122218,110,0
2021-04-28 00:00:00+00:00,13966.4,14008.6,13894.1,13984.8,143887,110,0
2021-04-29 00:00:00+00:00,13988.2,14079.4,13833.9,13960.2,161812,110,0
2021-04-30 00:00:00+00:00,13962.4,13971.7,13834.4,13882.7,171610,110,0
2021-05-03 00:00:00+00:00,13894.3,13962.02,13786.77,13799.52,143587,102,0
2021-05-04 00:00:00+00:00,13798.11,13806.35,13395.85,13536.35,193239,102,0
2021-05-05 00:00:00+00:00,13539.47,13680.49,13478.24,13499.74,158892,102,0
2021-05-06 00:00:00+00:00,13496.3,13624.2,13402.2,13616.95,197747,100,0
2021-05-07 00:00:00+00:00,13623.46,13827.11,13598.61,13726.61,164829,102,0
2021-05-10 00:00:00+00:00,13726.56,13762.31,13316.06,13322.06,173562,100,0
2021-05-11 00:00:00+00:00,13326.17,13386.07,13076.07,13326.07,255027,102,0
2021-05-12 00:00:00+00:00,13331.08,13362.48,12970.48,12973.98,247112,100,0
2021-05-13 00:00:00+00:00,12976.76,13233.78,12925.28,13100.03,242862,102,0
2021-05-14 00:00:00+00:00,13103.04,13434.44,13079.94,13406.94,160266,102,0
2021-05-17 00:00:00+00:00,13388.18,13456.08,13191.83,13320.33,185276,102,0
2021-05-18 00:00:00+00:00,13315.44,13441.21,13187.46,13197.21,140193,102,0
2021-05-19 00:00:00+00:00,13194.23,13247.23,12959.98,13221.23,210276,102,0
2021-05-20 00:00:00+00:00,13220.67,13528.2,13156.45,13496.7,146393,102,0
2021-05-21 00:00:00+00:00,13495.19,13574.46,13401.46,13418.96,144202,102,0
2021-05-24 00:00:00+00:00,13388.21,13691.61,13362.36,13654.36,115848,102,0
2021-05-25 00:00:00+00:00,13656.2,13743.31,13612.31,13672.31,139737,102,0
2021-05-26 00:00:00+00:00,13672.5,13733.4,13661.65,13709.9,114373,102,0
2021-05-27 00:00:00+00:00,13703.98,13725.23,13625.48,13697.23,130405,102,0
2021-05-28 00:00:00+00:00,13696.75,13768.15,13667.4,13692.15,104710,102,0
2021-05-31 00:00:00+00:00,13703.18,13724.08,13656.33,13657.31,36428,106,0
2021-06-01 00:00:00+00:00,13660.42,13777.57,13597.82,13652.82,123446,102,0
2021-06-02 00:00:00+00:00,13650.67,13716.82,13607.32,13681.57,120095,102,0
2021-06-03 00:00:00+00:00,13681.84,13709.34,13464.59,13531.59,144631,102,0
2021-06-04 00:00:00+00:00,13528.39,13785.92,13469.92,13765.67,119212,102,0
2021-06-07 00:00:00+00:00,13773.84,13825.86,13694.36,13823.86,126575,22,0
2021-06-08 00:00:00+00:00,13823.93,13918.93,13744.93,13815.18,137893,22,0
2021-06-09 00:00:00+00:00,13814.06,13906.46,13806.71,13815.21,116890,22,0
2021-06-10 00:00:00+00:00,13815.59,13978.09,13729.09,13974.59,127408,22,0
2021-06-11 00:00:00+00:00,13972.63,14000.15,13934.65,13993.65,118871,22,0
2021-06-14 00:00:00+00:00,13999.97,14134.37,13966.62,14118.12,120220,22,0
2021-06-15 00:00:00+00:00,14118.21,14163.46,14010.21,14046.46,138629,30,0
2021-06-16 00:00:00+00:00,14046.41,14106.91,13841.91,13945.41,141868,22,0
2021-06-17 00:00:00+00:00,13948.45,14209.6,13853.35,14185.85,188533,22,0
2021-06-18 00:00:00+00:00,14187.29,14213.79,14019.79,14026.54,192442,22,0
2021-06-21 00:00:00+00:00,14026.71,14152.48,13967.46,14145.23,191998,22,0
2021-06-22 00:00:00+00:00,14143.11,14287.51,14075.26,14277.51,146843,22,0
2021-06-23 00:00:00+00:00,14281.12,14324.27,14240.77,14282.52,126743,22,0
2021-06-24 00:00:00+00:00,14280.57,14430.47,14278.47,14366.22,116115,22,0
2021-06-25 00:00:00+00:00,14367.33,14402.83,14322.08,14339.58,121689,22,0
2021-06-28 00:00:00+00:00,14357.44,14528.74,14342.59,14511.04,156402,24,0
2021-06-29 00:00:00+00:00,14509.53,14593.13,14477.61,14591.01,154064,20,0
2021-06-30 00:00:00+00:00,14587.5,14606.83,14527.16,14564.71,167616,20,0
2021-07-01 00:00:00+00:00,14566.72,14614.7,14480.05,14548.6,179692,23,0
2021-07-02 00:00:00+00:00,14542.01,14736.09,14520.86,14710.51,162084,20,0
2021-07-05 00:00:00+00:00,14712.55,14729.55,14682.9,14701.0,68127,35,0
2021-07-06 00:00:00+00:00,14701.51,14796.69,14632.56,14769.49,222414,20,0
2021-07-07 00:00:00+00:00,14763.72,14890.8,14734.18,14818.1,219213,20,0
2021-07-08 00:00:00+00:00,14816.82,14829.17,14549.37,14722.79,303020,20,0
2021-07-09 00:00:00+00:00,14716.47,14839.52,14648.57,14820.82,205881,20,0
2021-07-12 00:00:00+00:00,14832.37,14895.68,14793.1,14885.12,153539,20,0
2021-07-13 00:00:00+00:00,14885.9,15002.73,14802.63,14873.53,194889,20,0
2021-07-14 00:00:00+00:00,14873.0,15003.95,14849.85,14903.75,215647,20,0
2021-07-15 00:00:00+00:00,14902.55,14971.0,14717.1,14784.03,245749,20,0
2021-07-16 00:00:00+00:00,14785.89,14878.22,14666.47,14678.14,231164,20,0
2021-07-19 00:00:00+00:00,14681.14,14691.52,14454.34,14603.02,313859,20,0
2021-07-20 00:00:00+00:00,14604.84,14791.29,14526.17,14734.09,251615,20,0
2021-07-21 00:00:00+00:00,14737.12,14848.37,14677.72,14847.62,218031,20,0
2021-07-22 00:00:00+00:00,14845.4,14991.77,14836.15,14987.52,191615,20,0
2021-07-23 00:00:00+00:00,14989.95,15127.15,14944.4,15100.7,182908,20,0
2021-07-26 00:00:00+00:00,15107.53,15143.73,15049.0,15132.65,211455,20,0
2021-07-27 00:00:00+00:00,15135.75,15141.48,14784.7,14893.75,266675,20,0
2021-07-28 00:00:00+00:00,14881.74,15084.69,14879.24,14995.12,282136,20,0
2021-07-29 00:00:00+00:00,14991.06,15092.99,14913.79,14917.04,214936,20,0
2021-07-30 00:00:00+00:00,14936.28,14988.95,14820.75,14975.5,248030,20,0
2021-08-02 00:00:00+00:00,14981.4,15065.75,14942.35,14969.53,236003,20,0
2021-08-03 00:00:00+00:00,14966.15,15059.58,14859.15,15044.33,235378,20,0
2021-08-04 00:00:00+00:00,15042.35,15117.84,15007.22,15090.02,203172,20,0
2021-08-05 00:00:00+00:00,15084.7,15181.45,15079.05,15180.82,170123,20,0
2021-08-06 00:00:00+00:00,15169.79,15174.81,15053.51,15098.56,174190,20,0
2021-08-09 00:00:00+00:00,15085.64,15151.0,15008.77,15131.15,164260,21,0
2021-08-10 00:00:00+00:00,15127.54,15162.78,15000.28,15052.2,185885,20,0
2021-08-11 00:00:00+00:00,15045.59,15124.39,14969.14,15014.07,202709,21,0
2021-08-12 00:00:00+00:00,15010.63,15095.93,14947.06,15083.61,165975,25,0
2021-08-13 00:00:00+00:00,15083.79,15146.99,15060.77,15126.79,146526,24,0
2021-08-16 00:00:00+00:00,15115.16,15143.58,14922.4,15138.83,201108,20,0
2021-08-17 00:00:00+00:00,15133.65,15137.55,14901.62,14973.42,254796,20,0
2021-08-18 00:00:00+00:00,14964.75,15038.85,14808.15,14840.27,235716,20,0
2021-08-19 00:00:00+00:00,14840.35,15000.41,14712.31,14944.46,322213,20,0
2021-08-20 00:00:00+00:00,14940.96,15101.57,14853.72,15096.12,252426,20,0
2021-08-23 00:00:00+00:00,15091.63,15339.56,15090.61,15330.23,176314,20,0
2021-08-24 00:00:00+00:00,15328.12,15386.04,15311.66,15363.94,169789,20,0
2021-08-25 00:00:00+00:00,15358.76,15398.76,15335.39,15368.54,169347,24,0
2021-08-26 00:00:00+00:00,15366.43,15369.41,15257.24,15287.29,221398,20,0
2021-08-27 00:00:00+00:00,15286.23,15445.55,15267.23,15428.98,172136,24,0
2021-08-30 00:00:00+00:00,15434.48,15619.43,15421.98,15609.6,153873,20,0
2021-08-31 00:00:00+00:00,15606.58,15679.12,15521.1,15601.52,211754,20,0
2021-09-01 00:00:00+00:00,15601.05,15698.63,15579.55,15613.18,181000,20,0
2021-09-02 00:00:00+00:00,15609.62,15681.57,15551.57,15600.12,186638,20,0
2021-09-03 00:00:00+00:00,15599.54,15676.76,15552.26,15654.16,179862,20,0
2021-09-06 00:00:00+00:00,15655.28,15708.88,15642.21,15701.1,66743,22,0
2021-09-07 00:00:00+00:00,15697.0,15702.01,15607.76,15671.56,187952,20,0
2021-09-08 00:00:00+00:00,15670.74,15691.24,15524.44,15609.36,231410,20,0
2021-09-09 00:00:00+00:00,15609.59,15676.04,15546.47,15561.09,215571,20,0
2021-09-10 00:00:00+00:00,15560.76,15668.09,15433.96,15447.64,194833,20,0
2021-09-13 00:00:00+00:00,15448.85,15565.67,15351.55,15452.47,251885,20,0
2021-09-14 00:00:00+00:00,15447.65,15530.88,15352.5,15397.05,204025,20,0
2021-09-15 00:00:00+00:00,15395.63,15520.83,15314.45,15510.88,192383,20,0
2021-09-16 00:00:00+00:00,15512.75,15538.8,15365.68,15504.48,184004,20,0
2021-09-17 00:00:00+00:00,15501.48,15534.83,15283.31,15289.61,222766,20,0
2021-09-20 00:00:00+00:00,15291.85,15345.23,14815.05,14998.1,295372,20,0
2021-09-21 00:00:00+00:00,14996.46,15169.04,14969.44,14996.31,264466,20,0
2021-09-22 00:00:00+00:00,14998.56,15232.36,14936.64,15185.16,237428,20,0
2021-09-23 00:00:00+00:00,15184.05,15352.25,15181.65,15303.05,220700,20,0
2021-09-24 00:00:00+00:00,15304.42,15340.12,15183.14,15325.04,216863,20,0
2021-09-27 00:00:00+00:00,15325.2,15405.7,15091.37,15180.74,191677,20,0
2021-09-28 00:00:00+00:00,15180.74,15198.62,14748.44,14774.99,308014,20,0
2021-09-29 00:00:00+00:00,14775.47,14932.3,14718.52,14768.82,287144,20,0
2021-09-30 00:00:00+00:00,14777.14,14889.89,14677.81,14697.39,301352,20,0
2021-10-01 00:00:00+00:00,14708.8,14824.75,14544.25,14784.55,301924,20,0
2021-10-04 00:00:00+00:00,14784.78,14840.18,14373.75,14492.68,325669,20,0
2021-10-05 00:00:00+00:00,14492.8,14759.03,14415.71,14666.21,265379,20,0
2021-10-06 00:00:00+00:00,14664.97,14774.82,14428.42,14770.7,339394,20,0
2021-10-07 00:00:00+00:00,14773.26,15005.34,14772.26,14893.2,222300,20,0
2021-10-08 00:00:00+00:00,14895.83,15000.68,14796.4,14810.7,252513,20,0
2021-10-11 00:00:00+00:00,14816.08,14902.88,14682.93,14691.41,251131,20,0
2021-10-12 00:00:00+00:00,14693.29,14789.24,14591.89,14603.64,274417,20,0
2021-10-13 00:00:00+00:00,14600.61,14801.31,14597.86,14773.86,240170,20,0
2021-10-14 00:00:00+00:00,14775.9,15077.75,14773.88,15069.81,175716,20,0
2021-10-15 00:00:00+00:00,15060.49,15150.32,15027.69,15149.34,191068,20,0
2021-10-18 00:00:00+00:00,15151.92,15304.4,15046.12,15295.33,203193,20,0
2021-10-19 00:00:00+00:00,15296.26,15435.51,15277.89,15419.26,179757,20,0
2021-10-20 00:00:00+00:00,15415.53,15454.08,15327.45,15366.75,189883,20,0
2021-10-21 00:00:00+00:00,15364.83,15491.33,15308.93,15390.83,195462,20,0
2021-10-22 00:00:00+00:00,15386.29,15471.34,15282.22,15330.64,216254,20,0
2021-10-25 00:00:00+00:00,15331.93,15554.16,15305.03,15549.41,207810,20,0
2021-10-26 00:00:00+00:00,15543.63,15709.33,15511.95,15535.0,230188,20,0
2021-10-27 00:00:00+00:00,15536.33,15726.01,15516.28,15599.56,244807,20,0
2021-10-28 00:00:00+00:00,15604.08,15783.66,15599.56,15680.08,231831,20,0
2021-10-29 00:00:00+00:00,15684.72,15870.45,15603.05,15869.58,237995,20,0
2021-11-01 00:00:00+00:00,15893.7,15922.55,15776.98,15895.01,201040,20,0
2021-11-02 00:00:00+00:00,15898.87,15988.32,15857.62,15967.74,175976,20,0
2021-11-03 00:00:00+00:00,15957.93,16009.15,15946.12,15990.15,160956,23,0
2021-11-04 00:00:00+00:00,16156.74,16384.57,16155.62,16351.1,179332,20,0
2021-11-05 00:00:00+00:00,16334.82,16452.9,16297.02,16349.57,205802,20,0
2021-11-08 00:00:00+00:00,16295.25,16398.35,16275.02,16327.75,198169,20,0
2021-11-09 00:00:00+00:00,16318.42,16396.62,16165.37,16203.05,229202,20,0
2021-11-10 00:00:00+00:00,16203.48,16247.7,15903.43,15990.73,230075,20,0
2021-11-11 00:00:00+00:00,15992.43,16118.51,15981.03,16042.66,178160,20,0
2021-11-12 00:00:00+00:00,16044.42,16218.12,16007.37,16207.17,165515,20,0
2021-11-15 00:00:00+00:00,16215.83,16281.95,16089.05,16200.98,162264,20,0
2021-11-16 00:00:00+00:00,16198.86,16327.69,16147.84,16297.61,160068,20,0
2021-11-17 00:00:00+00:00,16297.51,16397.34,16270.96,16322.39,169115,20,0
2021-11-18 00:00:00+00:00,16322.27,16506.65,16303.47,16503.52,191614,20,0
2021-11-19 00:00:00+00:00,16502.59,16627.66,16489.34,16585.84,215150,20,0
2021-11-22 00:00:00+00:00,16601.48,16767.05,16364.73,16397.48,220288,20,0
2021-11-23 00:00:00+00:00,16397.12,16418.69,16118.69,16297.74,270687,20,0
2021-11-24 00:00:00+00:00,16302.91,16367.91,16102.36,16354.66,226852,20,0
2021-11-25 00:00:00+00:00,16358.01,16435.98,16352.51,16406.46,55207,21,0
2021-11-26 00:00:00+00:00,16406.89,16413.41,15989.86,16042.11,255105,20,0
2021-11-29 00:00:00+00:00,16046.45,16438.78,16043.95,16414.7,259756,20,0
2021-11-30 00:00:00+00:00,16418.44,16457.39,16070.26,16238.19,321352,20,0
2021-12-01 00:00:00+00:00,16239.09,16428.14,15827.82,15859.17,293748,20,0
2021-12-02 00:00:00+00:00,15892.79,16064.97,15762.47,16012.89,334325,20,0
2021-12-03 00:00:00+00:00,16018.47,16120.19,15537.29,15685.84,322538,20,0
2021-12-06 00:00:00+00:00,15715.19,15896.49,15558.99,15847.92,280947,20,0
2021-12-07 00:00:00+00:00,15844.54,16373.79,15824.67,16365.17,202863,20,0
2021-12-08 00:00:00+00:00,16358.67,16434.58,16252.43,16379.29,212023,20,0
2021-12-09 00:00:00+00:00,16378.21,16418.98,16119.98,16157.36,204518,20,0
2021-12-10 00:00:00+00:00,16150.97,16335.12,16133.14,16320.74,193482,20,0
2021-12-13 00:00:00+00:00,16319.15,16411.23,16064.83,16094.73,220178,20,0
2021-12-14 00:00:00+00:00,16083.41,16133.74,15736.22,15929.39,264989,20,0
2021-12-15 00:00:00+00:00,15928.48,16300.35,15741.68,16285.85,256294,20,0
2021-12-16 00:00:00+00:00,16287.06,16457.39,15793.86,15882.54,285919,0,0
2021-12-17 00:00:00+00:00,15867.88,15957.05,15652.68,15828.48,314562,0,0
2021-12-20 00:00:00+00:00,15804.54,15852.69,15494.14,15675.06,320635,0,0
2021-12-21 00:00:00+00:00,15667.77,15986.58,15605.28,15973.96,247993,20,0
2021-12-22 00:00:00+00:00,15971.72,16182.9,15882.87,16179.17,215785,16,0
2021-12-23 00:00:00+00:00,16172.64,16355.09,16145.87,16300.54,153028,20,0
2021-12-27 00:00:00+00:00,16306.67,16581.55,16305.9,16572.55,162763,20,0
2021-12-28 00:00:00+00:00,16566.45,16658.17,16454.77,16511.38,199895,20,0
2021-12-29 00:00:00+00:00,16516.59,16565.44,16389.42,16481.47,188403,20,0
2021-12-30 00:00:00+00:00,16485.28,16568.73,16412.91,16432.18,158910,20,0
2021-12-31 00:00:00+00:00,16428.47,16465.19,16315.12,16332.12,171787,20,0
2022-01-03 00:00:00+00:00,16358.8,16509.8,16294.75,16496.18,207545,20,0
2022-01-04 00:00:00+00:00,16494.1,16563.73,16140.08,16260.25,246679,20,0
2022-01-05 00:00:00+00:00,16261.18,16268.28,15752.78,15754.28,287875,20,0
2022-01-06 00:00:00+00:00,15758.34,15895.64,15599.52,15792.44,358148,0,0
2022-01-07 00:00:00+00:00,15802.24,15852.24,15510.81,15571.86,300041,0,0
2022-01-10 00:00:00+00:00,15591.34,15669.19,15153.42,15614.47,330945,0,0
2022-01-11 00:00:00+00:00,15623.24,15840.24,15476.81,15826.61,306799,20,0
2022-01-12 00:00:00+00:00,15828.3,16010.37,15763.77,15895.17,297121,20,0
2022-01-13 00:00:00+00:00,15898.7,15980.46,15460.09,15501.66,297285,20,0
2022-01-14 00:00:00+00:00,15505.62,15619.37,15314.22,15619.12,360803,0,0
2022-01-17 00:00:00+00:00,15621.24,15654.99,15510.11,15559.92,114238,0,0
2022-01-18 00:00:00+00:00,15565.01,15605.45,15173.9,15241.08,351984,20,0
2022-01-19 00:00:00+00:00,15239.9,15374.08,15014.63,15037.63,360466,20,0
2022-01-20 00:00:00+00:00,15044.83,15343.15,14650.08,14723.33,332622,0,0
2022-01-21 00:00:00+00:00,14722.87,14861.32,14412.0,14416.0,400753,0,0
2022-01-24 00:00:00+00:00,14413.43,14584.03,13710.73,14517.53,443599,0,0
2022-01-25 00:00:00+00:00,14491.01,14503.83,13895.58,13926.2,415262,20,0
2022-01-26 00:00:00+00:00,13950.07,14644.37,13950.07,14159.55,376000,0,0
2022-01-27 00:00:00+00:00,14195.13,14414.71,13851.26,14114.38,453717,2,0
2022-01-28 00:00:00+00:00,14170.52,14446.4,13836.12,14434.52,419365,0,0
2022-01-31 00:00:00+00:00,14457.52,14919.02,14358.65,14868.15,328214,20,0
2022-02-01 00:00:00+00:00,14873.45,15141.57,14734.65,15121.22,286410,0,0
2022-02-02 00:00:00+00:00,15132.61,15265.07,14832.47,14868.09,299224,20,0
2022-02-03 00:00:00+00:00,14855.76,14875.09,14462.56,14809.61,336907,20,0
2022-02-04 00:00:00+00:00,14772.86,14829.34,14367.59,14645.11,375896,0,0
2022-02-07 00:00:00+00:00,14696.06,14810.64,14516.51,14606.69,341925,20,0
2022-02-08 00:00:00+00:00,14604.34,14780.39,14473.02,14749.44,310557,20,0
2022-02-09 00:00:00+00:00,14747.09,15071.97,14745.97,15057.97,249451,20,0
2022-02-10 00:00:00+00:00,15058.65,15064.59,14626.37,14701.42,336340,52,0
2022-02-11 00:00:00+00:00,14698.52,14767.59,14182.95,14258.02,365402,120,0
2022-02-14 00:00:00+00:00,14249.67,14393.47,14030.49,14257.27,419370,120,0
2022-02-15 00:00:00+00:00,14255.94,14614.14,14223.19,14585.56,320036,120,0
2022-02-16 00:00:00+00:00,14584.28,14664.5,14377.85,14589.38,318224,120,0
2022-02-17 00:00:00+00:00,14583.48,14615.73,14131.11,14151.98,328743,120,0
2022-02-18 00:00:00+00:00,14152.12,14294.99,13903.32,13988.12,377392,120,0
2022-02-21 00:00:00+00:00,13949.19,14155.41,13715.01,13733.14,194472,120,0
2022-02-22 00:00:00+00:00,13670.2,14107.09,13579.76,13919.51,466590,120,0
2022-02-23 00:00:00+00:00,13926.3,14067.38,13470.9,13481.65,362476,120,0
2022-02-24 00:00:00+00:00,13480.63,13980.7,13024.98,13912.0,542520,120,0
2022-02-25 00:00:00+00:00,13907.38,14194.5,13759.6,14183.65,425854,120,0
2022-02-28 00:00:00+00:00,13898.59,14288.79,13684.84,14216.46,408368,120,0
2022-03-01 00:00:00+00:00,14216.48,14325.19,13899.16,14023.71,371383,120,0
2022-03-02 00:00:00+00:00,14022.32,14288.27,13910.42,14193.7,360876,120,0
2022-03-03 00:00:00+00:00,14194.15,14389.37,13956.47,14061.4,328597,120,0
2022-03-04 00:00:00+00:00,14064.27,14084.65,13732.97,13799.65,396878,120,0
2022-03-07 00:00:00+00:00,13760.88,13879.21,13265.26,13276.26,405456,120,0
2022-03-08 00:00:00+00:00,13272.89,13666.22,13104.89,13201.77,425644,120,0
2022-03-09 00:00:00+00:00,13200.54,13822.26,13195.14,13778.39,388465,120,0
2022-03-10 00:00:00+00:00,13776.89,13777.08,13397.91,13573.78,362632,120,0
2022-03-11 00:00:00+00:00,13574.43,13861.58,13283.81,13306.98,275760,120,0
2022-03-14 00:00:00+00:00,13362.64,13446.22,13017.94,13082.49,280385,120,0
2022-03-15 00:00:00+00:00,13078.94,13488.64,12945.29,13444.44,328454,120,0
2022-03-16 00:00:00+00:00,13442.59,14026.49,13417.86,13999.11,349029,120,0
2022-03-17 00:00:00+00:00,13990.42,14131.77,13818.72,14051.52,320935,120,0
2022-03-18 00:00:00+00:00,14050.01,14436.64,13964.89,14432.39,309131,120,0
2022-03-21 00:00:00+00:00,14405.7,14464.15,14181.78,14389.7,326404,120,0
2022-03-22 00:00:00+00:00,14382.19,14687.74,14290.79,14652.04,302528,120,0
2022-03-23 00:00:00+00:00,14648.97,14678.39,14438.07,14458.32,307417,120,0
2022-03-24 00:00:00+00:00,14453.3,14764.9,14429.22,14757.52,297473,120,0
2022-03-25 00:00:00+00:00,14757.21,14834.73,14567.83,14744.38,305383,120,0
2022-03-28 00:00:00+00:00,14748.19,14992.36,14654.71,14977.73,321409,120,0
2022-03-29 00:00:00+00:00,14975.96,15264.16,14951.96,15221.71,312445,120,0
2022-03-30 00:00:00+00:00,15219.5,15256.37,15007.07,15102.62,309803,120,0
2022-03-31 00:00:00+00:00,15093.35,15175.32,14850.6,14911.85,308123,120,0
2022-04-01 00:00:00+00:00,14914.55,14953.9,14720.62,14846.17,324530,120,0
2022-04-04 00:00:00+00:00,14841.5,15170.12,14797.37,15155.87,263134,120,0
2022-04-05 00:00:00+00:00,15149.94,15190.29,14773.39,14853.31,286290,120,0
2022-04-06 00:00:00+00:00,14852.23,14852.86,14388.43,14488.61,366548,120,0
2022-04-07 00:00:00+00:00,14487.57,14626.62,14313.0,14528.17,363943,120,0
2022-04-08 00:00:00+00:00,14526.48,14634.2,14302.85,14321.98,327527,120,0
2022-04-11 00:00:00+00:00,14340.53,14363.78,13978.23,13996.41,352542,120,0
2022-04-12 00:00:00+00:00,13999.15,14277.5,13874.97,13947.9,375747,120,0
2022-04-13 00:00:00+00:00,13950.29,14259.99,13916.24,14205.67,328144,120,0
2022-04-14 00:00:00+00:00,14209.12,14288.37,13869.37,13884.75,314034,120,0
2022-04-18 00:00:00+00:00,13885.89,13996.96,13724.26,13959.26,296901,120,0
2022-04-19 00:00:00+00:00,13956.07,14234.87,13822.9,14087.75,327984,120,0
2022-04-20 00:00:00+00:00,14096.96,14291.61,13952.83,14064.76,345013,120,0
2022-04-21 00:00:00+00:00,14064.51,14276.96,13662.76,13707.26,336153,120,0
2022-04-22 00:00:00+00:00,13706.92,13773.52,13291.67,13308.8,348736,120,0
2022-04-25 00:00:00+00:00,13330.97,13545.1,13179.57,13523.22,443835,120,0
2022-04-26 00:00:00+00:00,13522.15,13578.4,12798.28,12805.28,369445,120,0
2022-04-27 00:00:00+00:00,12878.77,13251.35,12874.52,13159.15,469164,0,0
2022-04-28 00:00:00+00:00,13182.11,13537.81,13030.31,13306.61,415351,120,0
2022-04-29 00:00:00+00:00,13195.55,13427.13,12826.18,12884.55,415806,120,0
2022-05-02 00:00:00+00:00,12899.81,13080.14,12705.89,13046.44,459796,120,0
2022-05-03 00:00:00+00:00,13043.97,13178.42,12964.17,13114.1,402992,120,0
2022-05-04 00:00:00+00:00,13104.58,13549.91,12878.53,13490.83,343219,120,0
2022-05-05 00:00:00+00:00,13499.03,13540.4,12697.33,12889.75,410595,122,0
2022-05-06 00:00:00+00:00,12874.95,12918.9,12510.65,12657.45,473487,210,0
2022-05-09 00:00:00+00:00,12587.42,12628.04,12127.87,12197.29,440454,210,0
2022-05-10 00:00:00+00:00,12206.19,12540.26,12095.81,12322.31,451097,210,0
2022-05-11 00:00:00+00:00,12321.27,12546.5,11932.6,12000.77,428156,210,0
2022-05-12 00:00:00+00:00,11990.56,12123.88,11682.76,11866.43,476283,210,0
2022-05-13 00:00:00+00:00,11896.02,12424.47,11894.9,12356.27,372790,210,0
2022-05-16 00:00:00+00:00,12401.97,12491.09,12183.54,12229.59,392159,210,0
2022-05-17 00:00:00+00:00,12227.86,12570.93,12227.86,12566.73,345805,210,0
2022-05-18 00:00:00+00:00,12563.63,12583.85,11853.35,11887.85,353601,210,0
2022-05-19 00:00:00+00:00,11889.37,12066.8,11694.45,11891.97,446656,210,0
2022-05-20 00:00:00+00:00,11892.53,12087.0,11481.98,11825.53,390295,210,0
2022-05-23 00:00:00+00:00,11875.72,12067.34,11776.24,12047.47,387874,210,0
2022-05-24 00:00:00+00:00,11906.76,11906.76,11569.21,11802.13,387454,210,0
2022-05-25 00:00:00+00:00,11802.92,12026.12,11666.02,11878.54,378430,210,0
2022-05-26 00:00:00+00:00,11888.1,12335.05,11840.7,12248.98,329026,210,0
2022-05-27 00:00:00+00:00,12242.97,12711.72,12214.47,12709.97,291233,210,0
2022-05-30 00:00:00+00:00,12701.45,12875.18,12666.45,12806.9,139370,212,0
2022-05-31 00:00:00+00:00,12806.96,12817.65,12472.98,12648.15,386250,210,0
2022-06-01 00:00:00+00:00,12654.75,12814.83,12446.95,12538.75,356777,210,0
2022-06-02 00:00:00+00:00,12541.81,12895.06,12435.13,12889.43,337402,210,0
2022-06-03 00:00:00+00:00,12889.35,12937.35,12495.92,12542.1,337330,210,0
2022-06-06 00:00:00+00:00,12544.39,12804.57,12521.62,12600.74,334910,210,0
2022-06-07 00:00:00+00:00,12599.69,12735.01,12407.76,12675.56,321284,210,0
2022-06-08 00:00:00+00:00,12676.86,12778.81,12575.06,12616.99,316705,210,0
2022-06-09 00:00:00+00:00,12615.5,12721.73,12251.38,12293.25,329251,210,0
2022-06-10 00:00:00+00:00,12298.07,12335.54,11819.89,11859.19,282139,210,0
2022-06-13 00:00:00+00:00,11765.05,11766.43,11253.5,11329.18,353297,210,0
2022-06-14 00:00:00+00:00,11335.8,11502.4,11202.13,11325.43,352649,210,0
2022-06-15 00:00:00+00:00,11332.37,11759.7,11324.37,11590.87,358801,210,0
2022-06-16 00:00:00+00:00,11613.5,11731.6,11027.8,11161.48,403889,210,0
2022-06-17 00:00:00+00:00,11164.08,11355.76,11081.13,11267.31,401702,210,0
2022-06-20 00:00:00+00:00,11291.46,11398.46,11235.96,11385.54,160218,213,0
2022-06-21 00:00:00+00:00,11387.13,11638.96,11359.51,11541.88,289202,210,0
2022-06-22 00:00:00+00:00,11534.43,11705.01,11280.16,11502.68,332167,210,0
2022-06-23 00:00:00+00:00,11503.37,11725.69,11419.74,11645.87,355470,210,0
2022-06-24 00:00:00+00:00,11648.47,12106.97,11643.97,12086.85,277833,210,0
2022-06-27 00:00:00+00:00,12099.07,12221.17,11954.15,12033.45,331851,210,0
2022-06-28 00:00:00+00:00,12036.39,12133.96,11622.26,11642.01,308601,210,0
2022-06-29 00:00:00+00:00,11641.94,11710.26,11526.26,11652.94,292716,210,0
2022-06-30 00:00:00+00:00,11652.15,11657.52,11312.47,11474.65,322662,210,0
2022-07-01 00:00:00+00:00,11470.82,11588.49,11343.67,11578.54,353678,210,0
2022-07-04 00:00:00+00:00,11571.39,11581.89,11464.76,11519.09,124254,210,0
2022-07-05 00:00:00+00:00,11519.67,11777.04,11350.87,11773.29,341581,210,0
2022-07-06 00:00:00+00:00,11782.84,11935.67,11689.94,11864.34,339217,210,0
2022-07-07 00:00:00+00:00,11860.91,12128.61,11797.66,12080.16,260494,210,0
2022-07-08 00:00:00+00:00,12075.33,12170.53,11912.31,12117.58,295723,210,0
2022-07-11 00:00:00+00:00,12108.49,12108.49,11814.32,11861.87,285159,210,0
2022-07-12 00:00:00+00:00,11862.13,11987.31,11674.68,11739.48,320272,210,0
2022-07-13 00:00:00+00:00,11743.61,11929.96,11443.46,11695.49,347274,210,0
2022-07-14 00:00:00+00:00,11691.93,11798.13,11475.13,11769.93,353199,210,0
2022-07-15 00:00:00+00:00,11774.75,11982.25,11702.35,11979.5,293668,210,0
2022-07-18 00:00:00+00:00,12004.98,12147.56,11821.43,11876.48,277599,210,0
2022-07-19 00:00:00+00:00,11877.76,12292.51,11854.98,12282.76,267015,210,0
2022-07-20 00:00:00+00:00,12295.41,12481.36,12200.01,12392.04,306155,210,0
2022-07-21 00:00:00+00:00,12400.24,12618.62,12337.44,12534.87,325065,210,0
2022-07-22 00:00:00+00:00,12522.48,12658.55,12308.43,12388.35,289858,210,0
2022-07-25 00:00:00+00:00,12413.04,12465.01,12233.49,12291.41,282561,210,0
2022-07-26 00:00:00+00:00,12279.63,12301.73,12040.63,12163.0,260405,210,0
2022-07-27 00:00:00+00:00,12162.33,12659.47,12162.33,12549.0,270202,210,0
2022-07-28 00:00:00+00:00,12547.76,12915.64,12417.59,12890.51,300428,210,0
2022-07-29 00:00:00+00:00,12882.46,12977.54,12711.79,12942.84,270185,210,0
2022-08-01 00:00:00+00:00,12951.96,13078.78,12822.16,12950.96,281985,210,0
2022-08-02 00:00:00+00:00,12944.56,13067.88,12787.41,12888.31,315532,210,0
2022-08-03 00:00:00+00:00,12894.22,13281.8,12839.47,13220.85,275692,210,0
2022-08-04 00:00:00+00:00,13214.52,13326.99,13156.47,13297.77,276223,210,0
2022-08-05 00:00:00+00:00,13294.93,13351.55,13053.38,13184.3,275851,210,0
2022-08-08 00:00:00+00:00,13223.53,13390.68,13092.18,13183.93,548320,250,0
2022-08-09 00:00:00+00:00,13183.93,13204.82,12935.02,13026.94,501077,250,0
2022-08-10 00:00:00+00:00,13028.79,13379.36,12953.99,13352.36,576254,270,0
2022-08-11 00:00:00+00:00,13348.01,13545.61,13257.28,13317.28,542361,250,0
2022-08-12 00:00:00+00:00,13317.28,13555.0,13283.75,13552.1,431899,250,0
2022-08-15 00:00:00+00:00,13540.88,13680.36,13470.01,13652.78,410281,250,0
2022-08-16 00:00:00+00:00,13652.78,13714.28,13496.8,13637.1,485072,250,0
2022-08-17 00:00:00+00:00,13637.1,13644.01,13378.53,13482.78,523193,250,0
2022-08-18 00:00:00+00:00,13469.24,13547.64,13383.49,13511.77,468395,250,0
2022-08-19 00:00:00+00:00,13511.77,13511.77,13202.17,13223.09,480368,250,0
2022-08-22 00:00:00+00:00,13184.82,13199.57,12852.77,12910.44,526384,250,0
2022-08-23 00:00:00+00:00,12910.44,12997.06,12802.21,12867.23,594803,250,0
2022-08-24 00:00:00+00:00,12867.23,12990.6,12805.38,12934.65,503756,250,0
2022-08-25 00:00:00+00:00,12934.65,13140.77,12904.44,13123.69,522881,250,0
2022-08-26 00:00:00+00:00,13123.69,13199.36,12537.63,12539.13,693970,250,0
2022-08-29 00:00:00+00:00,12468.37,12594.07,12385.5,12489.25,733230,250,0
2022-08-30 00:00:00+00:00,12489.25,12643.07,12232.67,12344.72,816592,250,0
2022-08-31 00:00:00+00:00,12344.85,12498.03,12261.65,12290.7,770222,250,0
2022-09-01 00:00:00+00:00,12290.7,12290.83,12002.83,12275.88,845165,250,0
2022-09-02 00:00:00+00:00,12275.88,12447.25,12026.12,12115.92,896809,250,0
2022-09-05 00:00:00+00:00,12096.59,12156.04,12043.81,12126.04,218825,250,0
2022-09-06 00:00:00+00:00,12124.49,12234.34,11920.21,12009.96,884069,250,0
2022-09-07 00:00:00+00:00,12009.96,12296.89,11913.69,12254.57,721676,250,0
2022-09-08 00:00:00+00:00,12254.57,12370.9,12108.65,12337.95,835967,250,0
2022-09-09 00:00:00+00:00,12337.95,12606.11,12321.91,12584.41,494987,250,0
2022-09-12 00:00:00+00:00,12641.63,12769.38,12569.13,12767.63,336441,250,0
2022-09-13 00:00:00+00:00,12769.42,12880.39,12000.49,12044.29,408832,250,0
2022-09-14 00:00:00+00:00,12047.82,12170.02,12000.05,12167.32,462455,250,0
2022-09-15 00:00:00+00:00,12153.47,12180.85,11851.3,11886.1,406362,250,0
2022-09-16 00:00:00+00:00,11863.05,11873.93,11692.0,11872.68,413681,250,0
2022-09-19 00:00:00+00:00,11834.94,11983.81,11709.91,11963.31,346132,250,0
2022-09-20 00:00:00+00:00,11963.31,12009.82,11746.02,11866.19,362704,250,0
2022-09-21 00:00:00+00:00,11866.07,12055.68,11564.73,11584.23,394128,250,0
2022-09-22 00:00:00+00:00,11583.24,11715.84,11430.31,11485.74,485850,250,0
2022-09-23 00:00:00+00:00,11498.0,11521.12,11150.57,11309.75,426712,250,0
2022-09-26 00:00:00+00:00,11300.88,11464.83,11183.61,11242.13,508400,250,0
2022-09-27 00:00:00+00:00,11243.07,11495.39,11162.14,11282.07,451269,250,0
2022-09-28 00:00:00+00:00,11289.49,11540.94,11070.84,11467.87,516930,250,0
2022-09-29 00:00:00+00:00,11468.12,11491.95,11019.53,11160.7,486810,250,0
2022-09-30 00:00:00+00:00,11160.7,11287.87,10955.62,10989.52,506675,250,0
2022-10-03 00:00:00+00:00,10949.43,11293.13,10826.05,11244.3,435859,250,0
2022-10-04 00:00:00+00:00,11244.3,11605.84,11214.39,11576.39,413964,250,0
2022-10-05 00:00:00+00:00,11576.39,11640.44,11298.19,11557.86,412881,250,0
2022-10-06 00:00:00+00:00,11556.13,11659.25,11435.25,11435.25,437401,250,0
2022-10-07 00:00:00+00:00,11435.25,11494.2,10973.53,11026.7,413926,250,0
2022-10-10 00:00:00+00:00,10997.96,11071.81,10814.28,10930.58,407344,250,0
2022-10-11 00:00:00+00:00,10930.58,10978.44,10707.06,10820.11,477599,250,0
2022-10-12 00:00:00+00:00,10820.11,10916.12,10745.84,10793.39,463485,250,0
2022-10-13 00:00:00+00:00,10793.39,11083.05,10426.05,11005.6,479743,250,0
2022-10-14 00:00:00+00:00,11005.6,11192.84,10666.69,10685.99,488593,250,0
2022-10-17 00:00:00+00:00,10677.54,11090.16,10677.54,11078.91,391496,250,0
2022-10-18 00:00:00+00:00,11079.04,11374.4,11025.02,11266.7,452924,250,0
2022-10-19 00:00:00+00:00,11273.7,11325.7,10994.53,11093.95,421055,250,0
2022-10-20 00:00:00+00:00,11092.08,11273.22,10952.89,11004.39,437632,250,0
2022-10-21 00:00:00+00:00,11004.52,11331.61,10882.83,11322.86,450507,250,0
2022-10-24 00:00:00+00:00,11352.33,11478.08,11156.03,11407.08,516187,250,0
2022-10-25 00:00:00+00:00,11407.08,11679.88,11378.93,11533.8,393561,250,0
2022-10-26 00:00:00+00:00,11533.68,11651.52,11363.94,11421.94,432714,250,0
2022-10-27 00:00:00+00:00,11421.82,11487.67,10876.79,11046.04,466303,250,0
2022-10-28 00:00:00+00:00,11046.04,11577.09,11013.57,11576.59,412204,250,0
2022-10-31 00:00:00+00:00,11540.29,11541.29,11321.24,11406.79,349136,250,0
2022-11-01 00:00:00+00:00,11406.54,11574.11,11244.14,11276.01,372073,250,0
2022-11-02 00:00:00+00:00,11276.26,11416.01,10865.68,10898.81,404501,250,0
2022-11-03 00:00:00+00:00,10898.31,10955.45,10668.15,10688.07,403959,250,0
2022-11-04 00:00:00+00:00,10687.95,10931.9,10599.3,10832.45,463488,0,0
2022-11-07 00:00:00+00:00,10740.87,10999.19,10740.87,10974.99,385299,250,0
2022-11-08 00:00:00+00:00,10975.99,11192.49,10890.74,11050.54,381387,250,0
2022-11-09 00:00:00+00:00,11050.42,11125.64,10784.46,10804.89,407929,250,0
2022-11-10 00:00:00+00:00,10804.76,11640.55,10795.65,11639.3,415401,250,0
2022-11-11 00:00:00+00:00,11639.3,11838.07,11531.32,11797.25,424466,250,0
2022-11-14 00:00:00+00:00,11748.48,11862.83,11666.73,11733.13,347958,250,0
2022-11-15 00:00:00+00:00,11732.88,12084.66,11727.56,11859.56,453070,250,0
2022-11-16 00:00:00+00:00,11858.18,11923.75,11668.73,11734.28,387420,250,0
2022-11-17 00:00:00+00:00,11732.9,11790.66,11491.28,11709.18,364089,250,0
2022-11-18 00:00:00+00:00,11709.43,11807.21,11571.31,11674.74,335576,250,0
2022-11-21 00:00:00+00:00,11698.12,11723.75,11522.32,11557.87,320267,250,0
2022-11-22 00:00:00+00:00,11558.0,11729.41,11497.18,11709.96,144322,250,0
2022-11-23 00:00:00+00:00,11709.71,11863.64,11691.19,11848.06,107381,250,0
2022-11-24 00:00:00+00:00,11848.44,11904.39,11846.14,11884.49,50458,250,0
2022-11-25 00:00:00+00:00,11888.06,11896.56,11739.26,11757.76,71068,250,0
2022-11-28 00:00:00+00:00,11712.55,11765.5,11552.88,11601.05,118952,250,0
2022-11-29 00:00:00+00:00,11601.18,11683.43,11445.03,11498.2,119245,250,0
2022-11-30 00:00:00+00:00,11498.33,12056.91,11477.78,12055.03,125419,250,0
2022-12-01 00:00:00+00:00,12055.03,12118.16,11922.91,12014.71,130251,250,0
2022-12-02 00:00:00+00:00,12014.71,12047.08,11720.45,11958.73,119269,250,0
2022-12-05 00:00:00+00:00,11989.66,11995.78,11730.23,11797.53,129947,250,0
2022-12-06 00:00:00+00:00,11797.53,11831.29,11488.02,11552.19,139230,250,0
2022-12-07 00:00:00+00:00,11552.44,11583.56,11411.21,11485.98,140401,250,0
2022-12-08 00:00:00+00:00,11485.98,11674.0,11423.55,11625.55,131369,250,0
2022-12-09 00:00:00+00:00,11625.43,11725.14,11508.89,11542.04,122468,250,0
2022-12-12 00:00:00+00:00,11565.26,11710.21,11517.76,11692.13,110127,250,0
2022-12-13 00:00:00+00:00,11692.13,12204.24,11676.39,11827.64,132711,250,0
2022-12-14 00:00:00+00:00,11827.26,11944.34,11609.97,11765.14,115206,250,0
2022-12-15 00:00:00+00:00,11765.52,11774.57,11282.27,11327.32,128460,250,0
2022-12-16 00:00:00+00:00,11327.32,11376.56,11161.93,11204.98,131200,250,0
2022-12-19 00:00:00+00:00,11218.26,11300.86,11022.21,11074.76,89818,250,0
2022-12-20 00:00:00+00:00,11082.24,11139.94,10937.87,11086.49,104669,250,0
2022-12-21 00:00:00+00:00,11105.48,11284.31,11075.81,11249.86,94356,100,0
2022-12-22 00:00:00+00:00,11250.96,11278.56,10764.78,10938.71,89988,237,0
2022-12-23 00:00:00+00:00,10954.33,11040.93,10815.78,10965.58,89154,175,0
2022-12-27 00:00:00+00:00,11040.56,11087.31,10800.63,10815.93,82916,250,0
2022-12-28 00:00:00+00:00,10818.42,10901.37,10665.62,10690.54,87148,250,0
2022-12-29 00:00:00+00:00,10699.07,10979.77,10686.07,10938.19,81875,250,0
2022-12-30 00:00:00+00:00,10941.74,10958.24,10762.94,10948.12,81853,250,0
2023-01-03 00:00:00+00:00,11038.59,11093.29,10758.54,10853.84,105715,200,0
2023-01-04 00:00:00+00:00,10842.92,10979.74,10776.74,10895.29,92889,250,0
2023-01-05 00:00:00+00:00,10909.84,10958.94,10718.29,10750.21,93526,250,0
2023-01-06 00:00:00+00:00,10755.85,11080.42,10666.95,11023.85,89226,250,0
2023-01-09 00:00:00+00:00,11051.99,11302.06,11037.84,11100.99,89148,232,0
2023-01-10 00:00:00+00:00,11101.4,11206.85,11012.75,11199.52,88700,250,0
2023-01-11 00:00:00+00:00,11200.6,11398.05,11158.82,11394.22,83784,250,0
2023-01-12 00:00:00+00:00,11394.4,11497.0,11215.37,11440.77,90200,250,0
2023-01-13 00:00:00+00:00,11443.57,11538.89,11309.42,11520.57,89679,250,0
2023-01-16 00:00:00+00:00,11531.31,11562.18,11435.41,11488.38,46110,250,0
2023-01-17 00:00:00+00:00,11498.31,11610.64,11456.54,11548.56,85500,250,0
2023-01-18 00:00:00+00:00,11540.8,11686.25,11395.55,11409.8,88949,250,0
2023-01-19 00:00:00+00:00,11400.15,11416.53,11239.35,11323.28,89812,245,0
2023-01-20 00:00:00+00:00,11335.72,11617.04,11297.94,11609.34,81512,250,0
2023-01-23 00:00:00+00:00,11616.73,11917.33,11585.48,11870.2,73296,270,0
2023-01-24 00:00:00+00:00,11868.03,11944.03,11770.63,11905.91,68970,250,0
2023-01-25 00:00:00+00:00,11909.52,11910.65,11541.47,11810.4,78165,250,0
2023-01-26 00:00:00+00:00,11808.74,12050.31,11805.74,11997.11,75343,250,0
2023-01-27 00:00:00+00:00,11984.33,12244.78,11954.2,12159.33,71052,250,0
2023-01-30 00:00:00+00:00,12144.7,12192.45,11902.57,11930.25,81276,200,0
2023-01-31 00:00:00+00:00,11934.0,12100.2,11815.85,12063.88,80635,200,0
2023-02-01 00:00:00+00:00,12059.47,12467.59,12001.54,12450.59,75809,200,0
2023-02-02 00:00:00+00:00,12472.68,12892.43,12446.18,12618.06,88146,195,0
2023-02-03 00:00:00+00:00,12682.46,12821.78,12495.81,12559.58,95609,200,0
2023-02-06 00:00:00+00:00,12521.57,12557.02,12407.02,12461.2,95251,200,0
2023-02-07 00:00:00+00:00,12468.33,12769.4,12411.4,12691.2,92114,62,0
2023-02-08 00:00:00+00:00,12703.45,12758.95,12465.02,12509.7,89116,200,0
2023-02-09 00:00:00+00:00,12504.08,12680.3,12319.9,12402.2,87812,200,0
2023-02-10 00:00:00+00:00,12390.03,12403.28,12196.11,12292.91,90560,87,0
2023-02-13 00:00:00+00:00,12312.7,12524.52,12223.7,12502.57,79875,177,0
2023-02-14 00:00:00+00:00,12501.16,12638.26,12348.86,12575.91,83156,200,0
2023-02-15 00:00:00+00:00,12573.2,12711.07,12486.32,12703.95,67515,200,0
2023-02-16 00:00:00+00:00,12694.83,12747.96,12411.08,12421.33,78428,200,0
2023-02-17 00:00:00+00:00,12411.21,12414.46,12224.03,12342.33,80787,150,0
2023-02-20 00:00:00+00:00,12339.96,12380.44,12310.21,12329.66,38600,200,0
2023-02-21 00:00:00+00:00,12331.28,12344.4,12057.6,12076.53,76485,200,0
2023-02-22 00:00:00+00:00,12078.37,12157.94,12002.19,12133.49,66345,200,0
2023-02-23 00:00:00+00:00,12142.66,12227.63,11996.23,12159.91,75927,175,0
2023-02-24 00:00:00+00:00,12157.28,12182.53,11891.86,11968.53,76843,0,0
2023-02-27 00:00:00+00:00,11969.07,12162.77,11964.07,12068.57,75233,195,0
2023-02-28 00:00:00+00:00,12078.89,12146.84,12000.77,12014.89,75477,200,0
2023-03-01 00:00:00+00:00,12010.08,12117.18,11901.66,11960.58,82195,200,0
2023-03-02 00:00:00+00:00,11944.04,12072.24,11809.14,12027.67,85181,200,0
2023-03-03 00:00:00+00:00,12021.62,12306.12,11989.99,12303.87,75451,195,0
2023-03-06 00:00:00+00:00,12285.46,12468.66,12259.21,12303.59,76274,150,0
2023-03-07 00:00:00+00:00,12301.9,12365.62,12127.72,12160.52,74788,150,0
2023-03-08 00:00:00+00:00,12160.47,12240.67,12097.04,12224.59,82523,150,0
2023-03-09 00:00:00+00:00,12218.98,12341.18,11965.43,11997.11,83532,58,0
2023-03-10 00:00:00+00:00,11985.11,12096.83,11786.06,11882.48,90834,0,0
2023-03-13 00:00:00+00:00,11897.6,12089.58,11679.95,11944.6,99305,150,0
2023-03-14 00:00:00+00:00,11951.14,12227.72,11905.62,12207.39,89438,150,0
2023-03-15 00:00:00+00:00,12211.09,12284.92,11976.57,12276.47,97319,82,0
2023-03-16 00:00:00+00:00,12268.37,12607.07,12190.82,12586.25,95420,150,0
2023-03-17 00:00:00+00:00,12582.13,12686.71,12447.73,12526.63,86786,70,0
2023-03-20 00:00:00+00:00,12621.49,12621.49,12405.47,12580.12,97450,138,0
2023-03-21 00:00:00+00:00,12577.67,12776.0,12556.17,12755.67,77336,145,0
2023-03-22 00:00:00+00:00,12747.7,12960.4,12557.57,12578.82,73543,137,0
2023-03-23 00:00:00+00:00,12584.59,12912.04,12580.97,12752.59,82156,138,0
2023-03-24 00:00:00+00:00,12756.79,12804.79,12609.86,12802.04,85817,145,0
2023-03-27 00:00:00+00:00,12798.52,12860.65,12652.22,12700.27,77994,150,0
2023-03-28 00:00:00+00:00,12698.97,12723.07,12525.42,12639.22,71226,150,0
2023-03-29 00:00:00+00:00,12639.11,12881.56,12632.98,12851.11,68732,150,0
2023-03-30 00:00:00+00:00,12850.81,13000.38,12820.18,12977.93,70897,113,0
2023-03-31 00:00:00+00:00,12968.55,13200.12,12949.15,13197.3,70251,95,0
2023-04-03 00:00:00+00:00,13163.98,13170.56,13046.31,13153.98,73957,138,0
2023-04-04 00:00:00+00:00,13144.04,13239.64,13059.99,13122.41,70000,137,0
2023-04-05 00:00:00+00:00,13123.63,13139.63,12898.83,12964.63,70126,150,0
2023-04-06 00:00:00+00:00,12962.9,13086.35,12851.35,13059.27,69829,150,0
2023-04-07 00:00:00+00:00,13049.56,13086.16,13025.03,13081.03,17787,145,0
2023-04-10 00:00:00+00:00,13076.51,13104.26,12870.21,13068.38,63600,95,0
2023-04-11 00:00:00+00:00,13064.08,13111.05,12956.9,12984.2,68562,150,0
2023-04-12 00:00:00+00:00,12984.1,13145.58,12843.3,12862.35,69072,138,0
2023-04-13 00:00:00+00:00,12863.98,13134.81,12833.23,13087.23,70811,150,0
2023-04-14 00:00:00+00:00,13087.19,13161.01,12965.01,13106.06,72186,0,0
2023-04-17 00:00:00+00:00,13120.95,13130.3,12990.02,13093.45,71545,138,0
2023-04-18 00:00:00+00:00,13092.95,13211.67,13051.77,13100.45,67090,150,0
2023-04-19 00:00:00+00:00,13092.17,13141.12,12979.77,13082.42,67625,137,0
2023-04-20 00:00:00+00:00,13079.01,13115.71,12938.58,13006.26,72068,150,0
2023-04-21 00:00:00+00:00,13007.09,13040.16,12901.29,12994.96,70138,150,0
2023-04-24 00:00:00+00:00,12993.5,13057.82,12891.7,12973.87,67141,150,0
2023-04-25 00:00:00+00:00,12972.29,12985.16,12727.61,12844.79,71713,132,0
2023-04-26 00:00:00+00:00,12874.59,12941.67,12793.54,12889.59,79888,150,0
2023-04-27 00:00:00+00:00,12893.83,13261.33,12867.08,13192.33,69598,100,0
2023-04-28 00:00:00+00:00,13142.6,13265.8,13099.83,13254.85,75793,95,0
2023-05-01 00:00:00+00:00,13253.24,13300.47,13193.32,13222.49,61523,150,0
2023-05-02 00:00:00+00:00,13216.56,13270.29,13050.76,13104.06,69012,112,0
2023-05-03 00:00:00+00:00,13096.68,13245.5,13018.18,13027.55,68739,150,0
2023-05-04 00:00:00+00:00,13008.99,13111.59,12942.81,12985.24,79061,150,0
2023-05-05 00:00:00+00:00,13001.71,13297.54,12995.46,13250.09,67725,150,0
2023-05-08 00:00:00+00:00,13257.39,13311.47,13198.47,13279.64,87743,150,0
2023-05-09 00:00:00+00:00,13273.79,13291.04,13198.12,13205.17,86073,138,0
2023-05-10 00:00:00+00:00,13201.6,13391.3,13148.32,13354.35,103493,137,0
2023-05-11 00:00:00+00:00,13352.96,13415.16,13307.16,13392.08,104153,0,0
2023-05-12 00:00:00+00:00,13393.0,13439.85,13257.33,13317.13,96074,62,0
2023-05-15 00:00:00+00:00,13330.1,13431.3,13302.6,13416.35,93092,0,0
2023-05-16 00:00:00+00:00,13413.89,13507.72,13380.12,13456.27,92889,150,0
2023-05-17 00:00:00+00:00,13447.96,13619.16,13424.68,13591.33,93153,137,0
2023-05-18 00:00:00+00:00,13589.36,13863.48,13579.11,13862.48,98558,75,0
2023-05-19 00:00:00+00:00,13858.24,13911.24,13766.19,13792.12,108180,100,0
2023-05-22 00:00:00+00:00,13763.79,13903.86,13763.79,13872.54,96119,150,0
2023-05-23 00:00:00+00:00,13873.47,13935.97,13670.17,13691.97,104177,0,0
2023-05-24 00:00:00+00:00,13689.87,13805.87,13528.19,13802.49,111938,150,0
2023-05-25 00:00:00+00:00,13838.48,13993.8,13766.23,13944.6,122094,120,0
2023-05-26 00:00:00+00:00,13941.47,14331.59,13887.84,14329.47,106901,150,0
2023-05-29 00:00:00+00:00,14390.41,14413.29,14335.39,14374.24,44458,0,0
2023-05-30 00:00:00+00:00,14373.2,14538.92,14307.15,14371.57,113526,150,0
2023-05-31 00:00:00+00:00,14357.28,14398.78,14222.85,14258.9,117088,50,0
2023-06-01 00:00:00+00:00,14266.45,14499.9,14220.7,14469.07,114383,112,0
2023-06-02 00:00:00+00:00,14464.62,14599.95,14442.82,14559.5,104397,125,0
2023-06-05 00:00:00+00:00,14557.36,14673.43,14491.48,14562.23,108679,100,0
2023-06-06 00:00:00+00:00,14558.68,14604.26,14486.13,14575.31,104749,137,0
2023-06-07 00:00:00+00:00,14577.0,14657.45,14288.45,14299.25,105426,137,0
2023-06-08 00:00:00+00:00,14303.39,14510.89,14241.62,14505.39,111036,150,0
2023-06-09 00:00:00+00:00,14501.49,14672.82,14446.72,14551.37,96383,87,0
2023-06-12 00:00:00+00:00,14548.05,14819.17,14546.92,14819.17,85790,150,0
2023-06-13 00:00:00+00:00,14814.81,14962.16,14774.63,14917.18,105720,0,0
2023-06-14 00:00:00+00:00,14928.38,15053.88,14788.7,15044.0,96882,0,0
2023-06-15 00:00:00+00:00,15031.99,15251.31,14877.09,15179.24,118687,0,0
2023-06-16 00:00:00+00:00,15180.3,15285.52,15069.67,15111.8,111410,150,0
2023-06-19 00:00:00+00:00,15120.89,15138.39,15048.21,15056.96,47411,0,0
2023-06-20 00:00:00+00:00,15062.38,15129.96,14946.83,15064.63,103701,0,0
2023-06-21 00:00:00+00:00,15068.32,15093.07,14823.52,14858.95,107926,95,0
2023-06-22 00:00:00+00:00,14862.57,15060.44,14787.04,15056.32,109709,145,0
2023-06-23 00:00:00+00:00,15057.56,15058.44,14810.76,14879.81,113108,150,0
2023-06-26 00:00:00+00:00,14887.75,14982.95,14685.25,14704.37,114921,113,0
2023-06-27 00:00:00+00:00,14712.38,14972.7,14696.5,14922.0,104261,125,0
2023-06-28 00:00:00+00:00,14923.87,15054.82,14857.85,14992.75,110043,0,0
2023-06-29 00:00:00+00:00,14996.19,15039.67,14866.89,14946.07,104849,0,0
2023-06-30 00:00:00+00:00,14942.94,15216.64,14939.31,15156.69,101132,150,0
2023-07-03 00:00:00+00:00,15182.0,15236.98,15153.83,15202.7,66989,150,0
2023-07-04 00:00:00+00:00,15191.37,15216.57,15182.37,15192.45,27878,150,0
2023-07-05 00:00:00+00:00,15195.9,15280.48,15104.25,15202.4,93127,100,0
2023-07-06 00:00:00+00:00,15204.38,15216.75,14963.45,15073.38,106663,113,0
2023-07-07 00:00:00+00:00,15067.17,15212.49,15025.49,15045.92,103341,150,0
2023-07-10 00:00:00+00:00,15056.29,15077.66,14923.99,15052.79,110971,112,0
2023-07-11 00:00:00+00:00,15055.94,15140.51,14972.01,15124.56,100678,0,0
2023-07-12 00:00:00+00:00,15121.34,15372.16,15119.71,15322.46,100063,0,0
2023-07-13 00:00:00+00:00,15329.35,15608.05,15323.35,15566.6,95697,150,0
2023-07-14 00:00:00+00:00,15567.13,15726.45,15535.45,15562.38,101731,100,0
2023-07-17 00:00:00+00:00,15565.58,15758.65,15538.95,15702.95,92613,0,0
2023-07-18 00:00:00+00:00,15711.23,15908.55,15612.68,15826.6,96194,75,0
2023-07-19 00:00:00+00:00,15827.38,15943.7,15792.95,15821.75,100011,0,0
2023-07-20 00:00:00+00:00,15804.38,15809.13,15431.33,15480.13,113511,150,0
2023-07-21 00:00:00+00:00,15477.03,15604.98,15408.98,15439.91,107677,0,0
2023-07-24 00:00:00+00:00,15451.63,15511.2,15378.45,15462.25,103132,150,0
2023-07-25 00:00:00+00:00,15464.45,15631.65,15445.2,15619.08,94682,150,0
2023-07-26 00:00:00+00:00,15621.65,15636.9,15413.23,15523.15,111758,150,0
2023-07-27 00:00:00+00:00,15540.48,15804.18,15413.43,15485.1,116288,0,0
2023-07-28 00:00:00+00:00,15487.13,15796.71,15449.26,15746.88,125347,0,0
2023-07-31 00:00:00+00:00,15756.44,15824.19,15700.19,15777.32,108439,0,0
2023-08-01 00:00:00+00:00,15782.35,15799.85,15639.92,15720.1,100330,0,0
2023-08-02 00:00:00+00:00,15626.3,15702.55,15327.5,15364.8,127985,150,0
2023-08-03 00:00:00+00:00,15372.26,15465.63,15255.36,15363.63,131674,102,0
2023-08-04 00:00:00+00:00,15356.43,15527.51,15255.38,15281.31,124027,0,0
2023-08-07 00:00:00+00:00,15295.35,15419.6,15260.17,15414.6,113035,75,0
2023-08-08 00:00:00+00:00,15422.06,15424.43,15147.88,15278.18,120159,150,0
2023-08-09 00:00:00+00:00,15281.5,15360.73,15076.95,15131.88,111486,0,0
2023-08-10 00:00:00+00:00,15131.09,15369.41,15065.66,15146.46,120396,0,0
2023-08-11 00:00:00+00:00,15147.82,15195.32,14966.52,15033.2,117392,0,0
2023-08-14 00:00:00+00:00,15037.78,15217.28,14958.28,15215.28,120702,75,0
2023-08-15 00:00:00+00:00,15217.61,15272.11,15014.56,15047.86,119870,150,0
2023-08-16 00:00:00+00:00,15053.69,15102.29,14858.94,14874.57,122450,0,0
2023-08-17 00:00:00+00:00,14879.34,14955.81,14676.71,14681.84,123407,87,0
2023-08-18 00:00:00+00:00,14689.34,14742.54,14549.91,14684.59,127684,150,0
2023-08-21 00:00:00+00:00,14703.52,14960.59,14667.74,14918.89,116339,150,0
2023-08-22 00:00:00+00:00,14924.48,15067.45,14882.05,14913.1,108201,150,0
2023-08-23 00:00:00+00:00,14915.61,15306.36,14909.73,15306.36,112618,0,0
2023-08-24 00:00:00+00:00,15288.49,15370.46,14770.49,14785.74,123996,100,0
2023-08-25 00:00:00+00:00,14794.82,15003.27,14710.27,14926.07,119747,125,0
2023-08-28 00:00:00+00:00,14956.93,15089.75,14937.3,15061.43,105921,150,0
2023-08-29 00:00:00+00:00,15067.18,15396.13,15016.78,15392.18,103442,0,0
2023-08-30 00:00:00+00:00,15393.82,15489.64,15329.04,15480.07,106271,100,0
2023-08-31 00:00:00+00:00,15479.48,15573.3,15427.33,15503.6,96563,0,0
2023-09-01 00:00:00+00:00,15499.46,15629.31,15423.03,15480.71,101685,0,0
2023-09-04 00:00:00+00:00,15497.55,15554.25,15476.67,15499.75,43812,150,0
2023-09-05 00:00:00+00:00,15507.42,15564.24,15396.64,15495.42,105610,150,0
2023-09-06 00:00:00+00:00,15492.78,15512.9,15291.35,15367.4,102567,0,0
2023-09-07 00:00:00+00:00,15371.04,15377.41,15140.01,15267.91,109990,70,0
2023-09-08 00:00:00+00:00,15270.84,15375.04,15208.32,15297.47,105546,0,0
2023-09-11 00:00:00+00:00,15299.0,15489.7,15290.62,15463.75,98391,0,0
2023-09-12 00:00:00+00:00,15456.22,15475.45,15280.42,15301.6,107412,0,0
2023-09-13 00:00:00+00:00,15302.37,15418.07,15205.22,15371.49,116510,150,0
2023-09-14 00:00:00+00:00,15369.64,15513.97,15331.09,15476.27,109761,0,0
2023-09-15 00:00:00+00:00,15475.03,15521.4,15160.23,15185.4,111746,0,0
2023-09-18 00:00:00+00:00,15192.11,15269.81,15140.71,15234.36,101404,63,0
2023-09-19 00:00:00+00:00,15236.87,15254.34,15060.94,15194.74,96438,145,0
2023-09-20 00:00:00+00:00,15190.09,15248.19,14940.09,14945.47,103383,62,0
2023-09-21 00:00:00+00:00,14957.74,14962.49,14656.11,14664.11,119620,150,0
2023-09-22 00:00:00+00:00,14675.51,14844.33,14654.88,14692.88,116910,13,0
2023-09-25 00:00:00+00:00,14710.22,14780.1,14608.3,14775.85,116223,150,0
2023-09-26 00:00:00+00:00,14772.74,14774.99,14493.94,14552.62,119871,113,0
2023-09-27 00:00:00+00:00,14555.4,14650.97,14417.22,14597.65,118579,0,0
2023-09-28 00:00:00+00:00,14602.56,14778.63,14489.63,14707.68,129990,0,0
2023-09-29 00:00:00+00:00,14709.71,14894.41,14645.41,14725.46,122745,150,0
2023-10-02 00:00:00+00:00,14827.6,14887.05,14667.83,14834.1,205905,150,0
2023-10-03 00:00:00+00:00,14828.96,14870.93,14492.16,14554.83,209150,0,0
2023-10-04 00:00:00+00:00,14553.24,14798.31,14432.21,14745.36,226317,25,0
2023-10-05 00:00:00+00:00,14745.51,14803.61,14562.34,14705.26,208473,0,0
2023-10-06 00:00:00+00:00,14703.63,15007.71,14507.98,14986.63,198148,0,0
2023-10-09 00:00:00+00:00,14879.51,15067.84,14804.96,15050.26,189907,150,0
2023-10-10 00:00:00+00:00,15052.05,15241.13,15030.9,15139.8,194951,0,0
2023-10-11 00:00:00+00:00,15138.59,15276.34,15113.54,15270.59,186796,125,0
2023-10-12 00:00:00+00:00,15266.25,15331.2,15079.7,15186.37,179191,150,0
2023-10-13 00:00:00+00:00,15190.66,15231.64,14927.99,14972.91,200629,150,0
2023-10-16 00:00:00+00:00,14998.55,15209.13,14956.03,15177.18,195864,75,0
2023-10-17 00:00:00+00:00,15177.08,15184.41,14926.28,15117.71,194372,0,0
2023-10-18 00:00:00+00:00,15114.0,15114.5,14857.32,14939.12,207098,63,0
2023-10-19 00:00:00+00:00,14928.77,15018.59,14719.89,14730.39,225431,0,0
2023-10-20 00:00:00+00:00,14730.56,14770.28,14528.31,14532.06,210753,150,0
2023-10-23 00:00:00+00:00,14579.09,14743.42,14405.79,14639.34,199784,150,0
2023-10-24 00:00:00+00:00,14641.88,14841.26,14599.46,14722.88,208430,0,0
2023-10-25 00:00:00+00:00,14718.54,14749.54,14344.91,14362.41,206327,0,0
2023-10-26 00:00:00+00:00,14316.96,14357.16,14039.04,14108.71,237196,0,0
2023-10-27 00:00:00+00:00,14168.13,14307.45,14110.83,14171.0,207950,0,0
2023-10-30 00:00:00+00:00,14239.91,14382.61,14209.66,14318.78,165805,125,0
2023-10-31 00:00:00+00:00,14318.83,14412.28,14220.91,14360.71,189245,57,0
2023-11-01 00:00:00+00:00,14384.58,14673.03,14322.8,14672.45,173865,0,0
2023-11-02 00:00:00+00:00,14674.53,14927.65,14673.53,14883.65,161067,0,0
2023-11-03 00:00:00+00:00,14843.58,15144.28,14843.58,15100.7,150206,88,0
2023-11-06 00:00:00+00:00,15119.95,15179.9,15061.27,15145.32,141552,150,0
2023-11-07 00:00:00+00:00,15136.38,15337.46,15101.48,15301.01,143839,0,0
2023-11-08 00:00:00+00:00,15297.32,15345.14,15215.02,15287.07,144743,150,0
2023-11-09 00:00:00+00:00,15282.55,15380.87,15165.12,15183.17,154833,0,0
2023-11-10 00:00:00+00:00,15175.88,15540.88,15136.1,15510.5,157639,37,0
2023-11-13 00:00:00+00:00,15529.54,15536.04,15400.74,15491.92,142107,100,0
2023-11-14 00:00:00+00:00,15493.03,15855.36,15488.66,15829.78,142057,0,0
2023-11-15 00:00:00+00:00,15836.26,15982.24,15767.26,15780.51,161502,125,0
2023-11-16 00:00:00+00:00,15783.63,15842.7,15734.08,15834.88,159175,0,0
2023-11-17 00:00:00+00:00,15832.68,15878.63,15764.13,15812.8,149214,75,0
2023-11-20 00:00:00+00:00,15842.34,16062.67,15783.84,16035.47,146992,88,0
2023-11-21 00:00:00+00:00,16038.41,16070.54,15861.29,15917.29,145432,0,0
2023-11-22 00:00:00+00:00,15912.77,16122.97,15893.27,15995.52,147082,150,0
2023-11-23 00:00:00+00:00,15990.09,16039.56,15988.21,16015.66,48168,150,0
2023-11-24 00:00:00+00:00,16025.28,16027.41,15937.86,15966.73,81249,125,0
2023-11-27 00:00:00+00:00,15962.19,16052.14,15902.31,15967.81,127131,125,0
2023-11-28 00:00:00+00:00,15973.43,16037.38,15911.28,16017.8,136957,25,0
2023-11-29 00:00:00+00:00,16014.33,16174.53,15980.9,16008.7,147921,113,0
2023-11-30 00:00:00+00:00,16007.27,16062.87,15822.22,15923.02,148709,0,0
2023-12-01 00:00:00+00:00,15919.29,16017.62,15832.37,15998.17,138005,100,0
2023-12-04 00:00:00+00:00,15996.32,16001.07,15696.77,15832.44,150545,0,0
2023-12-05 00:00:00+00:00,15836.21,15937.91,15738.93,15877.58,151958,0,0
2023-12-06 00:00:00+00:00,15876.03,16017.76,15782.48,15794.53,146854,113,0
2023-12-07 00:00:00+00:00,15788.75,16047.83,15773.25,15999.38,153116,0,0
2023-12-08 00:00:00+00:00,16004.31,16103.01,15876.28,16078.43,141649,0,0
2023-12-11 00:00:00+00:00,16082.57,16240.82,16038.79,16236.57,140667,125,0
2023-12-12 00:00:00+00:00,16231.09,16382.84,16179.66,16379.34,137419,0,0
2023-12-13 00:00:00+00:00,16377.79,16591.36,16361.99,16547.79,134085,0,0
2023-12-14 00:00:00+00:00,16566.72,16669.85,16413.3,16528.47,177063,137,0
2023-12-15 00:00:00+00:00,16526.42,16674.87,16520.17,16602.8,160235,0,0
2023-12-18 00:00:00+00:00,16623.44,16770.01,16598.56,16718.31,138485,88,0
2023-12-19 00:00:00+00:00,16712.98,16825.48,16707.1,16821.85,140625,150,0
2023-12-20 00:00:00+00:00,16821.9,16872.48,16557.78,16593.28,139706,0,0
2023-12-21 00:00:00+00:00,16595.84,16771.81,16595.71,16751.59,154955,0,0
2023-12-22 00:00:00+00:00,16753.14,16846.09,16696.51,16766.26,149024,125,0
2023-12-26 00:00:00+00:00,16804.0,16926.83,16799.63,16906.0,86314,112,0
2023-12-27 00:00:00+00:00,16897.28,16941.28,16865.61,16939.16,103940,100,0
2023-12-28 00:00:00+00:00,16936.79,16976.39,16889.74,16901.04,96845,125,0
2023-12-29 00:00:00+00:00,16902.66,16944.51,16752.61,16819.16,103779,150,0
2024-01-02 00:00:00+00:00,16844.83,16862.08,16446.78,16555.08,123326,0,0
2024-01-03 00:00:00+00:00,16560.53,16560.53,16347.23,16367.16,127030,0,0
2024-01-04 00:00:00+00:00,16379.98,16413.95,16262.93,16277.23,120426,150,0
2024-01-05 00:00:00+00:00,16285.79,16406.36,16164.26,16294.54,122783,0,0
2024-01-08 00:00:00+00:00,16298.73,16648.98,16216.33,16626.35,128062,100,0
2024-01-09 00:00:00+00:00,16627.45,16708.65,16499.17,16669.7,129058,138,0
2024-01-10 00:00:00+00:00,16668.01,16826.08,16645.21,16799.38,124809,107,0
2024-01-11 00:00:00+00:00,16798.93,16896.28,16599.63,16804.43,136534,12,0
2024-01-12 00:00:00+00:00,16800.1,16891.05,16715.57,16803.85,146836,150,0
2024-01-15 00:00:00+00:00,16812.66,16879.26,16793.86,16826.99,64321,150,0
2024-01-16 00:00:00+00:00,16821.6,16893.8,16672.32,16837.97,153326,0,0
2024-01-17 00:00:00+00:00,16839.77,16843.52,16552.1,16722.77,147218,0,0
2024-01-18 00:00:00+00:00,16720.33,16991.28,16699.96,16982.58,150285,20,0
2024-01-19 00:00:00+00:00,16982.01,17339.38,16976.26,17331.01,144889,100,0
2024-01-22 00:00:00+00:00,17352.72,17461.29,17311.79,17332.22,145092,63,0
2024-01-23 00:00:00+00:00,17333.65,17437.78,17290.23,17432.65,133353,150,0
2024-01-24 00:00:00+00:00,17439.7,17675.28,17439.45,17512.95,133895,0,0
2024-01-25 00:00:00+00:00,17500.01,17637.34,17427.46,17464.64,149403,150,0
2024-01-26 00:00:00+00:00,17448.56,17518.76,17354.41,17392.69,140955,0,0
2024-01-29 00:00:00+00:00,17401.4,17620.55,17361.4,17605.3,395559,70,0
2024-01-30 00:00:00+00:00,17612.5,17641.15,17374.25,17377.05,439131,70,0
2024-01-31 00:00:00+00:00,17319.9,17392.95,17129.6,17174.45,560636,70,0
2024-02-01 00:00:00+00:00,17183.6,17555.45,17173.12,17539.55,534282,70,0
2024-02-02 00:00:00+00:00,17489.9,17687.44,17379.44,17599.19,582417,70,0
2024-02-05 00:00:00+00:00,17614.7,17666.85,17475.6,17624.85,491251,70,0
2024-02-06 00:00:00+00:00,17621.2,17692.42,17483.72,17573.6,509621,70,0
2024-02-07 00:00:00+00:00,17573.15,17801.3,17556.05,17783.3,436395,70,0
2024-02-08 00:00:00+00:00,17779.4,17822.4,17720.75,17787.4,369151,70,0
2024-02-09 00:00:00+00:00,17782.5,17998.07,17780.2,17964.8,353597,70,0
2024-02-12 00:00:00+00:00,17974.45,18056.92,17846.1,17864.35,368162,70,0
2024-02-13 00:00:00+00:00,17862.0,17900.65,17485.17,17636.85,550983,70,0
2024-02-14 00:00:00+00:00,17637.7,17823.97,17607.15,17809.65,495046,70,0
2024-02-15 00:00:00+00:00,17807.0,17905.6,17717.45,17891.7,460883,70,0
2024-02-16 00:00:00+00:00,17892.9,17964.9,17655.0,17660.15,507955,70,0
2024-02-19 00:00:00+00:00,17676.25,17754.15,17676.25,17735.9,96557,70,0
2024-02-20 00:00:00+00:00,17737.4,17737.4,17401.35,17531.35,536905,70,0
2024-02-21 00:00:00+00:00,17523.9,17667.65,17323.17,17658.4,506410,75,0
2024-02-22 00:00:00+00:00,17651.2,18038.77,17627.45,17975.35,486684,170,0
2024-02-23 00:00:00+00:00,17974.6,18097.7,17900.32,17914.7,475045,170,0
2024-02-26 00:00:00+00:00,17929.05,18021.7,17884.7,17911.95,395838,170,0
2024-02-27 00:00:00+00:00,17915.3,18006.8,17873.77,17977.65,412499,170,0
2024-02-28 00:00:00+00:00,17980.8,17985.95,17813.6,17827.6,381897,170,0
2024-02-29 00:00:00+00:00,17832.0,18074.47,17792.35,18036.1,442228,170,0
2024-03-01 00:00:00+00:00,18039.9,18339.75,17995.4,18289.3,405075,110,0
2024-03-04 00:00:00+00:00,18316.9,18353.3,18209.8,18219.8,377624,170,0
2024-03-05 00:00:00+00:00,18215.2,18229.9,17813.45,17963.2,482148,140,0
2024-03-06 00:00:00+00:00,17961.2,18157.4,17926.85,18023.85,534830,170,0
2024-03-07 00:00:00+00:00,18028.6,18344.87,17901.0,18238.85,485566,170,0
2024-03-08 00:00:00+00:00,18268.2,18428.22,18006.4,18049.25,544350,100,0
2024-03-11 00:00:00+00:00,17981.15,18058.15,17892.27,17998.9,475863,0,0
2024-03-12 00:00:00+00:00,18005.75,18247.52,17930.02,18227.9,455008,170,0
2024-03-13 00:00:00+00:00,18225.0,18265.9,18043.5,18118.0,426780,130,0
2024-03-14 00:00:00+00:00,18103.8,18190.7,17924.97,18029.25,523142,170,0
2024-03-15 00:00:00+00:00,18015.9,18088.55,17772.35,17830.5,454302,170,0
2024-03-18 00:00:00+00:00,17853.2,18155.35,17837.1,18001.95,441431,170,0
2024-03-19 00:00:00+00:00,17990.9,18068.2,17832.97,18050.2,453931,57,0
2024-03-20 00:00:00+00:00,18048.1,18321.55,18004.8,18319.05,406692,170,0
2024-03-21 00:00:00+00:00,18312.75,18487.52,18305.9,18358.65,422422,170,0
2024-03-22 00:00:00+00:00,18358.5,18407.25,18273.5,18345.75,389317,170,0
2024-03-25 00:00:00+00:00,18355.8,18390.95,18204.27,18323.6,343758,170,0
2024-03-26 00:00:00+00:00,18324.35,18411.25,18231.87,18272.05,378607,170,0
2024-03-27 00:00:00+00:00,18273.15,18366.05,18173.05,18300.05,417553,170,0
2024-03-28 00:00:00+00:00,18287.85,18334.37,18244.75,18261.5,385413,170,0
2024-04-01 00:00:00+00:00,18319.85,18419.75,18222.75,18305.5,340666,170,0
2024-04-02 00:00:00+00:00,18305.2,18318.95,18011.6,18155.85,398561,170,0
2024-04-03 00:00:00+00:00,18152.7,18262.22,18045.1,18199.85,394497,170,0
2024-04-04 00:00:00+00:00,18205.15,18382.92,17868.55,17887.55,452036,170,0
2024-04-05 00:00:00+00:00,17913.7,18224.1,17868.95,18128.2,552126,170,0
2024-04-08 00:00:00+00:00,18178.7,18203.05,18062.85,18136.45,441954,170,0
2024-04-09 00:00:00+00:00,18141.85,18237.1,17987.85,18211.8,480933,170,0
2024-04-10 00:00:00+00:00,18209.45,18298.95,17886.6,18023.95,553290,170,0
2024-04-11 00:00:00+00:00,18015.4,18353.8,17923.77,18319.0,509625,96,0
2024-04-12 00:00:00+00:00,18320.15,18344.3,17958.17,18008.15,561447,170,0
2024-04-15 00:00:00+00:00,18010.85,18196.25,17686.75,17718.85,547020,170,0
2024-04-16 00:00:00+00:00,17726.45,17833.85,17640.85,17741.7,591206,170,0
2024-04-17 00:00:00+00:00,17748.7,17816.35,17465.6,17512.45,585976,170,0
2024-04-18 00:00:00+00:00,17524.65,17622.3,17357.8,17381.4,544807,96,0
2024-04-19 00:00:00+00:00,17381.6,17410.45,16972.65,17038.25,756385,170,0
2024-04-22 00:00:00+00:00,17102.35,17313.87,17015.2,17211.6,480596,170,0
2024-04-23 00:00:00+00:00,17234.5,17534.65,17154.75,17525.25,465430,170,0
2024-04-24 00:00:00+00:00,17566.35,17665.7,17353.25,17378.85,491028,170,0
2024-04-25 00:00:00+00:00,17321.8,17701.85,17179.8,17689.45,643363,170,0
2024-04-26 00:00:00+00:00,17689.9,17778.05,17544.5,17713.4,504351,170,0
2024-04-29 00:00:00+00:00,17755.15,17836.3,17678.05,17799.4,477574,170,0
2024-04-30 00:00:00+00:00,17805.1,17810.0,17365.95,17399.2,466589,170,0
2024-05-01 00:00:00+00:00,17367.65,17685.55,17293.05,17367.9,539847,170,0
2024-05-02 00:00:00+00:00,17394.9,17649.9,17281.55,17638.15,515717,170,0
2024-05-03 00:00:00+00:00,17636.35,17943.2,17617.0,17922.6,398909,170,0
2024-05-06 00:00:00+00:00,17962.65,18106.05,17888.3,18089.9,311462,170,0
2024-05-07 00:00:00+00:00,18082.7,18169.22,18056.35,18101.45,371374,170,0
2024-05-08 00:00:00+00:00,18098.25,18149.65,17979.65,18067.75,336232,170,0
2024-05-09 00:00:00+00:00,18064.5,18147.9,18012.3,18128.5,367630,170,0
2024-05-10 00:00:00+00:00,18123.8,18256.57,18097.32,18147.55,342623,170,0
2024-05-13 00:00:00+00:00,18158.75,18252.4,18145.4,18202.7,320445,170,0
2024-05-14 00:00:00+00:00,18201.8,18350.95,18088.55,18328.3,433676,170,0
2024-05-15 00:00:00+00:00,18320.7,18625.22,18311.6,18612.7,427013,70,0
2024-05-16 00:00:00+00:00,18612.1,18678.62,18552.0,18556.85,426752,70,0
2024-05-17 00:00:00+00:00,18567.45,18607.6,18465.97,18554.45,372109,70,0
2024-05-20 00:00:00+00:00,18566.55,18724.7,18565.55,18674.3,309234,70,0
2024-05-21 00:00:00+00:00,18678.05,18742.7,18610.82,18732.8,286705,70,0
2024-05-22 00:00:00+00:00,18732.45,18827.7,18620.22,18752.7,372047,70,0
2024-05-23 00:00:00+00:00,18809.95,18962.85,18562.85,18627.65,493862,0,0
2024-05-24 00:00:00+00:00,18618.1,18871.92,18617.6,18815.4,381861,0,0
2024-05-27 00:00:00+00:00,18826.55,18910.07,18788.2,18906.2,66615,70,0
2024-05-28 00:00:00+00:00,18910.85,18937.6,18775.6,18910.3,430898,0,0
2024-05-29 00:00:00+00:00,18911.3,18912.05,18703.95,18710.8,413948,0,0
2024-05-30 00:00:00+00:00,18708.4,18753.75,18515.12,18561.85,428696,0,0
2024-05-31 00:00:00+00:00,18554.1,18636.25,18209.45,18539.35,510904,0,0
2024-06-03 00:00:00+00:00,18541.5,18733.15,18411.4,18639.25,483408,0,0
2024-06-04 00:00:00+00:00,18634.2,18732.1,18490.6,18684.45,462556,0,0
2024-06-05 00:00:00+00:00,18689.4,19072.8,18678.3,19069.65,365267,0,0
2024-06-06 00:00:00+00:00,19071.2,19107.1,19001.85,19052.95,428001,0,0
2024-06-07 00:00:00+00:00,19043.95,19140.1,18924.35,19015.95,471480,0,0
2024-06-10 00:00:00+00:00,18996.7,19123.05,18967.5,19100.7,437327,0,0
2024-06-11 00:00:00+00:00,19080.6,19253.55,18991.05,19244.15,455918,70,0
2024-06-12 00:00:00+00:00,19225.3,19611.45,19225.3,19608.05,503132,8,0
2024-06-13 00:00:00+00:00,19598.55,19688.3,19502.2,19609.8,451866,70,0
2024-06-14 00:00:00+00:00,19605.3,19699.9,19503.45,19697.25,465696,25,0
2024-06-17 00:00:00+00:00,19703.5,20020.4,19652.77,19936.25,516790,0,0
2024-06-18 00:00:00+00:00,19938.5,20019.5,19878.85,19962.0,424262,70,0
2024-06-19 00:00:00+00:00,19962.05,20007.32,19959.2,19998.07,59400,70,0
2024-06-20 00:00:00+00:00,19990.3,20129.7,19719.95,19813.8,591574,0,0
2024-06-21 00:00:00+00:00,19808.8,19849.2,19677.32,19772.8,435949,70,0
2024-06-24 00:00:00+00:00,19793.4,19799.3,19497.55,19521.9,520489,70,0
2024-06-25 00:00:00+00:00,19525.4,19753.05,19499.05,19740.4,449172,45,0
2024-06-26 00:00:00+00:00,19745.8,19843.45,19674.95,19725.05,479144,70,0
2024-06-27 00:00:00+00:00,19722.8,19891.25,19649.95,19842.8,467668,70,0
2024-06-28 00:00:00+00:00,19845.95,20047.65,19680.85,19740.45,510349,70,0
2024-07-01 00:00:00+00:00,19753.65,19858.3,19595.05,19825.65,548316,70,0
2024-07-02 00:00:00+00:00,19827.65,20044.92,19696.05,20026.15,490272,32,0
2024-07-03 00:00:00+00:00,20023.4,20223.42,19991.9,20207.3,314410,70,0
2024-07-04 00:00:00+00:00,20200.35,20208.75,20161.12,20171.45,58928,70,0
2024-07-05 00:00:00+00:00,20159.25,20429.65,20151.25,20379.5,444883,70,0
2024-07-08 00:00:00+00:00,20383.35,20486.37,20377.5,20482.6,413117,70,0
2024-07-09 00:00:00+00:00,20481.35,20574.25,20418.55,20489.1,462958,70,0
2024-07-10 00:00:00+00:00,20490.45,20719.35,20489.1,20698.95,419722,70,0
2024-07-11 00:00:00+00:00,20700.45,20789.25,20187.97,20242.2,548174,70,0
2024-07-12 00:00:00+00:00,20233.65,20553.15,20142.2,20352.75,547841,70,0
2024-07-15 00:00:00+00:00,20411.5,20612.5,20323.2,20443.85,522671,70,0
2024-07-16 00:00:00+00:00,20449.6,20506.0,20286.75,20410.6,519242,70,0
2024-07-17 00:00:00+00:00,20407.35,20420.75,19791.25,19841.85,642212,45,0
2024-07-18 00:00:00+00:00,19859.25,19991.15,19586.65,19761.75,721971,70,0
2024-07-19 00:00:00+00:00,19786.05,19809.2,19483.32,19532.3,604207,0,0
2024-07-22 00:00:00+00:00,19579.35,19885.87,19558.75,19819.6,517278,70,0
2024-07-23 00:00:00+00:00,19821.0,19926.52,19710.4,19788.0,472768,70,0
2024-07-24 00:00:00+00:00,19675.35,19698.35,19018.75,19117.35,544286,45,0
2024-07-25 00:00:00+00:00,19114.65,19241.8,18734.8,18847.65,789990,70,0
2024-07-26 00:00:00+00:00,18859.45,19152.1,18850.6,19029.7,602469,0,0
2024-07-29 00:00:00+00:00,19037.1,19240.0,18976.5,19084.6,542915,70,0
2024-07-30 00:00:00+00:00,19080.45,19184.85,18590.7,18725.7,591424,0,0
2024-07-31 00:00:00+00:00,18741.4,19511.4,18728.4,19448.65,650926,45,0
2024-08-01 00:00:00+00:00,19461.1,19585.6,18724.4,18839.35,841145,45,0
2024-08-02 00:00:00+00:00,18828.35,18853.1,18271.35,18393.45,882404,15,0
2024-08-05 00:00:00+00:00,18256.0,18279.55,17246.8,18039.3,751018,0,0
2024-08-06 00:00:00+00:00,18070.3,18380.7,17864.95,17998.05,748182,0,0
2024-08-07 00:00:00+00:00,17934.9,18458.25,17737.8,17755.9,779092,0,0
2024-08-08 00:00:00+00:00,17794.0,18496.15,17649.25,18460.75,659465,0,0
2024-08-09 00:00:00+00:00,18445.65,18578.55,18288.65,18505.15,605911,70,0
2024-08-12 00:00:00+00:00,18497.2,18673.6,18422.95,18534.7,447636,70,0
2024-08-13 00:00:00+00:00,18557.1,19032.5,18541.0,19010.85,408396,70,0
2024-08-14 00:00:00+00:00,19015.6,19116.87,18838.45,19061.1,453020,70,0
2024-08-15 00:00:00+00:00,19056.1,19517.47,19014.75,19482.4,401267,70,0
2024-08-16 00:00:00+00:00,19478.55,19595.95,19359.8,19517.8,400390,70,0
2024-08-19 00:00:00+00:00,19556.7,19794.35,19448.35,19775.45,353238,70,0
2024-08-20 00:00:00+00:00,19790.25,19856.15,19668.4,19729.4,379238,70,0
2024-08-21 00:00:00+00:00,19726.25,19910.9,19699.9,19846.25,387769,70,0
2024-08-22 00:00:00+00:00,19850.6,19956.0,19474.8,19544.45,485207,70,0
2024-08-23 00:00:00+00:00,19548.6,19839.0,19528.5,19712.6,470654,70,0
2024-08-26 00:00:00+00:00,19729.15,19790.05,19451.3,19494.15,425061,70,0
2024-08-27 00:00:00+00:00,19503.9,19643.67,19390.42,19583.65,394113,70,0
2024-08-28 00:00:00+00:00,19590.45,19641.85,19179.7,19262.95,445369,70,0
2024-08-29 00:00:00+00:00,19158.95,19647.1,19095.95,19400.7,581690,70,0
2024-08-30 00:00:00+00:00,19403.2,19588.47,19325.6,19550.45,447565,70,0
2024-09-02 00:00:00+00:00,19565.85,19636.25,19478.0,19612.85,95608,70,0
2024-09-03 00:00:00+00:00,19620.5,19651.65,18884.02,18965.25,528402,70,0
2024-09-04 00:00:00+00:00,18962.45,19090.6,18801.1,18937.7,776518,70,0
2024-09-05 00:00:00+00:00,18951.55,19127.45,18803.7,18898.2,536918,57,0
2024-09-06 00:00:00+00:00,18893.2,18946.25,18312.6,18351.45,648822,70,0
2024-09-09 00:00:00+00:00,18412.2,18718.1,18370.45,18705.95,490650,70,0
2024-09-10 00:00:00+00:00,18716.55,18864.2,18568.45,18821.05,478526,70,0
2024-09-11 00:00:00+00:00,18829.85,19283.5,18535.5,19237.1,614470,70,0
2024-09-12 00:00:00+00:00,19227.1,19477.62,19179.75,19407.85,524888,70,0
2024-09-13 00:00:00+00:00,19410.35,19572.55,19393.5,19497.2,404056,10,0
2024-09-16 00:00:00+00:00,19500.25,19549.9,19297.65,19416.0,298161,70,0
2024-09-17 00:00:00+00:00,19422.2,19619.1,19343.1,19453.2,465145,70,0
2024-09-18 00:00:00+00:00,19456.2,19675.5,19345.85,19415.7,445094,70,0
2024-09-19 00:00:00+00:00,19423.3,19982.57,19419.05,19843.55,502826,70,0
2024-09-20 00:00:00+00:00,19846.75,19866.9,19642.0,19797.75,385631,70,0
2024-09-23 00:00:00+00:00,19822.9,19953.05,19744.9,19854.25,369398,70,0
2024-09-24 00:00:00+00:00,19857.9,20008.42,19746.92,19978.9,379901,70,0
2024-09-25 00:00:00+00:00,19981.75,20068.45,19860.4,20038.0,373506,70,0
2024-09-26 00:00:00+00:00,20041.4,20336.55,19986.92,20142.2,419454,70,0
2024-09-27 00:00:00+00:00,20142.6,20194.25,19971.45,19991.55,436790,70,0
2024-09-30 00:00:00+00:00,20004.05,20092.6,19863.35,20038.95,463937,70,0
2024-10-01 00:00:00+00:00,20048.85,20140.0,19628.15,19771.25,530748,70,0
2024-10-02 00:00:00+00:00,19780.8,19898.95,19643.45,19865.8,475967,70,0
2024-10-03 00:00:00+00:00,19861.9,19925.85,19663.05,19770.2,486808,70,0
2024-10-04 00:00:00+00:00,19773.9,20075.25,19756.15,20014.1,491439,70,0
2024-10-07 00:00:00+00:00,20046.35,20085.6,19772.0,19840.85,441890,70,0
2024-10-08 00:00:00+00:00,19849.95,20153.85,19728.6,20110.45,434051,70,0
2024-10-09 00:00:00+00:00,20116.5,20309.9,20023.4,20275.75,394845,70,0
2024-10-10 00:00:00+00:00,20278.95,20338.35,20131.85,20262.95,419836,70,0
2024-10-11 00:00:00+00:00,20264.3,20327.35,20148.2,20246.2,350525,70,0
2024-10-14 00:00:00+00:00,20267.7,20521.85,20225.85,20479.95,334964,70,0
2024-10-15 00:00:00+00:00,20478.4,20503.55,20100.42,20179.95,436647,70,0
2024-10-16 00:00:00+00:00,20179.9,20246.55,20055.67,20174.4,384278,70,0
2024-10-17 00:00:00+00:00,20184.95,20446.35,20129.35,20235.95,446848,70,0
2024-10-18 00:00:00+00:00,20242.75,20384.22,20174.5,20338.0,340460,70,0
2024-10-21 00:00:00+00:00,20363.9,20417.05,20207.05,20400.9,369113,70,0
2024-10-22 00:00:00+00:00,20399.7,20466.85,20226.1,20384.45,382566,70,0
2024-10-23 00:00:00+00:00,20380.0,20410.4,19946.9,20143.35,445609,70,0
2024-10-24 00:00:00+00:00,20166.4,20298.55,20133.8,20262.65,388039,70,0
2024-10-25 00:00:00+00:00,20261.5,20581.15,20238.4,20350.0,411057,70,0
2024-10-28 00:00:00+00:00,20413.25,20558.9,20368.02,20389.75,404089,70,0
2024-10-29 00:00:00+00:00,20398.5,20644.9,20317.4,20592.5,416615,70,0
2024-10-30 00:00:00+00:00,20618.8,20675.95,20360.8,20396.05,456934,70,0
2024-10-31 00:00:00+00:00,20361.0,20386.25,19900.5,19929.75,529458,70,0
2024-11-01 00:00:00+00:00,19963.35,20180.65,19912.0,20063.35,496005,70,0
2024-11-04 00:00:00+00:00,20018.6,20150.25,19915.0,20014.85,472880,10,0
2024-11-05 00:00:00+00:00,20019.3,20289.0,19945.95,20266.35,406651,70,0
2024-11-06 00:00:00+00:00,20265.85,20837.9,20229.1,20825.9,586314,70,0
2024-11-07 00:00:00+00:00,20823.6,21160.8,20766.5,21130.1,414602,70,0
2024-11-08 00:00:00+00:00,21130.9,21170.05,21026.8,21131.15,377483,70,0
2024-11-11 00:00:00+00:00,21194.4,21253.95,21010.65,21122.75,385886,35,0
2024-11-12 00:00:00+00:00,21125.8,21168.2,20971.95,21093.05,453868,70,0
2024-11-13 00:00:00+00:00,21094.9,21184.05,20975.75,21082.9,459528,70,0
2024-11-14 00:00:00+00:00,21077.55,21110.2,20871.85,20902.55,499348,70,0
2024-11-15 00:00:00+00:00,20897.75,20901.25,20331.85,20429.2,539954,70,0
2024-11-18 00:00:00+00:00,20435.7,20657.55,20408.95,20564.2,460562,70,0
2024-11-19 00:00:00+00:00,20570.85,20728.37,20318.95,20690.1,516736,70,0
2024-11-20 00:00:00+00:00,20693.6,20781.72,20416.2,20675.4,466154,70,0
2024-11-21 00:00:00+00:00,20670.35,20842.45,20451.45,20730.85,632661,70,0
2024-11-22 00:00:00+00:00,20721.5,20819.15,20632.77,20818.25,544304,70,0
2024-11-25 00:00:00+00:00,20881.75,21027.6,20727.37,20848.75,448819,70,0
2024-11-26 00:00:00+00:00,20848.45,20976.1,20705.82,20949.7,486707,70,0
2024-11-27 00:00:00+00:00,20942.4,20970.02,20630.02,20761.7,422527,70,0
2024-11-28 00:00:00+00:00,20767.7,20867.67,20765.2,20848.19,61724,26,0
2024-11-29 00:00:00+00:00,20844.25,20977.99,20766.6,20951.87,264346,76,0
2024-12-02 00:00:00+00:00,20966.35,21228.59,20909.22,21179.35,411745,70,0
2024-12-03 00:00:00+00:00,21182.95,21301.6,21109.05,21297.45,372866,0,0
2024-12-04 00:00:00+00:00,21293.9,21524.02,21281.77,21491.9,371446,70,0
2024-12-05 00:00:00+00:00,21485.25,21542.92,21412.62,21428.75,378722,70,0
2024-12-06 00:00:00+00:00,21423.5,21647.12,21399.87,21612.75,389326,70,0
2024-12-09 00:00:00+00:00,21622.3,21692.77,21427.52,21464.8,416546,70,0
2024-12-10 00:00:00+00:00,21472.75,21601.35,21348.74,21431.25,403237,70,0
2024-12-11 00:00:00+00:00,21434.4,21817.82,21404.52,21754.4,391259,70,0
2024-12-12 00:00:00+00:00,21756.9,21774.02,21610.12,21638.85,374484,70,0
2024-12-13 00:00:00+00:00,21747.55,21931.0,21688.8,21792.95,393467,20,0
2024-12-16 00:00:00+00:00,21827.75,22204.74,21804.72,22164.7,371196,70,0
2024-12-17 00:00:00+00:00,22172.2,22197.57,22021.3,22081.95,510970,70,0
2024-12-18 00:00:00+00:00,22085.75,22167.87,21093.42,21242.6,556493,70,0
2024-12-19 00:00:00+00:00,21298.7,21485.53,21132.42,21195.95,715452,70,0
2024-12-20 00:00:00+00:00,21199.1,21601.97,20796.32,21342.35,749448,70,0
2024-12-23 00:00:00+00:00,21377.45,21570.82,21271.42,21531.45,540815,70,0
2024-12-24 00:00:00+00:00,21546.15,21846.77,21506.37,21843.77,293552,75,0
2024-12-26 00:00:00+00:00,21854.9,21913.02,21671.53,21784.2,409236,70,0
2024-12-27 00:00:00+00:00,21789.8,21811.42,21303.42,21524.8,534809,70,0
2024-12-30 00:00:00+00:00,21525.55,21555.02,21069.45,21203.85,543758,70,0
2024-12-31 00:00:00+00:00,21195.65,21342.27,20999.77,21052.7,513796,70,0
2025-01-02 00:00:00+00:00,21086.5,21314.37,20806.92,21005.75,751606,70,0
2025-01-03 00:00:00+00:00,21006.9,21380.39,20967.52,21311.9,466005,70,0
2025-01-06 00:00:00+00:00,21360.6,21723.45,21305.57,21610.1,526770,70,0
2025-01-07 00:00:00+00:00,21613.2,21638.8,21114.87,21210.45,628616,70,0
2025-01-08 00:00:00+00:00,21209.4,21284.77,21003.27,21162.4,260769,70,0
2025-01-09 00:00:00+00:00,21166.7,21186.57,21059.22,21143.79,59452,75,0
2025-01-10 00:00:00+00:00,21138.65,21216.62,20721.48,20842.4,151246,70,0
2025-01-13 00:00:00+00:00,20858.45,20890.32,20548.42,20844.95,161260,70,0
2025-01-14 00:00:00+00:00,20877.75,20998.37,20629.37,20831.25,147415,70,0
2025-01-15 00:00:00+00:00,20827.1,21306.42,20766.19,21230.85,119218,70,0
2025-01-16 00:00:00+00:00,21243.6,21419.97,21027.07,21068.7,145169,70,0
2025-01-17 00:00:00+00:00,21073.95,21533.79,21066.32,21445.45,132488,70,0
2025-01-20 00:00:00+00:00,21461.95,21640.79,21391.17,21545.42,85334,75,0
2025-01-21 00:00:00+00:00,21572.15,21650.27,21242.87,21640.4,149778,70,0
2025-01-22 00:00:00+00:00,21670.75,21963.37,21638.97,21855.5,122575,70,0
2025-01-23 00:00:00+00:00,21849.65,21922.02,21728.77,21894.65,123306,70,0
2025-01-24 00:00:00+00:00,21888.7,21953.52,21719.69,21782.95,127540,70,0
2025-01-27 00:00:00+00:00,21639.8,21639.8,20650.77,21192.05,201698,70,0
2025-01-28 00:00:00+00:00,21192.05,21514.07,21051.62,21446.7,161477,41,0
2025-01-29 00:00:00+00:00,21430.9,21588.02,21257.67,21463.8,440623,36,0
2025-01-30 00:00:00+00:00,21441.9,21641.84,21312.47,21501.65,649758,70,0
2025-01-31 00:00:00+00:00,21575.85,21859.17,21427.75,21464.85,653913,70,0
2025-02-03 00:00:00+00:00,20879.07,21480.95,20865.82,21454.2,873101,70,0
2025-02-04 00:00:00+00:00,21497.85,21599.39,21147.57,21486.6,552959,70,0
2025-02-05 00:00:00+00:00,21457.5,21700.47,21336.72,21675.25,525091,70,0
2025-02-06 00:00:00+00:00,21667.2,21789.82,21614.57,21752.2,468108,70,0
2025-02-07 00:00:00+00:00,21727.25,21877.32,21467.42,21488.45,594615,70,0
2025-02-10 00:00:00+00:00,21361.75,21811.24,21333.5,21753.55,404602,70,0
2025-02-11 00:00:00+00:00,21742.15,21792.42,21589.32,21711.15,422876,70,0
2025-02-12 00:00:00+00:00,21720.2,21786.35,21432.52,21785.45,498841,70,0
2025-02-13 00:00:00+00:00,21785.2,22049.69,21679.42,22000.7,529446,70,0
2025-02-14 00:00:00+00:00,21998.35,22147.97,21968.72,22127.85,448842,70,0
2025-02-17 00:00:00+00:00,22163.45,22214.57,22125.77,22167.32,88731,70,0
2025-02-18 00:00:00+00:00,22158.7,22254.75,22038.75,22159.95,463071,70,0
2025-02-19 00:00:00+00:00,22160.75,22237.77,22055.94,22160.85,492717,30,0
2025-02-20 00:00:00+00:00,22148.0,22172.3,21886.86,22071.25,534990,70,0
2025-02-21 00:00:00+00:00,22066.15,22183.14,21594.2,21600.7,549418,70,0
2025-02-24 00:00:00+00:00,21604.4,21760.48,21356.73,21376.2,648111,35,0
2025-02-25 00:00:00+00:00,21385.05,21403.83,20942.54,21147.8,782769,70,0
2025-02-26 00:00:00+00:00,21174.55,21363.16,21019.1,21227.3,650065,70,0
2025-02-27 00:00:00+00:00,21190.35,21343.4,20539.9,20589.85,853604,70,0
2025-02-28 00:00:00+00:00,20603.65,20900.3,20417.64,20866.65,882641,70,0
2025-03-03 00:00:00+00:00,20945.6,21085.34,20286.15,20499.1,939034,70,0
2025-03-04 00:00:00+00:00,20483.6,20702.9,20046.34,20504.35,1140654,70,0
2025-03-05 00:00:00+00:00,20522.6,20697.4,20188.59,20582.85,975472,70,0
2025-03-06 00:00:00+00:00,20583.25,20620.8,19985.8,20156.5,1000447,70,0
2025-03-07 00:00:00+00:00,20200.7,20269.0,19749.69,20190.2,977746,70,0
2025-03-10 00:00:00+00:00,20112.25,20145.55,19264.75,19464.45,980741,70,0
2025-03-11 00:00:00+00:00,19419.35,19681.27,19134.0,19395.0,1062414,91,0
2025-03-12 00:00:00+00:00,19416.8,19784.15,19383.85,19567.3,900057,70,0
2025-03-13 00:00:00+00:00,19577.3,19691.35,19168.62,19291.7,899838,70,0
2025-03-14 00:00:00+00:00,19296.05,19739.12,19293.75,19654.45,746971,70,0
2025-03-17 00:00:00+00:00,19634.78,19938.58,19530.58,19808.65,350459,30,0
2025-03-18 00:00:00+00:00,19812.32,19842.28,19378.6,19476.65,372635,55,0
2025-03-19 00:00:00+00:00,19483.15,19922.2,19440.1,19724.6,307030,60,0
2025-03-20 00:00:00+00:00,19730.15,19886.75,19516.0,19671.9,330830,60,0
2025-03-21 00:00:00+00:00,19682.39,19766.65,19399.85,19760.65,338352,40,0
2025-03-24 00:00:00+00:00,19857.3,20202.7,19851.0,20151.65,208582,60,0
2025-03-25 00:00:00+00:00,20157.4,20317.65,20084.25,20310.4,191485,35,0
2025-03-26 00:00:00+00:00,20311.72,20330.95,19839.6,19885.15,255955,62,0
2025-03-27 00:00:00+00:00,19825.4,19999.8,19737.3,19798.15,334437,55,0
2025-03-28 00:00:00+00:00,19796.13,19813.7,19160.35,19160.95,335387,25,0
2025-03-31 00:00:00+00:00,19177.8,19308.8,18796.25,19232.1,450272,40,0
2025-04-01 00:00:00+00:00,19226.96,19460.45,19081.1,19415.35,402714,25,0
2025-04-02 00:00:00+00:00,19422.24,19869.4,18901.25,18969.85,433064,60,0
2025-04-03 00:00:00+00:00,18850.7,19002.25,18444.4,18477.8,545400,30,0
2025-04-04 00:00:00+00:00,18500.04,18548.8,17222.6,17330.7,720041,25,0
2025-04-07 00:00:00+00:00,16630.75,18208.8,16317.5,17485.8,712552,25,0
2025-04-08 00:00:00+00:00,17520.82,18217.05,16831.6,17088.4,664912,25,0
2025-04-09 00:00:00+00:00,17071.4,19246.75,16598.75,19217.9,681968,25,0
2025-04-10 00:00:00+00:00,19148.22,19237.15,17774.55,18358.05,717969,0,0
2025-04-11 00:00:00+00:00,18352.94,18730.15,17923.85,18671.25,622505,35,0
2025-04-14 00:00:00+00:00,18982.69,19116.15,18598.6,18763.95,484735,25,0
2025-04-15 00:00:00+00:00,18759.41,19003.9,18671.6,18797.95,405783,60,0
2025-04-16 00:00:00+00:00,18576.32,18721.3,17978.35,18230.45,464874,35,0
2025-04-17 00:00:00+00:00,18280.75,18524.1,18136.2,18298.8,459850,50,0
2025-04-21 00:00:00+00:00,18210.95,18259.25,17580.85,17793.45,307336,50,0
2025-04-22 00:00:00+00:00,17800.4,18400.75,17752.55,18247.1,376033,50,0
2025-04-23 00:00:00+00:00,18541.76,19048.8,18508.35,18734.1,459722,30,0
2025-04-24 00:00:00+00:00,18711.43,19293.35,18478.6,19235.2,357618,65,0
2025-04-25 00:00:00+00:00,19298.55,19471.4,19101.4,19439.4,368538,55,0
2025-04-28 00:00:00+00:00,19400.5,19513.55,19149.35,19374.55,295744,45,0
2025-04-29 00:00:00+00:00,19374.9,19581.2,19273.05,19508.05,323267,50,0
2025-04-30 00:00:00+00:00,19485.73,19772.85,18999.6,19741.65,387558,50,0
2025-05-01 00:00:00+00:00,19741.65,20024.55,19657.55,19697.8,320714,40,0
2025-05-02 00:00:00+00:00,19680.69,20178.15,19651.15,20104.7,333732,50,0
2025-05-05 00:00:00+00:00,20079.15,20090.75,19867.9,19941.65,250749,55,0
2025-05-06 00:00:00+00:00,19926.01,19944.1,19645.0,19757.85,295652,25,0
2025-05-07 00:00:00+00:00,19718.74,20040.7,19591.05,19869.75,386854,45,0
2025-05-08 00:00:00+00:00,19841.91,20253.9,19825.35,20070.9,316537,50,0
2025-05-09 00:00:00+00:00,20083.58,20197.9,19971.8,20060.9,277737,40,0
2025-05-12 00:00:00+00:00,20376.54,20914.5,20295.8,20876.45,315306,55,0
2025-05-13 00:00:00+00:00,20868.87,21257.6,20733.4,21166.5,238805,55,0
2025-05-14 00:00:00+00:00,21169.93,21336.0,21154.2,21317.55,247950,60,0
2025-05-15 00:00:00+00:00,21293.8,21445.05,21107.65,21311.8,251666,65,0
2025-05-16 00:00:00+00:00,21306.82,21425.3,21233.15,21317.9,193945,25,0
2025-05-19 00:00:00+00:00,21238.85,21460.7,21032.5,21434.55,243818,65,0
2025-05-20 00:00:00+00:00,21434.6,21482.7,21218.45,21340.35,221069,45,0
2025-05-21 00:00:00+00:00,21341.6,21488.5,21007.65,21080.55,316833,39,0
2025-05-22 00:00:00+00:00,21075.55,21273.3,20977.35,21150.85,302999,30,0
2025-05-23 00:00:00+00:00,21157.53,21168.9,20665.05,20891.05,343134,45,0
2025-05-26 00:00:00+00:00,20910.4,21250.1,20895.65,21230.9,85388,88,0
2025-05-27 00:00:00+00:00,21230.9,21431.85,21085.45,21420.45,190512,50,0
2025-05-28 00:00:00+00:00,21413.94,21510.9,21278.7,21471.1,203415,45,0
2025-05-29 00:00:00+00:00,21447.65,21806.35,21250.5,21334.5,343763,50,0
2025-05-30 00:00:00+00:00,21309.15,21383.6,21022.4,21319.65,323170,25,0
2025-06-02 00:00:00+00:00,21261.15,21531.3,21118.35,21509.75,250618,60,0
2025-06-03 00:00:00+00:00,21511.14,21717.15,21357.7,21646.45,197671,60,0
2025-06-04 00:00:00+00:00,21644.39,21760.35,21599.2,21706.9,197039,40,0
2025-06-05 00:00:00+00:00,21706.9,21890.38,21468.45,21477.85,296825,50,0
2025-06-06 00:00:00+00:00,21453.33,21836.75,21439.9,21775.15,239515,40,0
2025-06-09 00:00:00+00:00,21777.8,21854.7,21683.65,21788.3,168241,50,0
2025-06-10 00:00:00+00:00,21802.98,21965.05,21704.5,21924.65,214582,50,0
2025-06-11 00:00:00+00:00,21922.07,22070.35,21763.75,21855.15,257118,25,0
2025-06-12 00:00:00+00:00,21842.5,21954.25,21695.8,21885.9,210660,55,0
2025-06-13 00:00:00+00:00,21890.71,21891.71,21451.15,21632.5,351383,60,0
2025-06-16 00:00:00+00:00,21539.15,21987.45,21515.4,21929.05,189669,70,0
2025-06-17 00:00:00+00:00,21927.4,21935.0,21666.85,21709.55,253914,30,0
2025-06-18 00:00:00+00:00,21693.81,21861.85,21628.15,21725.5,229445,30,0
2025-06-19 00:00:00+00:00,21730.59,21732.15,21422.8,21476.25,103249,60,0
2025-06-20 00:00:00+00:00,21535.7,21905.95,21524.35,21648.85,252923,25,0
2025-06-23 00:00:00+00:00,21357.4,21877.0,21347.15,21856.55,272394,45,0
2025-06-24 00:00:00+00:00,21849.65,22225.5,21846.3,22186.0,186313,55,0
2025-06-25 00:00:00+00:00,22181.97,22326.6,22163.6,22251.7,151100,55,0
2025-06-26 00:00:00+00:00,22238.69,22475.75,22218.45,22455.35,138421,70,0
2025-06-27 00:00:00+00:00,22460.75,22602.6,22382.45,22523.25,172323,25,0
2025-06-30 00:00:00+00:00,22544.0,22718.2,22539.9,22652.0,151112,60,0
2025-07-01 00:00:00+00:00,22654.08,22697.9,22379.5,22476.45,192092,55,0
2025-07-02 00:00:00+00:00,22464.65,22644.4,22373.0,22641.25,158689,65,0
2025-07-03 00:00:00+00:00,22633.73,22890.8,22617.95,22849.45,100091,88,0
2025-07-04 00:00:00+00:00,22841.15,22859.75,22679.4,22703.8,64265,88,0
2025-07-07 00:00:00+00:00,22703.8,22822.0,22578.6,22636.8,200178,55,0
2025-07-08 00:00:00+00:00,22640.27,22776.25,22612.35,22708.55,166041,75,0
2025-07-09 00:00:00+00:00,22712.05,22918.1,22648.4,22851.35,150546,75,0
2025-07-10 00:00:00+00:00,22844.81,22898.9,22710.9,22819.7,134099,75,0
2025-07-11 00:00:00+00:00,22825.07,22860.85,22643.8,22750.85,186369,55,0
2025-07-14 00:00:00+00:00,22663.27,22884.7,22620.02,22857.05,148439,70,0
2025-07-15 00:00:00+00:00,22854.31,23048.2,22820.15,22844.3,200925,60,0
2025-07-16 00:00:00+00:00,22849.31,22928.15,22665.05,22891.85,208861,75,0
2025-07-17 00:00:00+00:00,22896.68,23106.35,22847.95,23093.9,132256,65,0
2025-07-18 00:00:00+00:00,23082.56,23149.45,23000.75,23059.35,128709,65,0
2025-07-21 00:00:00+00:00,23051.49,23265.5,23032.24,23189.55,97827,65,0
2025-07-22 00:00:00+00:00,23181.23,23208.1,22951.85,23040.25,157756,65,0
2025-07-23 00:00:00+00:00,23037.96,23264.05,22994.5,23258.95,170110,55,0
2025-07-24 00:00:00+00:00,23245.45,23270.9,23147.1,23243.5,134605,60,0
2025-07-25 00:00:00+00:00,23243.64,23327.2,23177.0,23298.95,100512,55,0
2025-07-28 00:00:00+00:00,23386.6,23441.85,23298.2,23367.1,116306,65,0
2025-07-29 00:00:00+00:00,23370.04,23515.25,23285.75,23315.7,137719,65,0
2025-07-30 00:00:00+00:00,23316.5,23553.65,23223.3,23527.25,179370,55,0
2025-07-31 00:00:00+00:00,23569.3,23711.05,23158.15,23196.0,247335,45,0
2025-08-01 00:00:00+00:00,23196.0,23212.75,22659.4,22739.5,357844,40,0
2025-08-04 00:00:00+00:00,22738.65,23230.8,22700.6,23229.8,176571,55,0
2025-08-05 00:00:00+00:00,23237.15,23286.05,22970.65,22977.0,213026,30,0
2025-08-06 00:00:00+00:00,22986.79,23331.85,22935.45,23300.6,196901,60,0
2025-08-07 00:00:00+00:00,23317.79,23557.75,23217.4,23409.4,250521,60,0
2025-08-08 00:00:00+00:00,23421.74,23660.9,23396.9,23658.9,144308,40,0
2025-08-11 00:00:00+00:00,23656.95,23699.75,23484.15,23524.7,303918,50,0
2025-08-12 00:00:00+00:00,23524.7,23849.2,23495.95,23845.9,361899,50,0
2025-08-13 00:00:00+00:00,23845.9,23967.0,23785.7,23826.85,154603,50,0
2025-08-14 00:00:00+00:00,23838.69,23905.6,23695.4,23792.5,176677,40,0
2025-08-15 00:00:00+00:00,23784.29,23863.35,23635.5,23697.3,163656,25,0
2025-08-18 00:00:00+00:00,23727.45,23792.85,23630.55,23700.05,141162,100,0
2025-08-19 00:00:00+00:00,23707.73,23750.7,23339.8,23386.45,185689,100,0
2025-08-20 00:00:00+00:00,23376.68,23402.65,22952.55,23236.2,258831,100,0
2025-08-21 00:00:00+00:00,23238.02,23286.3,23037.2,23139.25,228441,100,0
2025-08-22 00:00:00+00:00,23145.19,23578.7,23012.55,23514.55,516344,0,0
2025-08-25 00:00:00+00:00,23515.0,23539.2,23368.45,23426.05,146712,100,0
2025-08-26 00:00:00+00:00,23433.83,23541.35,23302.25,23538.15,172046,100,0
2025-08-27 00:00:00+00:00,23537.71,23602.85,23366.35,23472.5,135843,100,0
2025-08-28 00:00:00+00:00,23478.0,23739.5,23424.55,23699.5,169550,100,0
2025-08-29 00:00:00+00:00,23694.25,23699.8,23339.6,23392.85,191689,100,0
2025-09-01 00:00:00+00:00,23433.4,23504.75,23323.1,23454.4,57115,100,0
2025-09-02 00:00:00+00:00,23447.8,23454.1,22978.0,23331.05,266280,100,0
2025-09-03 00:00:00+00:00,23336.9,23478.5,23253.45,23408.85,207965,100,0
2025-09-04 00:00:00+00:00,23409.58,23661.6,23363.95,23636.85,166599,100,0
2025-09-05 00:00:00+00:00,23655.87,23856.15,23460.05,23627.9,265038,100,0
2025-09-08 00:00:00+00:00,23639.05,23848.85,23614.1,23759.1,156989,100,0
2025-09-09 00:00:00+00:00,23759.8,23879.7,23690.15,23853.45,156534,100,0
2025-09-10 00:00:00+00:00,23865.75,24005.9,23753.25,23825.85,171017,100,0
2025-09-11 00:00:00+00:00,23825.7,24013.4,23825.5,23974.5,154375,100,0
2025-09-12 00:00:00+00:00,23996.35,24128.65,23938.3,24084.7,119133,100,0
2025-09-15 00:00:00+00:00,24096.85,24296.5,24056.8,24279.75,278712,0,0
2025-09-16 00:00:00+00:00,24270.9,24387.85,24244.2,24271.95,317153,100,0
2025-09-17 00:00:00+00:00,24281.75,24302.45,23992.2,24248.2,434896,100,0
2025-09-18 00:00:00+00:00,24251.55,24568.1,24248.3,24464.05,401472,100,0
2025-09-19 00:00:00+00:00,24466.4,24643.0,24408.23,24609.75,357799,100,0
2025-09-22 00:00:00+00:00,24602.17,24778.9,24499.2,24751.22,326499,100,0
2025-09-23 00:00:00+00:00,24755.47,24783.75,24534.3,24592.12,370722,100,0
2025-09-24 00:00:00+00:00,24601.32,24672.45,24386.4,24506.92,361340,100,0
2025-09-25 00:00:00+00:00,24510.12,24553.05,24183.2,24396.82,500483,100,0
2025-09-26 00:00:00+00:00,24397.62,24519.15,24288.58,24488.3,527758,100,0
2025-09-29 00:00:00+00:00,24498.52,24749.4,24498.12,24583.02,362641,100,0
2025-09-30 00:00:00+00:00,24589.8,24689.5,24498.2,24611.6,456301,100,0
2025-10-01 00:00:00+00:00,24611.8,24813.9,24412.7,24783.12,416627,100,0
2025-10-02 00:00:00+00:00,24785.95,24964.3,24778.5,24887.07,374399,100,0
2025-10-03 00:00:00+00:00,24884.62,24986.05,24714.5,24768.77,401309,100,0
2025-10-06 00:00:00+00:00,24816.47,25045.4,24806.8,24975.77,401988,100,0
2025-10-07 00:00:00+00:00,24980.47,25067.9,24778.7,24848.82,433512,100,0
2025-10-08 00:00:00+00:00,24857.07,25162.3,24825.1,25154.17,344533,100,0
2025-10-09 00:00:00+00:00,25153.2,25193.3,24965.0,25087.82,396764,100,0
2025-10-10 00:00:00+00:00,25098.87,25199.9,23969.15,23996.67,774101,100,0
2025-10-13 00:00:00+00:00,24527.4,24783.95,24436.0,24730.37,649338,100,0
2025-10-14 00:00:00+00:00,24724.52,24866.2,24245.7,24574.62,822318,100,0
2025-10-15 00:00:00+00:00,24578.02,24939.5,24489.1,24762.95,664829,100,0
2025-10-16 00:00:00+00:00,24765.45,25006.6,24471.4,24615.97,835548,100,0
2025-10-17 00:00:00+00:00,24614.45,24884.9,24242.3,24861.42,923172,100,0
2025-10-20 00:00:00+00:00,24923.5,25186.7,24788.5,25157.32,426592,100,0
2025-10-21 00:00:00+00:00,25156.55,25203.05,25038.4,25098.02,429817,100,0
2025-10-22 00:00:00+00:00,25120.72,25176.3,24643.6,24877.07,648228,100,0
2025-10-23 00:00:00+00:00,24850.75,25137.95,24781.65,25122.67,528355,100,0
2025-10-24 00:00:00+00:00,25122.75,25419.3,25121.07,25354.42,397772,100,0
2025-10-27 00:00:00+00:00,25607.1,25865.95,25554.0,25856.62,334763,100,0
2025-10-28 00:00:00+00:00,25856.82,26086.1,25799.2,26026.17,364191,100,0
2025-10-29 00:00:00+00:00,26037.77,26235.7,25906.4,26079.87,513392,100,0
2025-10-30 00:00:00+00:00,26032.31,26258.9,25713.1,26005.27,820418,100,0
2025-10-31 00:00:00+00:00,26019.87,26136.7,25753.0,25841.27,626743,100,0
2025-11-03 00:00:00+00:00,25886.52,26131.0,25881.5,25976.52,541338,100,0
2025-11-04 00:00:00+00:00,25970.36,25970.36,25393.35,25444.57,719743,100,0
2025-11-05 00:00:00+00:00,25427.39,25750.8,25156.3,25598.7,701663,100,0
2025-11-06 00:00:00+00:00,25613.44,25698.2,25078.1,25189.0,798803,100,0
2025-11-07 00:00:00+00:00,25195.3,25243.0,24599.7,25108.72,920533,100,0
2025-11-10 00:00:00+00:00,25264.97,25656.05,25163.1,25615.32,596626,100,0
2025-11-11 00:00:00+00:00,25629.65,25667.8,25375.7,25559.62,607309,100,0
2025-11-12 00:00:00+00:00,25564.65,25725.8,25385.0,25522.62,659655,100,0
2025-11-13 00:00:00+00:00,25514.37,25620.7,24902.4,24982.75,917913,100,0
2025-11-14 00:00:00+00:00,25005.1,25198.6,24530.2,25053.02,1020673,100,0
2025-11-17 00:00:00+00:00,25043.7,25274.1,24644.7,24821.12,911327,100,0
2025-11-18 00:00:00+00:00,24813.35,24873.1,24293.9,24450.62,1170295,100,0
2025-11-19 00:00:00+00:00,24484.23,24903.3,24363.2,24875.75,1077090,100,0
2025-11-20 00:00:00+00:00,24877.87,25224.0,23986.0,23986.37,1143892,100,0
2025-11-21 00:00:00+00:00,24025.82,24521.5,23823.78,24261.72,1269826,100,0
2025-11-24 00:00:00+00:00,24465.35,24919.75,24292.8,24884.32,793851,100,0
2025-11-25 00:00:00+00:00,24881.8,25067.15,24531.6,24978.62,783302,100,0
2025-11-26 00:00:00+00:00,24997.61,25312.1,24991.77,25237.87,573761,100,0
2025-11-27 00:00:00+00:00,25244.85,25277.2,25223.6,25233.6,135801,100,0
2025-11-28 00:00:00+00:00,25233.89,25443.3,25233.89,25413.1,157395,100,0
2025-12-01 00:00:00+00:00,25460.0,25477.5,25143.4,25335.12,711753,100,0
2025-12-02 00:00:00+00:00,25352.24,25619.7,25275.0,25546.37,623357,100,0
2025-12-03 00:00:00+00:00,25561.27,25638.6,25369.38,25590.62,514623,100,0
2025-12-04 00:00:00+00:00,25594.26,25686.95,25435.6,25576.12,536046,100,0
2025-12-05 00:00:00+00:00,25576.82,25825.65,25537.45,25680.65,486356,100,0
2025-12-08 00:00:00+00:00,25701.27,25823.5,25528.4,25656.12,471292,100,0
2025-12-09 00:00:00+00:00,25663.88,25700.7,25526.2,25632.37,442938,100,0
2025-12-10 00:00:00+00:00,25645.82,25838.1,25498.5,25761.37,691429,0,0
2025-12-11 00:00:00+00:00,25733.09,25835.95,25355.8,25795.47,636329,100,0
2025-12-12 00:00:00+00:00,25668.74,25708.5,25101.6,25176.77,673680,100,0
2025-12-15 00:00:00+00:00,25207.65,25394.75,25020.3,25076.12,656506,100,0
2025-12-16 00:00:00+00:00,25082.89,25176.95,24809.3,25053.37,799495,100,0
2025-12-17 00:00:00+00:00,25085.68,25257.5,24652.55,24692.87,738093,100,0
2025-12-18 00:00:00+00:00,24729.0,25177.0,24666.4,24979.62,719460,100,0
2025-12-19 00:00:00+00:00,25015.16,25362.9,24968.7,25352.15,545770,100,0
2025-12-22 00:00:00+00:00,25395.02,25557.1,25392.4,25453.25,359464,100,0
2025-12-23 00:00:00+00:00,25468.46,25589.35,25373.25,25572.87,315590,100,0
2025-12-24 00:00:00+00:00,25572.75,25665.3,25551.45,25633.31,152411,100,0
2025-12-26 00:00:00+00:00,25649.78,25713.3,25613.0,25624.77,241211,100,0
2025-12-29 00:00:00+00:00,25644.52,25679.1,25435.2,25525.37,376808,100,0
2025-12-30 00:00:00+00:00,25529.7,25581.1,25456.75,25460.12,295444,100,0
2025-12-31 00:00:00+00:00,25466.7,25506.35,25213.65,25221.0,322709,100,0
2026-01-02 00:00:00+00:00,25275.99,25593.55,25075.0,25188.02,557403,100,0
2026-01-05 00:00:00+00:00,25229.9,25525.6,25221.65,25382.5,502234,100,0
2026-01-06 00:00:00+00:00,25394.96,25651.25,25335.28,25638.5,420440,100,0
2026-01-07 00:00:00+00:00,25641.65,25815.5,25541.66,25645.12,407738,100,0
2026-01-08 00:00:00+00:00,25658.5,25671.2,25390.33,25527.87,530330,100,0
2026-01-09 00:00:00+00:00,25540.92,25811.65,25440.1,25753.65,488445,100,0
2026-01-12 00:00:00+00:00,25766.02,25851.6,25464.4,25767.25,484044,100,0
2026-01-13 00:00:00+00:00,25782.65,25879.55,25639.45,25723.37,559946,100,0
2026-01-14 00:00:00+00:00,25727.21,25762.45,25262.15,25440.87,632753,100,0
2026-01-15 00:00:00+00:00,25426.74,25791.7,25402.0,25540.12,605983,100,0
2026-01-16 00:00:00+00:00,25548.94,25734.9,25435.4,25511.77,487223,100,0
2026-01-19 00:00:00+00:00,25296.4,25322.8,25080.7,25230.85,398399,100,0
2026-01-20 00:00:00+00:00,25220.02,25284.9,24935.45,24976.75,882900,100,0
2026-01-21 00:00:00+00:00,24988.07,25507.3,24881.5,25352.37,888283,100,0
2026-01-22 00:00:00+00:00,25387.32,25597.55,25341.5,25470.87,659792,100,0
2026-01-23 00:00:00+00:00,25463.38,25710.5,25398.78,25530.97,598910,100,0
2026-01-26 00:00:00+00:00,25316.0,25800.7,25255.35,25721.4,593154,100,0
2026-01-27 00:00:00+00:00,25726.59,25986.75,25711.4,25972.9,442171,100,0
2026-01-28 00:00:00+00:00,25978.16,26219.9,25861.62,26132.72,600674,100,0
2026-01-29 00:00:00+00:00,26151.18,26167.25,25409.3,25850.02,956094,100,0
2026-01-30 00:00:00+00:00,25871.02,25891.65,25444.6,25512.52,1154652,110,0
2026-02-02 00:00:00+00:00,25405.85,25833.7,25070.35,25752.15,960851,100,0
2026-02-03 00:00:00+00:00,25763.95,25915.3,25111.25,25304.02,936608,100,0
2026-02-04 00:00:00+00:00,25272.65,25409.15,24678.55,25003.61,1041712,100,0
2026-02-05 00:00:00+00:00,24951.03,25062.02,24300.52,24318.52,1235704,110,0
2026-02-06 00:00:00+00:00,24311.98,25119.23,24143.75,25005.65,958654,100,0
2026-02-09 00:00:00+00:00,25082.34,25340.2,24870.35,25268.52,796812,100,0
2026-02-10 00:00:00+00:00,25286.43,25359.75,25110.35,25170.02,747002,100,0
2026-02-11 00:00:00+00:00,25172.65,25380.4,24973.6,25193.92,777589,100,0
2026-02-12 00:00:00+00:00,25202.16,25338.55,24640.5,24741.17,878157,100,0
2026-02-13 00:00:00+00:00,24758.1,24920.95,24504.7,24687.55,1063458,100,0
2026-02-16 00:00:00+00:00,24747.37,24852.95,24601.25,24671.25,314994,100,0
2026-02-17 00:00:00+00:00,24675.2,24820.85,24380.8,24694.67,910733,110,0
2026-02-18 00:00:00+00:00,24704.31,25061.85,24634.42,24868.92,672878,100,0
2026-02-19 00:00:00+00:00,24874.97,24984.56,24682.25,24766.67,797527,100,0
2026-02-20 00:00:00+00:00,24776.68,25078.55,24618.3,25014.67,844623,100,0
2026-02-23 00:00:00+00:00,24989.35,25004.65,24610.4,24727.17,808551,100,0
2026-02-24 00:00:00+00:00,24735.05,25022.5,24642.3,24964.55,721085,100,0
2026-02-25 00:00:00+00:00,24965.55,25441.8,24941.55,25408.92,584614,100,0
2026-02-26 00:00:00+00:00,25341.15,25369.05,24815.65,24980.17,776452,100,0
2026-02-27 00:00:00+00:00,24975.69,25056.95,24740.9,24903.67,860643,100,0
2026-03-02 00:00:00+00:00,24637.12,25061.1,24438.55,24956.02,997760,110,0
2026-03-03 00:00:00+00:00,24960.6,24971.85,24314.65,24672.52,1287620,100,0
2026-03-04 00:00:00+00:00,24675.56,25181.5,24463.65,25102.02,1176206,100,0
2026-03-05 00:00:00+00:00,25119.91,25207.85,24740.7,24970.65,1222998,110,0
2026-03-06 00:00:00+00:00,24983.34,25109.95,24570.5,24626.17,1125307,100,0
2026-03-09 00:00:00+00:00,24422.0,25026.25,23976.85,24931.27,1251394,100,0
2026-03-10 00:00:00+00:00,24950.63,25190.0,24800.35,24981.4,1130397,100,0
2026-03-11 00:00:00+00:00,24985.84,25153.85,24847.8,24921.62,872302,100,0
2026-03-12 00:00:00+00:00,24923.84,24926.77,24497.77,24548.62,982562,100,0
2026-03-13 00:00:00+00:00,24546.05,24786.85,24314.37,24316.12,960285,100,0
2026-03-16 00:00:00+00:00,24306.77,24809.35,24285.75,24649.87,899222,100,0
2026-03-17 00:00:00+00:00,24645.87,24882.25,24504.75,24802.87,699793,100,0
2026-03-18 00:00:00+00:00,24797.58,24981.95,24340.77,24381.37,741061,100,0
2026-03-19 00:00:00+00:00,24386.36,24500.35,24103.05,24393.62,1054701,100,0
2026-03-20 00:00:00+00:00,24412.63,24443.05,23753.6,23998.62,908067,100,0
2026-03-23 00:00:00+00:00,23719.15,24550.85,23562.15,24189.75,1282743,100,0
2026-03-24 00:00:00+00:00,24194.86,24331.45,23921.65,24187.42,1153097,100,0
2026-03-25 00:00:00+00:00,24214.15,24329.15,24076.65,24161.42,878066,100,0
2026-03-26 00:00:00+00:00,24162.43,24212.65,23556.82,23612.67,903587,100,0
2026-03-27 00:00:00+00:00,23631.66,23780.35,23033.02,23055.0,883991,100,0
2026-03-30 00:00:00+00:00,22994.77,23391.35,22842.1,22923.62,949777,100,0
2026-03-31 00:00:00+00:00,22931.02,23789.85,22779.85,23722.12,1110327,100,0
2026-04-01 00:00:00+00:00,23705.97,24166.45,23698.27,24004.87,875289,100,0
2026-04-02 00:00:00+00:00,24002.24,24082.35,23489.25,24037.87,361656,110,0
2026-04-03 00:00:00+00:00,24037.11,24079.25,23932.35,23953.61,69891,100,0
2026-04-06 00:00:00+00:00,23889.02,24276.45,23803.65,24171.87,234630,100,0
2026-04-07 00:00:00+00:00,24175.84,24276.77,23771.85,24225.12,247247,100,0
2026-04-08 00:00:00+00:00,24339.72,25086.35,24205.27,24868.08,270342,100,0
2026-04-09 00:00:00+00:00,24866.3,25096.43,24780.55,25072.01,226873,100,0
2026-04-10 00:00:00+00:00,25062.87,25227.55,25028.15,25159.58,210313,100,0
2026-04-13 00:00:00+00:00,24774.73,25422.35,24753.98,25416.37,240759,100,0
2026-04-14 00:00:00+00:00,25409.4,25836.93,25398.85,25825.33,187751,100,0
2026-04-15 00:00:00+00:00,25820.05,26213.5,25771.65,26196.58,202738,100,0
2026-04-16 00:00:00+00:00,26183.55,26401.05,26115.65,26295.7,197734,100,0
2026-04-17 00:00:00+00:00,26296.8,26722.15,26284.5,26678.16,197484,100,0
2026-04-20 00:00:00+00:00,26413.85,26668.05,26375.88,26614.58,242556,100,0
2026-04-21 00:00:00+00:00,26618.12,26746.35,26393.99,26564.95,202143,100,0
2026-04-22 00:00:00+00:00,26579.43,26978.55,26573.68,26951.41,205748,100,0
2026-04-23 00:00:00+00:00,26916.57,27004.95,26531.45,26790.4,251327,100,0
2026-04-24 00:00:00+00:00,26851.51,27318.25,26851.51,27294.95,233815,100,0
2026-04-27 00:00:00+00:00,27270.2,27406.75,27164.85,27278.46,236718,100,0
2026-04-28 00:00:00+00:00,27287.58,27377.15,26875.55,27055.11,245101,100,0
2026-04-29 00:00:00+00:00,27069.74,27275.26,26964.81,27017.2,229646,100,0
2026-04-30 00:00:00+00:00,27084.56,27491.35,27032.85,27466.12,281924,100,0
2026-05-01 00:00:00+00:00,27498.75,27788.75,27408.45,27651.0,206134,100,0
2026-05-04 00:00:00+00:00,27759.8,27847.95,27498.55,27616.63,263762,100,0
2026-05-05 00:00:00+00:00,27629.47,28122.03,27614.75,28082.63,211175,100,0
2026-05-06 00:00:00+00:00,28130.72,28678.15,28125.99,28591.72,262628,100,0
2026-05-07 00:00:00+00:00,28539.0,28826.8,28436.65,28522.23,246698,100,0
2026-05-08 00:00:00+00:00,28439.2,29266.85,28421.14,29212.13,227800,100,0
2026-05-11 00:00:00+00:00,29189.87,29370.95,29112.1,29284.16,263743,100,0
2026-05-12 00:00:00+00:00,29287.07,29350.15,28636.65,29023.39,255382,100,0
2026-05-13 00:00:00+00:00,29034.49,29459.05,28952.65,29425.97,247577,100,0
2026-05-14 00:00:00+00:00,29430.99,29676.5,29343.05,29580.1,249626,100,0
2026-05-15 00:00:00+00:00,29582.95,29625.85,28988.35,29066.2,293598,100,0
2026-05-18 00:00:00+00:00,29084.41,29321.95,28718.25,28978.08,318316,110,0
2026-05-19 00:00:00+00:00,28994.41,29089.85,28567.05,28801.33,294218,100,0
2026-05-20 00:00:00+00:00,28836.33,29305.05,28708.35,29184.45,278353,100,0
2026-05-21 00:00:00+00:00,29162.31,29461.4,29022.75,29360.64,261404,100,0
2026-05-22 00:00:00+00:00,29360.13,29669.55,29355.15,29432.51,248481,100,0
2026-05-25 00:00:00+00:00,29613.93,29917.95,29611.81,29884.85,135545,100,0
2026-05-26 00:00:00+00:00,29894.2,30045.15,29670.51,29964.67,232859,100,0
2026-05-27 00:00:00+00:00,29983.84,30306.45,29809.65,30049.56,238765,100,0
2026-05-28 00:00:00+00:00,30046.29,30267.6,29695.95,30242.46,254171,100,0
2026-05-29 00:00:00+00:00,30250.13,30461.15,30137.25,30311.65,230545,100,0
2026-06-01 00:00:00+00:00,30357.73,30632.85,30230.65,30455.19,254936,100,0
2026-06-02 00:00:00+00:00,30479.13,30702.67,30262.65,30682.63,240220,100,0
2026-06-03 00:00:00+00:00,30688.27,30759.25,30426.15,30442.99,244106,100,0
2026-06-04 00:00:00+00:00,30384.64,30545.2,30097.35,30343.25,278026,100,0
2026-06-05 00:00:00+00:00,30358.56,30358.56,28725.05,28768.67,287339,100,0
2026-06-08 00:00:00+00:00,28817.19,29700.65,28773.15,29385.98,325919,110,0
2026-06-09 00:00:00+00:00,29391.01,29807.25,28188.95,29096.12,297495,100,0
2026-06-10 00:00:00+00:00,29037.12,29212.55,28370.19,28429.28,311081,100,0
2026-06-11 00:00:00+00:00,28418.68,29507.95,28232.55,29395.2,295951,100,0
2026-06-12 00:00:00+00:00,29422.52,29734.15,29203.85,29651.92,273458,100,0
2026-06-15 00:00:00+00:00,29943.39,30589.85,29900.53,30508.77,261633,100,0
2026-06-16 00:00:00+00:00,30518.61,30652.75,29950.59,29977.0,258423,100,0
2026-06-17 00:00:00+00:00,29995.47,30251.95,29591.65,29810.76,247939,100,0
2026-06-18 00:00:00+00:00,29829.01,30465.9,29767.45,30407.77,268506,100,0
2026-06-19 00:00:00+00:00,30440.86,30455.95,30071.65,30333.83,163009,100,0
2026-06-22 00:00:00+00:00,30233.32,30651.45,30023.66,30348.86,286189,100,0
2026-06-23 00:00:00+00:00,30346.2,30385.55,29266.25,29437.9,306311,100,0
2026-06-24 00:00:00+00:00,29465.81,29855.3,28957.25,29794.54,304651,100,0
2026-06-25 00:00:00+00:00,29785.95,29955.55,28992.55,29453.02,272560,100,0
2026-06-26 00:00:00+00:00,29433.15,29588.25,28859.55,28979.9,303390,100,0
2026-06-29 00:00:00+00:00,29004.68,29782.45,28984.25,29696.65,297414,100,0
2026-06-30 00:00:00+00:00,29724.74,30315.3,29657.15,30216.9,269438,100,0
2026-07-01 00:00:00+00:00,30230.04,30278.25,29730.97,29785.98,262295,100,0
2026-07-02 00:00:00+00:00,29828.56,30048.74,29068.45,29282.21,293071,100,0
2026-07-03 00:00:00+00:00,29319.32,29707.65,29275.45,29648.0,147725,100,0
2026-07-06 00:00:00+00:00,29688.62,29852.05,29442.25,29691.97,280233,100,0
2026-07-07 00:00:00+00:00,29714.17,29734.95,28972.25,29173.58,273905,100,0
2026-07-08 00:00:00+00:00,29123.0,29325.15,28677.75,29154.68,302087,100,0
2026-07-09 00:00:00+00:00,29189.44,29775.5,29178.05,29702.83,279337,100,0
2026-07-10 00:00:00+00:00,29716.86,29861.9,29466.65,29843.58,244572,100,0
2026-07-13 00:00:00+00:00,29724.2,29823.12,29169.72,29212.05,288657,100,0
2026-07-14 00:00:00+00:00,29229.53,29712.75,29096.45,29582.82,294490,100,0
2026-07-15 00:00:00+00:00,29596.06,29861.15,29196.55,29500.87,256297,100,0
2026-07-16 00:00:00+00:00,29503.79,29591.45,28874.88,28972.7,330470,100,0
2026-07-17 00:00:00+00:00,29004.25,29019.82,28209.99,28569.22,343351,100,0
2026-07-20 00:00:00+00:00,28584.65,29004.68,28522.63,28589.47,347991,100,0
2026-07-21 00:00:00+00:00,28613.79,29182.98,28522.47,29109.87,323855,100,0
2026-07-22 00:00:00+00:00,29132.75,29168.63,28791.84,28995.85,337234,100,0
2026-07-23 00:00:00+00:00,28960.08,29109.25,28259.0,28567.24,343581,100,0
2026-07-24 00:00:00+00:00,28535.38,28566.33,28045.5,28139.85,346389,100,0
2026-07-27 00:00:00+00:00,28379.03,28600.94,27777.91,28048.58,334215,100,0
2026-07-28 00:00:00+00:00,28062.0,28069.88,27447.75,27801.97,349225,100,0
2026-07-29 00:00:00+00:00,27809.52,28022.76,27054.32,27106.13,364617,100,0
2026-07-30 00:00:00+00:00,27086.2,28252.45,27086.2,28189.06,368765,100,0
2026-07-31 00:00:00+00:00,28186.15,28594.14,27949.56,28153.85,353145,100,0
2026-08-03 00:00:00+00:00,28476.19,28841.26,28191.93,28807.11,340670,100,0
2026-08-04 00:00:00+00:00,28797.06,29833.25,28709.14,29697.42,341539,100,0
2026-08-05 00:00:00+00:00,29666.94,29948.35,29408.34,29469.08,328135,100,0
2026-08-06 00:00:00+00:00,29441.09,29560.0,29116.7,29378.16,341620,100,0
2026-08-07 00:00:00+00:00,29398.56,29745.3,29335.36,29718.29,330082,100,0
2026-08-10 00:00:00+00:00,29771.06,29866.05,29602.34,29646.76,315138,100,0
2026-08-11 00:00:00+00:00,29660.41,29772.58,29419.36,29532.85,308899,100,0
2026-08-12 00:00:00+00:00,29543.49,29889.89,29515.44,29695.49,299232,100,0
2026-08-13 00:00:00+00:00,29716.21,30167.0,29675.62,30109.84,299344,100,0
2026-08-14 00:00:00+00:00,30104.57,30174.89,29925.22,30049.25,289035,100,0
2026-08-17 00:00:00+00:00,30092.83,30239.85,29955.66,29979.48,278259,100,0
2026-08-18 00:00:00+00:00,29987.81,30029.08,29422.92,29469.16,322369,100,0
2026-08-19 00:00:00+00:00,29480.31,29663.22,29283.83,29466.07,336802,100,0
2026-08-20 00:00:00+00:00,29483.14,29594.23,29109.3,29224.04,335077,100,0
2026-08-21 00:00:00+00:00,29247.19,29447.45,29129.8,29282.99,320592,100,0
2026-08-24 00:00:00+00:00,29322.66,29397.0,28865.84,29046.53,336590,100,0
2026-08-25 00:00:00+00:00,29068.15,29333.93,28936.86,29206.42,328808,100,0
2026-08-26 00:00:00+00:00,29227.91,29361.28,29024.88,29359.26,313224,100,0
2026-08-27 00:00:00+00:00,29461.54,29638.64,29334.03,29567.41,335558,100,0
2026-08-28 00:00:00+00:00,29558.76,29744.3,29371.56,29443.97,308599,100,0
2026-08-31 00:00:00+00:00,29473.48,29482.56,29215.2,29461.71,320903,100,0
2026-09-01 00:00:00+00:00,29458.3,29517.06,28949.22,29084.34,323688,100,0
2026-09-02 00:00:00+00:00,29094.37,29163.14,28878.91,29093.01,326222,100,0
2026-09-03 00:00:00+00:00,29123.41,29533.3,29025.72,29452.11,325277,100,0
2026-09-04 00:00:00+00:00,29456.41,29648.88,29418.96,29473.32,296592,100,0
2026-09-07 00:00:00+00:00,29511.08,29646.57,29496.82,29567.04,209646,100,0
2026-09-08 00:00:00+00:00,29575.8,29727.51,29388.5,29489.35,326255,100,0
2026-09-09 00:00:00+00:00,29498.31,29608.16,29308.34,29434.0,327890,100,0
2026-09-10 00:00:00+00:00,29427.05,29480.26,29016.22,29114.79,326920,100,0
2026-09-11 00:00:00+00:00,29118.93,29475.82,29017.58,29368.12,324611,100,0
2026-09-14 00:00:00+00:00,29007.73,29289.42,28792.06,29174.41,334627,100,0
2026-09-15 00:00:00+00:00,29163.37,29177.15,28892.75,28959.54,326563,100,0
2026-09-16 00:00:00+00:00,28963.54,29238.67,28744.03,28954.87,318349,100,0
2026-09-17 00:00:00+00:00,28970.86,29484.46,28943.27,29411.24,324215,100,0
2026-09-18 00:00:00+00:00,29418.41,29688.37,29343.84,29650.1,314522,100,0
2026-09-21 00:00:00+00:00,29644.58,30409.57,29607.98,30389.39,254934,100,0
